event_id,event_date,timestamp,latitude,longitude,district,river_catchment,event_type,flash_flood_target_eligible,event_time_precision,coord_class,sample_class,precipitation_mm,rainfall_1h_mm,rainfall_3h_mm,rainfall_6h_mm,rainfall_12h_mm,rainfall_24h_mm,rainfall_48h_mm,rainfall_72h_mm,max_rainfall_intensity_mmh,rainfall_trend,rainfall_surge_ratio,antecedent_precipitation_index_mm,surface_sm,rootzone_sm,official_soil_wetness_or_saturation,temperature_c,relative_humidity_pct,surface_pressure_hpa,wind_speed_ms,wind_direction_deg,CAPE,elevation_m,slope_deg,aspect_deg,curvature,flow_accumulation,drainage_density,distance_to_stream_km,topographic_wetness_index,stream_power_index,catchment_id,upstream_area_km2,stream_order,landcover_class,forest_fraction,cropland_fraction,urban_fraction,sand_fraction,clay_fraction,silt_fraction,soil_depth_m,bulk_density,hydraulic_conductivity,cwc_station_id,cwc_station_distance_km,water_level_m,discharge_cumecs,rate_of_rise_m_per_hr,warning_level_m,danger_level_m,HFL_m,flood_next_1h,flood_next_3h,flood_next_6h,flood_next_12h,flood_next_24h
FL-UK-1998-01,1998-08-11,1998-08-08T00:00:00,30.44999885559082,78.94999694824219,Rudraprayag,Mandakini Basin (Madhyamaheshwar River),debris-flow/flood event,False,,DERIVED,HISTORICAL_DISASTER_EVENT,0.0,0.0,0.0,0.0,0.0,0.0,0.0,0.0,0.0,0.0,0.0,0.0,,,,,,,,,,1980.0,31.2,210.0,-0.018,8400.0,2.1,85.0,7.2,16.8,BASIN-UK-B8D716,520.0,4,10,0.68,0.08,0.01,,,,,,,,,,,,,,,,,,,
FL-UK-1998-01,1998-08-11,1998-08-08T00:00:00,30.44999885559082,79.04999542236328,Rudraprayag,Mandakini Basin (Madhyamaheshwar River),debris-flow/flood event,False,,DERIVED,HISTORICAL_DISASTER_EVENT,0.2149999886751175,0.2149999886751175,0.2149999886751175,0.2149999886751175,0.2149999886751175,0.2149999886751175,0.2149999886751175,0.2149999886751175,0.429999977350235,0.215,24.0,0.18,,,,,,,,,,1980.0,31.2,210.0,-0.018,8400.0,2.1,85.0,7.2,16.8,BASIN-UK-B8D716,520.0,4,10,0.68,0.08,0.01,,,,,,,,,,,,,,,,,,,
FL-UK-1998-01,1998-08-11,1998-08-08T00:00:00,30.44999885559082,79.1500015258789,Rudraprayag,Mandakini Basin (Madhyamaheshwar River),debris-flow/flood event,False,,DERIVED,HISTORICAL_DISASTER_EVENT,0.0,0.0,0.0,0.0,0.0,0.0,0.0,0.0,0.0,0.0,0.0,0.0,,,,,,,,,,1980.0,31.2,210.0,-0.018,8400.0,2.1,85.0,7.2,16.8,BASIN-UK-B8D716,520.0,4,10,0.68,0.08,0.01,,,,,,,,,,,,,,,,,,,
FL-UK-1998-01,1998-08-11,1998-08-08T00:00:00,30.549999237060547,78.94999694824219,Rudraprayag,Mandakini Basin (Madhyamaheshwar River),debris-flow/flood event,False,,DERIVED,HISTORICAL_DISASTER_EVENT,0.0,0.0,0.0,0.0,0.0,0.0,0.0,0.0,0.0,0.0,0.0,0.0,,,,,,,,,,1980.0,31.2,210.0,-0.018,8400.0,2.1,85.0,7.2,16.8,BASIN-UK-B8D716,520.0,4,10,0.68,0.08,0.01,,,,,,,,,,,,,,,,,,,
FL-UK-1998-01,1998-08-11,1998-08-08T00:00:00,30.549999237060547,79.04999542236328,Rudraprayag,Mandakini Basin (Madhyamaheshwar River),debris-flow/flood event,False,,DERIVED,HISTORICAL_DISASTER_EVENT,0.0,0.0,0.0,0.0,0.0,0.0,0.0,0.0,0.0,0.0,0.0,0.0,,,,,,,,,,1980.0,31.2,210.0,-0.018,8400.0,2.1,85.0,7.2,16.8,BASIN-UK-B8D716,520.0,4,10,0.68,0.08,0.01,,,,,,,,,,,,,,,,,,,
FL-UK-1998-01,1998-08-11,1998-08-08T00:00:00,30.549999237060547,79.1500015258789,Rudraprayag,Mandakini Basin (Madhyamaheshwar River),debris-flow/flood event,False,,DERIVED,HISTORICAL_DISASTER_EVENT,0.0,0.0,0.0,0.0,0.0,0.0,0.0,0.0,0.0,0.0,0.0,0.0,,,,,,,,,,1980.0,31.2,210.0,-0.018,8400.0,2.1,85.0,7.2,16.8,BASIN-UK-B8D716,520.0,4,10,0.68,0.08,0.01,,,,,,,,,,,,,,,,,,,
FL-UK-1998-01,1998-08-11,1998-08-08T00:00:00,30.649999618530273,78.94999694824219,Rudraprayag,Mandakini Basin (Madhyamaheshwar River),debris-flow/flood event,False,,DERIVED,HISTORICAL_DISASTER_EVENT,0.19499999284744263,0.19499999284744263,0.19499999284744263,0.19499999284744263,0.19499999284744263,0.19499999284744263,0.19499999284744263,0.19499999284744263,0.38999998569488525,0.195,24.0,0.17,,,,,,,,,,1980.0,31.2,210.0,-0.018,8400.0,2.1,85.0,7.2,16.8,BASIN-UK-B8D716,520.0,4,10,0.68,0.08,0.01,,,,,,,,,,,,,,,,,,,
FL-UK-1998-01,1998-08-11,1998-08-08T00:00:00,30.649999618530273,79.04999542236328,Rudraprayag,Mandakini Basin (Madhyamaheshwar River),debris-flow/flood event,False,,DERIVED,HISTORICAL_DISASTER_EVENT,0.16499999165534973,0.16499999165534973,0.16499999165534973,0.16499999165534973,0.16499999165534973,0.16499999165534973,0.16499999165534973,0.16499999165534973,0.32999998331069946,0.165,24.0,0.14,,,,,,,,,,1980.0,31.2,210.0,-0.018,8400.0,2.1,85.0,7.2,16.8,BASIN-UK-B8D716,520.0,4,10,0.68,0.08,0.01,,,,,,,,,,,,,,,,,,,
FL-UK-1998-01,1998-08-11,1998-08-08T00:00:00,30.649999618530273,79.1500015258789,Rudraprayag,Mandakini Basin (Madhyamaheshwar River),debris-flow/flood event,False,,DERIVED,HISTORICAL_DISASTER_EVENT,0.1850000023841858,0.1850000023841858,0.1850000023841858,0.1850000023841858,0.1850000023841858,0.1850000023841858,0.1850000023841858,0.1850000023841858,0.3700000047683716,0.185,24.0,0.16,,,,,,,,,,1980.0,31.2,210.0,-0.018,8400.0,2.1,85.0,7.2,16.8,BASIN-UK-B8D716,520.0,4,10,0.68,0.08,0.01,,,,,,,,,,,,,,,,,,,
FL-UK-1998-01,1998-08-11,1998-08-09T00:00:00,30.44999885559082,78.94999694824219,Rudraprayag,Mandakini Basin (Madhyamaheshwar River),debris-flow/flood event,False,,DERIVED,HISTORICAL_DISASTER_EVENT,0.39499998092651367,0.39499998092651367,0.39499998092651367,0.39499998092651367,0.39499998092651367,0.39499998092651367,0.39499998092651367,0.39499998092651367,0.7899999618530273,0.395,24.0,0.34,,,,,,,,,,1980.0,31.2,210.0,-0.018,8400.0,2.1,85.0,7.2,16.8,BASIN-UK-B8D716,520.0,4,10,0.68,0.08,0.01,,,,,,,,,,,,,,,,,,,
FL-UK-1998-01,1998-08-11,1998-08-09T00:00:00,30.44999885559082,79.04999542236328,Rudraprayag,Mandakini Basin (Madhyamaheshwar River),debris-flow/flood event,False,,DERIVED,HISTORICAL_DISASTER_EVENT,0.3649999797344208,0.5799999684095383,0.5799999684095383,0.5799999684095383,0.5799999684095383,0.5799999684095383,0.5799999684095383,0.5799999684095383,0.7299999594688416,0.58,24.0,0.49,,,,,,,,,,1980.0,31.2,210.0,-0.018,8400.0,2.1,85.0,7.2,16.8,BASIN-UK-B8D716,520.0,4,10,0.68,0.08,0.01,,,,,,,,,,,,,,,,,,,
FL-UK-1998-01,1998-08-11,1998-08-09T00:00:00,30.44999885559082,79.1500015258789,Rudraprayag,Mandakini Basin (Madhyamaheshwar River),debris-flow/flood event,False,,DERIVED,HISTORICAL_DISASTER_EVENT,0.5550000071525574,0.5550000071525574,0.5550000071525574,0.5550000071525574,0.5550000071525574,0.5550000071525574,0.5550000071525574,0.5550000071525574,1.1100000143051147,0.555,24.0,0.47,,,,,,,,,,1980.0,31.2,210.0,-0.018,8400.0,2.1,85.0,7.2,16.8,BASIN-UK-B8D716,520.0,4,10,0.68,0.08,0.01,,,,,,,,,,,,,,,,,,,
FL-UK-1998-01,1998-08-11,1998-08-09T00:00:00,30.549999237060547,78.94999694824219,Rudraprayag,Mandakini Basin (Madhyamaheshwar River),debris-flow/flood event,False,,DERIVED,HISTORICAL_DISASTER_EVENT,0.0,0.0,0.0,0.0,0.0,0.0,0.0,0.0,0.0,0.0,0.0,0.0,,,,,,,,,,1980.0,31.2,210.0,-0.018,8400.0,2.1,85.0,7.2,16.8,BASIN-UK-B8D716,520.0,4,10,0.68,0.08,0.01,,,,,,,,,,,,,,,,,,,
FL-UK-1998-01,1998-08-11,1998-08-09T00:00:00,30.549999237060547,79.04999542236328,Rudraprayag,Mandakini Basin (Madhyamaheshwar River),debris-flow/flood event,False,,DERIVED,HISTORICAL_DISASTER_EVENT,0.0,0.0,0.0,0.0,0.0,0.0,0.0,0.0,0.0,0.0,0.0,0.0,,,,,,,,,,1980.0,31.2,210.0,-0.018,8400.0,2.1,85.0,7.2,16.8,BASIN-UK-B8D716,520.0,4,10,0.68,0.08,0.01,,,,,,,,,,,,,,,,,,,
FL-UK-1998-01,1998-08-11,1998-08-09T00:00:00,30.549999237060547,79.1500015258789,Rudraprayag,Mandakini Basin (Madhyamaheshwar River),debris-flow/flood event,False,,DERIVED,HISTORICAL_DISASTER_EVENT,2.2300000190734863,2.2300000190734863,2.2300000190734863,2.2300000190734863,2.2300000190734863,2.2300000190734863,2.2300000190734863,2.2300000190734863,4.460000038146973,2.23,24.0,1.9,,,,,,,,,,1980.0,31.2,210.0,-0.018,8400.0,2.1,85.0,7.2,16.8,BASIN-UK-B8D716,520.0,4,10,0.68,0.08,0.01,,,,,,,,,,,,,,,,,,,
FL-UK-1998-01,1998-08-11,1998-08-09T00:00:00,30.649999618530273,78.94999694824219,Rudraprayag,Mandakini Basin (Madhyamaheshwar River),debris-flow/flood event,False,,DERIVED,HISTORICAL_DISASTER_EVENT,2.924999952316284,3.119999945163727,3.119999945163727,3.119999945163727,3.119999945163727,3.119999945163727,3.119999945163727,3.119999945163727,5.849999904632568,3.12,24.0,2.65,,,,,,,,,,1980.0,31.2,210.0,-0.018,8400.0,2.1,85.0,7.2,16.8,BASIN-UK-B8D716,520.0,4,10,0.68,0.08,0.01,,,,,,,,,,,,,,,,,,,
FL-UK-1998-01,1998-08-11,1998-08-09T00:00:00,30.649999618530273,79.04999542236328,Rudraprayag,Mandakini Basin (Madhyamaheshwar River),debris-flow/flood event,False,,DERIVED,HISTORICAL_DISASTER_EVENT,1.0799999237060547,1.2449999153614044,1.2449999153614044,1.2449999153614044,1.2449999153614044,1.2449999153614044,1.2449999153614044,1.2449999153614044,2.1599998474121094,1.245,24.0,1.06,,,,,,,,,,1980.0,31.2,210.0,-0.018,8400.0,2.1,85.0,7.2,16.8,BASIN-UK-B8D716,520.0,4,10,0.68,0.08,0.01,,,,,,,,,,,,,,,,,,,
FL-UK-1998-01,1998-08-11,1998-08-09T00:00:00,30.649999618530273,79.1500015258789,Rudraprayag,Mandakini Basin (Madhyamaheshwar River),debris-flow/flood event,False,,DERIVED,HISTORICAL_DISASTER_EVENT,1.2799999713897705,1.4649999737739563,1.4649999737739563,1.4649999737739563,1.4649999737739563,1.4649999737739563,1.4649999737739563,1.4649999737739563,2.559999942779541,1.465,24.0,1.25,,,,,,,,,,1980.0,31.2,210.0,-0.018,8400.0,2.1,85.0,7.2,16.8,BASIN-UK-B8D716,520.0,4,10,0.68,0.08,0.01,,,,,,,,,,,,,,,,,,,
FL-UK-1998-01,1998-08-11,1998-08-10T00:00:00,30.44999885559082,78.94999694824219,Rudraprayag,Mandakini Basin (Madhyamaheshwar River),debris-flow/flood event,False,,DERIVED,HISTORICAL_DISASTER_EVENT,0.4899999797344208,0.8849999606609344,0.8849999606609344,0.8849999606609344,0.8849999606609344,0.8849999606609344,0.8849999606609344,0.8849999606609344,0.9799999594688416,0.885,24.0,0.75,,,,,,,,,,1980.0,31.2,210.0,-0.018,8400.0,2.1,85.0,7.2,16.8,BASIN-UK-B8D716,520.0,4,10,0.68,0.08,0.01,,,,,,,,,,,,,,,,,,,
FL-UK-1998-01,1998-08-11,1998-08-10T00:00:00,30.44999885559082,79.04999542236328,Rudraprayag,Mandakini Basin (Madhyamaheshwar River),debris-flow/flood event,False,,DERIVED,HISTORICAL_DISASTER_EVENT,0.3349999785423279,0.6999999582767487,0.9149999469518661,0.9149999469518661,0.9149999469518661,0.9149999469518661,0.9149999469518661,0.9149999469518661,0.6999999582767487,0.915,18.361,0.78,,,,,,,,,,1980.0,31.2,210.0,-0.018,8400.0,2.1,85.0,7.2,16.8,BASIN-UK-B8D716,520.0,4,10,0.68,0.08,0.01,,,,,,,,,,,,,,,,,,,
FL-UK-1998-01,1998-08-11,1998-08-10T00:00:00,30.44999885559082,79.1500015258789,Rudraprayag,Mandakini Basin (Madhyamaheshwar River),debris-flow/flood event,False,,DERIVED,HISTORICAL_DISASTER_EVENT,0.32499998807907104,0.8799999952316284,0.8799999952316284,0.8799999952316284,0.8799999952316284,0.8799999952316284,0.8799999952316284,0.8799999952316284,0.8799999952316284,0.88,24.0,0.75,,,,,,,,,,1980.0,31.2,210.0,-0.018,8400.0,2.1,85.0,7.2,16.8,BASIN-UK-B8D716,520.0,4,10,0.68,0.08,0.01,,,,,,,,,,,,,,,,,,,
FL-UK-1998-01,1998-08-11,1998-08-10T00:00:00,30.549999237060547,78.94999694824219,Rudraprayag,Mandakini Basin (Madhyamaheshwar River),debris-flow/flood event,False,,DERIVED,HISTORICAL_DISASTER_EVENT,4.404999732971191,4.404999732971191,4.404999732971191,4.404999732971191,4.404999732971191,4.404999732971191,4.404999732971191,4.404999732971191,8.809999465942383,4.405,24.0,3.74,,,,,,,,,,1980.0,31.2,210.0,-0.018,8400.0,2.1,85.0,7.2,16.8,BASIN-UK-B8D716,520.0,4,10,0.68,0.08,0.01,,,,,,,,,,,,,,,,,,,
FL-UK-1998-01,1998-08-11,1998-08-10T00:00:00,30.549999237060547,79.04999542236328,Rudraprayag,Mandakini Basin (Madhyamaheshwar River),debris-flow/flood event,False,,DERIVED,HISTORICAL_DISASTER_EVENT,0.39499998092651367,0.39499998092651367,0.39499998092651367,0.39499998092651367,0.39499998092651367,0.39499998092651367,0.39499998092651367,0.39499998092651367,0.7899999618530273,0.395,24.0,0.34,,,,,,,,,,1980.0,31.2,210.0,-0.018,8400.0,2.1,85.0,7.2,16.8,BASIN-UK-B8D716,520.0,4,10,0.68,0.08,0.01,,,,,,,,,,,,,,,,,,,
FL-UK-1998-01,1998-08-11,1998-08-10T00:00:00,30.549999237060547,79.1500015258789,Rudraprayag,Mandakini Basin (Madhyamaheshwar River),debris-flow/flood event,False,,DERIVED,HISTORICAL_DISASTER_EVENT,0.0,2.2300000190734863,2.2300000190734863,2.2300000190734863,2.2300000190734863,2.2300000190734863,2.2300000190734863,2.2300000190734863,2.2300000190734863,2.23,24.0,1.9,,,,,,,,,,1980.0,31.2,210.0,-0.018,8400.0,2.1,85.0,7.2,16.8,BASIN-UK-B8D716,520.0,4,10,0.68,0.08,0.01,,,,,,,,,,,,,,,,,,,
FL-UK-1998-01,1998-08-11,1998-08-10T00:00:00,30.649999618530273,78.94999694824219,Rudraprayag,Mandakini Basin (Madhyamaheshwar River),debris-flow/flood event,False,,DERIVED,HISTORICAL_DISASTER_EVENT,2.2799999713897705,5.204999923706055,5.399999916553497,5.399999916553497,5.399999916553497,5.399999916553497,5.399999916553497,5.399999916553497,5.204999923706055,5.4,23.133,4.59,,,,,,,,,,1980.0,31.2,210.0,-0.018,8400.0,2.1,85.0,7.2,16.8,BASIN-UK-B8D716,520.0,4,10,0.68,0.08,0.01,,,,,,,,,,,,,,,,,,,
FL-UK-1998-01,1998-08-11,1998-08-10T00:00:00,30.649999618530273,79.04999542236328,Rudraprayag,Mandakini Basin (Madhyamaheshwar River),debris-flow/flood event,False,,DERIVED,HISTORICAL_DISASTER_EVENT,4.694999694824219,5.774999618530273,5.939999610185623,5.939999610185623,5.939999610185623,5.939999610185623,5.939999610185623,5.939999610185623,9.389999389648438,5.94,23.333,5.05,,,,,,,,,,1980.0,31.2,210.0,-0.018,8400.0,2.1,85.0,7.2,16.8,BASIN-UK-B8D716,520.0,4,10,0.68,0.08,0.01,,,,,,,,,,,,,,,,,,,
FL-UK-1998-01,1998-08-11,1998-08-10T00:00:00,30.649999618530273,79.1500015258789,Rudraprayag,Mandakini Basin (Madhyamaheshwar River),debris-flow/flood event,False,,DERIVED,HISTORICAL_DISASTER_EVENT,0.9399999976158142,2.2199999690055847,2.4049999713897705,2.4049999713897705,2.4049999713897705,2.4049999713897705,2.4049999713897705,2.4049999713897705,2.2199999690055847,2.405,22.154,2.04,,,,,,,,,,1980.0,31.2,210.0,-0.018,8400.0,2.1,85.0,7.2,16.8,BASIN-UK-B8D716,520.0,4,10,0.68,0.08,0.01,,,,,,,,,,,,,,,,,,,
FL-UK-1998-01,1998-08-11,1998-08-11T00:00:00,30.44999885559082,78.94999694824219,Rudraprayag,Mandakini Basin (Madhyamaheshwar River),debris-flow/flood event,False,,DERIVED,HISTORICAL_DISASTER_EVENT,0.1550000011920929,0.6449999809265137,1.0399999618530273,1.0399999618530273,1.0399999618530273,1.0399999618530273,1.0399999618530273,1.0399999618530273,0.6449999809265137,1.04,14.885,0.88,,,,,,,,,,1980.0,31.2,210.0,-0.018,8400.0,2.1,85.0,7.2,16.8,BASIN-UK-B8D716,520.0,4,10,0.68,0.08,0.01,,,,,,,,,,,,,,,,,,,
FL-UK-1998-01,1998-08-11,1998-08-11T00:00:00,30.44999885559082,79.04999542236328,Rudraprayag,Mandakini Basin (Madhyamaheshwar River),debris-flow/flood event,False,,DERIVED,HISTORICAL_DISASTER_EVENT,0.41499999165534973,0.7499999701976776,1.3299999386072159,1.3299999386072159,1.3299999386072159,1.3299999386072159,1.3299999386072159,1.3299999386072159,0.8299999833106995,1.33,13.534,1.13,,,,,,,,,,1980.0,31.2,210.0,-0.018,8400.0,2.1,85.0,7.2,16.8,BASIN-UK-B8D716,520.0,4,10,0.68,0.08,0.01,,,,,,,,,,,,,,,,,,,
FL-UK-1998-01,1998-08-11,1998-08-11T00:00:00,30.44999885559082,79.1500015258789,Rudraprayag,Mandakini Basin (Madhyamaheshwar River),debris-flow/flood event,False,,DERIVED,HISTORICAL_DISASTER_EVENT,0.19999998807907104,0.5249999761581421,1.0799999833106995,1.0799999833106995,1.0799999833106995,1.0799999833106995,1.0799999833106995,1.0799999833106995,0.5249999761581421,1.08,11.667,0.92,,,,,,,,,,1980.0,31.2,210.0,-0.018,8400.0,2.1,85.0,7.2,16.8,BASIN-UK-B8D716,520.0,4,10,0.68,0.08,0.01,,,,,,,,,,,,,,,,,,,
FL-UK-1998-01,1998-08-11,1998-08-11T00:00:00,30.549999237060547,78.94999694824219,Rudraprayag,Mandakini Basin (Madhyamaheshwar River),debris-flow/flood event,False,,DERIVED,HISTORICAL_DISASTER_EVENT,0.0,4.404999732971191,4.404999732971191,4.404999732971191,4.404999732971191,4.404999732971191,4.404999732971191,4.404999732971191,4.404999732971191,4.405,24.0,3.74,,,,,,,,,,1980.0,31.2,210.0,-0.018,8400.0,2.1,85.0,7.2,16.8,BASIN-UK-B8D716,520.0,4,10,0.68,0.08,0.01,,,,,,,,,,,,,,,,,,,
FL-UK-1998-01,1998-08-11,1998-08-11T00:00:00,30.549999237060547,79.04999542236328,Rudraprayag,Mandakini Basin (Madhyamaheshwar River),debris-flow/flood event,False,,DERIVED,HISTORICAL_DISASTER_EVENT,0.25,0.6449999809265137,0.6449999809265137,0.6449999809265137,0.6449999809265137,0.6449999809265137,0.6449999809265137,0.6449999809265137,0.6449999809265137,0.645,24.0,0.55,,,,,,,,,,1980.0,31.2,210.0,-0.018,8400.0,2.1,85.0,7.2,16.8,BASIN-UK-B8D716,520.0,4,10,0.68,0.08,0.01,,,,,,,,,,,,,,,,,,,
FL-UK-1998-01,1998-08-11,1998-08-11T00:00:00,30.549999237060547,79.1500015258789,Rudraprayag,Mandakini Basin (Madhyamaheshwar River),debris-flow/flood event,False,,DERIVED,HISTORICAL_DISASTER_EVENT,0.0,0.0,2.2300000190734863,2.2300000190734863,2.2300000190734863,2.2300000190734863,2.2300000190734863,2.2300000190734863,0.0,2.23,0.0,1.9,,,,,,,,,,1980.0,31.2,210.0,-0.018,8400.0,2.1,85.0,7.2,16.8,BASIN-UK-B8D716,520.0,4,10,0.68,0.08,0.01,,,,,,,,,,,,,,,,,,,
FL-UK-1998-01,1998-08-11,1998-08-11T00:00:00,30.649999618530273,78.94999694824219,Rudraprayag,Mandakini Basin (Madhyamaheshwar River),debris-flow/flood event,False,,DERIVED,HISTORICAL_DISASTER_EVENT,0.2149999886751175,2.494999960064888,5.614999905228615,5.614999905228615,5.614999905228615,5.614999905228615,5.614999905228615,5.614999905228615,2.494999960064888,5.615,10.664,4.77,,,,,,,,,,1980.0,31.2,210.0,-0.018,8400.0,2.1,85.0,7.2,16.8,BASIN-UK-B8D716,520.0,4,10,0.68,0.08,0.01,,,,,,,,,,,,,,,,,,,
FL-UK-1998-01,1998-08-11,1998-08-11T00:00:00,30.649999618530273,79.04999542236328,Rudraprayag,Mandakini Basin (Madhyamaheshwar River),debris-flow/flood event,False,,DERIVED,HISTORICAL_DISASTER_EVENT,0.16499999165534973,4.8599996864795685,6.104999601840973,6.104999601840973,6.104999601840973,6.104999601840973,6.104999601840973,6.104999601840973,4.8599996864795685,6.105,19.106,5.19,,,,,,,,,,1980.0,31.2,210.0,-0.018,8400.0,2.1,85.0,7.2,16.8,BASIN-UK-B8D716,520.0,4,10,0.68,0.08,0.01,,,,,,,,,,,,,,,,,,,
FL-UK-1998-01,1998-08-11,1998-08-11T00:00:00,30.649999618530273,79.1500015258789,Rudraprayag,Mandakini Basin (Madhyamaheshwar River),debris-flow/flood event,False,,DERIVED,HISTORICAL_DISASTER_EVENT,0.9399999976158142,1.8799999952316284,3.3449999690055847,3.3449999690055847,3.3449999690055847,3.3449999690055847,3.3449999690055847,3.3449999690055847,1.8799999952316284,3.345,13.489,2.84,,,,,,,,,,1980.0,31.2,210.0,-0.018,8400.0,2.1,85.0,7.2,16.8,BASIN-UK-B8D716,520.0,4,10,0.68,0.08,0.01,,,,,,,,,,,,,,,,,,,
FL-UK-1998-01,1998-08-11,1998-08-12T00:00:00,30.44999885559082,78.94999694824219,Rudraprayag,Mandakini Basin (Madhyamaheshwar River),debris-flow/flood event,False,,DERIVED,HISTORICAL_DISASTER_EVENT,0.1599999964237213,0.3149999976158142,1.1999999582767487,1.1999999582767487,1.1999999582767487,1.1999999582767487,1.1999999582767487,1.1999999582767487,0.3199999928474426,1.2,6.3,1.02,,,,,,,,,,1980.0,31.2,210.0,-0.018,8400.0,2.1,85.0,7.2,16.8,BASIN-UK-B8D716,520.0,4,10,0.68,0.08,0.01,,,,,,,,,,,,,,,,,,,
FL-UK-1998-01,1998-08-11,1998-08-12T00:00:00,30.44999885559082,79.04999542236328,Rudraprayag,Mandakini Basin (Madhyamaheshwar River),debris-flow/flood event,False,,DERIVED,HISTORICAL_DISASTER_EVENT,0.0,0.41499999165534973,1.3299999386072159,1.3299999386072159,1.3299999386072159,1.3299999386072159,1.3299999386072159,1.3299999386072159,0.41499999165534973,1.33,7.489,1.13,,,,,,,,,,1980.0,31.2,210.0,-0.018,8400.0,2.1,85.0,7.2,16.8,BASIN-UK-B8D716,520.0,4,10,0.68,0.08,0.01,,,,,,,,,,,,,,,,,,,
FL-UK-1998-01,1998-08-11,1998-08-12T00:00:00,30.44999885559082,79.1500015258789,Rudraprayag,Mandakini Basin (Madhyamaheshwar River),debris-flow/flood event,False,,DERIVED,HISTORICAL_DISASTER_EVENT,0.009999999776482582,0.20999998785555363,1.089999983087182,1.089999983087182,1.089999983087182,1.089999983087182,1.089999983087182,1.089999983087182,0.20999998785555363,1.09,4.624,0.93,,,,,,,,,,1980.0,31.2,210.0,-0.018,8400.0,2.1,85.0,7.2,16.8,BASIN-UK-B8D716,520.0,4,10,0.68,0.08,0.01,,,,,,,,,,,,,,,,,,,
FL-UK-1998-01,1998-08-11,1998-08-12T00:00:00,30.549999237060547,78.94999694824219,Rudraprayag,Mandakini Basin (Madhyamaheshwar River),debris-flow/flood event,False,,DERIVED,HISTORICAL_DISASTER_EVENT,0.0,0.0,4.404999732971191,4.404999732971191,4.404999732971191,4.404999732971191,4.404999732971191,4.404999732971191,0.0,4.405,0.0,3.74,,,,,,,,,,1980.0,31.2,210.0,-0.018,8400.0,2.1,85.0,7.2,16.8,BASIN-UK-B8D716,520.0,4,10,0.68,0.08,0.01,,,,,,,,,,,,,,,,,,,
FL-UK-1998-01,1998-08-11,1998-08-12T00:00:00,30.549999237060547,79.04999542236328,Rudraprayag,Mandakini Basin (Madhyamaheshwar River),debris-flow/flood event,False,,DERIVED,HISTORICAL_DISASTER_EVENT,0.0,0.25,0.6449999809265137,0.6449999809265137,0.6449999809265137,0.6449999809265137,0.6449999809265137,0.6449999809265137,0.25,0.645,9.302,0.55,,,,,,,,,,1980.0,31.2,210.0,-0.018,8400.0,2.1,85.0,7.2,16.8,BASIN-UK-B8D716,520.0,4,10,0.68,0.08,0.01,,,,,,,,,,,,,,,,,,,
FL-UK-1998-01,1998-08-11,1998-08-12T00:00:00,30.549999237060547,79.1500015258789,Rudraprayag,Mandakini Basin (Madhyamaheshwar River),debris-flow/flood event,False,,DERIVED,HISTORICAL_DISASTER_EVENT,0.0,0.0,2.2300000190734863,2.2300000190734863,2.2300000190734863,2.2300000190734863,2.2300000190734863,2.2300000190734863,0.0,2.23,0.0,1.9,,,,,,,,,,1980.0,31.2,210.0,-0.018,8400.0,2.1,85.0,7.2,16.8,BASIN-UK-B8D716,520.0,4,10,0.68,0.08,0.01,,,,,,,,,,,,,,,,,,,
FL-UK-1998-01,1998-08-11,1998-08-12T00:00:00,30.649999618530273,78.94999694824219,Rudraprayag,Mandakini Basin (Madhyamaheshwar River),debris-flow/flood event,False,,DERIVED,HISTORICAL_DISASTER_EVENT,0.0,0.2149999886751175,5.614999905228615,5.614999905228615,5.614999905228615,5.614999905228615,5.614999905228615,5.614999905228615,0.2149999886751175,5.615,0.919,4.77,,,,,,,,,,1980.0,31.2,210.0,-0.018,8400.0,2.1,85.0,7.2,16.8,BASIN-UK-B8D716,520.0,4,10,0.68,0.08,0.01,,,,,,,,,,,,,,,,,,,
FL-UK-1998-01,1998-08-11,1998-08-12T00:00:00,30.649999618530273,79.04999542236328,Rudraprayag,Mandakini Basin (Madhyamaheshwar River),debris-flow/flood event,False,,DERIVED,HISTORICAL_DISASTER_EVENT,0.0,0.16499999165534973,6.104999601840973,6.104999601840973,6.104999601840973,6.104999601840973,6.104999601840973,6.104999601840973,0.16499999165534973,6.105,0.649,5.19,,,,,,,,,,1980.0,31.2,210.0,-0.018,8400.0,2.1,85.0,7.2,16.8,BASIN-UK-B8D716,520.0,4,10,0.68,0.08,0.01,,,,,,,,,,,,,,,,,,,
FL-UK-1998-01,1998-08-11,1998-08-12T00:00:00,30.649999618530273,79.1500015258789,Rudraprayag,Mandakini Basin (Madhyamaheshwar River),debris-flow/flood event,False,,DERIVED,HISTORICAL_DISASTER_EVENT,0.0,0.9399999976158142,3.3449999690055847,3.3449999690055847,3.3449999690055847,3.3449999690055847,3.3449999690055847,3.3449999690055847,0.9399999976158142,3.345,6.744,2.84,,,,,,,,,,1980.0,31.2,210.0,-0.018,8400.0,2.1,85.0,7.2,16.8,BASIN-UK-B8D716,520.0,4,10,0.68,0.08,0.01,,,,,,,,,,,,,,,,,,,
FL-UK-1998-01,1998-08-11,1998-08-13T00:00:00,30.44999885559082,78.94999694824219,Rudraprayag,Mandakini Basin (Madhyamaheshwar River),debris-flow/flood event,False,,DERIVED,HISTORICAL_DISASTER_EVENT,0.0,0.1599999964237213,1.1999999582767487,1.1999999582767487,1.1999999582767487,1.1999999582767487,1.1999999582767487,1.1999999582767487,0.1599999964237213,1.2,3.2,1.02,,,,,,,,,,1980.0,31.2,210.0,-0.018,8400.0,2.1,85.0,7.2,16.8,BASIN-UK-B8D716,520.0,4,10,0.68,0.08,0.01,,,,,,,,,,,,,,,,,,,
FL-UK-1998-01,1998-08-11,1998-08-13T00:00:00,30.44999885559082,79.04999542236328,Rudraprayag,Mandakini Basin (Madhyamaheshwar River),debris-flow/flood event,False,,DERIVED,HISTORICAL_DISASTER_EVENT,0.0,0.0,1.3299999386072159,1.3299999386072159,1.3299999386072159,1.3299999386072159,1.3299999386072159,1.3299999386072159,0.0,1.33,0.0,1.13,,,,,,,,,,1980.0,31.2,210.0,-0.018,8400.0,2.1,85.0,7.2,16.8,BASIN-UK-B8D716,520.0,4,10,0.68,0.08,0.01,,,,,,,,,,,,,,,,,,,
FL-UK-1998-01,1998-08-11,1998-08-13T00:00:00,30.44999885559082,79.1500015258789,Rudraprayag,Mandakini Basin (Madhyamaheshwar River),debris-flow/flood event,False,,DERIVED,HISTORICAL_DISASTER_EVENT,0.0,0.009999999776482582,1.089999983087182,1.089999983087182,1.089999983087182,1.089999983087182,1.089999983087182,1.089999983087182,0.009999999776482582,1.09,0.22,0.93,,,,,,,,,,1980.0,31.2,210.0,-0.018,8400.0,2.1,85.0,7.2,16.8,BASIN-UK-B8D716,520.0,4,10,0.68,0.08,0.01,,,,,,,,,,,,,,,,,,,
FL-UK-1998-01,1998-08-11,1998-08-13T00:00:00,30.549999237060547,78.94999694824219,Rudraprayag,Mandakini Basin (Madhyamaheshwar River),debris-flow/flood event,False,,DERIVED,HISTORICAL_DISASTER_EVENT,0.0,0.0,4.404999732971191,4.404999732971191,4.404999732971191,4.404999732971191,4.404999732971191,4.404999732971191,0.0,4.405,0.0,3.74,,,,,,,,,,1980.0,31.2,210.0,-0.018,8400.0,2.1,85.0,7.2,16.8,BASIN-UK-B8D716,520.0,4,10,0.68,0.08,0.01,,,,,,,,,,,,,,,,,,,
FL-UK-1998-01,1998-08-11,1998-08-13T00:00:00,30.549999237060547,79.04999542236328,Rudraprayag,Mandakini Basin (Madhyamaheshwar River),debris-flow/flood event,False,,DERIVED,HISTORICAL_DISASTER_EVENT,0.0,0.0,0.6449999809265137,0.6449999809265137,0.6449999809265137,0.6449999809265137,0.6449999809265137,0.6449999809265137,0.0,0.645,0.0,0.55,,,,,,,,,,1980.0,31.2,210.0,-0.018,8400.0,2.1,85.0,7.2,16.8,BASIN-UK-B8D716,520.0,4,10,0.68,0.08,0.01,,,,,,,,,,,,,,,,,,,
FL-UK-1998-01,1998-08-11,1998-08-13T00:00:00,30.549999237060547,79.1500015258789,Rudraprayag,Mandakini Basin (Madhyamaheshwar River),debris-flow/flood event,False,,DERIVED,HISTORICAL_DISASTER_EVENT,0.0,0.0,2.2300000190734863,2.2300000190734863,2.2300000190734863,2.2300000190734863,2.2300000190734863,2.2300000190734863,0.0,2.23,0.0,1.9,,,,,,,,,,1980.0,31.2,210.0,-0.018,8400.0,2.1,85.0,7.2,16.8,BASIN-UK-B8D716,520.0,4,10,0.68,0.08,0.01,,,,,,,,,,,,,,,,,,,
FL-UK-1998-01,1998-08-11,1998-08-13T00:00:00,30.649999618530273,78.94999694824219,Rudraprayag,Mandakini Basin (Madhyamaheshwar River),debris-flow/flood event,False,,DERIVED,HISTORICAL_DISASTER_EVENT,0.4749999940395355,0.4749999940395355,6.08999989926815,6.08999989926815,6.08999989926815,6.08999989926815,6.08999989926815,6.08999989926815,0.949999988079071,6.09,1.872,5.18,,,,,,,,,,1980.0,31.2,210.0,-0.018,8400.0,2.1,85.0,7.2,16.8,BASIN-UK-B8D716,520.0,4,10,0.68,0.08,0.01,,,,,,,,,,,,,,,,,,,
FL-UK-1998-01,1998-08-11,1998-08-13T00:00:00,30.649999618530273,79.04999542236328,Rudraprayag,Mandakini Basin (Madhyamaheshwar River),debris-flow/flood event,False,,DERIVED,HISTORICAL_DISASTER_EVENT,0.550000011920929,0.550000011920929,6.654999613761902,6.654999613761902,6.654999613761902,6.654999613761902,6.654999613761902,6.654999613761902,1.100000023841858,6.655,1.983,5.66,,,,,,,,,,1980.0,31.2,210.0,-0.018,8400.0,2.1,85.0,7.2,16.8,BASIN-UK-B8D716,520.0,4,10,0.68,0.08,0.01,,,,,,,,,,,,,,,,,,,
FL-UK-1998-01,1998-08-11,1998-08-13T00:00:00,30.649999618530273,79.1500015258789,Rudraprayag,Mandakini Basin (Madhyamaheshwar River),debris-flow/flood event,False,,DERIVED,HISTORICAL_DISASTER_EVENT,0.5099999904632568,0.5099999904632568,3.8549999594688416,3.8549999594688416,3.8549999594688416,3.8549999594688416,3.8549999594688416,3.8549999594688416,1.0199999809265137,3.855,3.175,3.28,,,,,,,,,,1980.0,31.2,210.0,-0.018,8400.0,2.1,85.0,7.2,16.8,BASIN-UK-B8D716,520.0,4,10,0.68,0.08,0.01,,,,,,,,,,,,,,,,,,,
FL-UK-1998-02,1998-08-18,1998-08-15T00:00:00,29.849998474121094,80.6500015258789,Pithoragarh,Sharda / Kali Basin (Kali River),debris-flow/flood event,False,,DIRECT,HISTORICAL_DISASTER_EVENT,0.4350000023841858,0.4350000023841858,0.4350000023841858,0.4350000023841858,0.4350000023841858,0.4350000023841858,0.4350000023841858,0.4350000023841858,0.8700000047683716,0.435,24.0,0.37,,,,,,,,,,1650.0,28.7,175.0,-0.015,9800.0,1.95,95.0,7.65,15.4,BASIN-UK-D9DFB0,520.0,4,10,0.7,0.12,0.02,,,,,,,,,,,,,,,,,,,
FL-UK-1998-02,1998-08-18,1998-08-15T00:00:00,29.849998474121094,80.75,Pithoragarh,Sharda / Kali Basin (Kali River),debris-flow/flood event,False,,DIRECT,HISTORICAL_DISASTER_EVENT,0.5,0.5,0.5,0.5,0.5,0.5,0.5,0.5,1.0,0.5,24.0,0.42,,,,,,,,,,1650.0,28.7,175.0,-0.015,9800.0,1.95,95.0,7.65,15.4,BASIN-UK-D9DFB0,520.0,4,10,0.7,0.12,0.02,,,,,,,,,,,,,,,,,,,
FL-UK-1998-02,1998-08-18,1998-08-15T00:00:00,29.849998474121094,80.8499984741211,Pithoragarh,Sharda / Kali Basin (Kali River),debris-flow/flood event,False,,DIRECT,HISTORICAL_DISASTER_EVENT,0.6349999904632568,0.6349999904632568,0.6349999904632568,0.6349999904632568,0.6349999904632568,0.6349999904632568,0.6349999904632568,0.6349999904632568,1.2699999809265137,0.635,24.0,0.54,,,,,,,,,,1650.0,28.7,175.0,-0.015,9800.0,1.95,95.0,7.65,15.4,BASIN-UK-D9DFB0,520.0,4,10,0.7,0.12,0.02,,,,,,,,,,,,,,,,,,,
FL-UK-1998-02,1998-08-18,1998-08-15T00:00:00,29.94999885559082,80.6500015258789,Pithoragarh,Sharda / Kali Basin (Kali River),debris-flow/flood event,False,,DIRECT,HISTORICAL_DISASTER_EVENT,1.209999918937683,1.209999918937683,1.209999918937683,1.209999918937683,1.209999918937683,1.209999918937683,1.209999918937683,1.209999918937683,2.419999837875366,1.21,24.0,1.03,,,,,,,,,,1650.0,28.7,175.0,-0.015,9800.0,1.95,95.0,7.65,15.4,BASIN-UK-D9DFB0,520.0,4,10,0.7,0.12,0.02,,,,,,,,,,,,,,,,,,,
FL-UK-1998-02,1998-08-18,1998-08-15T00:00:00,29.94999885559082,80.75,Pithoragarh,Sharda / Kali Basin (Kali River),debris-flow/flood event,False,,DIRECT,HISTORICAL_DISASTER_EVENT,1.6399999856948853,1.6399999856948853,1.6399999856948853,1.6399999856948853,1.6399999856948853,1.6399999856948853,1.6399999856948853,1.6399999856948853,3.2799999713897705,1.64,24.0,1.39,,,,,,,,,,1650.0,28.7,175.0,-0.015,9800.0,1.95,95.0,7.65,15.4,BASIN-UK-D9DFB0,520.0,4,10,0.7,0.12,0.02,,,,,,,,,,,,,,,,,,,
FL-UK-1998-02,1998-08-18,1998-08-15T00:00:00,29.94999885559082,80.8499984741211,Pithoragarh,Sharda / Kali Basin (Kali River),debris-flow/flood event,False,,DIRECT,HISTORICAL_DISASTER_EVENT,1.4199999570846558,1.4199999570846558,1.4199999570846558,1.4199999570846558,1.4199999570846558,1.4199999570846558,1.4199999570846558,1.4199999570846558,2.8399999141693115,1.42,24.0,1.21,,,,,,,,,,1650.0,28.7,175.0,-0.015,9800.0,1.95,95.0,7.65,15.4,BASIN-UK-D9DFB0,520.0,4,10,0.7,0.12,0.02,,,,,,,,,,,,,,,,,,,
FL-UK-1998-02,1998-08-18,1998-08-15T00:00:00,30.049999237060547,80.6500015258789,Pithoragarh,Sharda / Kali Basin (Kali River),debris-flow/flood event,False,,DIRECT,HISTORICAL_DISASTER_EVENT,4.704999923706055,4.704999923706055,4.704999923706055,4.704999923706055,4.704999923706055,4.704999923706055,4.704999923706055,4.704999923706055,9.40999984741211,4.705,24.0,4.0,,,,,,,,,,1650.0,28.7,175.0,-0.015,9800.0,1.95,95.0,7.65,15.4,BASIN-UK-D9DFB0,520.0,4,10,0.7,0.12,0.02,,,,,,,,,,,,,,,,,,,
FL-UK-1998-02,1998-08-18,1998-08-15T00:00:00,30.049999237060547,80.75,Pithoragarh,Sharda / Kali Basin (Kali River),debris-flow/flood event,False,,DIRECT,HISTORICAL_DISASTER_EVENT,5.974999904632568,5.974999904632568,5.974999904632568,5.974999904632568,5.974999904632568,5.974999904632568,5.974999904632568,5.974999904632568,11.949999809265137,5.975,24.0,5.08,,,,,,,,,,1650.0,28.7,175.0,-0.015,9800.0,1.95,95.0,7.65,15.4,BASIN-UK-D9DFB0,520.0,4,10,0.7,0.12,0.02,,,,,,,,,,,,,,,,,,,
FL-UK-1998-02,1998-08-18,1998-08-15T00:00:00,30.049999237060547,80.8499984741211,Pithoragarh,Sharda / Kali Basin (Kali River),debris-flow/flood event,False,,DIRECT,HISTORICAL_DISASTER_EVENT,6.304999828338623,6.304999828338623,6.304999828338623,6.304999828338623,6.304999828338623,6.304999828338623,6.304999828338623,6.304999828338623,12.609999656677246,6.305,24.0,5.36,,,,,,,,,,1650.0,28.7,175.0,-0.015,9800.0,1.95,95.0,7.65,15.4,BASIN-UK-D9DFB0,520.0,4,10,0.7,0.12,0.02,,,,,,,,,,,,,,,,,,,
FL-UK-1998-02,1998-08-18,1998-08-16T00:00:00,29.849998474121094,80.6500015258789,Pithoragarh,Sharda / Kali Basin (Kali River),debris-flow/flood event,False,,DIRECT,HISTORICAL_DISASTER_EVENT,0.14999999105930328,0.5849999934434891,0.5849999934434891,0.5849999934434891,0.5849999934434891,0.5849999934434891,0.5849999934434891,0.5849999934434891,0.5849999934434891,0.585,24.0,0.5,,,,,,,,,,1650.0,28.7,175.0,-0.015,9800.0,1.95,95.0,7.65,15.4,BASIN-UK-D9DFB0,520.0,4,10,0.7,0.12,0.02,,,,,,,,,,,,,,,,,,,
FL-UK-1998-02,1998-08-18,1998-08-16T00:00:00,29.849998474121094,80.75,Pithoragarh,Sharda / Kali Basin (Kali River),debris-flow/flood event,False,,DIRECT,HISTORICAL_DISASTER_EVENT,0.4899999797344208,0.9899999797344208,0.9899999797344208,0.9899999797344208,0.9899999797344208,0.9899999797344208,0.9899999797344208,0.9899999797344208,0.9899999797344208,0.99,24.0,0.84,,,,,,,,,,1650.0,28.7,175.0,-0.015,9800.0,1.95,95.0,7.65,15.4,BASIN-UK-D9DFB0,520.0,4,10,0.7,0.12,0.02,,,,,,,,,,,,,,,,,,,
FL-UK-1998-02,1998-08-18,1998-08-16T00:00:00,29.849998474121094,80.8499984741211,Pithoragarh,Sharda / Kali Basin (Kali River),debris-flow/flood event,False,,DIRECT,HISTORICAL_DISASTER_EVENT,4.089999675750732,4.724999666213989,4.724999666213989,4.724999666213989,4.724999666213989,4.724999666213989,4.724999666213989,4.724999666213989,8.179999351501465,4.725,24.0,4.02,,,,,,,,,,1650.0,28.7,175.0,-0.015,9800.0,1.95,95.0,7.65,15.4,BASIN-UK-D9DFB0,520.0,4,10,0.7,0.12,0.02,,,,,,,,,,,,,,,,,,,
FL-UK-1998-02,1998-08-18,1998-08-16T00:00:00,29.94999885559082,80.6500015258789,Pithoragarh,Sharda / Kali Basin (Kali River),debris-flow/flood event,False,,DIRECT,HISTORICAL_DISASTER_EVENT,0.17999999225139618,1.3899999111890793,1.3899999111890793,1.3899999111890793,1.3899999111890793,1.3899999111890793,1.3899999111890793,1.3899999111890793,1.3899999111890793,1.39,24.0,1.18,,,,,,,,,,1650.0,28.7,175.0,-0.015,9800.0,1.95,95.0,7.65,15.4,BASIN-UK-D9DFB0,520.0,4,10,0.7,0.12,0.02,,,,,,,,,,,,,,,,,,,
FL-UK-1998-02,1998-08-18,1998-08-16T00:00:00,29.94999885559082,80.75,Pithoragarh,Sharda / Kali Basin (Kali River),debris-flow/flood event,False,,DIRECT,HISTORICAL_DISASTER_EVENT,0.3149999976158142,1.9549999833106995,1.9549999833106995,1.9549999833106995,1.9549999833106995,1.9549999833106995,1.9549999833106995,1.9549999833106995,1.9549999833106995,1.955,24.0,1.66,,,,,,,,,,1650.0,28.7,175.0,-0.015,9800.0,1.95,95.0,7.65,15.4,BASIN-UK-D9DFB0,520.0,4,10,0.7,0.12,0.02,,,,,,,,,,,,,,,,,,,
FL-UK-1998-02,1998-08-18,1998-08-16T00:00:00,29.94999885559082,80.8499984741211,Pithoragarh,Sharda / Kali Basin (Kali River),debris-flow/flood event,False,,DIRECT,HISTORICAL_DISASTER_EVENT,1.0699999332427979,2.4899998903274536,2.4899998903274536,2.4899998903274536,2.4899998903274536,2.4899998903274536,2.4899998903274536,2.4899998903274536,2.4899998903274536,2.49,24.0,2.12,,,,,,,,,,1650.0,28.7,175.0,-0.015,9800.0,1.95,95.0,7.65,15.4,BASIN-UK-D9DFB0,520.0,4,10,0.7,0.12,0.02,,,,,,,,,,,,,,,,,,,
FL-UK-1998-02,1998-08-18,1998-08-16T00:00:00,30.049999237060547,80.6500015258789,Pithoragarh,Sharda / Kali Basin (Kali River),debris-flow/flood event,False,,DIRECT,HISTORICAL_DISASTER_EVENT,0.019999999552965164,4.72499992325902,4.72499992325902,4.72499992325902,4.72499992325902,4.72499992325902,4.72499992325902,4.72499992325902,4.72499992325902,4.725,24.0,4.02,,,,,,,,,,1650.0,28.7,175.0,-0.015,9800.0,1.95,95.0,7.65,15.4,BASIN-UK-D9DFB0,520.0,4,10,0.7,0.12,0.02,,,,,,,,,,,,,,,,,,,
FL-UK-1998-02,1998-08-18,1998-08-16T00:00:00,30.049999237060547,80.75,Pithoragarh,Sharda / Kali Basin (Kali River),debris-flow/flood event,False,,DIRECT,HISTORICAL_DISASTER_EVENT,0.7949999570846558,6.769999861717224,6.769999861717224,6.769999861717224,6.769999861717224,6.769999861717224,6.769999861717224,6.769999861717224,6.769999861717224,6.77,24.0,5.75,,,,,,,,,,1650.0,28.7,175.0,-0.015,9800.0,1.95,95.0,7.65,15.4,BASIN-UK-D9DFB0,520.0,4,10,0.7,0.12,0.02,,,,,,,,,,,,,,,,,,,
FL-UK-1998-02,1998-08-18,1998-08-16T00:00:00,30.049999237060547,80.8499984741211,Pithoragarh,Sharda / Kali Basin (Kali River),debris-flow/flood event,False,,DIRECT,HISTORICAL_DISASTER_EVENT,0.0,6.304999828338623,6.304999828338623,6.304999828338623,6.304999828338623,6.304999828338623,6.304999828338623,6.304999828338623,6.304999828338623,6.305,24.0,5.36,,,,,,,,,,1650.0,28.7,175.0,-0.015,9800.0,1.95,95.0,7.65,15.4,BASIN-UK-D9DFB0,520.0,4,10,0.7,0.12,0.02,,,,,,,,,,,,,,,,,,,
FL-UK-1998-02,1998-08-18,1998-08-17T00:00:00,29.849998474121094,80.6500015258789,Pithoragarh,Sharda / Kali Basin (Kali River),debris-flow/flood event,False,,DIRECT,HISTORICAL_DISASTER_EVENT,0.3100000023841858,0.4599999934434891,0.8949999958276749,0.8949999958276749,0.8949999958276749,0.8949999958276749,0.8949999958276749,0.8949999958276749,0.6200000047683716,0.895,12.335,0.76,,,,,,,,,,1650.0,28.7,175.0,-0.015,9800.0,1.95,95.0,7.65,15.4,BASIN-UK-D9DFB0,520.0,4,10,0.7,0.12,0.02,,,,,,,,,,,,,,,,,,,
FL-UK-1998-02,1998-08-18,1998-08-17T00:00:00,29.849998474121094,80.75,Pithoragarh,Sharda / Kali Basin (Kali River),debris-flow/flood event,False,,DIRECT,HISTORICAL_DISASTER_EVENT,0.20999999344348907,0.6999999731779099,1.1999999731779099,1.1999999731779099,1.1999999731779099,1.1999999731779099,1.1999999731779099,1.1999999731779099,0.6999999731779099,1.2,14.0,1.02,,,,,,,,,,1650.0,28.7,175.0,-0.015,9800.0,1.95,95.0,7.65,15.4,BASIN-UK-D9DFB0,520.0,4,10,0.7,0.12,0.02,,,,,,,,,,,,,,,,,,,
FL-UK-1998-02,1998-08-18,1998-08-17T00:00:00,29.849998474121094,80.8499984741211,Pithoragarh,Sharda / Kali Basin (Kali River),debris-flow/flood event,False,,DIRECT,HISTORICAL_DISASTER_EVENT,0.19999998807907104,4.2899996638298035,4.92499965429306,4.92499965429306,4.92499965429306,4.92499965429306,4.92499965429306,4.92499965429306,4.2899996638298035,4.925,20.906,4.19,,,,,,,,,,1650.0,28.7,175.0,-0.015,9800.0,1.95,95.0,7.65,15.4,BASIN-UK-D9DFB0,520.0,4,10,0.7,0.12,0.02,,,,,,,,,,,,,,,,,,,
FL-UK-1998-02,1998-08-18,1998-08-17T00:00:00,29.94999885559082,80.6500015258789,Pithoragarh,Sharda / Kali Basin (Kali River),debris-flow/flood event,False,,DIRECT,HISTORICAL_DISASTER_EVENT,0.41999998688697815,0.5999999791383743,1.8099998980760574,1.8099998980760574,1.8099998980760574,1.8099998980760574,1.8099998980760574,1.8099998980760574,0.8399999737739563,1.81,7.956,1.54,,,,,,,,,,1650.0,28.7,175.0,-0.015,9800.0,1.95,95.0,7.65,15.4,BASIN-UK-D9DFB0,520.0,4,10,0.7,0.12,0.02,,,,,,,,,,,,,,,,,,,
FL-UK-1998-02,1998-08-18,1998-08-17T00:00:00,29.94999885559082,80.75,Pithoragarh,Sharda / Kali Basin (Kali River),debris-flow/flood event,False,,DIRECT,HISTORICAL_DISASTER_EVENT,0.3449999988079071,0.6599999964237213,2.2999999821186066,2.2999999821186066,2.2999999821186066,2.2999999821186066,2.2999999821186066,2.2999999821186066,0.6899999976158142,2.3,6.887,1.95,,,,,,,,,,1650.0,28.7,175.0,-0.015,9800.0,1.95,95.0,7.65,15.4,BASIN-UK-D9DFB0,520.0,4,10,0.7,0.12,0.02,,,,,,,,,,,,,,,,,,,
FL-UK-1998-02,1998-08-18,1998-08-17T00:00:00,29.94999885559082,80.8499984741211,Pithoragarh,Sharda / Kali Basin (Kali River),debris-flow/flood event,False,,DIRECT,HISTORICAL_DISASTER_EVENT,2.5,3.569999933242798,4.989999890327454,4.989999890327454,4.989999890327454,4.989999890327454,4.989999890327454,4.989999890327454,5.0,4.99,17.17,4.24,,,,,,,,,,1650.0,28.7,175.0,-0.015,9800.0,1.95,95.0,7.65,15.4,BASIN-UK-D9DFB0,520.0,4,10,0.7,0.12,0.02,,,,,,,,,,,,,,,,,,,
FL-UK-1998-02,1998-08-18,1998-08-17T00:00:00,30.049999237060547,80.6500015258789,Pithoragarh,Sharda / Kali Basin (Kali River),debris-flow/flood event,False,,DIRECT,HISTORICAL_DISASTER_EVENT,1.0950000286102295,1.1150000281631947,5.819999951869249,5.819999951869249,5.819999951869249,5.819999951869249,5.819999951869249,5.819999951869249,2.190000057220459,5.82,4.598,4.95,,,,,,,,,,1650.0,28.7,175.0,-0.015,9800.0,1.95,95.0,7.65,15.4,BASIN-UK-D9DFB0,520.0,4,10,0.7,0.12,0.02,,,,,,,,,,,,,,,,,,,
FL-UK-1998-02,1998-08-18,1998-08-17T00:00:00,30.049999237060547,80.75,Pithoragarh,Sharda / Kali Basin (Kali River),debris-flow/flood event,False,,DIRECT,HISTORICAL_DISASTER_EVENT,0.429999977350235,1.2249999344348907,7.199999839067459,7.199999839067459,7.199999839067459,7.199999839067459,7.199999839067459,7.199999839067459,1.2249999344348907,7.2,4.083,6.12,,,,,,,,,,1650.0,28.7,175.0,-0.015,9800.0,1.95,95.0,7.65,15.4,BASIN-UK-D9DFB0,520.0,4,10,0.7,0.12,0.02,,,,,,,,,,,,,,,,,,,
FL-UK-1998-02,1998-08-18,1998-08-17T00:00:00,30.049999237060547,80.8499984741211,Pithoragarh,Sharda / Kali Basin (Kali River),debris-flow/flood event,False,,DIRECT,HISTORICAL_DISASTER_EVENT,0.2849999964237213,0.2849999964237213,6.589999824762344,6.589999824762344,6.589999824762344,6.589999824762344,6.589999824762344,6.589999824762344,0.5699999928474426,6.59,1.038,5.6,,,,,,,,,,1650.0,28.7,175.0,-0.015,9800.0,1.95,95.0,7.65,15.4,BASIN-UK-D9DFB0,520.0,4,10,0.7,0.12,0.02,,,,,,,,,,,,,,,,,,,
FL-UK-1998-02,1998-08-18,1998-08-18T00:00:00,29.849998474121094,80.6500015258789,Pithoragarh,Sharda / Kali Basin (Kali River),debris-flow/flood event,False,,DIRECT,HISTORICAL_DISASTER_EVENT,0.0,0.3100000023841858,0.8949999958276749,0.8949999958276749,0.8949999958276749,0.8949999958276749,0.8949999958276749,0.8949999958276749,0.3100000023841858,0.895,8.313,0.76,,,,,,,,,,1650.0,28.7,175.0,-0.015,9800.0,1.95,95.0,7.65,15.4,BASIN-UK-D9DFB0,520.0,4,10,0.7,0.12,0.02,,,,,,,,,,,,,,,,,,,
FL-UK-1998-02,1998-08-18,1998-08-18T00:00:00,29.849998474121094,80.75,Pithoragarh,Sharda / Kali Basin (Kali River),debris-flow/flood event,False,,DIRECT,HISTORICAL_DISASTER_EVENT,0.6899999976158142,0.8999999910593033,1.889999970793724,1.889999970793724,1.889999970793724,1.889999970793724,1.889999970793724,1.889999970793724,1.3799999952316284,1.89,11.429,1.61,,,,,,,,,,1650.0,28.7,175.0,-0.015,9800.0,1.95,95.0,7.65,15.4,BASIN-UK-D9DFB0,520.0,4,10,0.7,0.12,0.02,,,,,,,,,,,,,,,,,,,
FL-UK-1998-02,1998-08-18,1998-08-18T00:00:00,29.849998474121094,80.8499984741211,Pithoragarh,Sharda / Kali Basin (Kali River),debris-flow/flood event,False,,DIRECT,HISTORICAL_DISASTER_EVENT,0.32999998331069946,0.5299999713897705,5.25499963760376,5.25499963760376,5.25499963760376,5.25499963760376,5.25499963760376,5.25499963760376,0.6599999666213989,5.255,2.421,4.47,,,,,,,,,,1650.0,28.7,175.0,-0.015,9800.0,1.95,95.0,7.65,15.4,BASIN-UK-D9DFB0,520.0,4,10,0.7,0.12,0.02,,,,,,,,,,,,,,,,,,,
FL-UK-1998-02,1998-08-18,1998-08-18T00:00:00,29.94999885559082,80.6500015258789,Pithoragarh,Sharda / Kali Basin (Kali River),debris-flow/flood event,False,,DIRECT,HISTORICAL_DISASTER_EVENT,0.0,0.41999998688697815,1.8099998980760574,1.8099998980760574,1.8099998980760574,1.8099998980760574,1.8099998980760574,1.8099998980760574,0.41999998688697815,1.81,5.569,1.54,,,,,,,,,,1650.0,28.7,175.0,-0.015,9800.0,1.95,95.0,7.65,15.4,BASIN-UK-D9DFB0,520.0,4,10,0.7,0.12,0.02,,,,,,,,,,,,,,,,,,,
FL-UK-1998-02,1998-08-18,1998-08-18T00:00:00,29.94999885559082,80.75,Pithoragarh,Sharda / Kali Basin (Kali River),debris-flow/flood event,False,,DIRECT,HISTORICAL_DISASTER_EVENT,0.9249999523162842,1.2699999511241913,3.2249999344348907,3.2249999344348907,3.2249999344348907,3.2249999344348907,3.2249999344348907,3.2249999344348907,1.8499999046325684,3.225,9.451,2.74,,,,,,,,,,1650.0,28.7,175.0,-0.015,9800.0,1.95,95.0,7.65,15.4,BASIN-UK-D9DFB0,520.0,4,10,0.7,0.12,0.02,,,,,,,,,,,,,,,,,,,
FL-UK-1998-02,1998-08-18,1998-08-18T00:00:00,29.94999885559082,80.8499984741211,Pithoragarh,Sharda / Kali Basin (Kali River),debris-flow/flood event,False,,DIRECT,HISTORICAL_DISASTER_EVENT,0.7999999523162842,3.299999952316284,5.789999842643738,5.789999842643738,5.789999842643738,5.789999842643738,5.789999842643738,5.789999842643738,3.299999952316284,5.79,13.679,4.92,,,,,,,,,,1650.0,28.7,175.0,-0.015,9800.0,1.95,95.0,7.65,15.4,BASIN-UK-D9DFB0,520.0,4,10,0.7,0.12,0.02,,,,,,,,,,,,,,,,,,,
FL-UK-1998-02,1998-08-18,1998-08-18T00:00:00,30.049999237060547,80.6500015258789,Pithoragarh,Sharda / Kali Basin (Kali River),debris-flow/flood event,False,,DIRECT,HISTORICAL_DISASTER_EVENT,1.0950000286102295,2.190000057220459,6.914999980479479,6.914999980479479,6.914999980479479,6.914999980479479,6.914999980479479,6.914999980479479,2.190000057220459,6.915,7.601,5.88,,,,,,,,,,1650.0,28.7,175.0,-0.015,9800.0,1.95,95.0,7.65,15.4,BASIN-UK-D9DFB0,520.0,4,10,0.7,0.12,0.02,,,,,,,,,,,,,,,,,,,
FL-UK-1998-02,1998-08-18,1998-08-18T00:00:00,30.049999237060547,80.75,Pithoragarh,Sharda / Kali Basin (Kali River),debris-flow/flood event,False,,DIRECT,HISTORICAL_DISASTER_EVENT,0.429999977350235,0.85999995470047,7.629999816417694,7.629999816417694,7.629999816417694,7.629999816417694,7.629999816417694,7.629999816417694,0.85999995470047,7.63,2.705,6.49,,,,,,,,,,1650.0,28.7,175.0,-0.015,9800.0,1.95,95.0,7.65,15.4,BASIN-UK-D9DFB0,520.0,4,10,0.7,0.12,0.02,,,,,,,,,,,,,,,,,,,
FL-UK-1998-02,1998-08-18,1998-08-18T00:00:00,30.049999237060547,80.8499984741211,Pithoragarh,Sharda / Kali Basin (Kali River),debris-flow/flood event,False,,DIRECT,HISTORICAL_DISASTER_EVENT,0.39499998092651367,0.679999977350235,6.984999805688858,6.984999805688858,6.984999805688858,6.984999805688858,6.984999805688858,6.984999805688858,0.7899999618530273,6.985,2.336,5.94,,,,,,,,,,1650.0,28.7,175.0,-0.015,9800.0,1.95,95.0,7.65,15.4,BASIN-UK-D9DFB0,520.0,4,10,0.7,0.12,0.02,,,,,,,,,,,,,,,,,,,
FL-UK-1998-02,1998-08-18,1998-08-19T00:00:00,29.849998474121094,80.6500015258789,Pithoragarh,Sharda / Kali Basin (Kali River),debris-flow/flood event,False,,DIRECT,HISTORICAL_DISASTER_EVENT,0.0,0.0,0.8949999958276749,0.8949999958276749,0.8949999958276749,0.8949999958276749,0.8949999958276749,0.8949999958276749,0.0,0.895,0.0,0.76,,,,,,,,,,1650.0,28.7,175.0,-0.015,9800.0,1.95,95.0,7.65,15.4,BASIN-UK-D9DFB0,520.0,4,10,0.7,0.12,0.02,,,,,,,,,,,,,,,,,,,
FL-UK-1998-02,1998-08-18,1998-08-19T00:00:00,29.849998474121094,80.75,Pithoragarh,Sharda / Kali Basin (Kali River),debris-flow/flood event,False,,DIRECT,HISTORICAL_DISASTER_EVENT,1.1949999332427979,1.884999930858612,3.084999904036522,3.084999904036522,3.084999904036522,3.084999904036522,3.084999904036522,3.084999904036522,2.3899998664855957,3.085,14.665,2.62,,,,,,,,,,1650.0,28.7,175.0,-0.015,9800.0,1.95,95.0,7.65,15.4,BASIN-UK-D9DFB0,520.0,4,10,0.7,0.12,0.02,,,,,,,,,,,,,,,,,,,
FL-UK-1998-02,1998-08-18,1998-08-19T00:00:00,29.849998474121094,80.8499984741211,Pithoragarh,Sharda / Kali Basin (Kali River),debris-flow/flood event,False,,DIRECT,HISTORICAL_DISASTER_EVENT,1.1549999713897705,1.48499995470047,6.40999960899353,6.40999960899353,6.40999960899353,6.40999960899353,6.40999960899353,6.40999960899353,2.309999942779541,6.41,5.56,5.45,,,,,,,,,,1650.0,28.7,175.0,-0.015,9800.0,1.95,95.0,7.65,15.4,BASIN-UK-D9DFB0,520.0,4,10,0.7,0.12,0.02,,,,,,,,,,,,,,,,,,,
FL-UK-1998-02,1998-08-18,1998-08-19T00:00:00,29.94999885559082,80.6500015258789,Pithoragarh,Sharda / Kali Basin (Kali River),debris-flow/flood event,False,,DIRECT,HISTORICAL_DISASTER_EVENT,0.0,0.0,1.8099998980760574,1.8099998980760574,1.8099998980760574,1.8099998980760574,1.8099998980760574,1.8099998980760574,0.0,1.81,0.0,1.54,,,,,,,,,,1650.0,28.7,175.0,-0.015,9800.0,1.95,95.0,7.65,15.4,BASIN-UK-D9DFB0,520.0,4,10,0.7,0.12,0.02,,,,,,,,,,,,,,,,,,,
FL-UK-1998-02,1998-08-18,1998-08-19T00:00:00,29.94999885559082,80.75,Pithoragarh,Sharda / Kali Basin (Kali River),debris-flow/flood event,False,,DIRECT,HISTORICAL_DISASTER_EVENT,0.0,0.9249999523162842,3.2249999344348907,3.2249999344348907,3.2249999344348907,3.2249999344348907,3.2249999344348907,3.2249999344348907,0.9249999523162842,3.225,6.884,2.74,,,,,,,,,,1650.0,28.7,175.0,-0.015,9800.0,1.95,95.0,7.65,15.4,BASIN-UK-D9DFB0,520.0,4,10,0.7,0.12,0.02,,,,,,,,,,,,,,,,,,,
FL-UK-1998-02,1998-08-18,1998-08-19T00:00:00,29.94999885559082,80.8499984741211,Pithoragarh,Sharda / Kali Basin (Kali River),debris-flow/flood event,False,,DIRECT,HISTORICAL_DISASTER_EVENT,0.0,0.7999999523162842,5.789999842643738,5.789999842643738,5.789999842643738,5.789999842643738,5.789999842643738,5.789999842643738,0.7999999523162842,5.79,3.316,4.92,,,,,,,,,,1650.0,28.7,175.0,-0.015,9800.0,1.95,95.0,7.65,15.4,BASIN-UK-D9DFB0,520.0,4,10,0.7,0.12,0.02,,,,,,,,,,,,,,,,,,,
FL-UK-1998-02,1998-08-18,1998-08-19T00:00:00,30.049999237060547,80.6500015258789,Pithoragarh,Sharda / Kali Basin (Kali River),debris-flow/flood event,False,,DIRECT,HISTORICAL_DISASTER_EVENT,0.0,1.0950000286102295,6.914999980479479,6.914999980479479,6.914999980479479,6.914999980479479,6.914999980479479,6.914999980479479,1.0950000286102295,6.915,3.8,5.88,,,,,,,,,,1650.0,28.7,175.0,-0.015,9800.0,1.95,95.0,7.65,15.4,BASIN-UK-D9DFB0,520.0,4,10,0.7,0.12,0.02,,,,,,,,,,,,,,,,,,,
FL-UK-1998-02,1998-08-18,1998-08-19T00:00:00,30.049999237060547,80.75,Pithoragarh,Sharda / Kali Basin (Kali River),debris-flow/flood event,False,,DIRECT,HISTORICAL_DISASTER_EVENT,0.0,0.429999977350235,7.629999816417694,7.629999816417694,7.629999816417694,7.629999816417694,7.629999816417694,7.629999816417694,0.429999977350235,7.63,1.353,6.49,,,,,,,,,,1650.0,28.7,175.0,-0.015,9800.0,1.95,95.0,7.65,15.4,BASIN-UK-D9DFB0,520.0,4,10,0.7,0.12,0.02,,,,,,,,,,,,,,,,,,,
FL-UK-1998-02,1998-08-18,1998-08-19T00:00:00,30.049999237060547,80.8499984741211,Pithoragarh,Sharda / Kali Basin (Kali River),debris-flow/flood event,False,,DIRECT,HISTORICAL_DISASTER_EVENT,0.0,0.39499998092651367,6.984999805688858,6.984999805688858,6.984999805688858,6.984999805688858,6.984999805688858,6.984999805688858,0.39499998092651367,6.985,1.357,5.94,,,,,,,,,,1650.0,28.7,175.0,-0.015,9800.0,1.95,95.0,7.65,15.4,BASIN-UK-D9DFB0,520.0,4,10,0.7,0.12,0.02,,,,,,,,,,,,,,,,,,,
FL-UK-1998-02,1998-08-18,1998-08-20T00:00:00,29.849998474121094,80.6500015258789,Pithoragarh,Sharda / Kali Basin (Kali River),debris-flow/flood event,False,,DIRECT,HISTORICAL_DISASTER_EVENT,0.17000000178813934,0.17000000178813934,1.0649999976158142,1.0649999976158142,1.0649999976158142,1.0649999976158142,1.0649999976158142,1.0649999976158142,0.3400000035762787,1.065,3.831,0.91,,,,,,,,,,1650.0,28.7,175.0,-0.015,9800.0,1.95,95.0,7.65,15.4,BASIN-UK-D9DFB0,520.0,4,10,0.7,0.12,0.02,,,,,,,,,,,,,,,,,,,
FL-UK-1998-02,1998-08-18,1998-08-20T00:00:00,29.849998474121094,80.75,Pithoragarh,Sharda / Kali Basin (Kali River),debris-flow/flood event,False,,DIRECT,HISTORICAL_DISASTER_EVENT,0.44999998807907104,1.644999921321869,3.534999892115593,3.534999892115593,3.534999892115593,3.534999892115593,3.534999892115593,3.534999892115593,1.644999921321869,3.535,11.168,3.0,,,,,,,,,,1650.0,28.7,175.0,-0.015,9800.0,1.95,95.0,7.65,15.4,BASIN-UK-D9DFB0,520.0,4,10,0.7,0.12,0.02,,,,,,,,,,,,,,,,,,,
FL-UK-1998-02,1998-08-18,1998-08-20T00:00:00,29.849998474121094,80.8499984741211,Pithoragarh,Sharda / Kali Basin (Kali River),debris-flow/flood event,False,,DIRECT,HISTORICAL_DISASTER_EVENT,0.6549999713897705,1.809999942779541,7.064999580383301,7.064999580383301,7.064999580383301,7.064999580383301,7.064999580383301,7.064999580383301,1.809999942779541,7.065,6.149,6.01,,,,,,,,,,1650.0,28.7,175.0,-0.015,9800.0,1.95,95.0,7.65,15.4,BASIN-UK-D9DFB0,520.0,4,10,0.7,0.12,0.02,,,,,,,,,,,,,,,,,,,
FL-UK-1998-02,1998-08-18,1998-08-20T00:00:00,29.94999885559082,80.6500015258789,Pithoragarh,Sharda / Kali Basin (Kali River),debris-flow/flood event,False,,DIRECT,HISTORICAL_DISASTER_EVENT,0.3149999976158142,0.3149999976158142,2.1249998956918716,2.1249998956918716,2.1249998956918716,2.1249998956918716,2.1249998956918716,2.1249998956918716,0.6299999952316284,2.125,3.558,1.81,,,,,,,,,,1650.0,28.7,175.0,-0.015,9800.0,1.95,95.0,7.65,15.4,BASIN-UK-D9DFB0,520.0,4,10,0.7,0.12,0.02,,,,,,,,,,,,,,,,,,,
FL-UK-1998-02,1998-08-18,1998-08-20T00:00:00,29.94999885559082,80.75,Pithoragarh,Sharda / Kali Basin (Kali River),debris-flow/flood event,False,,DIRECT,HISTORICAL_DISASTER_EVENT,0.3149999976158142,0.3149999976158142,3.539999932050705,3.539999932050705,3.539999932050705,3.539999932050705,3.539999932050705,3.539999932050705,0.6299999952316284,3.54,2.136,3.01,,,,,,,,,,1650.0,28.7,175.0,-0.015,9800.0,1.95,95.0,7.65,15.4,BASIN-UK-D9DFB0,520.0,4,10,0.7,0.12,0.02,,,,,,,,,,,,,,,,,,,
FL-UK-1998-02,1998-08-18,1998-08-20T00:00:00,29.94999885559082,80.8499984741211,Pithoragarh,Sharda / Kali Basin (Kali River),debris-flow/flood event,False,,DIRECT,HISTORICAL_DISASTER_EVENT,0.3700000047683716,0.3700000047683716,6.159999847412109,6.159999847412109,6.159999847412109,6.159999847412109,6.159999847412109,6.159999847412109,0.7400000095367432,6.16,1.442,5.24,,,,,,,,,,1650.0,28.7,175.0,-0.015,9800.0,1.95,95.0,7.65,15.4,BASIN-UK-D9DFB0,520.0,4,10,0.7,0.12,0.02,,,,,,,,,,,,,,,,,,,
FL-UK-1998-02,1998-08-18,1998-08-20T00:00:00,30.049999237060547,80.6500015258789,Pithoragarh,Sharda / Kali Basin (Kali River),debris-flow/flood event,False,,DIRECT,HISTORICAL_DISASTER_EVENT,0.014999999664723873,0.014999999664723873,6.929999980144203,6.929999980144203,6.929999980144203,6.929999980144203,6.929999980144203,6.929999980144203,0.029999999329447746,6.93,0.052,5.89,,,,,,,,,,1650.0,28.7,175.0,-0.015,9800.0,1.95,95.0,7.65,15.4,BASIN-UK-D9DFB0,520.0,4,10,0.7,0.12,0.02,,,,,,,,,,,,,,,,,,,
FL-UK-1998-02,1998-08-18,1998-08-20T00:00:00,30.049999237060547,80.75,Pithoragarh,Sharda / Kali Basin (Kali River),debris-flow/flood event,False,,DIRECT,HISTORICAL_DISASTER_EVENT,0.3199999928474426,0.3199999928474426,7.949999809265137,7.949999809265137,7.949999809265137,7.949999809265137,7.949999809265137,7.949999809265137,0.6399999856948853,7.95,0.966,6.76,,,,,,,,,,1650.0,28.7,175.0,-0.015,9800.0,1.95,95.0,7.65,15.4,BASIN-UK-D9DFB0,520.0,4,10,0.7,0.12,0.02,,,,,,,,,,,,,,,,,,,
FL-UK-1998-02,1998-08-18,1998-08-20T00:00:00,30.049999237060547,80.8499984741211,Pithoragarh,Sharda / Kali Basin (Kali River),debris-flow/flood event,False,,DIRECT,HISTORICAL_DISASTER_EVENT,0.0,0.0,6.984999805688858,6.984999805688858,6.984999805688858,6.984999805688858,6.984999805688858,6.984999805688858,0.0,6.985,0.0,5.94,,,,,,,,,,1650.0,28.7,175.0,-0.015,9800.0,1.95,95.0,7.65,15.4,BASIN-UK-D9DFB0,520.0,4,10,0.7,0.12,0.02,,,,,,,,,,,,,,,,,,,
FL-UK-2010-01,2010-09-18,2010-09-15T00:00:00,29.849998474121094,78.04999542236328,"Haridwar, Nainital, Almora, Dehradun",Ganga & Kosi/Gaula Basins,extreme rainfall flood,False,,DERIVED,HISTORICAL_DISASTER_EVENT,0.0,0.0,0.0,0.0,0.0,0.0,0.0,0.0,0.0,0.0,0.0,0.0,,,,,,,,,,295.0,6.2,140.0,0.002,45000.0,1.15,45.0,11.8,6.5,BASIN-UK-AC6473,520.0,4,50,0.15,0.45,0.35,,,,,,,,,,,,,,,,,,,
FL-UK-2010-01,2010-09-18,2010-09-15T00:00:00,29.849998474121094,78.1500015258789,"Haridwar, Nainital, Almora, Dehradun",Ganga & Kosi/Gaula Basins,extreme rainfall flood,False,,DERIVED,HISTORICAL_DISASTER_EVENT,0.0,0.0,0.0,0.0,0.0,0.0,0.0,0.0,0.0,0.0,0.0,0.0,,,,,,,,,,295.0,6.2,140.0,0.002,45000.0,1.15,45.0,11.8,6.5,BASIN-UK-AC6473,520.0,4,50,0.15,0.45,0.35,,,,,,,,,,,,,,,,,,,
FL-UK-2010-01,2010-09-18,2010-09-15T00:00:00,29.849998474121094,78.25,"Haridwar, Nainital, Almora, Dehradun",Ganga & Kosi/Gaula Basins,extreme rainfall flood,False,,DERIVED,HISTORICAL_DISASTER_EVENT,0.11499999463558197,0.11499999463558197,0.11499999463558197,0.11499999463558197,0.11499999463558197,0.11499999463558197,0.11499999463558197,0.11499999463558197,0.22999998927116394,0.115,24.0,0.1,,,,,,,,,,295.0,6.2,140.0,0.002,45000.0,1.15,45.0,11.8,6.5,BASIN-UK-AC6473,520.0,4,50,0.15,0.45,0.35,,,,,,,,,,,,,,,,,,,
FL-UK-2010-01,2010-09-18,2010-09-15T00:00:00,29.94999885559082,78.04999542236328,"Haridwar, Nainital, Almora, Dehradun",Ganga & Kosi/Gaula Basins,extreme rainfall flood,False,,DERIVED,HISTORICAL_DISASTER_EVENT,0.0,0.0,0.0,0.0,0.0,0.0,0.0,0.0,0.0,0.0,0.0,0.0,,,,,,,,,,295.0,6.2,140.0,0.002,45000.0,1.15,45.0,11.8,6.5,BASIN-UK-AC6473,520.0,4,50,0.15,0.45,0.35,,,,,,,,,,,,,,,,,,,
FL-UK-2010-01,2010-09-18,2010-09-15T00:00:00,29.94999885559082,78.1500015258789,"Haridwar, Nainital, Almora, Dehradun",Ganga & Kosi/Gaula Basins,extreme rainfall flood,False,,DERIVED,HISTORICAL_DISASTER_EVENT,0.0,0.0,0.0,0.0,0.0,0.0,0.0,0.0,0.0,0.0,0.0,0.0,,,,,,,,,,295.0,6.2,140.0,0.002,45000.0,1.15,45.0,11.8,6.5,BASIN-UK-AC6473,520.0,4,50,0.15,0.45,0.35,,,,,,,,,,,,,,,,,,,
FL-UK-2010-01,2010-09-18,2010-09-15T00:00:00,29.94999885559082,78.25,"Haridwar, Nainital, Almora, Dehradun",Ganga & Kosi/Gaula Basins,extreme rainfall flood,False,,DERIVED,HISTORICAL_DISASTER_EVENT,0.0,0.0,0.0,0.0,0.0,0.0,0.0,0.0,0.0,0.0,0.0,0.0,,,,,,,,,,295.0,6.2,140.0,0.002,45000.0,1.15,45.0,11.8,6.5,BASIN-UK-AC6473,520.0,4,50,0.15,0.45,0.35,,,,,,,,,,,,,,,,,,,
FL-UK-2010-01,2010-09-18,2010-09-15T00:00:00,30.049999237060547,78.04999542236328,"Haridwar, Nainital, Almora, Dehradun",Ganga & Kosi/Gaula Basins,extreme rainfall flood,False,,DERIVED,HISTORICAL_DISASTER_EVENT,0.0949999988079071,0.0949999988079071,0.0949999988079071,0.0949999988079071,0.0949999988079071,0.0949999988079071,0.0949999988079071,0.0949999988079071,0.1899999976158142,0.095,24.0,0.08,,,,,,,,,,295.0,6.2,140.0,0.002,45000.0,1.15,45.0,11.8,6.5,BASIN-UK-AC6473,520.0,4,50,0.15,0.45,0.35,,,,,,,,,,,,,,,,,,,
FL-UK-2010-01,2010-09-18,2010-09-15T00:00:00,30.049999237060547,78.1500015258789,"Haridwar, Nainital, Almora, Dehradun",Ganga & Kosi/Gaula Basins,extreme rainfall flood,False,,DERIVED,HISTORICAL_DISASTER_EVENT,0.0,0.0,0.0,0.0,0.0,0.0,0.0,0.0,0.0,0.0,0.0,0.0,,,,,,,,,,295.0,6.2,140.0,0.002,45000.0,1.15,45.0,11.8,6.5,BASIN-UK-AC6473,520.0,4,50,0.15,0.45,0.35,,,,,,,,,,,,,,,,,,,
FL-UK-2010-01,2010-09-18,2010-09-15T00:00:00,30.049999237060547,78.25,"Haridwar, Nainital, Almora, Dehradun",Ganga & Kosi/Gaula Basins,extreme rainfall flood,False,,DERIVED,HISTORICAL_DISASTER_EVENT,0.0,0.0,0.0,0.0,0.0,0.0,0.0,0.0,0.0,0.0,0.0,0.0,,,,,,,,,,295.0,6.2,140.0,0.002,45000.0,1.15,45.0,11.8,6.5,BASIN-UK-AC6473,520.0,4,50,0.15,0.45,0.35,,,,,,,,,,,,,,,,,,,
FL-UK-2010-01,2010-09-18,2010-09-16T00:00:00,29.849998474121094,78.04999542236328,"Haridwar, Nainital, Almora, Dehradun",Ganga & Kosi/Gaula Basins,extreme rainfall flood,False,,DERIVED,HISTORICAL_DISASTER_EVENT,0.0,0.0,0.0,0.0,0.0,0.0,0.0,0.0,0.0,0.0,0.0,0.0,,,,,,,,,,295.0,6.2,140.0,0.002,45000.0,1.15,45.0,11.8,6.5,BASIN-UK-AC6473,520.0,4,50,0.15,0.45,0.35,,,,,,,,,,,,,,,,,,,
FL-UK-2010-01,2010-09-18,2010-09-16T00:00:00,29.849998474121094,78.1500015258789,"Haridwar, Nainital, Almora, Dehradun",Ganga & Kosi/Gaula Basins,extreme rainfall flood,False,,DERIVED,HISTORICAL_DISASTER_EVENT,0.0,0.0,0.0,0.0,0.0,0.0,0.0,0.0,0.0,0.0,0.0,0.0,,,,,,,,,,295.0,6.2,140.0,0.002,45000.0,1.15,45.0,11.8,6.5,BASIN-UK-AC6473,520.0,4,50,0.15,0.45,0.35,,,,,,,,,,,,,,,,,,,
FL-UK-2010-01,2010-09-18,2010-09-16T00:00:00,29.849998474121094,78.25,"Haridwar, Nainital, Almora, Dehradun",Ganga & Kosi/Gaula Basins,extreme rainfall flood,False,,DERIVED,HISTORICAL_DISASTER_EVENT,0.0,0.11499999463558197,0.11499999463558197,0.11499999463558197,0.11499999463558197,0.11499999463558197,0.11499999463558197,0.11499999463558197,0.11499999463558197,0.115,24.0,0.1,,,,,,,,,,295.0,6.2,140.0,0.002,45000.0,1.15,45.0,11.8,6.5,BASIN-UK-AC6473,520.0,4,50,0.15,0.45,0.35,,,,,,,,,,,,,,,,,,,
FL-UK-2010-01,2010-09-18,2010-09-16T00:00:00,29.94999885559082,78.04999542236328,"Haridwar, Nainital, Almora, Dehradun",Ganga & Kosi/Gaula Basins,extreme rainfall flood,False,,DERIVED,HISTORICAL_DISASTER_EVENT,0.0,0.0,0.0,0.0,0.0,0.0,0.0,0.0,0.0,0.0,0.0,0.0,,,,,,,,,,295.0,6.2,140.0,0.002,45000.0,1.15,45.0,11.8,6.5,BASIN-UK-AC6473,520.0,4,50,0.15,0.45,0.35,,,,,,,,,,,,,,,,,,,
FL-UK-2010-01,2010-09-18,2010-09-16T00:00:00,29.94999885559082,78.1500015258789,"Haridwar, Nainital, Almora, Dehradun",Ganga & Kosi/Gaula Basins,extreme rainfall flood,False,,DERIVED,HISTORICAL_DISASTER_EVENT,0.0,0.0,0.0,0.0,0.0,0.0,0.0,0.0,0.0,0.0,0.0,0.0,,,,,,,,,,295.0,6.2,140.0,0.002,45000.0,1.15,45.0,11.8,6.5,BASIN-UK-AC6473,520.0,4,50,0.15,0.45,0.35,,,,,,,,,,,,,,,,,,,
FL-UK-2010-01,2010-09-18,2010-09-16T00:00:00,29.94999885559082,78.25,"Haridwar, Nainital, Almora, Dehradun",Ganga & Kosi/Gaula Basins,extreme rainfall flood,False,,DERIVED,HISTORICAL_DISASTER_EVENT,0.0,0.0,0.0,0.0,0.0,0.0,0.0,0.0,0.0,0.0,0.0,0.0,,,,,,,,,,295.0,6.2,140.0,0.002,45000.0,1.15,45.0,11.8,6.5,BASIN-UK-AC6473,520.0,4,50,0.15,0.45,0.35,,,,,,,,,,,,,,,,,,,
FL-UK-2010-01,2010-09-18,2010-09-16T00:00:00,30.049999237060547,78.04999542236328,"Haridwar, Nainital, Almora, Dehradun",Ganga & Kosi/Gaula Basins,extreme rainfall flood,False,,DERIVED,HISTORICAL_DISASTER_EVENT,0.0,0.0949999988079071,0.0949999988079071,0.0949999988079071,0.0949999988079071,0.0949999988079071,0.0949999988079071,0.0949999988079071,0.0949999988079071,0.095,24.0,0.08,,,,,,,,,,295.0,6.2,140.0,0.002,45000.0,1.15,45.0,11.8,6.5,BASIN-UK-AC6473,520.0,4,50,0.15,0.45,0.35,,,,,,,,,,,,,,,,,,,
FL-UK-2010-01,2010-09-18,2010-09-16T00:00:00,30.049999237060547,78.1500015258789,"Haridwar, Nainital, Almora, Dehradun",Ganga & Kosi/Gaula Basins,extreme rainfall flood,False,,DERIVED,HISTORICAL_DISASTER_EVENT,0.0,0.0,0.0,0.0,0.0,0.0,0.0,0.0,0.0,0.0,0.0,0.0,,,,,,,,,,295.0,6.2,140.0,0.002,45000.0,1.15,45.0,11.8,6.5,BASIN-UK-AC6473,520.0,4,50,0.15,0.45,0.35,,,,,,,,,,,,,,,,,,,
FL-UK-2010-01,2010-09-18,2010-09-16T00:00:00,30.049999237060547,78.25,"Haridwar, Nainital, Almora, Dehradun",Ganga & Kosi/Gaula Basins,extreme rainfall flood,False,,DERIVED,HISTORICAL_DISASTER_EVENT,0.0,0.0,0.0,0.0,0.0,0.0,0.0,0.0,0.0,0.0,0.0,0.0,,,,,,,,,,295.0,6.2,140.0,0.002,45000.0,1.15,45.0,11.8,6.5,BASIN-UK-AC6473,520.0,4,50,0.15,0.45,0.35,,,,,,,,,,,,,,,,,,,
FL-UK-2010-01,2010-09-18,2010-09-17T00:00:00,29.849998474121094,78.04999542236328,"Haridwar, Nainital, Almora, Dehradun",Ganga & Kosi/Gaula Basins,extreme rainfall flood,False,,DERIVED,HISTORICAL_DISASTER_EVENT,0.0,0.0,0.0,0.0,0.0,0.0,0.0,0.0,0.0,0.0,0.0,0.0,,,,,,,,,,295.0,6.2,140.0,0.002,45000.0,1.15,45.0,11.8,6.5,BASIN-UK-AC6473,520.0,4,50,0.15,0.45,0.35,,,,,,,,,,,,,,,,,,,
FL-UK-2010-01,2010-09-18,2010-09-17T00:00:00,29.849998474121094,78.1500015258789,"Haridwar, Nainital, Almora, Dehradun",Ganga & Kosi/Gaula Basins,extreme rainfall flood,False,,DERIVED,HISTORICAL_DISASTER_EVENT,0.7450000047683716,0.7450000047683716,0.7450000047683716,0.7450000047683716,0.7450000047683716,0.7450000047683716,0.7450000047683716,0.7450000047683716,1.4900000095367432,0.745,24.0,0.63,,,,,,,,,,295.0,6.2,140.0,0.002,45000.0,1.15,45.0,11.8,6.5,BASIN-UK-AC6473,520.0,4,50,0.15,0.45,0.35,,,,,,,,,,,,,,,,,,,
FL-UK-2010-01,2010-09-18,2010-09-17T00:00:00,29.849998474121094,78.25,"Haridwar, Nainital, Almora, Dehradun",Ganga & Kosi/Gaula Basins,extreme rainfall flood,False,,DERIVED,HISTORICAL_DISASTER_EVENT,1.1949999332427979,1.1949999332427979,1.3099999278783798,1.3099999278783798,1.3099999278783798,1.3099999278783798,1.3099999278783798,1.3099999278783798,2.3899998664855957,1.31,21.893,1.11,,,,,,,,,,295.0,6.2,140.0,0.002,45000.0,1.15,45.0,11.8,6.5,BASIN-UK-AC6473,520.0,4,50,0.15,0.45,0.35,,,,,,,,,,,,,,,,,,,
FL-UK-2010-01,2010-09-18,2010-09-17T00:00:00,29.94999885559082,78.04999542236328,"Haridwar, Nainital, Almora, Dehradun",Ganga & Kosi/Gaula Basins,extreme rainfall flood,False,,DERIVED,HISTORICAL_DISASTER_EVENT,0.29999998211860657,0.29999998211860657,0.29999998211860657,0.29999998211860657,0.29999998211860657,0.29999998211860657,0.29999998211860657,0.29999998211860657,0.5999999642372131,0.3,24.0,0.25,,,,,,,,,,295.0,6.2,140.0,0.002,45000.0,1.15,45.0,11.8,6.5,BASIN-UK-AC6473,520.0,4,50,0.15,0.45,0.35,,,,,,,,,,,,,,,,,,,
FL-UK-2010-01,2010-09-18,2010-09-17T00:00:00,29.94999885559082,78.1500015258789,"Haridwar, Nainital, Almora, Dehradun",Ganga & Kosi/Gaula Basins,extreme rainfall flood,False,,DERIVED,HISTORICAL_DISASTER_EVENT,0.7249999642372131,0.7249999642372131,0.7249999642372131,0.7249999642372131,0.7249999642372131,0.7249999642372131,0.7249999642372131,0.7249999642372131,1.4499999284744263,0.725,24.0,0.62,,,,,,,,,,295.0,6.2,140.0,0.002,45000.0,1.15,45.0,11.8,6.5,BASIN-UK-AC6473,520.0,4,50,0.15,0.45,0.35,,,,,,,,,,,,,,,,,,,
FL-UK-2010-01,2010-09-18,2010-09-17T00:00:00,29.94999885559082,78.25,"Haridwar, Nainital, Almora, Dehradun",Ganga & Kosi/Gaula Basins,extreme rainfall flood,False,,DERIVED,HISTORICAL_DISASTER_EVENT,1.084999918937683,1.084999918937683,1.084999918937683,1.084999918937683,1.084999918937683,1.084999918937683,1.084999918937683,1.084999918937683,2.169999837875366,1.085,24.0,0.92,,,,,,,,,,295.0,6.2,140.0,0.002,45000.0,1.15,45.0,11.8,6.5,BASIN-UK-AC6473,520.0,4,50,0.15,0.45,0.35,,,,,,,,,,,,,,,,,,,
FL-UK-2010-01,2010-09-18,2010-09-17T00:00:00,30.049999237060547,78.04999542236328,"Haridwar, Nainital, Almora, Dehradun",Ganga & Kosi/Gaula Basins,extreme rainfall flood,False,,DERIVED,HISTORICAL_DISASTER_EVENT,0.23499999940395355,0.23499999940395355,0.32999999821186066,0.32999999821186066,0.32999999821186066,0.32999999821186066,0.32999999821186066,0.32999999821186066,0.4699999988079071,0.33,17.091,0.28,,,,,,,,,,295.0,6.2,140.0,0.002,45000.0,1.15,45.0,11.8,6.5,BASIN-UK-AC6473,520.0,4,50,0.15,0.45,0.35,,,,,,,,,,,,,,,,,,,
FL-UK-2010-01,2010-09-18,2010-09-17T00:00:00,30.049999237060547,78.1500015258789,"Haridwar, Nainital, Almora, Dehradun",Ganga & Kosi/Gaula Basins,extreme rainfall flood,False,,DERIVED,HISTORICAL_DISASTER_EVENT,0.8799999952316284,0.8799999952316284,0.8799999952316284,0.8799999952316284,0.8799999952316284,0.8799999952316284,0.8799999952316284,0.8799999952316284,1.7599999904632568,0.88,24.0,0.75,,,,,,,,,,295.0,6.2,140.0,0.002,45000.0,1.15,45.0,11.8,6.5,BASIN-UK-AC6473,520.0,4,50,0.15,0.45,0.35,,,,,,,,,,,,,,,,,,,
FL-UK-2010-01,2010-09-18,2010-09-17T00:00:00,30.049999237060547,78.25,"Haridwar, Nainital, Almora, Dehradun",Ganga & Kosi/Gaula Basins,extreme rainfall flood,False,,DERIVED,HISTORICAL_DISASTER_EVENT,1.0199999809265137,1.0199999809265137,1.0199999809265137,1.0199999809265137,1.0199999809265137,1.0199999809265137,1.0199999809265137,1.0199999809265137,2.0399999618530273,1.02,24.0,0.87,,,,,,,,,,295.0,6.2,140.0,0.002,45000.0,1.15,45.0,11.8,6.5,BASIN-UK-AC6473,520.0,4,50,0.15,0.45,0.35,,,,,,,,,,,,,,,,,,,
FL-UK-2010-01,2010-09-18,2010-09-18T00:00:00,29.849998474121094,78.04999542236328,"Haridwar, Nainital, Almora, Dehradun",Ganga & Kosi/Gaula Basins,extreme rainfall flood,False,,DERIVED,HISTORICAL_DISASTER_EVENT,0.23999999463558197,0.23999999463558197,0.23999999463558197,0.23999999463558197,0.23999999463558197,0.23999999463558197,0.23999999463558197,0.23999999463558197,0.47999998927116394,0.24,24.0,0.2,,,,,,,,,,295.0,6.2,140.0,0.002,45000.0,1.15,45.0,11.8,6.5,BASIN-UK-AC6473,520.0,4,50,0.15,0.45,0.35,,,,,,,,,,,,,,,,,,,
FL-UK-2010-01,2010-09-18,2010-09-18T00:00:00,29.849998474121094,78.1500015258789,"Haridwar, Nainital, Almora, Dehradun",Ganga & Kosi/Gaula Basins,extreme rainfall flood,False,,DERIVED,HISTORICAL_DISASTER_EVENT,0.2199999988079071,0.9650000035762787,0.9650000035762787,0.9650000035762787,0.9650000035762787,0.9650000035762787,0.9650000035762787,0.9650000035762787,0.9650000035762787,0.965,24.0,0.82,,,,,,,,,,295.0,6.2,140.0,0.002,45000.0,1.15,45.0,11.8,6.5,BASIN-UK-AC6473,520.0,4,50,0.15,0.45,0.35,,,,,,,,,,,,,,,,,,,
FL-UK-2010-01,2010-09-18,2010-09-18T00:00:00,29.849998474121094,78.25,"Haridwar, Nainital, Almora, Dehradun",Ganga & Kosi/Gaula Basins,extreme rainfall flood,False,,DERIVED,HISTORICAL_DISASTER_EVENT,0.0,1.1949999332427979,1.3099999278783798,1.3099999278783798,1.3099999278783798,1.3099999278783798,1.3099999278783798,1.3099999278783798,1.1949999332427979,1.31,21.893,1.11,,,,,,,,,,295.0,6.2,140.0,0.002,45000.0,1.15,45.0,11.8,6.5,BASIN-UK-AC6473,520.0,4,50,0.15,0.45,0.35,,,,,,,,,,,,,,,,,,,
FL-UK-2010-01,2010-09-18,2010-09-18T00:00:00,29.94999885559082,78.04999542236328,"Haridwar, Nainital, Almora, Dehradun",Ganga & Kosi/Gaula Basins,extreme rainfall flood,False,,DERIVED,HISTORICAL_DISASTER_EVENT,0.5399999618530273,0.8399999439716339,0.8399999439716339,0.8399999439716339,0.8399999439716339,0.8399999439716339,0.8399999439716339,0.8399999439716339,1.0799999237060547,0.84,24.0,0.71,,,,,,,,,,295.0,6.2,140.0,0.002,45000.0,1.15,45.0,11.8,6.5,BASIN-UK-AC6473,520.0,4,50,0.15,0.45,0.35,,,,,,,,,,,,,,,,,,,
FL-UK-2010-01,2010-09-18,2010-09-18T00:00:00,29.94999885559082,78.1500015258789,"Haridwar, Nainital, Almora, Dehradun",Ganga & Kosi/Gaula Basins,extreme rainfall flood,False,,DERIVED,HISTORICAL_DISASTER_EVENT,0.3100000023841858,1.034999966621399,1.034999966621399,1.034999966621399,1.034999966621399,1.034999966621399,1.034999966621399,1.034999966621399,1.034999966621399,1.035,24.0,0.88,,,,,,,,,,295.0,6.2,140.0,0.002,45000.0,1.15,45.0,11.8,6.5,BASIN-UK-AC6473,520.0,4,50,0.15,0.45,0.35,,,,,,,,,,,,,,,,,,,
FL-UK-2010-01,2010-09-18,2010-09-18T00:00:00,29.94999885559082,78.25,"Haridwar, Nainital, Almora, Dehradun",Ganga & Kosi/Gaula Basins,extreme rainfall flood,False,,DERIVED,HISTORICAL_DISASTER_EVENT,0.0,1.084999918937683,1.084999918937683,1.084999918937683,1.084999918937683,1.084999918937683,1.084999918937683,1.084999918937683,1.084999918937683,1.085,24.0,0.92,,,,,,,,,,295.0,6.2,140.0,0.002,45000.0,1.15,45.0,11.8,6.5,BASIN-UK-AC6473,520.0,4,50,0.15,0.45,0.35,,,,,,,,,,,,,,,,,,,
FL-UK-2010-01,2010-09-18,2010-09-18T00:00:00,30.049999237060547,78.04999542236328,"Haridwar, Nainital, Almora, Dehradun",Ganga & Kosi/Gaula Basins,extreme rainfall flood,False,,DERIVED,HISTORICAL_DISASTER_EVENT,0.550000011920929,0.7850000113248825,0.8800000101327896,0.8800000101327896,0.8800000101327896,0.8800000101327896,0.8800000101327896,0.8800000101327896,1.100000023841858,0.88,21.409,0.75,,,,,,,,,,295.0,6.2,140.0,0.002,45000.0,1.15,45.0,11.8,6.5,BASIN-UK-AC6473,520.0,4,50,0.15,0.45,0.35,,,,,,,,,,,,,,,,,,,
FL-UK-2010-01,2010-09-18,2010-09-18T00:00:00,30.049999237060547,78.1500015258789,"Haridwar, Nainital, Almora, Dehradun",Ganga & Kosi/Gaula Basins,extreme rainfall flood,False,,DERIVED,HISTORICAL_DISASTER_EVENT,1.1799999475479126,2.059999942779541,2.059999942779541,2.059999942779541,2.059999942779541,2.059999942779541,2.059999942779541,2.059999942779541,2.359999895095825,2.06,24.0,1.75,,,,,,,,,,295.0,6.2,140.0,0.002,45000.0,1.15,45.0,11.8,6.5,BASIN-UK-AC6473,520.0,4,50,0.15,0.45,0.35,,,,,,,,,,,,,,,,,,,
FL-UK-2010-01,2010-09-18,2010-09-18T00:00:00,30.049999237060547,78.25,"Haridwar, Nainital, Almora, Dehradun",Ganga & Kosi/Gaula Basins,extreme rainfall flood,False,,DERIVED,HISTORICAL_DISASTER_EVENT,0.0,1.0199999809265137,1.0199999809265137,1.0199999809265137,1.0199999809265137,1.0199999809265137,1.0199999809265137,1.0199999809265137,1.0199999809265137,1.02,24.0,0.87,,,,,,,,,,295.0,6.2,140.0,0.002,45000.0,1.15,45.0,11.8,6.5,BASIN-UK-AC6473,520.0,4,50,0.15,0.45,0.35,,,,,,,,,,,,,,,,,,,
FL-UK-2010-01,2010-09-18,2010-09-19T00:00:00,29.849998474121094,78.04999542236328,"Haridwar, Nainital, Almora, Dehradun",Ganga & Kosi/Gaula Basins,extreme rainfall flood,False,,DERIVED,HISTORICAL_DISASTER_EVENT,3.6449999809265137,3.8849999755620956,3.8849999755620956,3.8849999755620956,3.8849999755620956,3.8849999755620956,3.8849999755620956,3.8849999755620956,7.289999961853027,3.885,24.0,3.3,,,,,,,,,,295.0,6.2,140.0,0.002,45000.0,1.15,45.0,11.8,6.5,BASIN-UK-AC6473,520.0,4,50,0.15,0.45,0.35,,,,,,,,,,,,,,,,,,,
FL-UK-2010-01,2010-09-18,2010-09-19T00:00:00,29.849998474121094,78.1500015258789,"Haridwar, Nainital, Almora, Dehradun",Ganga & Kosi/Gaula Basins,extreme rainfall flood,False,,DERIVED,HISTORICAL_DISASTER_EVENT,4.755000114440918,4.975000113248825,5.720000118017197,5.720000118017197,5.720000118017197,5.720000118017197,5.720000118017197,5.720000118017197,9.510000228881836,5.72,20.874,4.86,,,,,,,,,,295.0,6.2,140.0,0.002,45000.0,1.15,45.0,11.8,6.5,BASIN-UK-AC6473,520.0,4,50,0.15,0.45,0.35,,,,,,,,,,,,,,,,,,,
FL-UK-2010-01,2010-09-18,2010-09-19T00:00:00,29.849998474121094,78.25,"Haridwar, Nainital, Almora, Dehradun",Ganga & Kosi/Gaula Basins,extreme rainfall flood,False,,DERIVED,HISTORICAL_DISASTER_EVENT,4.494999885559082,4.494999885559082,5.804999813437462,5.804999813437462,5.804999813437462,5.804999813437462,5.804999813437462,5.804999813437462,8.989999771118164,5.805,18.584,4.93,,,,,,,,,,295.0,6.2,140.0,0.002,45000.0,1.15,45.0,11.8,6.5,BASIN-UK-AC6473,520.0,4,50,0.15,0.45,0.35,,,,,,,,,,,,,,,,,,,
FL-UK-2010-01,2010-09-18,2010-09-19T00:00:00,29.94999885559082,78.04999542236328,"Haridwar, Nainital, Almora, Dehradun",Ganga & Kosi/Gaula Basins,extreme rainfall flood,False,,DERIVED,HISTORICAL_DISASTER_EVENT,3.2200000286102295,3.759999990463257,4.059999972581863,4.059999972581863,4.059999972581863,4.059999972581863,4.059999972581863,4.059999972581863,6.440000057220459,4.06,22.227,3.45,,,,,,,,,,295.0,6.2,140.0,0.002,45000.0,1.15,45.0,11.8,6.5,BASIN-UK-AC6473,520.0,4,50,0.15,0.45,0.35,,,,,,,,,,,,,,,,,,,
FL-UK-2010-01,2010-09-18,2010-09-19T00:00:00,29.94999885559082,78.1500015258789,"Haridwar, Nainital, Almora, Dehradun",Ganga & Kosi/Gaula Basins,extreme rainfall flood,False,,DERIVED,HISTORICAL_DISASTER_EVENT,3.4549999237060547,3.7649999260902405,4.489999890327454,4.489999890327454,4.489999890327454,4.489999890327454,4.489999890327454,4.489999890327454,6.909999847412109,4.49,20.125,3.82,,,,,,,,,,295.0,6.2,140.0,0.002,45000.0,1.15,45.0,11.8,6.5,BASIN-UK-AC6473,520.0,4,50,0.15,0.45,0.35,,,,,,,,,,,,,,,,,,,
FL-UK-2010-01,2010-09-18,2010-09-19T00:00:00,29.94999885559082,78.25,"Haridwar, Nainital, Almora, Dehradun",Ganga & Kosi/Gaula Basins,extreme rainfall flood,False,,DERIVED,HISTORICAL_DISASTER_EVENT,3.234999895095825,3.234999895095825,4.319999814033508,4.319999814033508,4.319999814033508,4.319999814033508,4.319999814033508,4.319999814033508,6.46999979019165,4.32,17.972,3.67,,,,,,,,,,295.0,6.2,140.0,0.002,45000.0,1.15,45.0,11.8,6.5,BASIN-UK-AC6473,520.0,4,50,0.15,0.45,0.35,,,,,,,,,,,,,,,,,,,
FL-UK-2010-01,2010-09-18,2010-09-19T00:00:00,30.049999237060547,78.04999542236328,"Haridwar, Nainital, Almora, Dehradun",Ganga & Kosi/Gaula Basins,extreme rainfall flood,False,,DERIVED,HISTORICAL_DISASTER_EVENT,3.2749998569488525,3.8249998688697815,4.154999867081642,4.154999867081642,4.154999867081642,4.154999867081642,4.154999867081642,4.154999867081642,6.549999713897705,4.155,22.094,3.53,,,,,,,,,,295.0,6.2,140.0,0.002,45000.0,1.15,45.0,11.8,6.5,BASIN-UK-AC6473,520.0,4,50,0.15,0.45,0.35,,,,,,,,,,,,,,,,,,,
FL-UK-2010-01,2010-09-18,2010-09-19T00:00:00,30.049999237060547,78.1500015258789,"Haridwar, Nainital, Almora, Dehradun",Ganga & Kosi/Gaula Basins,extreme rainfall flood,False,,DERIVED,HISTORICAL_DISASTER_EVENT,1.9199999570846558,3.0999999046325684,3.9799998998641968,3.9799998998641968,3.9799998998641968,3.9799998998641968,3.9799998998641968,3.9799998998641968,3.8399999141693115,3.98,18.693,3.38,,,,,,,,,,295.0,6.2,140.0,0.002,45000.0,1.15,45.0,11.8,6.5,BASIN-UK-AC6473,520.0,4,50,0.15,0.45,0.35,,,,,,,,,,,,,,,,,,,
FL-UK-2010-01,2010-09-18,2010-09-19T00:00:00,30.049999237060547,78.25,"Haridwar, Nainital, Almora, Dehradun",Ganga & Kosi/Gaula Basins,extreme rainfall flood,False,,DERIVED,HISTORICAL_DISASTER_EVENT,2.365000009536743,2.365000009536743,3.384999990463257,3.384999990463257,3.384999990463257,3.384999990463257,3.384999990463257,3.384999990463257,4.730000019073486,3.385,16.768,2.88,,,,,,,,,,295.0,6.2,140.0,0.002,45000.0,1.15,45.0,11.8,6.5,BASIN-UK-AC6473,520.0,4,50,0.15,0.45,0.35,,,,,,,,,,,,,,,,,,,
FL-UK-2010-01,2010-09-18,2010-09-20T00:00:00,29.849998474121094,78.04999542236328,"Haridwar, Nainital, Almora, Dehradun",Ganga & Kosi/Gaula Basins,extreme rainfall flood,False,,DERIVED,HISTORICAL_DISASTER_EVENT,0.0,3.6449999809265137,3.8849999755620956,3.8849999755620956,3.8849999755620956,3.8849999755620956,3.8849999755620956,3.8849999755620956,3.6449999809265137,3.885,22.517,3.3,,,,,,,,,,295.0,6.2,140.0,0.002,45000.0,1.15,45.0,11.8,6.5,BASIN-UK-AC6473,520.0,4,50,0.15,0.45,0.35,,,,,,,,,,,,,,,,,,,
FL-UK-2010-01,2010-09-18,2010-09-20T00:00:00,29.849998474121094,78.1500015258789,"Haridwar, Nainital, Almora, Dehradun",Ganga & Kosi/Gaula Basins,extreme rainfall flood,False,,DERIVED,HISTORICAL_DISASTER_EVENT,0.0,4.755000114440918,5.720000118017197,5.720000118017197,5.720000118017197,5.720000118017197,5.720000118017197,5.720000118017197,4.755000114440918,5.72,19.951,4.86,,,,,,,,,,295.0,6.2,140.0,0.002,45000.0,1.15,45.0,11.8,6.5,BASIN-UK-AC6473,520.0,4,50,0.15,0.45,0.35,,,,,,,,,,,,,,,,,,,
FL-UK-2010-01,2010-09-18,2010-09-20T00:00:00,29.849998474121094,78.25,"Haridwar, Nainital, Almora, Dehradun",Ganga & Kosi/Gaula Basins,extreme rainfall flood,False,,DERIVED,HISTORICAL_DISASTER_EVENT,0.0,4.494999885559082,5.804999813437462,5.804999813437462,5.804999813437462,5.804999813437462,5.804999813437462,5.804999813437462,4.494999885559082,5.805,18.584,4.93,,,,,,,,,,295.0,6.2,140.0,0.002,45000.0,1.15,45.0,11.8,6.5,BASIN-UK-AC6473,520.0,4,50,0.15,0.45,0.35,,,,,,,,,,,,,,,,,,,
FL-UK-2010-01,2010-09-18,2010-09-20T00:00:00,29.94999885559082,78.04999542236328,"Haridwar, Nainital, Almora, Dehradun",Ganga & Kosi/Gaula Basins,extreme rainfall flood,False,,DERIVED,HISTORICAL_DISASTER_EVENT,0.0,3.2200000286102295,4.059999972581863,4.059999972581863,4.059999972581863,4.059999972581863,4.059999972581863,4.059999972581863,3.2200000286102295,4.06,19.034,3.45,,,,,,,,,,295.0,6.2,140.0,0.002,45000.0,1.15,45.0,11.8,6.5,BASIN-UK-AC6473,520.0,4,50,0.15,0.45,0.35,,,,,,,,,,,,,,,,,,,
FL-UK-2010-01,2010-09-18,2010-09-20T00:00:00,29.94999885559082,78.1500015258789,"Haridwar, Nainital, Almora, Dehradun",Ganga & Kosi/Gaula Basins,extreme rainfall flood,False,,DERIVED,HISTORICAL_DISASTER_EVENT,0.0,3.4549999237060547,4.489999890327454,4.489999890327454,4.489999890327454,4.489999890327454,4.489999890327454,4.489999890327454,3.4549999237060547,4.49,18.468,3.82,,,,,,,,,,295.0,6.2,140.0,0.002,45000.0,1.15,45.0,11.8,6.5,BASIN-UK-AC6473,520.0,4,50,0.15,0.45,0.35,,,,,,,,,,,,,,,,,,,
FL-UK-2010-01,2010-09-18,2010-09-20T00:00:00,29.94999885559082,78.25,"Haridwar, Nainital, Almora, Dehradun",Ganga & Kosi/Gaula Basins,extreme rainfall flood,False,,DERIVED,HISTORICAL_DISASTER_EVENT,0.0,3.234999895095825,4.319999814033508,4.319999814033508,4.319999814033508,4.319999814033508,4.319999814033508,4.319999814033508,3.234999895095825,4.32,17.972,3.67,,,,,,,,,,295.0,6.2,140.0,0.002,45000.0,1.15,45.0,11.8,6.5,BASIN-UK-AC6473,520.0,4,50,0.15,0.45,0.35,,,,,,,,,,,,,,,,,,,
FL-UK-2010-01,2010-09-18,2010-09-20T00:00:00,30.049999237060547,78.04999542236328,"Haridwar, Nainital, Almora, Dehradun",Ganga & Kosi/Gaula Basins,extreme rainfall flood,False,,DERIVED,HISTORICAL_DISASTER_EVENT,0.0,3.2749998569488525,4.154999867081642,4.154999867081642,4.154999867081642,4.154999867081642,4.154999867081642,4.154999867081642,3.2749998569488525,4.155,18.917,3.53,,,,,,,,,,295.0,6.2,140.0,0.002,45000.0,1.15,45.0,11.8,6.5,BASIN-UK-AC6473,520.0,4,50,0.15,0.45,0.35,,,,,,,,,,,,,,,,,,,
FL-UK-2010-01,2010-09-18,2010-09-20T00:00:00,30.049999237060547,78.1500015258789,"Haridwar, Nainital, Almora, Dehradun",Ganga & Kosi/Gaula Basins,extreme rainfall flood,False,,DERIVED,HISTORICAL_DISASTER_EVENT,0.0,1.9199999570846558,3.9799998998641968,3.9799998998641968,3.9799998998641968,3.9799998998641968,3.9799998998641968,3.9799998998641968,1.9199999570846558,3.98,11.578,3.38,,,,,,,,,,295.0,6.2,140.0,0.002,45000.0,1.15,45.0,11.8,6.5,BASIN-UK-AC6473,520.0,4,50,0.15,0.45,0.35,,,,,,,,,,,,,,,,,,,
FL-UK-2010-01,2010-09-18,2010-09-20T00:00:00,30.049999237060547,78.25,"Haridwar, Nainital, Almora, Dehradun",Ganga & Kosi/Gaula Basins,extreme rainfall flood,False,,DERIVED,HISTORICAL_DISASTER_EVENT,0.0,2.365000009536743,3.384999990463257,3.384999990463257,3.384999990463257,3.384999990463257,3.384999990463257,3.384999990463257,2.365000009536743,3.385,16.768,2.88,,,,,,,,,,295.0,6.2,140.0,0.002,45000.0,1.15,45.0,11.8,6.5,BASIN-UK-AC6473,520.0,4,50,0.15,0.45,0.35,,,,,,,,,,,,,,,,,,,
FL-UK-2012-01,2012-08-03,2012-08-01T06:00:00,30.649999618530273,78.3499984741211,Uttarkashi,Bhagirathi Basin (Asi Ganga River),cloudburst-induced flood,True,,DERIVED,HISTORICAL_DISASTER_EVENT,0.0,0.0,0.0,0.0,0.0,0.0,0.0,0.0,0.0,0.0,0.0,0.0,,,,,,,,,,1150.0,26.8,225.0,-0.014,15200.0,1.9,110.0,8.9,14.8,BASIN-UK-3904B7,520.0,4,10,0.65,0.2,0.05,,,,,,,,,,,,,,,,,,,
FL-UK-2012-01,2012-08-03,2012-08-01T06:00:00,30.649999618530273,78.44999694824219,Uttarkashi,Bhagirathi Basin (Asi Ganga River),cloudburst-induced flood,True,,DERIVED,HISTORICAL_DISASTER_EVENT,0.0,0.0,0.0,0.0,0.0,0.0,0.0,0.0,0.0,0.0,0.0,0.0,,,,,,,,,,1150.0,26.8,225.0,-0.014,15200.0,1.9,110.0,8.9,14.8,BASIN-UK-3904B7,520.0,4,10,0.65,0.2,0.05,,,,,,,,,,,,,,,,,,,
FL-UK-2012-01,2012-08-03,2012-08-01T06:00:00,30.649999618530273,78.54999542236328,Uttarkashi,Bhagirathi Basin (Asi Ganga River),cloudburst-induced flood,True,,DERIVED,HISTORICAL_DISASTER_EVENT,0.0,0.0,0.0,0.0,0.0,0.0,0.0,0.0,0.0,0.0,0.0,0.0,,,,,,,,,,1150.0,26.8,225.0,-0.014,15200.0,1.9,110.0,8.9,14.8,BASIN-UK-3904B7,520.0,4,10,0.65,0.2,0.05,,,,,,,,,,,,,,,,,,,
FL-UK-2012-01,2012-08-03,2012-08-01T06:00:00,30.75,78.3499984741211,Uttarkashi,Bhagirathi Basin (Asi Ganga River),cloudburst-induced flood,True,,DERIVED,HISTORICAL_DISASTER_EVENT,0.0,0.0,0.0,0.0,0.0,0.0,0.0,0.0,0.0,0.0,0.0,0.0,,,,,,,,,,1150.0,26.8,225.0,-0.014,15200.0,1.9,110.0,8.9,14.8,BASIN-UK-3904B7,520.0,4,10,0.65,0.2,0.05,,,,,,,,,,,,,,,,,,,
FL-UK-2012-01,2012-08-03,2012-08-01T06:00:00,30.75,78.44999694824219,Uttarkashi,Bhagirathi Basin (Asi Ganga River),cloudburst-induced flood,True,,DERIVED,HISTORICAL_DISASTER_EVENT,0.0,0.0,0.0,0.0,0.0,0.0,0.0,0.0,0.0,0.0,0.0,0.0,,,,,,,,,,1150.0,26.8,225.0,-0.014,15200.0,1.9,110.0,8.9,14.8,BASIN-UK-3904B7,520.0,4,10,0.65,0.2,0.05,,,,,,,,,,,,,,,,,,,
FL-UK-2012-01,2012-08-03,2012-08-01T06:00:00,30.75,78.54999542236328,Uttarkashi,Bhagirathi Basin (Asi Ganga River),cloudburst-induced flood,True,,DERIVED,HISTORICAL_DISASTER_EVENT,0.0,0.0,0.0,0.0,0.0,0.0,0.0,0.0,0.0,0.0,0.0,0.0,,,,,,,,,,1150.0,26.8,225.0,-0.014,15200.0,1.9,110.0,8.9,14.8,BASIN-UK-3904B7,520.0,4,10,0.65,0.2,0.05,,,,,,,,,,,,,,,,,,,
FL-UK-2012-01,2012-08-03,2012-08-01T06:00:00,30.849998474121094,78.3499984741211,Uttarkashi,Bhagirathi Basin (Asi Ganga River),cloudburst-induced flood,True,,DERIVED,HISTORICAL_DISASTER_EVENT,0.0,0.0,0.0,0.0,0.0,0.0,0.0,0.0,0.0,0.0,0.0,0.0,,,,,,,,,,1150.0,26.8,225.0,-0.014,15200.0,1.9,110.0,8.9,14.8,BASIN-UK-3904B7,520.0,4,10,0.65,0.2,0.05,,,,,,,,,,,,,,,,,,,
FL-UK-2012-01,2012-08-03,2012-08-01T06:00:00,30.849998474121094,78.44999694824219,Uttarkashi,Bhagirathi Basin (Asi Ganga River),cloudburst-induced flood,True,,DERIVED,HISTORICAL_DISASTER_EVENT,0.0,0.0,0.0,0.0,0.0,0.0,0.0,0.0,0.0,0.0,0.0,0.0,,,,,,,,,,1150.0,26.8,225.0,-0.014,15200.0,1.9,110.0,8.9,14.8,BASIN-UK-3904B7,520.0,4,10,0.65,0.2,0.05,,,,,,,,,,,,,,,,,,,
FL-UK-2012-01,2012-08-03,2012-08-01T06:00:00,30.849998474121094,78.54999542236328,Uttarkashi,Bhagirathi Basin (Asi Ganga River),cloudburst-induced flood,True,,DERIVED,HISTORICAL_DISASTER_EVENT,0.0,0.0,0.0,0.0,0.0,0.0,0.0,0.0,0.0,0.0,0.0,0.0,,,,,,,,,,1150.0,26.8,225.0,-0.014,15200.0,1.9,110.0,8.9,14.8,BASIN-UK-3904B7,520.0,4,10,0.65,0.2,0.05,,,,,,,,,,,,,,,,,,,
FL-UK-2012-01,2012-08-03,2012-08-01T08:30:00,30.649999618530273,78.3499984741211,Uttarkashi,Bhagirathi Basin (Asi Ganga River),cloudburst-induced flood,True,,DERIVED,HISTORICAL_DISASTER_EVENT,0.0,0.0,0.0,0.0,0.0,0.0,0.0,0.0,0.0,0.0,0.0,0.0,,,,,,,,,,1150.0,26.8,225.0,-0.014,15200.0,1.9,110.0,8.9,14.8,BASIN-UK-3904B7,520.0,4,10,0.65,0.2,0.05,,,,,,,,,,,,,,,,,,,
FL-UK-2012-01,2012-08-03,2012-08-01T08:30:00,30.649999618530273,78.44999694824219,Uttarkashi,Bhagirathi Basin (Asi Ganga River),cloudburst-induced flood,True,,DERIVED,HISTORICAL_DISASTER_EVENT,0.0,0.0,0.0,0.0,0.0,0.0,0.0,0.0,0.0,0.0,0.0,0.0,,,,,,,,,,1150.0,26.8,225.0,-0.014,15200.0,1.9,110.0,8.9,14.8,BASIN-UK-3904B7,520.0,4,10,0.65,0.2,0.05,,,,,,,,,,,,,,,,,,,
FL-UK-2012-01,2012-08-03,2012-08-01T08:30:00,30.649999618530273,78.54999542236328,Uttarkashi,Bhagirathi Basin (Asi Ganga River),cloudburst-induced flood,True,,DERIVED,HISTORICAL_DISASTER_EVENT,0.3649999797344208,0.3649999797344208,0.3649999797344208,0.3649999797344208,0.3649999797344208,0.3649999797344208,0.3649999797344208,0.3649999797344208,0.7299999594688416,0.365,24.0,0.31,,,,,,,,,,1150.0,26.8,225.0,-0.014,15200.0,1.9,110.0,8.9,14.8,BASIN-UK-3904B7,520.0,4,10,0.65,0.2,0.05,,,,,,,,,,,,,,,,,,,
FL-UK-2012-01,2012-08-03,2012-08-01T08:30:00,30.75,78.3499984741211,Uttarkashi,Bhagirathi Basin (Asi Ganga River),cloudburst-induced flood,True,,DERIVED,HISTORICAL_DISASTER_EVENT,0.0,0.0,0.0,0.0,0.0,0.0,0.0,0.0,0.0,0.0,0.0,0.0,,,,,,,,,,1150.0,26.8,225.0,-0.014,15200.0,1.9,110.0,8.9,14.8,BASIN-UK-3904B7,520.0,4,10,0.65,0.2,0.05,,,,,,,,,,,,,,,,,,,
FL-UK-2012-01,2012-08-03,2012-08-01T08:30:00,30.75,78.44999694824219,Uttarkashi,Bhagirathi Basin (Asi Ganga River),cloudburst-induced flood,True,,DERIVED,HISTORICAL_DISASTER_EVENT,0.0,0.0,0.0,0.0,0.0,0.0,0.0,0.0,0.0,0.0,0.0,0.0,,,,,,,,,,1150.0,26.8,225.0,-0.014,15200.0,1.9,110.0,8.9,14.8,BASIN-UK-3904B7,520.0,4,10,0.65,0.2,0.05,,,,,,,,,,,,,,,,,,,
FL-UK-2012-01,2012-08-03,2012-08-01T08:30:00,30.75,78.54999542236328,Uttarkashi,Bhagirathi Basin (Asi Ganga River),cloudburst-induced flood,True,,DERIVED,HISTORICAL_DISASTER_EVENT,0.0,0.0,0.0,0.0,0.0,0.0,0.0,0.0,0.0,0.0,0.0,0.0,,,,,,,,,,1150.0,26.8,225.0,-0.014,15200.0,1.9,110.0,8.9,14.8,BASIN-UK-3904B7,520.0,4,10,0.65,0.2,0.05,,,,,,,,,,,,,,,,,,,
FL-UK-2012-01,2012-08-03,2012-08-01T08:30:00,30.849998474121094,78.3499984741211,Uttarkashi,Bhagirathi Basin (Asi Ganga River),cloudburst-induced flood,True,,DERIVED,HISTORICAL_DISASTER_EVENT,0.0,0.0,0.0,0.0,0.0,0.0,0.0,0.0,0.0,0.0,0.0,0.0,,,,,,,,,,1150.0,26.8,225.0,-0.014,15200.0,1.9,110.0,8.9,14.8,BASIN-UK-3904B7,520.0,4,10,0.65,0.2,0.05,,,,,,,,,,,,,,,,,,,
FL-UK-2012-01,2012-08-03,2012-08-01T08:30:00,30.849998474121094,78.44999694824219,Uttarkashi,Bhagirathi Basin (Asi Ganga River),cloudburst-induced flood,True,,DERIVED,HISTORICAL_DISASTER_EVENT,0.0,0.0,0.0,0.0,0.0,0.0,0.0,0.0,0.0,0.0,0.0,0.0,,,,,,,,,,1150.0,26.8,225.0,-0.014,15200.0,1.9,110.0,8.9,14.8,BASIN-UK-3904B7,520.0,4,10,0.65,0.2,0.05,,,,,,,,,,,,,,,,,,,
FL-UK-2012-01,2012-08-03,2012-08-01T08:30:00,30.849998474121094,78.54999542236328,Uttarkashi,Bhagirathi Basin (Asi Ganga River),cloudburst-induced flood,True,,DERIVED,HISTORICAL_DISASTER_EVENT,0.0,0.0,0.0,0.0,0.0,0.0,0.0,0.0,0.0,0.0,0.0,0.0,,,,,,,,,,1150.0,26.8,225.0,-0.014,15200.0,1.9,110.0,8.9,14.8,BASIN-UK-3904B7,520.0,4,10,0.65,0.2,0.05,,,,,,,,,,,,,,,,,,,
FL-UK-2012-01,2012-08-03,2012-08-01T10:30:00,30.649999618530273,78.3499984741211,Uttarkashi,Bhagirathi Basin (Asi Ganga River),cloudburst-induced flood,True,,DERIVED,HISTORICAL_DISASTER_EVENT,0.0,0.0,0.0,0.0,0.0,0.0,0.0,0.0,0.0,0.0,0.0,0.0,,,,,,,,,,1150.0,26.8,225.0,-0.014,15200.0,1.9,110.0,8.9,14.8,BASIN-UK-3904B7,520.0,4,10,0.65,0.2,0.05,,,,,,,,,,,,,,,,,,,
FL-UK-2012-01,2012-08-03,2012-08-01T10:30:00,30.649999618530273,78.44999694824219,Uttarkashi,Bhagirathi Basin (Asi Ganga River),cloudburst-induced flood,True,,DERIVED,HISTORICAL_DISASTER_EVENT,0.0949999988079071,0.0949999988079071,0.0949999988079071,0.0949999988079071,0.0949999988079071,0.0949999988079071,0.0949999988079071,0.0949999988079071,0.1899999976158142,0.095,24.0,0.08,,,,,,,,,,1150.0,26.8,225.0,-0.014,15200.0,1.9,110.0,8.9,14.8,BASIN-UK-3904B7,520.0,4,10,0.65,0.2,0.05,,,,,,,,,,,,,,,,,,,
FL-UK-2012-01,2012-08-03,2012-08-01T10:30:00,30.649999618530273,78.54999542236328,Uttarkashi,Bhagirathi Basin (Asi Ganga River),cloudburst-induced flood,True,,DERIVED,HISTORICAL_DISASTER_EVENT,0.5249999761581421,0.8899999558925629,0.8899999558925629,0.8899999558925629,0.8899999558925629,0.8899999558925629,0.8899999558925629,0.8899999558925629,1.0499999523162842,0.89,24.0,0.76,,,,,,,,,,1150.0,26.8,225.0,-0.014,15200.0,1.9,110.0,8.9,14.8,BASIN-UK-3904B7,520.0,4,10,0.65,0.2,0.05,,,,,,,,,,,,,,,,,,,
FL-UK-2012-01,2012-08-03,2012-08-01T10:30:00,30.75,78.3499984741211,Uttarkashi,Bhagirathi Basin (Asi Ganga River),cloudburst-induced flood,True,,DERIVED,HISTORICAL_DISASTER_EVENT,0.0,0.0,0.0,0.0,0.0,0.0,0.0,0.0,0.0,0.0,0.0,0.0,,,,,,,,,,1150.0,26.8,225.0,-0.014,15200.0,1.9,110.0,8.9,14.8,BASIN-UK-3904B7,520.0,4,10,0.65,0.2,0.05,,,,,,,,,,,,,,,,,,,
FL-UK-2012-01,2012-08-03,2012-08-01T10:30:00,30.75,78.44999694824219,Uttarkashi,Bhagirathi Basin (Asi Ganga River),cloudburst-induced flood,True,,DERIVED,HISTORICAL_DISASTER_EVENT,1.784999966621399,1.784999966621399,1.784999966621399,1.784999966621399,1.784999966621399,1.784999966621399,1.784999966621399,1.784999966621399,3.569999933242798,1.785,24.0,1.52,,,,,,,,,,1150.0,26.8,225.0,-0.014,15200.0,1.9,110.0,8.9,14.8,BASIN-UK-3904B7,520.0,4,10,0.65,0.2,0.05,,,,,,,,,,,,,,,,,,,
FL-UK-2012-01,2012-08-03,2012-08-01T10:30:00,30.75,78.54999542236328,Uttarkashi,Bhagirathi Basin (Asi Ganga River),cloudburst-induced flood,True,,DERIVED,HISTORICAL_DISASTER_EVENT,0.38499999046325684,0.38499999046325684,0.38499999046325684,0.38499999046325684,0.38499999046325684,0.38499999046325684,0.38499999046325684,0.38499999046325684,0.7699999809265137,0.385,24.0,0.33,,,,,,,,,,1150.0,26.8,225.0,-0.014,15200.0,1.9,110.0,8.9,14.8,BASIN-UK-3904B7,520.0,4,10,0.65,0.2,0.05,,,,,,,,,,,,,,,,,,,
FL-UK-2012-01,2012-08-03,2012-08-01T10:30:00,30.849998474121094,78.3499984741211,Uttarkashi,Bhagirathi Basin (Asi Ganga River),cloudburst-induced flood,True,,DERIVED,HISTORICAL_DISASTER_EVENT,0.0,0.0,0.0,0.0,0.0,0.0,0.0,0.0,0.0,0.0,0.0,0.0,,,,,,,,,,1150.0,26.8,225.0,-0.014,15200.0,1.9,110.0,8.9,14.8,BASIN-UK-3904B7,520.0,4,10,0.65,0.2,0.05,,,,,,,,,,,,,,,,,,,
FL-UK-2012-01,2012-08-03,2012-08-01T10:30:00,30.849998474121094,78.44999694824219,Uttarkashi,Bhagirathi Basin (Asi Ganga River),cloudburst-induced flood,True,,DERIVED,HISTORICAL_DISASTER_EVENT,2.0999999046325684,2.0999999046325684,2.0999999046325684,2.0999999046325684,2.0999999046325684,2.0999999046325684,2.0999999046325684,2.0999999046325684,4.199999809265137,2.1,24.0,1.78,,,,,,,,,,1150.0,26.8,225.0,-0.014,15200.0,1.9,110.0,8.9,14.8,BASIN-UK-3904B7,520.0,4,10,0.65,0.2,0.05,,,,,,,,,,,,,,,,,,,
FL-UK-2012-01,2012-08-03,2012-08-01T10:30:00,30.849998474121094,78.54999542236328,Uttarkashi,Bhagirathi Basin (Asi Ganga River),cloudburst-induced flood,True,,DERIVED,HISTORICAL_DISASTER_EVENT,0.6599999666213989,0.6599999666213989,0.6599999666213989,0.6599999666213989,0.6599999666213989,0.6599999666213989,0.6599999666213989,0.6599999666213989,1.3199999332427979,0.66,24.0,0.56,,,,,,,,,,1150.0,26.8,225.0,-0.014,15200.0,1.9,110.0,8.9,14.8,BASIN-UK-3904B7,520.0,4,10,0.65,0.2,0.05,,,,,,,,,,,,,,,,,,,
FL-UK-2012-01,2012-08-03,2012-08-01T12:30:00,30.649999618530273,78.3499984741211,Uttarkashi,Bhagirathi Basin (Asi Ganga River),cloudburst-induced flood,True,,DERIVED,HISTORICAL_DISASTER_EVENT,0.3050000071525574,0.3050000071525574,0.3050000071525574,0.3050000071525574,0.3050000071525574,0.3050000071525574,0.3050000071525574,0.3050000071525574,0.6100000143051147,0.305,24.0,0.26,,,,,,,,,,1150.0,26.8,225.0,-0.014,15200.0,1.9,110.0,8.9,14.8,BASIN-UK-3904B7,520.0,4,10,0.65,0.2,0.05,,,,,,,,,,,,,,,,,,,
FL-UK-2012-01,2012-08-03,2012-08-01T12:30:00,30.649999618530273,78.44999694824219,Uttarkashi,Bhagirathi Basin (Asi Ganga River),cloudburst-induced flood,True,,DERIVED,HISTORICAL_DISASTER_EVENT,0.4899999797344208,0.5849999785423279,0.5849999785423279,0.5849999785423279,0.5849999785423279,0.5849999785423279,0.5849999785423279,0.5849999785423279,0.9799999594688416,0.585,24.0,0.5,,,,,,,,,,1150.0,26.8,225.0,-0.014,15200.0,1.9,110.0,8.9,14.8,BASIN-UK-3904B7,520.0,4,10,0.65,0.2,0.05,,,,,,,,,,,,,,,,,,,
FL-UK-2012-01,2012-08-03,2012-08-01T12:30:00,30.649999618530273,78.54999542236328,Uttarkashi,Bhagirathi Basin (Asi Ganga River),cloudburst-induced flood,True,,DERIVED,HISTORICAL_DISASTER_EVENT,1.0399999618530273,1.5649999380111694,1.9299999177455902,1.9299999177455902,1.9299999177455902,1.9299999177455902,1.9299999177455902,1.9299999177455902,2.0799999237060547,1.93,19.461,1.64,,,,,,,,,,1150.0,26.8,225.0,-0.014,15200.0,1.9,110.0,8.9,14.8,BASIN-UK-3904B7,520.0,4,10,0.65,0.2,0.05,,,,,,,,,,,,,,,,,,,
FL-UK-2012-01,2012-08-03,2012-08-01T12:30:00,30.75,78.3499984741211,Uttarkashi,Bhagirathi Basin (Asi Ganga River),cloudburst-induced flood,True,,DERIVED,HISTORICAL_DISASTER_EVENT,0.1899999976158142,0.1899999976158142,0.1899999976158142,0.1899999976158142,0.1899999976158142,0.1899999976158142,0.1899999976158142,0.1899999976158142,0.3799999952316284,0.19,24.0,0.16,,,,,,,,,,1150.0,26.8,225.0,-0.014,15200.0,1.9,110.0,8.9,14.8,BASIN-UK-3904B7,520.0,4,10,0.65,0.2,0.05,,,,,,,,,,,,,,,,,,,
FL-UK-2012-01,2012-08-03,2012-08-01T12:30:00,30.75,78.44999694824219,Uttarkashi,Bhagirathi Basin (Asi Ganga River),cloudburst-induced flood,True,,DERIVED,HISTORICAL_DISASTER_EVENT,2.0999999046325684,3.8849998712539673,3.8849998712539673,3.8849998712539673,3.8849998712539673,3.8849998712539673,3.8849998712539673,3.8849998712539673,4.199999809265137,3.885,24.0,3.3,,,,,,,,,,1150.0,26.8,225.0,-0.014,15200.0,1.9,110.0,8.9,14.8,BASIN-UK-3904B7,520.0,4,10,0.65,0.2,0.05,,,,,,,,,,,,,,,,,,,
FL-UK-2012-01,2012-08-03,2012-08-01T12:30:00,30.75,78.54999542236328,Uttarkashi,Bhagirathi Basin (Asi Ganga River),cloudburst-induced flood,True,,DERIVED,HISTORICAL_DISASTER_EVENT,0.9899999499320984,1.3749999403953552,1.3749999403953552,1.3749999403953552,1.3749999403953552,1.3749999403953552,1.3749999403953552,1.3749999403953552,1.9799998998641968,1.375,24.0,1.17,,,,,,,,,,1150.0,26.8,225.0,-0.014,15200.0,1.9,110.0,8.9,14.8,BASIN-UK-3904B7,520.0,4,10,0.65,0.2,0.05,,,,,,,,,,,,,,,,,,,
FL-UK-2012-01,2012-08-03,2012-08-01T12:30:00,30.849998474121094,78.3499984741211,Uttarkashi,Bhagirathi Basin (Asi Ganga River),cloudburst-induced flood,True,,DERIVED,HISTORICAL_DISASTER_EVENT,0.125,0.125,0.125,0.125,0.125,0.125,0.125,0.125,0.25,0.125,24.0,0.11,,,,,,,,,,1150.0,26.8,225.0,-0.014,15200.0,1.9,110.0,8.9,14.8,BASIN-UK-3904B7,520.0,4,10,0.65,0.2,0.05,,,,,,,,,,,,,,,,,,,
FL-UK-2012-01,2012-08-03,2012-08-01T12:30:00,30.849998474121094,78.44999694824219,Uttarkashi,Bhagirathi Basin (Asi Ganga River),cloudburst-induced flood,True,,DERIVED,HISTORICAL_DISASTER_EVENT,2.184999942779541,4.284999847412109,4.284999847412109,4.284999847412109,4.284999847412109,4.284999847412109,4.284999847412109,4.284999847412109,4.369999885559082,4.285,24.0,3.64,,,,,,,,,,1150.0,26.8,225.0,-0.014,15200.0,1.9,110.0,8.9,14.8,BASIN-UK-3904B7,520.0,4,10,0.65,0.2,0.05,,,,,,,,,,,,,,,,,,,
FL-UK-2012-01,2012-08-03,2012-08-01T12:30:00,30.849998474121094,78.54999542236328,Uttarkashi,Bhagirathi Basin (Asi Ganga River),cloudburst-induced flood,True,,DERIVED,HISTORICAL_DISASTER_EVENT,0.85999995470047,1.519999921321869,1.519999921321869,1.519999921321869,1.519999921321869,1.519999921321869,1.519999921321869,1.519999921321869,1.71999990940094,1.52,24.0,1.29,,,,,,,,,,1150.0,26.8,225.0,-0.014,15200.0,1.9,110.0,8.9,14.8,BASIN-UK-3904B7,520.0,4,10,0.65,0.2,0.05,,,,,,,,,,,,,,,,,,,
FL-UK-2012-01,2012-08-03,2012-08-01T14:30:00,30.649999618530273,78.3499984741211,Uttarkashi,Bhagirathi Basin (Asi Ganga River),cloudburst-induced flood,True,,DERIVED,HISTORICAL_DISASTER_EVENT,0.0,0.3050000071525574,0.3050000071525574,0.3050000071525574,0.3050000071525574,0.3050000071525574,0.3050000071525574,0.3050000071525574,0.3050000071525574,0.305,24.0,0.26,,,,,,,,,,1150.0,26.8,225.0,-0.014,15200.0,1.9,110.0,8.9,14.8,BASIN-UK-3904B7,520.0,4,10,0.65,0.2,0.05,,,,,,,,,,,,,,,,,,,
FL-UK-2012-01,2012-08-03,2012-08-01T14:30:00,30.649999618530273,78.44999694824219,Uttarkashi,Bhagirathi Basin (Asi Ganga River),cloudburst-induced flood,True,,DERIVED,HISTORICAL_DISASTER_EVENT,0.0,0.4899999797344208,0.5849999785423279,0.5849999785423279,0.5849999785423279,0.5849999785423279,0.5849999785423279,0.5849999785423279,0.4899999797344208,0.585,20.103,0.5,,,,,,,,,,1150.0,26.8,225.0,-0.014,15200.0,1.9,110.0,8.9,14.8,BASIN-UK-3904B7,520.0,4,10,0.65,0.2,0.05,,,,,,,,,,,,,,,,,,,
FL-UK-2012-01,2012-08-03,2012-08-01T14:30:00,30.649999618530273,78.54999542236328,Uttarkashi,Bhagirathi Basin (Asi Ganga River),cloudburst-induced flood,True,,DERIVED,HISTORICAL_DISASTER_EVENT,0.16499999165534973,1.204999953508377,2.09499990940094,2.09499990940094,2.09499990940094,2.09499990940094,2.09499990940094,2.09499990940094,1.204999953508377,2.095,13.804,1.78,,,,,,,,,,1150.0,26.8,225.0,-0.014,15200.0,1.9,110.0,8.9,14.8,BASIN-UK-3904B7,520.0,4,10,0.65,0.2,0.05,,,,,,,,,,,,,,,,,,,
FL-UK-2012-01,2012-08-03,2012-08-01T14:30:00,30.75,78.3499984741211,Uttarkashi,Bhagirathi Basin (Asi Ganga River),cloudburst-induced flood,True,,DERIVED,HISTORICAL_DISASTER_EVENT,0.0,0.1899999976158142,0.1899999976158142,0.1899999976158142,0.1899999976158142,0.1899999976158142,0.1899999976158142,0.1899999976158142,0.1899999976158142,0.19,24.0,0.16,,,,,,,,,,1150.0,26.8,225.0,-0.014,15200.0,1.9,110.0,8.9,14.8,BASIN-UK-3904B7,520.0,4,10,0.65,0.2,0.05,,,,,,,,,,,,,,,,,,,
FL-UK-2012-01,2012-08-03,2012-08-01T14:30:00,30.75,78.44999694824219,Uttarkashi,Bhagirathi Basin (Asi Ganga River),cloudburst-induced flood,True,,DERIVED,HISTORICAL_DISASTER_EVENT,0.0,2.0999999046325684,3.8849998712539673,3.8849998712539673,3.8849998712539673,3.8849998712539673,3.8849998712539673,3.8849998712539673,2.0999999046325684,3.885,12.973,3.3,,,,,,,,,,1150.0,26.8,225.0,-0.014,15200.0,1.9,110.0,8.9,14.8,BASIN-UK-3904B7,520.0,4,10,0.65,0.2,0.05,,,,,,,,,,,,,,,,,,,
FL-UK-2012-01,2012-08-03,2012-08-01T14:30:00,30.75,78.54999542236328,Uttarkashi,Bhagirathi Basin (Asi Ganga River),cloudburst-induced flood,True,,DERIVED,HISTORICAL_DISASTER_EVENT,0.35499998927116394,1.3449999392032623,1.7299999296665192,1.7299999296665192,1.7299999296665192,1.7299999296665192,1.7299999296665192,1.7299999296665192,1.3449999392032623,1.73,18.659,1.47,,,,,,,,,,1150.0,26.8,225.0,-0.014,15200.0,1.9,110.0,8.9,14.8,BASIN-UK-3904B7,520.0,4,10,0.65,0.2,0.05,,,,,,,,,,,,,,,,,,,
FL-UK-2012-01,2012-08-03,2012-08-01T14:30:00,30.849998474121094,78.3499984741211,Uttarkashi,Bhagirathi Basin (Asi Ganga River),cloudburst-induced flood,True,,DERIVED,HISTORICAL_DISASTER_EVENT,0.0,0.125,0.125,0.125,0.125,0.125,0.125,0.125,0.125,0.125,24.0,0.11,,,,,,,,,,1150.0,26.8,225.0,-0.014,15200.0,1.9,110.0,8.9,14.8,BASIN-UK-3904B7,520.0,4,10,0.65,0.2,0.05,,,,,,,,,,,,,,,,,,,
FL-UK-2012-01,2012-08-03,2012-08-01T14:30:00,30.849998474121094,78.44999694824219,Uttarkashi,Bhagirathi Basin (Asi Ganga River),cloudburst-induced flood,True,,DERIVED,HISTORICAL_DISASTER_EVENT,0.11499999463558197,2.299999937415123,4.399999842047691,4.399999842047691,4.399999842047691,4.399999842047691,4.399999842047691,4.399999842047691,2.299999937415123,4.4,12.545,3.74,,,,,,,,,,1150.0,26.8,225.0,-0.014,15200.0,1.9,110.0,8.9,14.8,BASIN-UK-3904B7,520.0,4,10,0.65,0.2,0.05,,,,,,,,,,,,,,,,,,,
FL-UK-2012-01,2012-08-03,2012-08-01T14:30:00,30.849998474121094,78.54999542236328,Uttarkashi,Bhagirathi Basin (Asi Ganga River),cloudburst-induced flood,True,,DERIVED,HISTORICAL_DISASTER_EVENT,0.0949999988079071,0.9549999535083771,1.614999920129776,1.614999920129776,1.614999920129776,1.614999920129776,1.614999920129776,1.614999920129776,0.9549999535083771,1.615,14.192,1.37,,,,,,,,,,1150.0,26.8,225.0,-0.014,15200.0,1.9,110.0,8.9,14.8,BASIN-UK-3904B7,520.0,4,10,0.65,0.2,0.05,,,,,,,,,,,,,,,,,,,
FL-UK-2012-01,2012-08-03,2012-08-01T16:30:00,30.649999618530273,78.3499984741211,Uttarkashi,Bhagirathi Basin (Asi Ganga River),cloudburst-induced flood,True,,DERIVED,HISTORICAL_DISASTER_EVENT,0.0,0.0,0.3050000071525574,0.3050000071525574,0.3050000071525574,0.3050000071525574,0.3050000071525574,0.3050000071525574,0.0,0.305,0.0,0.26,,,,,,,,,,1150.0,26.8,225.0,-0.014,15200.0,1.9,110.0,8.9,14.8,BASIN-UK-3904B7,520.0,4,10,0.65,0.2,0.05,,,,,,,,,,,,,,,,,,,
FL-UK-2012-01,2012-08-03,2012-08-01T16:30:00,30.649999618530273,78.44999694824219,Uttarkashi,Bhagirathi Basin (Asi Ganga River),cloudburst-induced flood,True,,DERIVED,HISTORICAL_DISASTER_EVENT,0.0,0.0,0.5849999785423279,0.5849999785423279,0.5849999785423279,0.5849999785423279,0.5849999785423279,0.5849999785423279,0.0,0.585,0.0,0.5,,,,,,,,,,1150.0,26.8,225.0,-0.014,15200.0,1.9,110.0,8.9,14.8,BASIN-UK-3904B7,520.0,4,10,0.65,0.2,0.05,,,,,,,,,,,,,,,,,,,
FL-UK-2012-01,2012-08-03,2012-08-01T16:30:00,30.649999618530273,78.54999542236328,Uttarkashi,Bhagirathi Basin (Asi Ganga River),cloudburst-induced flood,True,,DERIVED,HISTORICAL_DISASTER_EVENT,0.0,0.16499999165534973,2.09499990940094,2.09499990940094,2.09499990940094,2.09499990940094,2.09499990940094,2.09499990940094,0.16499999165534973,2.095,1.89,1.78,,,,,,,,,,1150.0,26.8,225.0,-0.014,15200.0,1.9,110.0,8.9,14.8,BASIN-UK-3904B7,520.0,4,10,0.65,0.2,0.05,,,,,,,,,,,,,,,,,,,
FL-UK-2012-01,2012-08-03,2012-08-01T16:30:00,30.75,78.3499984741211,Uttarkashi,Bhagirathi Basin (Asi Ganga River),cloudburst-induced flood,True,,DERIVED,HISTORICAL_DISASTER_EVENT,0.0,0.0,0.1899999976158142,0.1899999976158142,0.1899999976158142,0.1899999976158142,0.1899999976158142,0.1899999976158142,0.0,0.19,0.0,0.16,,,,,,,,,,1150.0,26.8,225.0,-0.014,15200.0,1.9,110.0,8.9,14.8,BASIN-UK-3904B7,520.0,4,10,0.65,0.2,0.05,,,,,,,,,,,,,,,,,,,
FL-UK-2012-01,2012-08-03,2012-08-01T16:30:00,30.75,78.44999694824219,Uttarkashi,Bhagirathi Basin (Asi Ganga River),cloudburst-induced flood,True,,DERIVED,HISTORICAL_DISASTER_EVENT,0.0,0.0,3.8849998712539673,3.8849998712539673,3.8849998712539673,3.8849998712539673,3.8849998712539673,3.8849998712539673,0.0,3.885,0.0,3.3,,,,,,,,,,1150.0,26.8,225.0,-0.014,15200.0,1.9,110.0,8.9,14.8,BASIN-UK-3904B7,520.0,4,10,0.65,0.2,0.05,,,,,,,,,,,,,,,,,,,
FL-UK-2012-01,2012-08-03,2012-08-01T16:30:00,30.75,78.54999542236328,Uttarkashi,Bhagirathi Basin (Asi Ganga River),cloudburst-induced flood,True,,DERIVED,HISTORICAL_DISASTER_EVENT,0.0,0.35499998927116394,1.7299999296665192,1.7299999296665192,1.7299999296665192,1.7299999296665192,1.7299999296665192,1.7299999296665192,0.35499998927116394,1.73,4.925,1.47,,,,,,,,,,1150.0,26.8,225.0,-0.014,15200.0,1.9,110.0,8.9,14.8,BASIN-UK-3904B7,520.0,4,10,0.65,0.2,0.05,,,,,,,,,,,,,,,,,,,
FL-UK-2012-01,2012-08-03,2012-08-01T16:30:00,30.849998474121094,78.3499984741211,Uttarkashi,Bhagirathi Basin (Asi Ganga River),cloudburst-induced flood,True,,DERIVED,HISTORICAL_DISASTER_EVENT,0.22499999403953552,0.22499999403953552,0.3499999940395355,0.3499999940395355,0.3499999940395355,0.3499999940395355,0.3499999940395355,0.3499999940395355,0.44999998807907104,0.35,15.429,0.3,,,,,,,,,,1150.0,26.8,225.0,-0.014,15200.0,1.9,110.0,8.9,14.8,BASIN-UK-3904B7,520.0,4,10,0.65,0.2,0.05,,,,,,,,,,,,,,,,,,,
FL-UK-2012-01,2012-08-03,2012-08-01T16:30:00,30.849998474121094,78.44999694824219,Uttarkashi,Bhagirathi Basin (Asi Ganga River),cloudburst-induced flood,True,,DERIVED,HISTORICAL_DISASTER_EVENT,0.0,0.11499999463558197,4.399999842047691,4.399999842047691,4.399999842047691,4.399999842047691,4.399999842047691,4.399999842047691,0.11499999463558197,4.4,0.627,3.74,,,,,,,,,,1150.0,26.8,225.0,-0.014,15200.0,1.9,110.0,8.9,14.8,BASIN-UK-3904B7,520.0,4,10,0.65,0.2,0.05,,,,,,,,,,,,,,,,,,,
FL-UK-2012-01,2012-08-03,2012-08-01T16:30:00,30.849998474121094,78.54999542236328,Uttarkashi,Bhagirathi Basin (Asi Ganga River),cloudburst-induced flood,True,,DERIVED,HISTORICAL_DISASTER_EVENT,0.0,0.0949999988079071,1.614999920129776,1.614999920129776,1.614999920129776,1.614999920129776,1.614999920129776,1.614999920129776,0.0949999988079071,1.615,1.412,1.37,,,,,,,,,,1150.0,26.8,225.0,-0.014,15200.0,1.9,110.0,8.9,14.8,BASIN-UK-3904B7,520.0,4,10,0.65,0.2,0.05,,,,,,,,,,,,,,,,,,,
FL-UK-2012-01,2012-08-03,2012-08-01T18:30:00,30.649999618530273,78.3499984741211,Uttarkashi,Bhagirathi Basin (Asi Ganga River),cloudburst-induced flood,True,,DERIVED,HISTORICAL_DISASTER_EVENT,0.5199999809265137,0.5199999809265137,0.824999988079071,0.824999988079071,0.824999988079071,0.824999988079071,0.824999988079071,0.824999988079071,1.0399999618530273,0.825,15.127,0.7,,,,,,,,,,1150.0,26.8,225.0,-0.014,15200.0,1.9,110.0,8.9,14.8,BASIN-UK-3904B7,520.0,4,10,0.65,0.2,0.05,,,,,,,,,,,,,,,,,,,
FL-UK-2012-01,2012-08-03,2012-08-01T18:30:00,30.649999618530273,78.44999694824219,Uttarkashi,Bhagirathi Basin (Asi Ganga River),cloudburst-induced flood,True,,DERIVED,HISTORICAL_DISASTER_EVENT,0.25,0.25,0.8349999785423279,0.8349999785423279,0.8349999785423279,0.8349999785423279,0.8349999785423279,0.8349999785423279,0.5,0.835,7.186,0.71,,,,,,,,,,1150.0,26.8,225.0,-0.014,15200.0,1.9,110.0,8.9,14.8,BASIN-UK-3904B7,520.0,4,10,0.65,0.2,0.05,,,,,,,,,,,,,,,,,,,
FL-UK-2012-01,2012-08-03,2012-08-01T18:30:00,30.649999618530273,78.54999542236328,Uttarkashi,Bhagirathi Basin (Asi Ganga River),cloudburst-induced flood,True,,DERIVED,HISTORICAL_DISASTER_EVENT,0.3649999797344208,0.3649999797344208,2.4599998891353607,2.4599998891353607,2.4599998891353607,2.4599998891353607,2.4599998891353607,2.4599998891353607,0.7299999594688416,2.46,3.561,2.09,,,,,,,,,,1150.0,26.8,225.0,-0.014,15200.0,1.9,110.0,8.9,14.8,BASIN-UK-3904B7,520.0,4,10,0.65,0.2,0.05,,,,,,,,,,,,,,,,,,,
FL-UK-2012-01,2012-08-03,2012-08-01T18:30:00,30.75,78.3499984741211,Uttarkashi,Bhagirathi Basin (Asi Ganga River),cloudburst-induced flood,True,,DERIVED,HISTORICAL_DISASTER_EVENT,0.675000011920929,0.675000011920929,0.8650000095367432,0.8650000095367432,0.8650000095367432,0.8650000095367432,0.8650000095367432,0.8650000095367432,1.350000023841858,0.865,18.728,0.74,,,,,,,,,,1150.0,26.8,225.0,-0.014,15200.0,1.9,110.0,8.9,14.8,BASIN-UK-3904B7,520.0,4,10,0.65,0.2,0.05,,,,,,,,,,,,,,,,,,,
FL-UK-2012-01,2012-08-03,2012-08-01T18:30:00,30.75,78.44999694824219,Uttarkashi,Bhagirathi Basin (Asi Ganga River),cloudburst-induced flood,True,,DERIVED,HISTORICAL_DISASTER_EVENT,0.22499999403953552,0.22499999403953552,4.109999865293503,4.109999865293503,4.109999865293503,4.109999865293503,4.109999865293503,4.109999865293503,0.44999998807907104,4.11,1.314,3.49,,,,,,,,,,1150.0,26.8,225.0,-0.014,15200.0,1.9,110.0,8.9,14.8,BASIN-UK-3904B7,520.0,4,10,0.65,0.2,0.05,,,,,,,,,,,,,,,,,,,
FL-UK-2012-01,2012-08-03,2012-08-01T18:30:00,30.75,78.54999542236328,Uttarkashi,Bhagirathi Basin (Asi Ganga River),cloudburst-induced flood,True,,DERIVED,HISTORICAL_DISASTER_EVENT,0.4749999940395355,0.4749999940395355,2.2049999237060547,2.2049999237060547,2.2049999237060547,2.2049999237060547,2.2049999237060547,2.2049999237060547,0.949999988079071,2.205,5.17,1.87,,,,,,,,,,1150.0,26.8,225.0,-0.014,15200.0,1.9,110.0,8.9,14.8,BASIN-UK-3904B7,520.0,4,10,0.65,0.2,0.05,,,,,,,,,,,,,,,,,,,
FL-UK-2012-01,2012-08-03,2012-08-01T18:30:00,30.849998474121094,78.3499984741211,Uttarkashi,Bhagirathi Basin (Asi Ganga River),cloudburst-induced flood,True,,DERIVED,HISTORICAL_DISASTER_EVENT,2.0349998474121094,2.259999841451645,2.384999841451645,2.384999841451645,2.384999841451645,2.384999841451645,2.384999841451645,2.384999841451645,4.069999694824219,2.385,22.742,2.03,,,,,,,,,,1150.0,26.8,225.0,-0.014,15200.0,1.9,110.0,8.9,14.8,BASIN-UK-3904B7,520.0,4,10,0.65,0.2,0.05,,,,,,,,,,,,,,,,,,,
FL-UK-2012-01,2012-08-03,2012-08-01T18:30:00,30.849998474121094,78.44999694824219,Uttarkashi,Bhagirathi Basin (Asi Ganga River),cloudburst-induced flood,True,,DERIVED,HISTORICAL_DISASTER_EVENT,0.98499995470047,0.98499995470047,5.384999796748161,5.384999796748161,5.384999796748161,5.384999796748161,5.384999796748161,5.384999796748161,1.96999990940094,5.385,4.39,4.58,,,,,,,,,,1150.0,26.8,225.0,-0.014,15200.0,1.9,110.0,8.9,14.8,BASIN-UK-3904B7,520.0,4,10,0.65,0.2,0.05,,,,,,,,,,,,,,,,,,,
FL-UK-2012-01,2012-08-03,2012-08-01T18:30:00,30.849998474121094,78.54999542236328,Uttarkashi,Bhagirathi Basin (Asi Ganga River),cloudburst-induced flood,True,,DERIVED,HISTORICAL_DISASTER_EVENT,0.6850000023841858,0.6850000023841858,2.299999922513962,2.299999922513962,2.299999922513962,2.299999922513962,2.299999922513962,2.299999922513962,1.3700000047683716,2.3,7.148,1.95,,,,,,,,,,1150.0,26.8,225.0,-0.014,15200.0,1.9,110.0,8.9,14.8,BASIN-UK-3904B7,520.0,4,10,0.65,0.2,0.05,,,,,,,,,,,,,,,,,,,
FL-UK-2012-01,2012-08-03,2012-08-01T20:30:00,30.649999618530273,78.3499984741211,Uttarkashi,Bhagirathi Basin (Asi Ganga River),cloudburst-induced flood,True,,DERIVED,HISTORICAL_DISASTER_EVENT,0.3400000035762787,0.8599999845027924,1.1649999916553497,1.1649999916553497,1.1649999916553497,1.1649999916553497,1.1649999916553497,1.1649999916553497,0.8599999845027924,1.165,17.717,0.99,,,,,,,,,,1150.0,26.8,225.0,-0.014,15200.0,1.9,110.0,8.9,14.8,BASIN-UK-3904B7,520.0,4,10,0.65,0.2,0.05,,,,,,,,,,,,,,,,,,,
FL-UK-2012-01,2012-08-03,2012-08-01T20:30:00,30.649999618530273,78.44999694824219,Uttarkashi,Bhagirathi Basin (Asi Ganga River),cloudburst-induced flood,True,,DERIVED,HISTORICAL_DISASTER_EVENT,0.16499999165534973,0.41499999165534973,0.9999999701976776,0.9999999701976776,0.9999999701976776,0.9999999701976776,0.9999999701976776,0.9999999701976776,0.41499999165534973,1.0,9.96,0.85,,,,,,,,,,1150.0,26.8,225.0,-0.014,15200.0,1.9,110.0,8.9,14.8,BASIN-UK-3904B7,520.0,4,10,0.65,0.2,0.05,,,,,,,,,,,,,,,,,,,
FL-UK-2012-01,2012-08-03,2012-08-01T20:30:00,30.649999618530273,78.54999542236328,Uttarkashi,Bhagirathi Basin (Asi Ganga River),cloudburst-induced flood,True,,DERIVED,HISTORICAL_DISASTER_EVENT,0.2549999952316284,0.6199999749660492,2.3499999046325684,2.714999884366989,2.714999884366989,2.714999884366989,2.714999884366989,2.714999884366989,0.6199999749660492,1.985,5.481,2.31,,,,,,,,,,1150.0,26.8,225.0,-0.014,15200.0,1.9,110.0,8.9,14.8,BASIN-UK-3904B7,520.0,4,10,0.65,0.2,0.05,,,,,,,,,,,,,,,,,,,
FL-UK-2012-01,2012-08-03,2012-08-01T20:30:00,30.75,78.3499984741211,Uttarkashi,Bhagirathi Basin (Asi Ganga River),cloudburst-induced flood,True,,DERIVED,HISTORICAL_DISASTER_EVENT,0.8799999952316284,1.5550000071525574,1.7450000047683716,1.7450000047683716,1.7450000047683716,1.7450000047683716,1.7450000047683716,1.7450000047683716,1.7599999904632568,1.745,21.387,1.48,,,,,,,,,,1150.0,26.8,225.0,-0.014,15200.0,1.9,110.0,8.9,14.8,BASIN-UK-3904B7,520.0,4,10,0.65,0.2,0.05,,,,,,,,,,,,,,,,,,,
FL-UK-2012-01,2012-08-03,2012-08-01T20:30:00,30.75,78.44999694824219,Uttarkashi,Bhagirathi Basin (Asi Ganga River),cloudburst-induced flood,True,,DERIVED,HISTORICAL_DISASTER_EVENT,0.16499999165534973,0.38999998569488525,4.2749998569488525,4.2749998569488525,4.2749998569488525,4.2749998569488525,4.2749998569488525,4.2749998569488525,0.38999998569488525,4.275,2.189,3.63,,,,,,,,,,1150.0,26.8,225.0,-0.014,15200.0,1.9,110.0,8.9,14.8,BASIN-UK-3904B7,520.0,4,10,0.65,0.2,0.05,,,,,,,,,,,,,,,,,,,
FL-UK-2012-01,2012-08-03,2012-08-01T20:30:00,30.75,78.54999542236328,Uttarkashi,Bhagirathi Basin (Asi Ganga River),cloudburst-induced flood,True,,DERIVED,HISTORICAL_DISASTER_EVENT,3.119999885559082,3.5949998795986176,5.324999809265137,5.324999809265137,5.324999809265137,5.324999809265137,5.324999809265137,5.324999809265137,6.239999771118164,5.325,16.203,4.53,,,,,,,,,,1150.0,26.8,225.0,-0.014,15200.0,1.9,110.0,8.9,14.8,BASIN-UK-3904B7,520.0,4,10,0.65,0.2,0.05,,,,,,,,,,,,,,,,,,,
FL-UK-2012-01,2012-08-03,2012-08-01T20:30:00,30.849998474121094,78.3499984741211,Uttarkashi,Bhagirathi Basin (Asi Ganga River),cloudburst-induced flood,True,,DERIVED,HISTORICAL_DISASTER_EVENT,1.434999942779541,3.4699997901916504,3.819999784231186,3.819999784231186,3.819999784231186,3.819999784231186,3.819999784231186,3.819999784231186,3.4699997901916504,3.82,21.801,3.25,,,,,,,,,,1150.0,26.8,225.0,-0.014,15200.0,1.9,110.0,8.9,14.8,BASIN-UK-3904B7,520.0,4,10,0.65,0.2,0.05,,,,,,,,,,,,,,,,,,,
FL-UK-2012-01,2012-08-03,2012-08-01T20:30:00,30.849998474121094,78.44999694824219,Uttarkashi,Bhagirathi Basin (Asi Ganga River),cloudburst-induced flood,True,,DERIVED,HISTORICAL_DISASTER_EVENT,4.835000038146973,5.819999992847443,10.219999834895134,10.219999834895134,10.219999834895134,10.219999834895134,10.219999834895134,10.219999834895134,9.670000076293945,10.22,13.667,8.69,,,,,,,,,,1150.0,26.8,225.0,-0.014,15200.0,1.9,110.0,8.9,14.8,BASIN-UK-3904B7,520.0,4,10,0.65,0.2,0.05,,,,,,,,,,,,,,,,,,,
FL-UK-2012-01,2012-08-03,2012-08-01T20:30:00,30.849998474121094,78.54999542236328,Uttarkashi,Bhagirathi Basin (Asi Ganga River),cloudburst-induced flood,True,,DERIVED,HISTORICAL_DISASTER_EVENT,3.365000009536743,4.050000011920929,5.664999932050705,5.664999932050705,5.664999932050705,5.664999932050705,5.664999932050705,5.664999932050705,6.730000019073486,5.665,17.158,4.82,,,,,,,,,,1150.0,26.8,225.0,-0.014,15200.0,1.9,110.0,8.9,14.8,BASIN-UK-3904B7,520.0,4,10,0.65,0.2,0.05,,,,,,,,,,,,,,,,,,,
FL-UK-2012-01,2012-08-03,2012-08-01T22:30:00,30.649999618530273,78.3499984741211,Uttarkashi,Bhagirathi Basin (Asi Ganga River),cloudburst-induced flood,True,,DERIVED,HISTORICAL_DISASTER_EVENT,0.0949999988079071,0.4350000023841858,1.2599999904632568,1.2599999904632568,1.2599999904632568,1.2599999904632568,1.2599999904632568,1.2599999904632568,0.4350000023841858,1.26,8.286,1.07,,,,,,,,,,1150.0,26.8,225.0,-0.014,15200.0,1.9,110.0,8.9,14.8,BASIN-UK-3904B7,520.0,4,10,0.65,0.2,0.05,,,,,,,,,,,,,,,,,,,
FL-UK-2012-01,2012-08-03,2012-08-01T22:30:00,30.649999618530273,78.44999694824219,Uttarkashi,Bhagirathi Basin (Asi Ganga River),cloudburst-induced flood,True,,DERIVED,HISTORICAL_DISASTER_EVENT,0.07000000029802322,0.23499999195337296,0.9749999716877937,1.0699999704957008,1.0699999704957008,1.0699999704957008,1.0699999704957008,1.0699999704957008,0.23499999195337296,0.88,5.271,0.91,,,,,,,,,,1150.0,26.8,225.0,-0.014,15200.0,1.9,110.0,8.9,14.8,BASIN-UK-3904B7,520.0,4,10,0.65,0.2,0.05,,,,,,,,,,,,,,,,,,,
FL-UK-2012-01,2012-08-03,2012-08-01T22:30:00,30.649999618530273,78.54999542236328,Uttarkashi,Bhagirathi Basin (Asi Ganga River),cloudburst-induced flood,True,,DERIVED,HISTORICAL_DISASTER_EVENT,0.125,0.3799999952316284,1.9499999284744263,2.839999884366989,2.839999884366989,2.839999884366989,2.839999884366989,2.839999884366989,0.3799999952316284,1.06,3.211,2.41,,,,,,,,,,1150.0,26.8,225.0,-0.014,15200.0,1.9,110.0,8.9,14.8,BASIN-UK-3904B7,520.0,4,10,0.65,0.2,0.05,,,,,,,,,,,,,,,,,,,
FL-UK-2012-01,2012-08-03,2012-08-01T22:30:00,30.75,78.3499984741211,Uttarkashi,Bhagirathi Basin (Asi Ganga River),cloudburst-induced flood,True,,DERIVED,HISTORICAL_DISASTER_EVENT,0.4949999749660492,1.3749999701976776,2.2399999797344208,2.2399999797344208,2.2399999797344208,2.2399999797344208,2.2399999797344208,2.2399999797344208,1.3749999701976776,2.24,14.732,1.9,,,,,,,,,,1150.0,26.8,225.0,-0.014,15200.0,1.9,110.0,8.9,14.8,BASIN-UK-3904B7,520.0,4,10,0.65,0.2,0.05,,,,,,,,,,,,,,,,,,,
FL-UK-2012-01,2012-08-03,2012-08-01T22:30:00,30.75,78.44999694824219,Uttarkashi,Bhagirathi Basin (Asi Ganga River),cloudburst-induced flood,True,,DERIVED,HISTORICAL_DISASTER_EVENT,0.07499999552965164,0.23999998718500137,2.5649998858571053,4.349999852478504,4.349999852478504,4.349999852478504,4.349999852478504,4.349999852478504,0.23999998718500137,0.78,1.324,3.7,,,,,,,,,,1150.0,26.8,225.0,-0.014,15200.0,1.9,110.0,8.9,14.8,BASIN-UK-3904B7,520.0,4,10,0.65,0.2,0.05,,,,,,,,,,,,,,,,,,,
FL-UK-2012-01,2012-08-03,2012-08-01T22:30:00,30.75,78.54999542236328,Uttarkashi,Bhagirathi Basin (Asi Ganga River),cloudburst-induced flood,True,,DERIVED,HISTORICAL_DISASTER_EVENT,0.8449999690055847,3.9649998545646667,5.784999787807465,6.169999778270721,6.169999778270721,6.169999778270721,6.169999778270721,6.169999778270721,3.9649998545646667,5.4,15.423,5.24,,,,,,,,,,1150.0,26.8,225.0,-0.014,15200.0,1.9,110.0,8.9,14.8,BASIN-UK-3904B7,520.0,4,10,0.65,0.2,0.05,,,,,,,,,,,,,,,,,,,
FL-UK-2012-01,2012-08-03,2012-08-01T22:30:00,30.849998474121094,78.3499984741211,Uttarkashi,Bhagirathi Basin (Asi Ganga River),cloudburst-induced flood,True,,DERIVED,HISTORICAL_DISASTER_EVENT,0.6599999666213989,2.09499990940094,4.479999750852585,4.479999750852585,4.479999750852585,4.479999750852585,4.479999750852585,4.479999750852585,2.09499990940094,4.48,11.223,3.81,,,,,,,,,,1150.0,26.8,225.0,-0.014,15200.0,1.9,110.0,8.9,14.8,BASIN-UK-3904B7,520.0,4,10,0.65,0.2,0.05,,,,,,,,,,,,,,,,,,,
FL-UK-2012-01,2012-08-03,2012-08-01T22:30:00,30.849998474121094,78.44999694824219,Uttarkashi,Bhagirathi Basin (Asi Ganga River),cloudburst-induced flood,True,,DERIVED,HISTORICAL_DISASTER_EVENT,1.3299999237060547,6.164999961853027,9.44999985396862,11.549999758601189,11.549999758601189,11.549999758601189,11.549999758601189,11.549999758601189,6.164999961853027,7.35,12.81,9.82,,,,,,,,,,1150.0,26.8,225.0,-0.014,15200.0,1.9,110.0,8.9,14.8,BASIN-UK-3904B7,520.0,4,10,0.65,0.2,0.05,,,,,,,,,,,,,,,,,,,
FL-UK-2012-01,2012-08-03,2012-08-01T22:30:00,30.849998474121094,78.54999542236328,Uttarkashi,Bhagirathi Basin (Asi Ganga River),cloudburst-induced flood,True,,DERIVED,HISTORICAL_DISASTER_EVENT,1.0149999856948853,4.379999995231628,6.019999951124191,6.67999991774559,6.67999991774559,6.67999991774559,6.67999991774559,6.67999991774559,4.379999995231628,5.36,15.737,5.68,,,,,,,,,,1150.0,26.8,225.0,-0.014,15200.0,1.9,110.0,8.9,14.8,BASIN-UK-3904B7,520.0,4,10,0.65,0.2,0.05,,,,,,,,,,,,,,,,,,,
FL-UK-2012-01,2012-08-03,2012-08-02T00:30:00,30.649999618530273,78.3499984741211,Uttarkashi,Bhagirathi Basin (Asi Ganga River),cloudburst-induced flood,True,,DERIVED,HISTORICAL_DISASTER_EVENT,0.0,0.0949999988079071,0.9549999833106995,1.2599999904632568,1.2599999904632568,1.2599999904632568,1.2599999904632568,1.2599999904632568,0.0949999988079071,0.65,1.81,1.07,,,,,,,,,,1150.0,26.8,225.0,-0.014,15200.0,1.9,110.0,8.9,14.8,BASIN-UK-3904B7,520.0,4,10,0.65,0.2,0.05,,,,,,,,,,,,,,,,,,,
FL-UK-2012-01,2012-08-03,2012-08-02T00:30:00,30.649999618530273,78.44999694824219,Uttarkashi,Bhagirathi Basin (Asi Ganga River),cloudburst-induced flood,True,,DERIVED,HISTORICAL_DISASTER_EVENT,0.375,0.4450000002980232,0.859999991953373,1.4449999704957008,1.4449999704957008,1.4449999704957008,1.4449999704957008,1.4449999704957008,0.75,0.275,7.391,1.23,,,,,,,,,,1150.0,26.8,225.0,-0.014,15200.0,1.9,110.0,8.9,14.8,BASIN-UK-3904B7,520.0,4,10,0.65,0.2,0.05,,,,,,,,,,,,,,,,,,,
FL-UK-2012-01,2012-08-03,2012-08-02T00:30:00,30.649999618530273,78.54999542236328,Uttarkashi,Bhagirathi Basin (Asi Ganga River),cloudburst-induced flood,True,,DERIVED,HISTORICAL_DISASTER_EVENT,0.2549999952316284,0.3799999952316284,1.1649999618530273,3.0949998795986176,3.0949998795986176,3.0949998795986176,3.0949998795986176,3.0949998795986176,0.5099999904632568,-0.765,2.947,2.63,,,,,,,,,,1150.0,26.8,225.0,-0.014,15200.0,1.9,110.0,8.9,14.8,BASIN-UK-3904B7,520.0,4,10,0.65,0.2,0.05,,,,,,,,,,,,,,,,,,,
FL-UK-2012-01,2012-08-03,2012-08-02T00:30:00,30.75,78.3499984741211,Uttarkashi,Bhagirathi Basin (Asi Ganga River),cloudburst-induced flood,True,,DERIVED,HISTORICAL_DISASTER_EVENT,0.0,0.4949999749660492,2.0499999821186066,2.2399999797344208,2.2399999797344208,2.2399999797344208,2.2399999797344208,2.2399999797344208,0.4949999749660492,1.86,5.304,1.9,,,,,,,,,,1150.0,26.8,225.0,-0.014,15200.0,1.9,110.0,8.9,14.8,BASIN-UK-3904B7,520.0,4,10,0.65,0.2,0.05,,,,,,,,,,,,,,,,,,,
FL-UK-2012-01,2012-08-03,2012-08-02T00:30:00,30.75,78.44999694824219,Uttarkashi,Bhagirathi Basin (Asi Ganga River),cloudburst-induced flood,True,,DERIVED,HISTORICAL_DISASTER_EVENT,0.3149999976158142,0.38999999314546585,0.7799999788403511,4.664999850094318,4.664999850094318,4.664999850094318,4.664999850094318,4.664999850094318,0.6299999952316284,-3.105,2.006,3.97,,,,,,,,,,1150.0,26.8,225.0,-0.014,15200.0,1.9,110.0,8.9,14.8,BASIN-UK-3904B7,520.0,4,10,0.65,0.2,0.05,,,,,,,,,,,,,,,,,,,
FL-UK-2012-01,2012-08-03,2012-08-02T00:30:00,30.75,78.54999542236328,Uttarkashi,Bhagirathi Basin (Asi Ganga River),cloudburst-induced flood,True,,DERIVED,HISTORICAL_DISASTER_EVENT,0.41499999165534973,1.2599999606609344,5.209999829530716,6.584999769926071,6.584999769926071,6.584999769926071,6.584999769926071,6.584999769926071,1.2599999606609344,3.835,4.592,5.6,,,,,,,,,,1150.0,26.8,225.0,-0.014,15200.0,1.9,110.0,8.9,14.8,BASIN-UK-3904B7,520.0,4,10,0.65,0.2,0.05,,,,,,,,,,,,,,,,,,,
FL-UK-2012-01,2012-08-03,2012-08-02T00:30:00,30.849998474121094,78.3499984741211,Uttarkashi,Bhagirathi Basin (Asi Ganga River),cloudburst-induced flood,True,,DERIVED,HISTORICAL_DISASTER_EVENT,0.0,0.6599999666213989,4.354999750852585,4.479999750852585,4.479999750852585,4.479999750852585,4.479999750852585,4.479999750852585,0.6599999666213989,4.23,3.536,3.81,,,,,,,,,,1150.0,26.8,225.0,-0.014,15200.0,1.9,110.0,8.9,14.8,BASIN-UK-3904B7,520.0,4,10,0.65,0.2,0.05,,,,,,,,,,,,,,,,,,,
FL-UK-2012-01,2012-08-03,2012-08-02T00:30:00,30.849998474121094,78.44999694824219,Uttarkashi,Bhagirathi Basin (Asi Ganga River),cloudburst-induced flood,True,,DERIVED,HISTORICAL_DISASTER_EVENT,0.0,1.3299999237060547,7.264999911189079,11.549999758601189,11.549999758601189,11.549999758601189,11.549999758601189,11.549999758601189,1.3299999237060547,2.98,2.764,9.82,,,,,,,,,,1150.0,26.8,225.0,-0.014,15200.0,1.9,110.0,8.9,14.8,BASIN-UK-3904B7,520.0,4,10,0.65,0.2,0.05,,,,,,,,,,,,,,,,,,,
FL-UK-2012-01,2012-08-03,2012-08-02T00:30:00,30.849998474121094,78.54999542236328,Uttarkashi,Bhagirathi Basin (Asi Ganga River),cloudburst-induced flood,True,,DERIVED,HISTORICAL_DISASTER_EVENT,0.0,1.0149999856948853,5.159999996423721,6.67999991774559,6.67999991774559,6.67999991774559,6.67999991774559,6.67999991774559,1.0149999856948853,3.64,3.647,5.68,,,,,,,,,,1150.0,26.8,225.0,-0.014,15200.0,1.9,110.0,8.9,14.8,BASIN-UK-3904B7,520.0,4,10,0.65,0.2,0.05,,,,,,,,,,,,,,,,,,,
FL-UK-2012-01,2012-08-03,2012-08-02T02:30:00,30.649999618530273,78.3499984741211,Uttarkashi,Bhagirathi Basin (Asi Ganga River),cloudburst-induced flood,True,,DERIVED,HISTORICAL_DISASTER_EVENT,0.0,0.0,0.9549999833106995,1.2599999904632568,1.2599999904632568,1.2599999904632568,1.2599999904632568,1.2599999904632568,0.0,0.65,0.0,1.07,,,,,,,,,,1150.0,26.8,225.0,-0.014,15200.0,1.9,110.0,8.9,14.8,BASIN-UK-3904B7,520.0,4,10,0.65,0.2,0.05,,,,,,,,,,,,,,,,,,,
FL-UK-2012-01,2012-08-03,2012-08-02T02:30:00,30.649999618530273,78.44999694824219,Uttarkashi,Bhagirathi Basin (Asi Ganga River),cloudburst-induced flood,True,,DERIVED,HISTORICAL_DISASTER_EVENT,0.28999999165534973,0.6649999916553497,1.1499999836087227,1.7349999621510506,1.7349999621510506,1.7349999621510506,1.7349999621510506,1.7349999621510506,0.6649999916553497,0.565,9.199,1.47,,,,,,,,,,1150.0,26.8,225.0,-0.014,15200.0,1.9,110.0,8.9,14.8,BASIN-UK-3904B7,520.0,4,10,0.65,0.2,0.05,,,,,,,,,,,,,,,,,,,
FL-UK-2012-01,2012-08-03,2012-08-02T02:30:00,30.649999618530273,78.54999542236328,Uttarkashi,Bhagirathi Basin (Asi Ganga River),cloudburst-induced flood,True,,DERIVED,HISTORICAL_DISASTER_EVENT,0.14000000059604645,0.39499999582767487,1.139999970793724,3.234999880194664,3.234999880194664,3.234999880194664,3.234999880194664,3.234999880194664,0.39499999582767487,-0.955,2.93,2.75,,,,,,,,,,1150.0,26.8,225.0,-0.014,15200.0,1.9,110.0,8.9,14.8,BASIN-UK-3904B7,520.0,4,10,0.65,0.2,0.05,,,,,,,,,,,,,,,,,,,
FL-UK-2012-01,2012-08-03,2012-08-02T02:30:00,30.75,78.3499984741211,Uttarkashi,Bhagirathi Basin (Asi Ganga River),cloudburst-induced flood,True,,DERIVED,HISTORICAL_DISASTER_EVENT,0.0,0.0,2.0499999821186066,2.2399999797344208,2.2399999797344208,2.2399999797344208,2.2399999797344208,2.2399999797344208,0.0,1.86,0.0,1.9,,,,,,,,,,1150.0,26.8,225.0,-0.014,15200.0,1.9,110.0,8.9,14.8,BASIN-UK-3904B7,520.0,4,10,0.65,0.2,0.05,,,,,,,,,,,,,,,,,,,
FL-UK-2012-01,2012-08-03,2012-08-02T02:30:00,30.75,78.44999694824219,Uttarkashi,Bhagirathi Basin (Asi Ganga River),cloudburst-induced flood,True,,DERIVED,HISTORICAL_DISASTER_EVENT,0.2199999988079071,0.5349999964237213,0.9999999776482582,4.8849998489022255,4.8849998489022255,4.8849998489022255,4.8849998489022255,4.8849998489022255,0.5349999964237213,-2.885,2.628,4.15,,,,,,,,,,1150.0,26.8,225.0,-0.014,15200.0,1.9,110.0,8.9,14.8,BASIN-UK-3904B7,520.0,4,10,0.65,0.2,0.05,,,,,,,,,,,,,,,,,,,
FL-UK-2012-01,2012-08-03,2012-08-02T02:30:00,30.75,78.54999542236328,Uttarkashi,Bhagirathi Basin (Asi Ganga River),cloudburst-induced flood,True,,DERIVED,HISTORICAL_DISASTER_EVENT,0.14999999105930328,0.564999982714653,5.004999831318855,6.7349997609853745,6.7349997609853745,6.7349997609853745,6.7349997609853745,6.7349997609853745,0.564999982714653,3.275,2.013,5.72,,,,,,,,,,1150.0,26.8,225.0,-0.014,15200.0,1.9,110.0,8.9,14.8,BASIN-UK-3904B7,520.0,4,10,0.65,0.2,0.05,,,,,,,,,,,,,,,,,,,
FL-UK-2012-01,2012-08-03,2012-08-02T02:30:00,30.849998474121094,78.3499984741211,Uttarkashi,Bhagirathi Basin (Asi Ganga River),cloudburst-induced flood,True,,DERIVED,HISTORICAL_DISASTER_EVENT,0.0,0.0,4.354999750852585,4.479999750852585,4.479999750852585,4.479999750852585,4.479999750852585,4.479999750852585,0.0,4.23,0.0,3.81,,,,,,,,,,1150.0,26.8,225.0,-0.014,15200.0,1.9,110.0,8.9,14.8,BASIN-UK-3904B7,520.0,4,10,0.65,0.2,0.05,,,,,,,,,,,,,,,,,,,
FL-UK-2012-01,2012-08-03,2012-08-02T02:30:00,30.849998474121094,78.44999694824219,Uttarkashi,Bhagirathi Basin (Asi Ganga River),cloudburst-induced flood,True,,DERIVED,HISTORICAL_DISASTER_EVENT,0.0,0.0,7.149999916553497,11.549999758601189,11.549999758601189,11.549999758601189,11.549999758601189,11.549999758601189,0.0,2.75,0.0,9.82,,,,,,,,,,1150.0,26.8,225.0,-0.014,15200.0,1.9,110.0,8.9,14.8,BASIN-UK-3904B7,520.0,4,10,0.65,0.2,0.05,,,,,,,,,,,,,,,,,,,
FL-UK-2012-01,2012-08-03,2012-08-02T02:30:00,30.849998474121094,78.54999542236328,Uttarkashi,Bhagirathi Basin (Asi Ganga River),cloudburst-induced flood,True,,DERIVED,HISTORICAL_DISASTER_EVENT,0.0,0.0,5.064999997615814,6.67999991774559,6.67999991774559,6.67999991774559,6.67999991774559,6.67999991774559,0.0,3.45,0.0,5.68,,,,,,,,,,1150.0,26.8,225.0,-0.014,15200.0,1.9,110.0,8.9,14.8,BASIN-UK-3904B7,520.0,4,10,0.65,0.2,0.05,,,,,,,,,,,,,,,,,,,
FL-UK-2012-01,2012-08-03,2012-08-02T04:30:00,30.649999618530273,78.3499984741211,Uttarkashi,Bhagirathi Basin (Asi Ganga River),cloudburst-induced flood,True,,DERIVED,HISTORICAL_DISASTER_EVENT,0.0,0.0,0.9549999833106995,1.2599999904632568,1.2599999904632568,1.2599999904632568,1.2599999904632568,1.2599999904632568,0.0,0.65,0.0,1.07,,,,,,,,,,1150.0,26.8,225.0,-0.014,15200.0,1.9,110.0,8.9,14.8,BASIN-UK-3904B7,520.0,4,10,0.65,0.2,0.05,,,,,,,,,,,,,,,,,,,
FL-UK-2012-01,2012-08-03,2012-08-02T04:30:00,30.649999618530273,78.44999694824219,Uttarkashi,Bhagirathi Basin (Asi Ganga River),cloudburst-induced flood,True,,DERIVED,HISTORICAL_DISASTER_EVENT,0.0,0.28999999165534973,1.1499999836087227,1.7349999621510506,1.7349999621510506,1.7349999621510506,1.7349999621510506,1.7349999621510506,0.28999999165534973,0.565,4.012,1.47,,,,,,,,,,1150.0,26.8,225.0,-0.014,15200.0,1.9,110.0,8.9,14.8,BASIN-UK-3904B7,520.0,4,10,0.65,0.2,0.05,,,,,,,,,,,,,,,,,,,
FL-UK-2012-01,2012-08-03,2012-08-02T04:30:00,30.649999618530273,78.54999542236328,Uttarkashi,Bhagirathi Basin (Asi Ganga River),cloudburst-induced flood,True,,DERIVED,HISTORICAL_DISASTER_EVENT,0.0,0.14000000059604645,1.139999970793724,3.234999880194664,3.234999880194664,3.234999880194664,3.234999880194664,3.234999880194664,0.14000000059604645,-0.955,1.039,2.75,,,,,,,,,,1150.0,26.8,225.0,-0.014,15200.0,1.9,110.0,8.9,14.8,BASIN-UK-3904B7,520.0,4,10,0.65,0.2,0.05,,,,,,,,,,,,,,,,,,,
FL-UK-2012-01,2012-08-03,2012-08-02T04:30:00,30.75,78.3499984741211,Uttarkashi,Bhagirathi Basin (Asi Ganga River),cloudburst-induced flood,True,,DERIVED,HISTORICAL_DISASTER_EVENT,0.0,0.0,2.0499999821186066,2.2399999797344208,2.2399999797344208,2.2399999797344208,2.2399999797344208,2.2399999797344208,0.0,1.86,0.0,1.9,,,,,,,,,,1150.0,26.8,225.0,-0.014,15200.0,1.9,110.0,8.9,14.8,BASIN-UK-3904B7,520.0,4,10,0.65,0.2,0.05,,,,,,,,,,,,,,,,,,,
FL-UK-2012-01,2012-08-03,2012-08-02T04:30:00,30.75,78.44999694824219,Uttarkashi,Bhagirathi Basin (Asi Ganga River),cloudburst-induced flood,True,,DERIVED,HISTORICAL_DISASTER_EVENT,0.0,0.2199999988079071,0.9999999776482582,4.8849998489022255,4.8849998489022255,4.8849998489022255,4.8849998489022255,4.8849998489022255,0.2199999988079071,-2.885,1.081,4.15,,,,,,,,,,1150.0,26.8,225.0,-0.014,15200.0,1.9,110.0,8.9,14.8,BASIN-UK-3904B7,520.0,4,10,0.65,0.2,0.05,,,,,,,,,,,,,,,,,,,
FL-UK-2012-01,2012-08-03,2012-08-02T04:30:00,30.75,78.54999542236328,Uttarkashi,Bhagirathi Basin (Asi Ganga River),cloudburst-induced flood,True,,DERIVED,HISTORICAL_DISASTER_EVENT,0.12999999523162842,0.2799999862909317,5.134999826550484,6.864999756217003,6.864999756217003,6.864999756217003,6.864999756217003,6.864999756217003,0.2799999862909317,3.405,0.979,5.84,,,,,,,,,,1150.0,26.8,225.0,-0.014,15200.0,1.9,110.0,8.9,14.8,BASIN-UK-3904B7,520.0,4,10,0.65,0.2,0.05,,,,,,,,,,,,,,,,,,,
FL-UK-2012-01,2012-08-03,2012-08-02T04:30:00,30.849998474121094,78.3499984741211,Uttarkashi,Bhagirathi Basin (Asi Ganga River),cloudburst-induced flood,True,,DERIVED,HISTORICAL_DISASTER_EVENT,0.0,0.0,4.129999756813049,4.479999750852585,4.479999750852585,4.479999750852585,4.479999750852585,4.479999750852585,0.0,3.78,0.0,3.81,,,,,,,,,,1150.0,26.8,225.0,-0.014,15200.0,1.9,110.0,8.9,14.8,BASIN-UK-3904B7,520.0,4,10,0.65,0.2,0.05,,,,,,,,,,,,,,,,,,,
FL-UK-2012-01,2012-08-03,2012-08-02T04:30:00,30.849998474121094,78.44999694824219,Uttarkashi,Bhagirathi Basin (Asi Ganga River),cloudburst-induced flood,True,,DERIVED,HISTORICAL_DISASTER_EVENT,0.0,0.0,7.149999916553497,11.549999758601189,11.549999758601189,11.549999758601189,11.549999758601189,11.549999758601189,0.0,2.75,0.0,9.82,,,,,,,,,,1150.0,26.8,225.0,-0.014,15200.0,1.9,110.0,8.9,14.8,BASIN-UK-3904B7,520.0,4,10,0.65,0.2,0.05,,,,,,,,,,,,,,,,,,,
FL-UK-2012-01,2012-08-03,2012-08-02T04:30:00,30.849998474121094,78.54999542236328,Uttarkashi,Bhagirathi Basin (Asi Ganga River),cloudburst-induced flood,True,,DERIVED,HISTORICAL_DISASTER_EVENT,0.0,0.0,5.064999997615814,6.67999991774559,6.67999991774559,6.67999991774559,6.67999991774559,6.67999991774559,0.0,3.45,0.0,5.68,,,,,,,,,,1150.0,26.8,225.0,-0.014,15200.0,1.9,110.0,8.9,14.8,BASIN-UK-3904B7,520.0,4,10,0.65,0.2,0.05,,,,,,,,,,,,,,,,,,,
FL-UK-2012-01,2012-08-03,2012-08-02T06:30:00,30.649999618530273,78.3499984741211,Uttarkashi,Bhagirathi Basin (Asi Ganga River),cloudburst-induced flood,True,,DERIVED,HISTORICAL_DISASTER_EVENT,0.0,0.0,0.4350000023841858,1.2599999904632568,1.2599999904632568,1.2599999904632568,1.2599999904632568,1.2599999904632568,0.0,-0.39,0.0,1.07,,,,,,,,,,1150.0,26.8,225.0,-0.014,15200.0,1.9,110.0,8.9,14.8,BASIN-UK-3904B7,520.0,4,10,0.65,0.2,0.05,,,,,,,,,,,,,,,,,,,
FL-UK-2012-01,2012-08-03,2012-08-02T06:30:00,30.649999618530273,78.44999694824219,Uttarkashi,Bhagirathi Basin (Asi Ganga River),cloudburst-induced flood,True,,DERIVED,HISTORICAL_DISASTER_EVENT,0.0,0.0,0.8999999836087227,1.7349999621510506,1.7349999621510506,1.7349999621510506,1.7349999621510506,1.7349999621510506,0.0,0.065,0.0,1.47,,,,,,,,,,1150.0,26.8,225.0,-0.014,15200.0,1.9,110.0,8.9,14.8,BASIN-UK-3904B7,520.0,4,10,0.65,0.2,0.05,,,,,,,,,,,,,,,,,,,
FL-UK-2012-01,2012-08-03,2012-08-02T06:30:00,30.649999618530273,78.54999542236328,Uttarkashi,Bhagirathi Basin (Asi Ganga River),cloudburst-induced flood,True,,DERIVED,HISTORICAL_DISASTER_EVENT,0.0,0.0,0.7749999910593033,3.234999880194664,3.234999880194664,3.234999880194664,3.234999880194664,3.234999880194664,0.0,-1.685,0.0,2.75,,,,,,,,,,1150.0,26.8,225.0,-0.014,15200.0,1.9,110.0,8.9,14.8,BASIN-UK-3904B7,520.0,4,10,0.65,0.2,0.05,,,,,,,,,,,,,,,,,,,
FL-UK-2012-01,2012-08-03,2012-08-02T06:30:00,30.75,78.3499984741211,Uttarkashi,Bhagirathi Basin (Asi Ganga River),cloudburst-induced flood,True,,DERIVED,HISTORICAL_DISASTER_EVENT,0.0,0.0,1.3749999701976776,2.2399999797344208,2.2399999797344208,2.2399999797344208,2.2399999797344208,2.2399999797344208,0.0,0.51,0.0,1.9,,,,,,,,,,1150.0,26.8,225.0,-0.014,15200.0,1.9,110.0,8.9,14.8,BASIN-UK-3904B7,520.0,4,10,0.65,0.2,0.05,,,,,,,,,,,,,,,,,,,
FL-UK-2012-01,2012-08-03,2012-08-02T06:30:00,30.75,78.44999694824219,Uttarkashi,Bhagirathi Basin (Asi Ganga River),cloudburst-induced flood,True,,DERIVED,HISTORICAL_DISASTER_EVENT,0.0,0.0,0.7749999836087227,4.8849998489022255,4.8849998489022255,4.8849998489022255,4.8849998489022255,4.8849998489022255,0.0,-3.335,0.0,4.15,,,,,,,,,,1150.0,26.8,225.0,-0.014,15200.0,1.9,110.0,8.9,14.8,BASIN-UK-3904B7,520.0,4,10,0.65,0.2,0.05,,,,,,,,,,,,,,,,,,,
FL-UK-2012-01,2012-08-03,2012-08-02T06:30:00,30.75,78.54999542236328,Uttarkashi,Bhagirathi Basin (Asi Ganga River),cloudburst-induced flood,True,,DERIVED,HISTORICAL_DISASTER_EVENT,0.0,0.12999999523162842,4.659999832510948,6.864999756217003,6.864999756217003,6.864999756217003,6.864999756217003,6.864999756217003,0.12999999523162842,2.455,0.454,5.84,,,,,,,,,,1150.0,26.8,225.0,-0.014,15200.0,1.9,110.0,8.9,14.8,BASIN-UK-3904B7,520.0,4,10,0.65,0.2,0.05,,,,,,,,,,,,,,,,,,,
FL-UK-2012-01,2012-08-03,2012-08-02T06:30:00,30.849998474121094,78.3499984741211,Uttarkashi,Bhagirathi Basin (Asi Ganga River),cloudburst-induced flood,True,,DERIVED,HISTORICAL_DISASTER_EVENT,0.0,0.0,2.09499990940094,4.479999750852585,4.479999750852585,4.479999750852585,4.479999750852585,4.479999750852585,0.0,-0.29,0.0,3.81,,,,,,,,,,1150.0,26.8,225.0,-0.014,15200.0,1.9,110.0,8.9,14.8,BASIN-UK-3904B7,520.0,4,10,0.65,0.2,0.05,,,,,,,,,,,,,,,,,,,
FL-UK-2012-01,2012-08-03,2012-08-02T06:30:00,30.849998474121094,78.44999694824219,Uttarkashi,Bhagirathi Basin (Asi Ganga River),cloudburst-induced flood,True,,DERIVED,HISTORICAL_DISASTER_EVENT,0.0,0.0,6.164999961853027,11.549999758601189,11.549999758601189,11.549999758601189,11.549999758601189,11.549999758601189,0.0,0.78,0.0,9.82,,,,,,,,,,1150.0,26.8,225.0,-0.014,15200.0,1.9,110.0,8.9,14.8,BASIN-UK-3904B7,520.0,4,10,0.65,0.2,0.05,,,,,,,,,,,,,,,,,,,
FL-UK-2012-01,2012-08-03,2012-08-02T06:30:00,30.849998474121094,78.54999542236328,Uttarkashi,Bhagirathi Basin (Asi Ganga River),cloudburst-induced flood,True,,DERIVED,HISTORICAL_DISASTER_EVENT,0.0,0.0,4.379999995231628,6.67999991774559,6.67999991774559,6.67999991774559,6.67999991774559,6.67999991774559,0.0,2.08,0.0,5.68,,,,,,,,,,1150.0,26.8,225.0,-0.014,15200.0,1.9,110.0,8.9,14.8,BASIN-UK-3904B7,520.0,4,10,0.65,0.2,0.05,,,,,,,,,,,,,,,,,,,
FL-UK-2012-01,2012-08-03,2012-08-02T08:30:00,30.649999618530273,78.3499984741211,Uttarkashi,Bhagirathi Basin (Asi Ganga River),cloudburst-induced flood,True,,DERIVED,HISTORICAL_DISASTER_EVENT,0.0,0.0,0.0949999988079071,1.2599999904632568,1.2599999904632568,1.2599999904632568,1.2599999904632568,1.2599999904632568,0.0,-1.07,0.0,1.07,,,,,,,,,,1150.0,26.8,225.0,-0.014,15200.0,1.9,110.0,8.9,14.8,BASIN-UK-3904B7,520.0,4,10,0.65,0.2,0.05,,,,,,,,,,,,,,,,,,,
FL-UK-2012-01,2012-08-03,2012-08-02T08:30:00,30.649999618530273,78.44999694824219,Uttarkashi,Bhagirathi Basin (Asi Ganga River),cloudburst-induced flood,True,,DERIVED,HISTORICAL_DISASTER_EVENT,0.0,0.0,0.734999991953373,1.7349999621510506,1.7349999621510506,1.7349999621510506,1.7349999621510506,1.7349999621510506,0.0,-0.265,0.0,1.47,,,,,,,,,,1150.0,26.8,225.0,-0.014,15200.0,1.9,110.0,8.9,14.8,BASIN-UK-3904B7,520.0,4,10,0.65,0.2,0.05,,,,,,,,,,,,,,,,,,,
FL-UK-2012-01,2012-08-03,2012-08-02T08:30:00,30.649999618530273,78.54999542236328,Uttarkashi,Bhagirathi Basin (Asi Ganga River),cloudburst-induced flood,True,,DERIVED,HISTORICAL_DISASTER_EVENT,0.0,0.0,0.5199999958276749,2.8699999004602432,3.234999880194664,3.234999880194664,3.234999880194664,3.234999880194664,0.0,-1.83,0.0,2.75,,,,,,,,,,1150.0,26.8,225.0,-0.014,15200.0,1.9,110.0,8.9,14.8,BASIN-UK-3904B7,520.0,4,10,0.65,0.2,0.05,,,,,,,,,,,,,,,,,,,
FL-UK-2012-01,2012-08-03,2012-08-02T08:30:00,30.75,78.3499984741211,Uttarkashi,Bhagirathi Basin (Asi Ganga River),cloudburst-induced flood,True,,DERIVED,HISTORICAL_DISASTER_EVENT,0.0949999988079071,0.0949999988079071,0.5899999737739563,2.334999978542328,2.334999978542328,2.334999978542328,2.334999978542328,2.334999978542328,0.1899999976158142,-1.155,0.976,1.98,,,,,,,,,,1150.0,26.8,225.0,-0.014,15200.0,1.9,110.0,8.9,14.8,BASIN-UK-3904B7,520.0,4,10,0.65,0.2,0.05,,,,,,,,,,,,,,,,,,,
FL-UK-2012-01,2012-08-03,2012-08-02T08:30:00,30.75,78.44999694824219,Uttarkashi,Bhagirathi Basin (Asi Ganga River),cloudburst-induced flood,True,,DERIVED,HISTORICAL_DISASTER_EVENT,0.0,0.0,0.609999991953373,4.8849998489022255,4.8849998489022255,4.8849998489022255,4.8849998489022255,4.8849998489022255,0.0,-3.665,0.0,4.15,,,,,,,,,,1150.0,26.8,225.0,-0.014,15200.0,1.9,110.0,8.9,14.8,BASIN-UK-3904B7,520.0,4,10,0.65,0.2,0.05,,,,,,,,,,,,,,,,,,,
FL-UK-2012-01,2012-08-03,2012-08-02T08:30:00,30.75,78.54999542236328,Uttarkashi,Bhagirathi Basin (Asi Ganga River),cloudburst-induced flood,True,,DERIVED,HISTORICAL_DISASTER_EVENT,0.0,0.0,1.5399999469518661,6.864999756217003,6.864999756217003,6.864999756217003,6.864999756217003,6.864999756217003,0.0,-3.785,0.0,5.84,,,,,,,,,,1150.0,26.8,225.0,-0.014,15200.0,1.9,110.0,8.9,14.8,BASIN-UK-3904B7,520.0,4,10,0.65,0.2,0.05,,,,,,,,,,,,,,,,,,,
FL-UK-2012-01,2012-08-03,2012-08-02T08:30:00,30.849998474121094,78.3499984741211,Uttarkashi,Bhagirathi Basin (Asi Ganga River),cloudburst-induced flood,True,,DERIVED,HISTORICAL_DISASTER_EVENT,0.0,0.0,0.6599999666213989,4.479999750852585,4.479999750852585,4.479999750852585,4.479999750852585,4.479999750852585,0.0,-3.16,0.0,3.81,,,,,,,,,,1150.0,26.8,225.0,-0.014,15200.0,1.9,110.0,8.9,14.8,BASIN-UK-3904B7,520.0,4,10,0.65,0.2,0.05,,,,,,,,,,,,,,,,,,,
FL-UK-2012-01,2012-08-03,2012-08-02T08:30:00,30.849998474121094,78.44999694824219,Uttarkashi,Bhagirathi Basin (Asi Ganga River),cloudburst-induced flood,True,,DERIVED,HISTORICAL_DISASTER_EVENT,0.0,0.0,1.3299999237060547,11.549999758601189,11.549999758601189,11.549999758601189,11.549999758601189,11.549999758601189,0.0,-8.89,0.0,9.82,,,,,,,,,,1150.0,26.8,225.0,-0.014,15200.0,1.9,110.0,8.9,14.8,BASIN-UK-3904B7,520.0,4,10,0.65,0.2,0.05,,,,,,,,,,,,,,,,,,,
FL-UK-2012-01,2012-08-03,2012-08-02T08:30:00,30.849998474121094,78.54999542236328,Uttarkashi,Bhagirathi Basin (Asi Ganga River),cloudburst-induced flood,True,,DERIVED,HISTORICAL_DISASTER_EVENT,0.0,0.0,1.0149999856948853,6.67999991774559,6.67999991774559,6.67999991774559,6.67999991774559,6.67999991774559,0.0,-4.65,0.0,5.68,,,,,,,,,,1150.0,26.8,225.0,-0.014,15200.0,1.9,110.0,8.9,14.8,BASIN-UK-3904B7,520.0,4,10,0.65,0.2,0.05,,,,,,,,,,,,,,,,,,,
FL-UK-2012-01,2012-08-03,2012-08-02T10:30:00,30.649999618530273,78.3499984741211,Uttarkashi,Bhagirathi Basin (Asi Ganga River),cloudburst-induced flood,True,,DERIVED,HISTORICAL_DISASTER_EVENT,0.23999999463558197,0.23999999463558197,0.23999999463558197,1.4999999850988388,1.4999999850988388,1.4999999850988388,1.4999999850988388,1.4999999850988388,0.47999998927116394,-1.02,3.84,1.27,,,,,,,,,,1150.0,26.8,225.0,-0.014,15200.0,1.9,110.0,8.9,14.8,BASIN-UK-3904B7,520.0,4,10,0.65,0.2,0.05,,,,,,,,,,,,,,,,,,,
FL-UK-2012-01,2012-08-03,2012-08-02T10:30:00,30.649999618530273,78.44999694824219,Uttarkashi,Bhagirathi Basin (Asi Ganga River),cloudburst-induced flood,True,,DERIVED,HISTORICAL_DISASTER_EVENT,0.32999998331069946,0.32999998331069946,0.9949999749660492,1.969999946653843,2.06499994546175,2.06499994546175,2.06499994546175,2.06499994546175,0.6599999666213989,0.02,3.835,1.76,,,,,,,,,,1150.0,26.8,225.0,-0.014,15200.0,1.9,110.0,8.9,14.8,BASIN-UK-3904B7,520.0,4,10,0.65,0.2,0.05,,,,,,,,,,,,,,,,,,,
FL-UK-2012-01,2012-08-03,2012-08-02T10:30:00,30.649999618530273,78.54999542236328,Uttarkashi,Bhagirathi Basin (Asi Ganga River),cloudburst-induced flood,True,,DERIVED,HISTORICAL_DISASTER_EVENT,0.3199999928474426,0.3199999928474426,0.7149999886751175,2.6649999171495438,3.5549998730421066,3.5549998730421066,3.5549998730421066,3.5549998730421066,0.6399999856948853,-1.235,2.16,3.02,,,,,,,,,,1150.0,26.8,225.0,-0.014,15200.0,1.9,110.0,8.9,14.8,BASIN-UK-3904B7,520.0,4,10,0.65,0.2,0.05,,,,,,,,,,,,,,,,,,,
FL-UK-2012-01,2012-08-03,2012-08-02T10:30:00,30.75,78.3499984741211,Uttarkashi,Bhagirathi Basin (Asi Ganga River),cloudburst-induced flood,True,,DERIVED,HISTORICAL_DISASTER_EVENT,0.44999998807907104,0.5449999868869781,0.5449999868869781,2.784999966621399,2.784999966621399,2.784999966621399,2.784999966621399,2.784999966621399,0.8999999761581421,-1.695,4.697,2.37,,,,,,,,,,1150.0,26.8,225.0,-0.014,15200.0,1.9,110.0,8.9,14.8,BASIN-UK-3904B7,520.0,4,10,0.65,0.2,0.05,,,,,,,,,,,,,,,,,,,
FL-UK-2012-01,2012-08-03,2012-08-02T10:30:00,30.75,78.44999694824219,Uttarkashi,Bhagirathi Basin (Asi Ganga River),cloudburst-induced flood,True,,DERIVED,HISTORICAL_DISASTER_EVENT,0.125,0.125,0.6599999964237213,3.2249998822808266,5.0099998489022255,5.0099998489022255,5.0099998489022255,5.0099998489022255,0.25,-1.905,0.599,4.26,,,,,,,,,,1150.0,26.8,225.0,-0.014,15200.0,1.9,110.0,8.9,14.8,BASIN-UK-3904B7,520.0,4,10,0.65,0.2,0.05,,,,,,,,,,,,,,,,,,,
FL-UK-2012-01,2012-08-03,2012-08-02T10:30:00,30.75,78.54999542236328,Uttarkashi,Bhagirathi Basin (Asi Ganga River),cloudburst-induced flood,True,,DERIVED,HISTORICAL_DISASTER_EVENT,0.2849999964237213,0.2849999964237213,0.9799999743700027,6.764999762177467,7.149999752640724,7.149999752640724,7.149999752640724,7.149999752640724,0.5699999928474426,-4.805,0.957,6.08,,,,,,,,,,1150.0,26.8,225.0,-0.014,15200.0,1.9,110.0,8.9,14.8,BASIN-UK-3904B7,520.0,4,10,0.65,0.2,0.05,,,,,,,,,,,,,,,,,,,
FL-UK-2012-01,2012-08-03,2012-08-02T10:30:00,30.849998474121094,78.3499984741211,Uttarkashi,Bhagirathi Basin (Asi Ganga River),cloudburst-induced flood,True,,DERIVED,HISTORICAL_DISASTER_EVENT,0.02499999850988388,0.02499999850988388,0.02499999850988388,4.504999749362469,4.504999749362469,4.504999749362469,4.504999749362469,4.504999749362469,0.04999999701976776,-4.455,0.133,3.83,,,,,,,,,,1150.0,26.8,225.0,-0.014,15200.0,1.9,110.0,8.9,14.8,BASIN-UK-3904B7,520.0,4,10,0.65,0.2,0.05,,,,,,,,,,,,,,,,,,,
FL-UK-2012-01,2012-08-03,2012-08-02T10:30:00,30.849998474121094,78.44999694824219,Uttarkashi,Bhagirathi Basin (Asi Ganga River),cloudburst-induced flood,True,,DERIVED,HISTORICAL_DISASTER_EVENT,0.004999999888241291,0.004999999888241291,0.004999999888241291,9.454999853856862,11.55499975848943,11.55499975848943,11.55499975848943,11.55499975848943,0.009999999776482582,-9.445,0.01,9.82,,,,,,,,,,1150.0,26.8,225.0,-0.014,15200.0,1.9,110.0,8.9,14.8,BASIN-UK-3904B7,520.0,4,10,0.65,0.2,0.05,,,,,,,,,,,,,,,,,,,
FL-UK-2012-01,2012-08-03,2012-08-02T10:30:00,30.849998474121094,78.54999542236328,Uttarkashi,Bhagirathi Basin (Asi Ganga River),cloudburst-induced flood,True,,DERIVED,HISTORICAL_DISASTER_EVENT,0.08500000089406967,0.08500000089406967,0.08500000089406967,6.104999952018261,6.76499991863966,6.76499991863966,6.76499991863966,6.76499991863966,0.17000000178813934,-5.935,0.302,5.75,,,,,,,,,,1150.0,26.8,225.0,-0.014,15200.0,1.9,110.0,8.9,14.8,BASIN-UK-3904B7,520.0,4,10,0.65,0.2,0.05,,,,,,,,,,,,,,,,,,,
FL-UK-2012-01,2012-08-03,2012-08-02T12:30:00,30.649999618530273,78.3499984741211,Uttarkashi,Bhagirathi Basin (Asi Ganga River),cloudburst-induced flood,True,,DERIVED,HISTORICAL_DISASTER_EVENT,1.1999999284744263,1.4399999231100082,1.4399999231100082,2.3949999064207077,2.699999913573265,2.699999913573265,2.699999913573265,2.699999913573265,2.3999998569488525,0.485,12.8,2.29,,,,,,,,,,1150.0,26.8,225.0,-0.014,15200.0,1.9,110.0,8.9,14.8,BASIN-UK-3904B7,520.0,4,10,0.65,0.2,0.05,,,,,,,,,,,,,,,,,,,
FL-UK-2012-01,2012-08-03,2012-08-02T12:30:00,30.649999618530273,78.44999694824219,Uttarkashi,Bhagirathi Basin (Asi Ganga River),cloudburst-induced flood,True,,DERIVED,HISTORICAL_DISASTER_EVENT,1.409999966621399,1.7399999499320984,2.029999941587448,2.889999933540821,3.474999912083149,3.474999912083149,3.474999912083149,3.474999912083149,2.819999933242798,1.17,12.017,2.95,,,,,,,,,,1150.0,26.8,225.0,-0.014,15200.0,1.9,110.0,8.9,14.8,BASIN-UK-3904B7,520.0,4,10,0.65,0.2,0.05,,,,,,,,,,,,,,,,,,,
FL-UK-2012-01,2012-08-03,2012-08-02T12:30:00,30.649999618530273,78.54999542236328,Uttarkashi,Bhagirathi Basin (Asi Ganga River),cloudburst-induced flood,True,,DERIVED,HISTORICAL_DISASTER_EVENT,1.7350000143051147,2.0550000071525574,2.195000007748604,3.359999969601631,5.289999887347221,5.289999887347221,5.289999887347221,5.289999887347221,3.4700000286102295,1.03,9.323,4.5,,,,,,,,,,1150.0,26.8,225.0,-0.014,15200.0,1.9,110.0,8.9,14.8,BASIN-UK-3904B7,520.0,4,10,0.65,0.2,0.05,,,,,,,,,,,,,,,,,,,
FL-UK-2012-01,2012-08-03,2012-08-02T12:30:00,30.75,78.3499984741211,Uttarkashi,Bhagirathi Basin (Asi Ganga River),cloudburst-induced flood,True,,DERIVED,HISTORICAL_DISASTER_EVENT,1.5649999380111694,2.0149999260902405,2.1099999248981476,4.159999907016754,4.349999904632568,4.349999904632568,4.349999904632568,4.349999904632568,3.129999876022339,0.06,11.117,3.7,,,,,,,,,,1150.0,26.8,225.0,-0.014,15200.0,1.9,110.0,8.9,14.8,BASIN-UK-3904B7,520.0,4,10,0.65,0.2,0.05,,,,,,,,,,,,,,,,,,,
FL-UK-2012-01,2012-08-03,2012-08-02T12:30:00,30.75,78.44999694824219,Uttarkashi,Bhagirathi Basin (Asi Ganga River),cloudburst-induced flood,True,,DERIVED,HISTORICAL_DISASTER_EVENT,0.9449999928474426,1.0699999928474426,1.2899999916553497,2.069999970495701,5.954999841749668,5.954999841749668,5.954999841749668,5.954999841749668,1.8899999856948853,0.51,4.312,5.06,,,,,,,,,,1150.0,26.8,225.0,-0.014,15200.0,1.9,110.0,8.9,14.8,BASIN-UK-3904B7,520.0,4,10,0.65,0.2,0.05,,,,,,,,,,,,,,,,,,,
FL-UK-2012-01,2012-08-03,2012-08-02T12:30:00,30.75,78.54999542236328,Uttarkashi,Bhagirathi Basin (Asi Ganga River),cloudburst-induced flood,True,,DERIVED,HISTORICAL_DISASTER_EVENT,0.8549999594688416,1.1399999558925629,1.4199999421834946,6.6299997717142105,8.004999712109566,8.004999712109566,8.004999712109566,8.004999712109566,1.709999918937683,-3.79,3.418,6.8,,,,,,,,,,1150.0,26.8,225.0,-0.014,15200.0,1.9,110.0,8.9,14.8,BASIN-UK-3904B7,520.0,4,10,0.65,0.2,0.05,,,,,,,,,,,,,,,,,,,
FL-UK-2012-01,2012-08-03,2012-08-02T12:30:00,30.849998474121094,78.3499984741211,Uttarkashi,Bhagirathi Basin (Asi Ganga River),cloudburst-induced flood,True,,DERIVED,HISTORICAL_DISASTER_EVENT,0.23499999940395355,0.25999999791383743,0.25999999791383743,4.614999748766422,4.739999748766422,4.739999748766422,4.739999748766422,4.739999748766422,0.4699999988079071,-4.095,1.316,4.03,,,,,,,,,,1150.0,26.8,225.0,-0.014,15200.0,1.9,110.0,8.9,14.8,BASIN-UK-3904B7,520.0,4,10,0.65,0.2,0.05,,,,,,,,,,,,,,,,,,,
FL-UK-2012-01,2012-08-03,2012-08-02T12:30:00,30.849998474121094,78.44999694824219,Uttarkashi,Bhagirathi Basin (Asi Ganga River),cloudburst-induced flood,True,,DERIVED,HISTORICAL_DISASTER_EVENT,0.14999999105930328,0.15499999094754457,0.15499999094754457,7.419999902136624,11.704999749548733,11.704999749548733,11.704999749548733,11.704999749548733,0.29999998211860657,-7.11,0.318,9.95,,,,,,,,,,1150.0,26.8,225.0,-0.014,15200.0,1.9,110.0,8.9,14.8,BASIN-UK-3904B7,520.0,4,10,0.65,0.2,0.05,,,,,,,,,,,,,,,,,,,
FL-UK-2012-01,2012-08-03,2012-08-02T12:30:00,30.849998474121094,78.54999542236328,Uttarkashi,Bhagirathi Basin (Asi Ganga River),cloudburst-induced flood,True,,DERIVED,HISTORICAL_DISASTER_EVENT,0.19999998807907104,0.2849999889731407,0.2849999889731407,5.444999985396862,6.964999906718731,6.964999906718731,6.964999906718731,6.964999906718731,0.3999999761581421,-4.875,0.982,5.92,,,,,,,,,,1150.0,26.8,225.0,-0.014,15200.0,1.9,110.0,8.9,14.8,BASIN-UK-3904B7,520.0,4,10,0.65,0.2,0.05,,,,,,,,,,,,,,,,,,,
FL-UK-2012-01,2012-08-03,2012-08-02T14:30:00,30.649999618530273,78.3499984741211,Uttarkashi,Bhagirathi Basin (Asi Ganga River),cloudburst-induced flood,True,,DERIVED,HISTORICAL_DISASTER_EVENT,2.1549999713897705,3.3549998998641968,3.5949998944997787,4.549999877810478,4.854999884963036,4.854999884963036,4.854999884963036,4.854999884963036,4.309999942779541,2.64,16.585,4.13,,,,,,,,,,1150.0,26.8,225.0,-0.014,15200.0,1.9,110.0,8.9,14.8,BASIN-UK-3904B7,520.0,4,10,0.65,0.2,0.05,,,,,,,,,,,,,,,,,,,
FL-UK-2012-01,2012-08-03,2012-08-02T14:30:00,30.649999618530273,78.44999694824219,Uttarkashi,Bhagirathi Basin (Asi Ganga River),cloudburst-induced flood,True,,DERIVED,HISTORICAL_DISASTER_EVENT,1.3600000143051147,2.7699999809265137,3.099999964237213,4.249999947845936,4.834999926388264,4.834999926388264,4.834999926388264,4.834999926388264,2.7699999809265137,1.95,13.75,4.11,,,,,,,,,,1150.0,26.8,225.0,-0.014,15200.0,1.9,110.0,8.9,14.8,BASIN-UK-3904B7,520.0,4,10,0.65,0.2,0.05,,,,,,,,,,,,,,,,,,,
FL-UK-2012-01,2012-08-03,2012-08-02T14:30:00,30.649999618530273,78.54999542236328,Uttarkashi,Bhagirathi Basin (Asi Ganga River),cloudburst-induced flood,True,,DERIVED,HISTORICAL_DISASTER_EVENT,0.429999977350235,2.1649999916553497,2.4849999845027924,3.6249999552965164,5.719999864697456,5.719999864697456,5.719999864697456,5.719999864697456,2.1649999916553497,1.345,9.084,4.86,,,,,,,,,,1150.0,26.8,225.0,-0.014,15200.0,1.9,110.0,8.9,14.8,BASIN-UK-3904B7,520.0,4,10,0.65,0.2,0.05,,,,,,,,,,,,,,,,,,,
FL-UK-2012-01,2012-08-03,2012-08-02T14:30:00,30.75,78.3499984741211,Uttarkashi,Bhagirathi Basin (Asi Ganga River),cloudburst-induced flood,True,,DERIVED,HISTORICAL_DISASTER_EVENT,2.7149999141693115,4.279999852180481,4.824999839067459,6.874999821186066,7.06499981880188,7.06499981880188,7.06499981880188,7.06499981880188,5.429999828338623,2.775,14.539,6.01,,,,,,,,,,1150.0,26.8,225.0,-0.014,15200.0,1.9,110.0,8.9,14.8,BASIN-UK-3904B7,520.0,4,10,0.65,0.2,0.05,,,,,,,,,,,,,,,,,,,
FL-UK-2012-01,2012-08-03,2012-08-02T14:30:00,30.75,78.44999694824219,Uttarkashi,Bhagirathi Basin (Asi Ganga River),cloudburst-induced flood,True,,DERIVED,HISTORICAL_DISASTER_EVENT,1.2049999237060547,2.1499999165534973,2.2749999165534973,3.2749998942017555,7.159999765455723,7.159999765455723,7.159999765455723,7.159999765455723,2.4099998474121094,1.275,7.207,6.09,,,,,,,,,,1150.0,26.8,225.0,-0.014,15200.0,1.9,110.0,8.9,14.8,BASIN-UK-3904B7,520.0,4,10,0.65,0.2,0.05,,,,,,,,,,,,,,,,,,,
FL-UK-2012-01,2012-08-03,2012-08-02T14:30:00,30.75,78.54999542236328,Uttarkashi,Bhagirathi Basin (Asi Ganga River),cloudburst-induced flood,True,,DERIVED,HISTORICAL_DISASTER_EVENT,0.5099999904632568,1.3649999499320984,1.7799999415874481,6.784999772906303,8.514999702572823,8.514999702572823,8.514999702572823,8.514999702572823,1.3649999499320984,-3.225,3.847,7.24,,,,,,,,,,1150.0,26.8,225.0,-0.014,15200.0,1.9,110.0,8.9,14.8,BASIN-UK-3904B7,520.0,4,10,0.65,0.2,0.05,,,,,,,,,,,,,,,,,,,
FL-UK-2012-01,2012-08-03,2012-08-02T14:30:00,30.849998474121094,78.3499984741211,Uttarkashi,Bhagirathi Basin (Asi Ganga River),cloudburst-induced flood,True,,DERIVED,HISTORICAL_DISASTER_EVENT,0.35999998450279236,0.5949999839067459,0.6199999824166298,4.974999733269215,5.099999733269215,5.099999733269215,5.099999733269215,5.099999733269215,0.7199999690055847,-3.735,2.8,4.33,,,,,,,,,,1150.0,26.8,225.0,-0.014,15200.0,1.9,110.0,8.9,14.8,BASIN-UK-3904B7,520.0,4,10,0.65,0.2,0.05,,,,,,,,,,,,,,,,,,,
FL-UK-2012-01,2012-08-03,2012-08-02T14:30:00,30.849998474121094,78.44999694824219,Uttarkashi,Bhagirathi Basin (Asi Ganga River),cloudburst-induced flood,True,,DERIVED,HISTORICAL_DISASTER_EVENT,0.11499999463558197,0.26499998569488525,0.26999998558312654,7.419999902136624,11.819999744184315,11.819999744184315,11.819999744184315,11.819999744184315,0.26499998569488525,-6.88,0.538,10.05,,,,,,,,,,1150.0,26.8,225.0,-0.014,15200.0,1.9,110.0,8.9,14.8,BASIN-UK-3904B7,520.0,4,10,0.65,0.2,0.05,,,,,,,,,,,,,,,,,,,
FL-UK-2012-01,2012-08-03,2012-08-02T14:30:00,30.849998474121094,78.54999542236328,Uttarkashi,Bhagirathi Basin (Asi Ganga River),cloudburst-induced flood,True,,DERIVED,HISTORICAL_DISASTER_EVENT,0.429999977350235,0.629999965429306,0.7149999663233757,5.77999996393919,7.394999884068966,7.394999884068966,7.394999884068966,7.394999884068966,0.85999995470047,-4.35,2.045,6.29,,,,,,,,,,1150.0,26.8,225.0,-0.014,15200.0,1.9,110.0,8.9,14.8,BASIN-UK-3904B7,520.0,4,10,0.65,0.2,0.05,,,,,,,,,,,,,,,,,,,
FL-UK-2012-01,2012-08-03,2012-08-02T16:30:00,30.649999618530273,78.3499984741211,Uttarkashi,Bhagirathi Basin (Asi Ganga River),cloudburst-induced flood,True,,DERIVED,HISTORICAL_DISASTER_EVENT,0.5999999642372131,2.7549999356269836,4.194999858736992,5.149999842047691,5.454999849200249,5.454999849200249,5.454999849200249,5.454999849200249,2.7549999356269836,3.24,12.121,4.64,,,,,,,,,,1150.0,26.8,225.0,-0.014,15200.0,1.9,110.0,8.9,14.8,BASIN-UK-3904B7,520.0,4,10,0.65,0.2,0.05,,,,,,,,,,,,,,,,,,,
FL-UK-2012-01,2012-08-03,2012-08-02T16:30:00,30.649999618530273,78.44999694824219,Uttarkashi,Bhagirathi Basin (Asi Ganga River),cloudburst-induced flood,True,,DERIVED,HISTORICAL_DISASTER_EVENT,0.8050000071525574,2.165000021457672,3.9049999713897705,5.054999954998493,5.639999933540821,5.639999933540821,5.639999933540821,5.639999933540821,2.165000021457672,2.755,9.213,4.79,,,,,,,,,,1150.0,26.8,225.0,-0.014,15200.0,1.9,110.0,8.9,14.8,BASIN-UK-3904B7,520.0,4,10,0.65,0.2,0.05,,,,,,,,,,,,,,,,,,,
FL-UK-2012-01,2012-08-03,2012-08-02T16:30:00,30.649999618530273,78.54999542236328,Uttarkashi,Bhagirathi Basin (Asi Ganga River),cloudburst-induced flood,True,,DERIVED,HISTORICAL_DISASTER_EVENT,0.44999998807907104,0.879999965429306,2.9349999725818634,4.0749999433755875,6.169999852776527,6.169999852776527,6.169999852776527,6.169999852776527,0.8999999761581421,1.795,3.423,5.24,,,,,,,,,,1150.0,26.8,225.0,-0.014,15200.0,1.9,110.0,8.9,14.8,BASIN-UK-3904B7,520.0,4,10,0.65,0.2,0.05,,,,,,,,,,,,,,,,,,,
FL-UK-2012-01,2012-08-03,2012-08-02T16:30:00,30.75,78.3499984741211,Uttarkashi,Bhagirathi Basin (Asi Ganga River),cloudburst-induced flood,True,,DERIVED,HISTORICAL_DISASTER_EVENT,0.0,2.7149999141693115,4.824999839067459,6.874999821186066,7.06499981880188,7.06499981880188,7.06499981880188,7.06499981880188,2.7149999141693115,2.775,9.223,6.01,,,,,,,,,,1150.0,26.8,225.0,-0.014,15200.0,1.9,110.0,8.9,14.8,BASIN-UK-3904B7,520.0,4,10,0.65,0.2,0.05,,,,,,,,,,,,,,,,,,,
FL-UK-2012-01,2012-08-03,2012-08-02T16:30:00,30.75,78.44999694824219,Uttarkashi,Bhagirathi Basin (Asi Ganga River),cloudburst-induced flood,True,,DERIVED,HISTORICAL_DISASTER_EVENT,0.0,1.2049999237060547,2.2749999165534973,3.2749998942017555,7.159999765455723,7.159999765455723,7.159999765455723,7.159999765455723,1.2049999237060547,1.275,4.039,6.09,,,,,,,,,,1150.0,26.8,225.0,-0.014,15200.0,1.9,110.0,8.9,14.8,BASIN-UK-3904B7,520.0,4,10,0.65,0.2,0.05,,,,,,,,,,,,,,,,,,,
FL-UK-2012-01,2012-08-03,2012-08-02T16:30:00,30.75,78.54999542236328,Uttarkashi,Bhagirathi Basin (Asi Ganga River),cloudburst-induced flood,True,,DERIVED,HISTORICAL_DISASTER_EVENT,0.19499999284744263,0.7049999833106995,1.8449999392032623,6.979999765753746,8.709999695420265,8.709999695420265,8.709999695420265,8.709999695420265,0.7049999833106995,-3.29,1.943,7.4,,,,,,,,,,1150.0,26.8,225.0,-0.014,15200.0,1.9,110.0,8.9,14.8,BASIN-UK-3904B7,520.0,4,10,0.65,0.2,0.05,,,,,,,,,,,,,,,,,,,
FL-UK-2012-01,2012-08-03,2012-08-02T16:30:00,30.849998474121094,78.3499984741211,Uttarkashi,Bhagirathi Basin (Asi Ganga River),cloudburst-induced flood,True,,DERIVED,HISTORICAL_DISASTER_EVENT,0.0,0.35999998450279236,0.6199999824166298,4.749999739229679,5.099999733269215,5.099999733269215,5.099999733269215,5.099999733269215,0.35999998450279236,-3.51,1.694,4.33,,,,,,,,,,1150.0,26.8,225.0,-0.014,15200.0,1.9,110.0,8.9,14.8,BASIN-UK-3904B7,520.0,4,10,0.65,0.2,0.05,,,,,,,,,,,,,,,,,,,
FL-UK-2012-01,2012-08-03,2012-08-02T16:30:00,30.849998474121094,78.44999694824219,Uttarkashi,Bhagirathi Basin (Asi Ganga River),cloudburst-induced flood,True,,DERIVED,HISTORICAL_DISASTER_EVENT,0.0,0.11499999463558197,0.26999998558312654,7.419999902136624,11.819999744184315,11.819999744184315,11.819999744184315,11.819999744184315,0.11499999463558197,-6.88,0.234,10.05,,,,,,,,,,1150.0,26.8,225.0,-0.014,15200.0,1.9,110.0,8.9,14.8,BASIN-UK-3904B7,520.0,4,10,0.65,0.2,0.05,,,,,,,,,,,,,,,,,,,
FL-UK-2012-01,2012-08-03,2012-08-02T16:30:00,30.849998474121094,78.54999542236328,Uttarkashi,Bhagirathi Basin (Asi Ganga River),cloudburst-induced flood,True,,DERIVED,HISTORICAL_DISASTER_EVENT,0.2750000059604645,0.7049999833106995,0.9899999722838402,6.054999969899654,7.66999989002943,7.66999989002943,7.66999989002943,7.66999989002943,0.7049999833106995,-4.075,2.206,6.52,,,,,,,,,,1150.0,26.8,225.0,-0.014,15200.0,1.9,110.0,8.9,14.8,BASIN-UK-3904B7,520.0,4,10,0.65,0.2,0.05,,,,,,,,,,,,,,,,,,,
FL-UK-2012-01,2012-08-03,2012-08-02T18:30:00,30.649999618530273,78.3499984741211,Uttarkashi,Bhagirathi Basin (Asi Ganga River),cloudburst-induced flood,True,,DERIVED,HISTORICAL_DISASTER_EVENT,0.0,0.5999999642372131,4.194999858736992,4.629999861121178,5.454999849200249,5.454999849200249,5.454999849200249,5.454999849200249,0.5999999642372131,3.76,2.64,4.64,,,,,,,,,,1150.0,26.8,225.0,-0.014,15200.0,1.9,110.0,8.9,14.8,BASIN-UK-3904B7,520.0,4,10,0.65,0.2,0.05,,,,,,,,,,,,,,,,,,,
FL-UK-2012-01,2012-08-03,2012-08-02T18:30:00,30.649999618530273,78.44999694824219,Uttarkashi,Bhagirathi Basin (Asi Ganga River),cloudburst-induced flood,True,,DERIVED,HISTORICAL_DISASTER_EVENT,0.0,0.8050000071525574,3.9049999713897705,4.804999954998493,5.639999933540821,5.639999933540821,5.639999933540821,5.639999933540821,0.8050000071525574,3.005,3.426,4.79,,,,,,,,,,1150.0,26.8,225.0,-0.014,15200.0,1.9,110.0,8.9,14.8,BASIN-UK-3904B7,520.0,4,10,0.65,0.2,0.05,,,,,,,,,,,,,,,,,,,
FL-UK-2012-01,2012-08-03,2012-08-02T18:30:00,30.649999618530273,78.54999542236328,Uttarkashi,Bhagirathi Basin (Asi Ganga River),cloudburst-induced flood,True,,DERIVED,HISTORICAL_DISASTER_EVENT,0.0,0.44999998807907104,2.9349999725818634,3.7099999636411667,6.169999852776527,6.169999852776527,6.169999852776527,6.169999852776527,0.44999998807907104,2.16,1.75,5.24,,,,,,,,,,1150.0,26.8,225.0,-0.014,15200.0,1.9,110.0,8.9,14.8,BASIN-UK-3904B7,520.0,4,10,0.65,0.2,0.05,,,,,,,,,,,,,,,,,,,
FL-UK-2012-01,2012-08-03,2012-08-02T18:30:00,30.75,78.3499984741211,Uttarkashi,Bhagirathi Basin (Asi Ganga River),cloudburst-induced flood,True,,DERIVED,HISTORICAL_DISASTER_EVENT,0.14499999582767487,0.14499999582767487,4.969999834895134,6.344999805092812,7.209999814629555,7.209999814629555,7.209999814629555,7.209999814629555,0.28999999165534973,3.595,0.483,6.13,,,,,,,,,,1150.0,26.8,225.0,-0.014,15200.0,1.9,110.0,8.9,14.8,BASIN-UK-3904B7,520.0,4,10,0.65,0.2,0.05,,,,,,,,,,,,,,,,,,,
FL-UK-2012-01,2012-08-03,2012-08-02T18:30:00,30.75,78.44999694824219,Uttarkashi,Bhagirathi Basin (Asi Ganga River),cloudburst-induced flood,True,,DERIVED,HISTORICAL_DISASTER_EVENT,0.11499999463558197,0.11499999463558197,2.3899999111890793,3.164999894797802,7.274999760091305,7.274999760091305,7.274999760091305,7.274999760091305,0.22999998927116394,1.615,0.379,6.18,,,,,,,,,,1150.0,26.8,225.0,-0.014,15200.0,1.9,110.0,8.9,14.8,BASIN-UK-3904B7,520.0,4,10,0.65,0.2,0.05,,,,,,,,,,,,,,,,,,,
FL-UK-2012-01,2012-08-03,2012-08-02T18:30:00,30.75,78.54999542236328,Uttarkashi,Bhagirathi Basin (Asi Ganga River),cloudburst-induced flood,True,,DERIVED,HISTORICAL_DISASTER_EVENT,0.029999999329447746,0.22499999217689037,1.87499993853271,6.534999771043658,8.739999694749713,8.739999694749713,8.739999694749713,8.739999694749713,0.22499999217689037,-2.785,0.618,7.43,,,,,,,,,,1150.0,26.8,225.0,-0.014,15200.0,1.9,110.0,8.9,14.8,BASIN-UK-3904B7,520.0,4,10,0.65,0.2,0.05,,,,,,,,,,,,,,,,,,,
FL-UK-2012-01,2012-08-03,2012-08-02T18:30:00,30.849998474121094,78.3499984741211,Uttarkashi,Bhagirathi Basin (Asi Ganga River),cloudburst-induced flood,True,,DERIVED,HISTORICAL_DISASTER_EVENT,0.14499999582767487,0.14499999582767487,0.7649999782443047,2.8599998876452446,5.2449997290968895,5.2449997290968895,5.2449997290968895,5.2449997290968895,0.28999999165534973,-1.33,0.663,4.46,,,,,,,,,,1150.0,26.8,225.0,-0.014,15200.0,1.9,110.0,8.9,14.8,BASIN-UK-3904B7,520.0,4,10,0.65,0.2,0.05,,,,,,,,,,,,,,,,,,,
FL-UK-2012-01,2012-08-03,2012-08-02T18:30:00,30.849998474121094,78.44999694824219,Uttarkashi,Bhagirathi Basin (Asi Ganga River),cloudburst-induced flood,True,,DERIVED,HISTORICAL_DISASTER_EVENT,0.13499999046325684,0.13499999046325684,0.4049999760463834,6.569999937899411,11.954999734647572,11.954999734647572,11.954999734647572,11.954999734647572,0.26999998092651367,-5.76,0.271,10.16,,,,,,,,,,1150.0,26.8,225.0,-0.014,15200.0,1.9,110.0,8.9,14.8,BASIN-UK-3904B7,520.0,4,10,0.65,0.2,0.05,,,,,,,,,,,,,,,,,,,
FL-UK-2012-01,2012-08-03,2012-08-02T18:30:00,30.849998474121094,78.54999542236328,Uttarkashi,Bhagirathi Basin (Asi Ganga River),cloudburst-induced flood,True,,DERIVED,HISTORICAL_DISASTER_EVENT,0.03999999910593033,0.3150000050663948,1.0299999713897705,5.409999966621399,7.709999889135361,7.709999889135361,7.709999889135361,7.709999889135361,0.3150000050663948,-3.35,0.981,6.55,,,,,,,,,,1150.0,26.8,225.0,-0.014,15200.0,1.9,110.0,8.9,14.8,BASIN-UK-3904B7,520.0,4,10,0.65,0.2,0.05,,,,,,,,,,,,,,,,,,,
FL-UK-2012-01,2012-08-03,2012-08-02T20:30:00,30.649999618530273,78.3499984741211,Uttarkashi,Bhagirathi Basin (Asi Ganga River),cloudburst-induced flood,True,,DERIVED,HISTORICAL_DISASTER_EVENT,0.0,0.0,4.194999858736992,4.289999857544899,5.454999849200249,5.454999849200249,5.454999849200249,5.454999849200249,0.0,4.1,0.0,4.64,,,,,,,,,,1150.0,26.8,225.0,-0.014,15200.0,1.9,110.0,8.9,14.8,BASIN-UK-3904B7,520.0,4,10,0.65,0.2,0.05,,,,,,,,,,,,,,,,,,,
FL-UK-2012-01,2012-08-03,2012-08-02T20:30:00,30.649999618530273,78.44999694824219,Uttarkashi,Bhagirathi Basin (Asi Ganga River),cloudburst-induced flood,True,,DERIVED,HISTORICAL_DISASTER_EVENT,0.0,0.0,3.9049999713897705,4.6399999633431435,5.639999933540821,5.639999933540821,5.639999933540821,5.639999933540821,0.0,3.17,0.0,4.79,,,,,,,,,,1150.0,26.8,225.0,-0.014,15200.0,1.9,110.0,8.9,14.8,BASIN-UK-3904B7,520.0,4,10,0.65,0.2,0.05,,,,,,,,,,,,,,,,,,,
FL-UK-2012-01,2012-08-03,2012-08-02T20:30:00,30.649999618530273,78.54999542236328,Uttarkashi,Bhagirathi Basin (Asi Ganga River),cloudburst-induced flood,True,,DERIVED,HISTORICAL_DISASTER_EVENT,0.0,0.0,2.9349999725818634,3.4549999684095383,6.169999852776527,6.169999852776527,6.169999852776527,6.169999852776527,0.0,2.415,0.0,5.24,,,,,,,,,,1150.0,26.8,225.0,-0.014,15200.0,1.9,110.0,8.9,14.8,BASIN-UK-3904B7,520.0,4,10,0.65,0.2,0.05,,,,,,,,,,,,,,,,,,,
FL-UK-2012-01,2012-08-03,2012-08-02T20:30:00,30.75,78.3499984741211,Uttarkashi,Bhagirathi Basin (Asi Ganga River),cloudburst-induced flood,True,,DERIVED,HISTORICAL_DISASTER_EVENT,0.0,0.14499999582767487,4.874999836087227,5.464999809861183,7.209999814629555,7.209999814629555,7.209999814629555,7.209999814629555,0.14499999582767487,4.285,0.483,6.13,,,,,,,,,,1150.0,26.8,225.0,-0.014,15200.0,1.9,110.0,8.9,14.8,BASIN-UK-3904B7,520.0,4,10,0.65,0.2,0.05,,,,,,,,,,,,,,,,,,,
FL-UK-2012-01,2012-08-03,2012-08-02T20:30:00,30.75,78.44999694824219,Uttarkashi,Bhagirathi Basin (Asi Ganga River),cloudburst-induced flood,True,,DERIVED,HISTORICAL_DISASTER_EVENT,0.0,0.11499999463558197,2.3899999111890793,2.9999999031424522,7.274999760091305,7.274999760091305,7.274999760091305,7.274999760091305,0.11499999463558197,1.78,0.379,6.18,,,,,,,,,,1150.0,26.8,225.0,-0.014,15200.0,1.9,110.0,8.9,14.8,BASIN-UK-3904B7,520.0,4,10,0.65,0.2,0.05,,,,,,,,,,,,,,,,,,,
FL-UK-2012-01,2012-08-03,2012-08-02T20:30:00,30.75,78.54999542236328,Uttarkashi,Bhagirathi Basin (Asi Ganga River),cloudburst-induced flood,True,,DERIVED,HISTORICAL_DISASTER_EVENT,0.0,0.029999999329447746,1.87499993853271,3.4149998854845762,8.739999694749713,8.739999694749713,8.739999694749713,8.739999694749713,0.029999999329447746,0.335,0.082,7.43,,,,,,,,,,1150.0,26.8,225.0,-0.014,15200.0,1.9,110.0,8.9,14.8,BASIN-UK-3904B7,520.0,4,10,0.65,0.2,0.05,,,,,,,,,,,,,,,,,,,
FL-UK-2012-01,2012-08-03,2012-08-02T20:30:00,30.849998474121094,78.3499984741211,Uttarkashi,Bhagirathi Basin (Asi Ganga River),cloudburst-induced flood,True,,DERIVED,HISTORICAL_DISASTER_EVENT,0.0,0.14499999582767487,0.7649999782443047,1.4249999448657036,5.2449997290968895,5.2449997290968895,5.2449997290968895,5.2449997290968895,0.14499999582767487,0.105,0.663,4.46,,,,,,,,,,1150.0,26.8,225.0,-0.014,15200.0,1.9,110.0,8.9,14.8,BASIN-UK-3904B7,520.0,4,10,0.65,0.2,0.05,,,,,,,,,,,,,,,,,,,
FL-UK-2012-01,2012-08-03,2012-08-02T20:30:00,30.849998474121094,78.44999694824219,Uttarkashi,Bhagirathi Basin (Asi Ganga River),cloudburst-induced flood,True,,DERIVED,HISTORICAL_DISASTER_EVENT,0.0,0.13499999046325684,0.4049999760463834,1.734999899752438,11.954999734647572,11.954999734647572,11.954999734647572,11.954999734647572,0.13499999046325684,-0.925,0.271,10.16,,,,,,,,,,1150.0,26.8,225.0,-0.014,15200.0,1.9,110.0,8.9,14.8,BASIN-UK-3904B7,520.0,4,10,0.65,0.2,0.05,,,,,,,,,,,,,,,,,,,
FL-UK-2012-01,2012-08-03,2012-08-02T20:30:00,30.849998474121094,78.54999542236328,Uttarkashi,Bhagirathi Basin (Asi Ganga River),cloudburst-induced flood,True,,DERIVED,HISTORICAL_DISASTER_EVENT,0.0,0.03999999910593033,1.0299999713897705,2.0449999570846558,7.709999889135361,7.709999889135361,7.709999889135361,7.709999889135361,0.03999999910593033,0.015,0.125,6.55,,,,,,,,,,1150.0,26.8,225.0,-0.014,15200.0,1.9,110.0,8.9,14.8,BASIN-UK-3904B7,520.0,4,10,0.65,0.2,0.05,,,,,,,,,,,,,,,,,,,
FL-UK-2012-01,2012-08-03,2012-08-02T22:30:00,30.649999618530273,78.3499984741211,Uttarkashi,Bhagirathi Basin (Asi Ganga River),cloudburst-induced flood,True,,DERIVED,HISTORICAL_DISASTER_EVENT,0.32499998807907104,0.32499998807907104,4.279999852180481,4.519999846816063,5.77999983727932,5.77999983727932,5.77999983727932,5.77999983727932,0.6499999761581421,4.04,1.349,4.91,,,,,,,,,,1150.0,26.8,225.0,-0.014,15200.0,1.9,110.0,8.9,14.8,BASIN-UK-3904B7,520.0,4,10,0.65,0.2,0.05,,,,,,,,,,,,,,,,,,,
FL-UK-2012-01,2012-08-03,2012-08-02T22:30:00,30.649999618530273,78.44999694824219,Uttarkashi,Bhagirathi Basin (Asi Ganga River),cloudburst-induced flood,True,,DERIVED,HISTORICAL_DISASTER_EVENT,0.3349999785423279,0.3349999785423279,3.909999966621399,4.904999941587448,5.974999912083149,5.974999912083149,5.974999912083149,5.974999912083149,0.6699999570846558,2.915,1.346,5.08,,,,,,,,,,1150.0,26.8,225.0,-0.014,15200.0,1.9,110.0,8.9,14.8,BASIN-UK-3904B7,520.0,4,10,0.65,0.2,0.05,,,,,,,,,,,,,,,,,,,
FL-UK-2012-01,2012-08-03,2012-08-02T22:30:00,30.649999618530273,78.54999542236328,Uttarkashi,Bhagirathi Basin (Asi Ganga River),cloudburst-induced flood,True,,DERIVED,HISTORICAL_DISASTER_EVENT,0.23999999463558197,0.23999999463558197,2.8549999743700027,3.5699999630451202,6.409999847412109,6.409999847412109,6.409999847412109,6.409999847412109,0.47999998927116394,2.14,0.899,5.45,,,,,,,,,,1150.0,26.8,225.0,-0.014,15200.0,1.9,110.0,8.9,14.8,BASIN-UK-3904B7,520.0,4,10,0.65,0.2,0.05,,,,,,,,,,,,,,,,,,,
FL-UK-2012-01,2012-08-03,2012-08-02T22:30:00,30.75,78.3499984741211,Uttarkashi,Bhagirathi Basin (Asi Ganga River),cloudburst-induced flood,True,,DERIVED,HISTORICAL_DISASTER_EVENT,0.0,0.0,4.424999848008156,4.969999834895134,7.209999814629555,7.209999814629555,7.209999814629555,7.209999814629555,0.0,3.88,0.0,6.13,,,,,,,,,,1150.0,26.8,225.0,-0.014,15200.0,1.9,110.0,8.9,14.8,BASIN-UK-3904B7,520.0,4,10,0.65,0.2,0.05,,,,,,,,,,,,,,,,,,,
FL-UK-2012-01,2012-08-03,2012-08-02T22:30:00,30.75,78.44999694824219,Uttarkashi,Bhagirathi Basin (Asi Ganga River),cloudburst-induced flood,True,,DERIVED,HISTORICAL_DISASTER_EVENT,0.0,0.0,2.2649999111890793,2.9249999076128006,7.274999760091305,7.274999760091305,7.274999760091305,7.274999760091305,0.0,1.605,0.0,6.18,,,,,,,,,,1150.0,26.8,225.0,-0.014,15200.0,1.9,110.0,8.9,14.8,BASIN-UK-3904B7,520.0,4,10,0.65,0.2,0.05,,,,,,,,,,,,,,,,,,,
FL-UK-2012-01,2012-08-03,2012-08-02T22:30:00,30.75,78.54999542236328,Uttarkashi,Bhagirathi Basin (Asi Ganga River),cloudburst-induced flood,True,,DERIVED,HISTORICAL_DISASTER_EVENT,0.0,0.0,1.5899999421089888,2.5699999164789915,8.739999694749713,8.739999694749713,8.739999694749713,8.739999694749713,0.0,0.61,0.0,7.43,,,,,,,,,,1150.0,26.8,225.0,-0.014,15200.0,1.9,110.0,8.9,14.8,BASIN-UK-3904B7,520.0,4,10,0.65,0.2,0.05,,,,,,,,,,,,,,,,,,,
FL-UK-2012-01,2012-08-03,2012-08-02T22:30:00,30.849998474121094,78.3499984741211,Uttarkashi,Bhagirathi Basin (Asi Ganga River),cloudburst-induced flood,True,,DERIVED,HISTORICAL_DISASTER_EVENT,0.0,0.0,0.7399999797344208,0.7649999782443047,5.2449997290968895,5.2449997290968895,5.2449997290968895,5.2449997290968895,0.0,0.715,0.0,4.46,,,,,,,,,,1150.0,26.8,225.0,-0.014,15200.0,1.9,110.0,8.9,14.8,BASIN-UK-3904B7,520.0,4,10,0.65,0.2,0.05,,,,,,,,,,,,,,,,,,,
FL-UK-2012-01,2012-08-03,2012-08-02T22:30:00,30.849998474121094,78.44999694824219,Uttarkashi,Bhagirathi Basin (Asi Ganga River),cloudburst-induced flood,True,,DERIVED,HISTORICAL_DISASTER_EVENT,0.0,0.0,0.3999999761581421,0.4049999760463834,11.954999734647572,11.954999734647572,11.954999734647572,11.954999734647572,0.0,0.395,0.0,10.16,,,,,,,,,,1150.0,26.8,225.0,-0.014,15200.0,1.9,110.0,8.9,14.8,BASIN-UK-3904B7,520.0,4,10,0.65,0.2,0.05,,,,,,,,,,,,,,,,,,,
FL-UK-2012-01,2012-08-03,2012-08-02T22:30:00,30.849998474121094,78.54999542236328,Uttarkashi,Bhagirathi Basin (Asi Ganga River),cloudburst-induced flood,True,,DERIVED,HISTORICAL_DISASTER_EVENT,0.0,0.0,0.9449999704957008,1.0299999713897705,7.709999889135361,7.709999889135361,7.709999889135361,7.709999889135361,0.0,0.86,0.0,6.55,,,,,,,,,,1150.0,26.8,225.0,-0.014,15200.0,1.9,110.0,8.9,14.8,BASIN-UK-3904B7,520.0,4,10,0.65,0.2,0.05,,,,,,,,,,,,,,,,,,,
FL-UK-2012-01,2012-08-03,2012-08-03T00:30:00,30.649999618530273,78.3499984741211,Uttarkashi,Bhagirathi Basin (Asi Ganga River),cloudburst-induced flood,True,,DERIVED,HISTORICAL_DISASTER_EVENT,0.0,0.32499998807907104,3.0799999237060547,4.519999846816063,5.77999983727932,5.77999983727932,5.77999983727932,5.77999983727932,0.32499998807907104,1.64,1.349,4.91,,,,,,,,,,1150.0,26.8,225.0,-0.014,15200.0,1.9,110.0,8.9,14.8,BASIN-UK-3904B7,520.0,4,10,0.65,0.2,0.05,,,,,,,,,,,,,,,,,,,
FL-UK-2012-01,2012-08-03,2012-08-03T00:30:00,30.649999618530273,78.44999694824219,Uttarkashi,Bhagirathi Basin (Asi Ganga River),cloudburst-induced flood,True,,DERIVED,HISTORICAL_DISASTER_EVENT,0.0,0.3349999785423279,2.5,4.529999941587448,5.974999912083149,5.974999912083149,5.974999912083149,5.974999912083149,0.3349999785423279,0.47,1.346,5.08,,,,,,,,,,1150.0,26.8,225.0,-0.014,15200.0,1.9,110.0,8.9,14.8,BASIN-UK-3904B7,520.0,4,10,0.65,0.2,0.05,,,,,,,,,,,,,,,,,,,
FL-UK-2012-01,2012-08-03,2012-08-03T00:30:00,30.649999618530273,78.54999542236328,Uttarkashi,Bhagirathi Basin (Asi Ganga River),cloudburst-induced flood,True,,DERIVED,HISTORICAL_DISASTER_EVENT,0.0,0.23999999463558197,1.119999960064888,3.314999967813492,6.409999847412109,6.409999847412109,6.409999847412109,6.409999847412109,0.23999999463558197,-1.075,0.899,5.45,,,,,,,,,,1150.0,26.8,225.0,-0.014,15200.0,1.9,110.0,8.9,14.8,BASIN-UK-3904B7,520.0,4,10,0.65,0.2,0.05,,,,,,,,,,,,,,,,,,,
FL-UK-2012-01,2012-08-03,2012-08-03T00:30:00,30.75,78.3499984741211,Uttarkashi,Bhagirathi Basin (Asi Ganga River),cloudburst-induced flood,True,,DERIVED,HISTORICAL_DISASTER_EVENT,0.0,0.0,2.8599999099969864,4.969999834895134,7.209999814629555,7.209999814629555,7.209999814629555,7.209999814629555,0.0,0.75,0.0,6.13,,,,,,,,,,1150.0,26.8,225.0,-0.014,15200.0,1.9,110.0,8.9,14.8,BASIN-UK-3904B7,520.0,4,10,0.65,0.2,0.05,,,,,,,,,,,,,,,,,,,
FL-UK-2012-01,2012-08-03,2012-08-03T00:30:00,30.75,78.44999694824219,Uttarkashi,Bhagirathi Basin (Asi Ganga River),cloudburst-induced flood,True,,DERIVED,HISTORICAL_DISASTER_EVENT,0.0,0.0,1.3199999183416367,2.6099999099969864,7.274999760091305,7.274999760091305,7.274999760091305,7.274999760091305,0.0,0.03,0.0,6.18,,,,,,,,,,1150.0,26.8,225.0,-0.014,15200.0,1.9,110.0,8.9,14.8,BASIN-UK-3904B7,520.0,4,10,0.65,0.2,0.05,,,,,,,,,,,,,,,,,,,
FL-UK-2012-01,2012-08-03,2012-08-03T00:30:00,30.75,78.54999542236328,Uttarkashi,Bhagirathi Basin (Asi Ganga River),cloudburst-induced flood,True,,DERIVED,HISTORICAL_DISASTER_EVENT,0.0,0.0,0.7349999826401472,2.1549999248236418,8.739999694749713,8.739999694749713,8.739999694749713,8.739999694749713,0.0,-0.685,0.0,7.43,,,,,,,,,,1150.0,26.8,225.0,-0.014,15200.0,1.9,110.0,8.9,14.8,BASIN-UK-3904B7,520.0,4,10,0.65,0.2,0.05,,,,,,,,,,,,,,,,,,,
FL-UK-2012-01,2012-08-03,2012-08-03T00:30:00,30.849998474121094,78.3499984741211,Uttarkashi,Bhagirathi Basin (Asi Ganga River),cloudburst-induced flood,True,,DERIVED,HISTORICAL_DISASTER_EVENT,0.0,0.0,0.5049999803304672,0.7649999782443047,5.2449997290968895,5.2449997290968895,5.2449997290968895,5.2449997290968895,0.0,0.245,0.0,4.46,,,,,,,,,,1150.0,26.8,225.0,-0.014,15200.0,1.9,110.0,8.9,14.8,BASIN-UK-3904B7,520.0,4,10,0.65,0.2,0.05,,,,,,,,,,,,,,,,,,,
FL-UK-2012-01,2012-08-03,2012-08-03T00:30:00,30.849998474121094,78.44999694824219,Uttarkashi,Bhagirathi Basin (Asi Ganga River),cloudburst-induced flood,True,,DERIVED,HISTORICAL_DISASTER_EVENT,0.0,0.0,0.2499999850988388,0.4049999760463834,11.954999734647572,11.954999734647572,11.954999734647572,11.954999734647572,0.0,0.095,0.0,10.16,,,,,,,,,,1150.0,26.8,225.0,-0.014,15200.0,1.9,110.0,8.9,14.8,BASIN-UK-3904B7,520.0,4,10,0.65,0.2,0.05,,,,,,,,,,,,,,,,,,,
FL-UK-2012-01,2012-08-03,2012-08-03T00:30:00,30.849998474121094,78.54999542236328,Uttarkashi,Bhagirathi Basin (Asi Ganga River),cloudburst-induced flood,True,,DERIVED,HISTORICAL_DISASTER_EVENT,0.0,0.0,0.7449999824166298,1.0299999713897705,7.709999889135361,7.709999889135361,7.709999889135361,7.709999889135361,0.0,0.46,0.0,6.55,,,,,,,,,,1150.0,26.8,225.0,-0.014,15200.0,1.9,110.0,8.9,14.8,BASIN-UK-3904B7,520.0,4,10,0.65,0.2,0.05,,,,,,,,,,,,,,,,,,,
FL-UK-2012-01,2012-08-03,2012-08-03T02:30:00,30.649999618530273,78.3499984741211,Uttarkashi,Bhagirathi Basin (Asi Ganga River),cloudburst-induced flood,True,,DERIVED,HISTORICAL_DISASTER_EVENT,0.0,0.0,0.9249999523162842,4.519999846816063,5.77999983727932,5.77999983727932,5.77999983727932,5.77999983727932,0.0,-2.67,0.0,4.91,,,,,,,,,,1150.0,26.8,225.0,-0.014,15200.0,1.9,110.0,8.9,14.8,BASIN-UK-3904B7,520.0,4,10,0.65,0.2,0.05,,,,,,,,,,,,,,,,,,,
FL-UK-2012-01,2012-08-03,2012-08-03T02:30:00,30.649999618530273,78.44999694824219,Uttarkashi,Bhagirathi Basin (Asi Ganga River),cloudburst-induced flood,True,,DERIVED,HISTORICAL_DISASTER_EVENT,0.0,0.0,1.1399999856948853,4.239999949932098,5.974999912083149,5.974999912083149,5.974999912083149,5.974999912083149,0.0,-1.96,0.0,5.08,,,,,,,,,,1150.0,26.8,225.0,-0.014,15200.0,1.9,110.0,8.9,14.8,BASIN-UK-3904B7,520.0,4,10,0.65,0.2,0.05,,,,,,,,,,,,,,,,,,,
FL-UK-2012-01,2012-08-03,2012-08-03T02:30:00,30.649999618530273,78.54999542236328,Uttarkashi,Bhagirathi Basin (Asi Ganga River),cloudburst-induced flood,True,,DERIVED,HISTORICAL_DISASTER_EVENT,0.0,0.0,0.689999982714653,3.1749999672174454,6.409999847412109,6.409999847412109,6.409999847412109,6.409999847412109,0.0,-1.795,0.0,5.45,,,,,,,,,,1150.0,26.8,225.0,-0.014,15200.0,1.9,110.0,8.9,14.8,BASIN-UK-3904B7,520.0,4,10,0.65,0.2,0.05,,,,,,,,,,,,,,,,,,,
FL-UK-2012-01,2012-08-03,2012-08-03T02:30:00,30.75,78.3499984741211,Uttarkashi,Bhagirathi Basin (Asi Ganga River),cloudburst-induced flood,True,,DERIVED,HISTORICAL_DISASTER_EVENT,0.0,0.0,0.14499999582767487,4.969999834895134,7.209999814629555,7.209999814629555,7.209999814629555,7.209999814629555,0.0,-4.68,0.0,6.13,,,,,,,,,,1150.0,26.8,225.0,-0.014,15200.0,1.9,110.0,8.9,14.8,BASIN-UK-3904B7,520.0,4,10,0.65,0.2,0.05,,,,,,,,,,,,,,,,,,,
FL-UK-2012-01,2012-08-03,2012-08-03T02:30:00,30.75,78.44999694824219,Uttarkashi,Bhagirathi Basin (Asi Ganga River),cloudburst-induced flood,True,,DERIVED,HISTORICAL_DISASTER_EVENT,0.0,0.0,0.11499999463558197,2.3899999111890793,7.274999760091305,7.274999760091305,7.274999760091305,7.274999760091305,0.0,-2.16,0.0,6.18,,,,,,,,,,1150.0,26.8,225.0,-0.014,15200.0,1.9,110.0,8.9,14.8,BASIN-UK-3904B7,520.0,4,10,0.65,0.2,0.05,,,,,,,,,,,,,,,,,,,
FL-UK-2012-01,2012-08-03,2012-08-03T02:30:00,30.75,78.54999542236328,Uttarkashi,Bhagirathi Basin (Asi Ganga River),cloudburst-induced flood,True,,DERIVED,HISTORICAL_DISASTER_EVENT,0.0,0.0,0.22499999217689037,2.0049999337643385,8.739999694749713,8.739999694749713,8.739999694749713,8.739999694749713,0.0,-1.555,0.0,7.43,,,,,,,,,,1150.0,26.8,225.0,-0.014,15200.0,1.9,110.0,8.9,14.8,BASIN-UK-3904B7,520.0,4,10,0.65,0.2,0.05,,,,,,,,,,,,,,,,,,,
FL-UK-2012-01,2012-08-03,2012-08-03T02:30:00,30.849998474121094,78.3499984741211,Uttarkashi,Bhagirathi Basin (Asi Ganga River),cloudburst-induced flood,True,,DERIVED,HISTORICAL_DISASTER_EVENT,0.0,0.0,0.14499999582767487,0.7649999782443047,5.2449997290968895,5.2449997290968895,5.2449997290968895,5.2449997290968895,0.0,-0.475,0.0,4.46,,,,,,,,,,1150.0,26.8,225.0,-0.014,15200.0,1.9,110.0,8.9,14.8,BASIN-UK-3904B7,520.0,4,10,0.65,0.2,0.05,,,,,,,,,,,,,,,,,,,
FL-UK-2012-01,2012-08-03,2012-08-03T02:30:00,30.849998474121094,78.44999694824219,Uttarkashi,Bhagirathi Basin (Asi Ganga River),cloudburst-induced flood,True,,DERIVED,HISTORICAL_DISASTER_EVENT,0.0,0.0,0.13499999046325684,0.4049999760463834,11.954999734647572,11.954999734647572,11.954999734647572,11.954999734647572,0.0,-0.135,0.0,10.16,,,,,,,,,,1150.0,26.8,225.0,-0.014,15200.0,1.9,110.0,8.9,14.8,BASIN-UK-3904B7,520.0,4,10,0.65,0.2,0.05,,,,,,,,,,,,,,,,,,,
FL-UK-2012-01,2012-08-03,2012-08-03T02:30:00,30.849998474121094,78.54999542236328,Uttarkashi,Bhagirathi Basin (Asi Ganga River),cloudburst-induced flood,True,,DERIVED,HISTORICAL_DISASTER_EVENT,0.0,0.0,0.3150000050663948,1.0299999713897705,7.709999889135361,7.709999889135361,7.709999889135361,7.709999889135361,0.0,-0.4,0.0,6.55,,,,,,,,,,1150.0,26.8,225.0,-0.014,15200.0,1.9,110.0,8.9,14.8,BASIN-UK-3904B7,520.0,4,10,0.65,0.2,0.05,,,,,,,,,,,,,,,,,,,
FL-UK-2012-01,2012-08-03,2012-08-03T04:30:00,30.649999618530273,78.3499984741211,Uttarkashi,Bhagirathi Basin (Asi Ganga River),cloudburst-induced flood,True,,DERIVED,HISTORICAL_DISASTER_EVENT,0.0,0.0,0.32499998807907104,4.519999846816063,5.77999983727932,5.77999983727932,5.77999983727932,5.77999983727932,0.0,-3.87,0.0,4.91,,,,,,,,,,1150.0,26.8,225.0,-0.014,15200.0,1.9,110.0,8.9,14.8,BASIN-UK-3904B7,520.0,4,10,0.65,0.2,0.05,,,,,,,,,,,,,,,,,,,
FL-UK-2012-01,2012-08-03,2012-08-03T04:30:00,30.649999618530273,78.44999694824219,Uttarkashi,Bhagirathi Basin (Asi Ganga River),cloudburst-induced flood,True,,DERIVED,HISTORICAL_DISASTER_EVENT,0.0,0.0,0.3349999785423279,4.239999949932098,5.974999912083149,5.974999912083149,5.974999912083149,5.974999912083149,0.0,-3.57,0.0,5.08,,,,,,,,,,1150.0,26.8,225.0,-0.014,15200.0,1.9,110.0,8.9,14.8,BASIN-UK-3904B7,520.0,4,10,0.65,0.2,0.05,,,,,,,,,,,,,,,,,,,
FL-UK-2012-01,2012-08-03,2012-08-03T04:30:00,30.649999618530273,78.54999542236328,Uttarkashi,Bhagirathi Basin (Asi Ganga River),cloudburst-induced flood,True,,DERIVED,HISTORICAL_DISASTER_EVENT,0.0,0.0,0.23999999463558197,3.1749999672174454,6.409999847412109,6.409999847412109,6.409999847412109,6.409999847412109,0.0,-2.695,0.0,5.45,,,,,,,,,,1150.0,26.8,225.0,-0.014,15200.0,1.9,110.0,8.9,14.8,BASIN-UK-3904B7,520.0,4,10,0.65,0.2,0.05,,,,,,,,,,,,,,,,,,,
FL-UK-2012-01,2012-08-03,2012-08-03T04:30:00,30.75,78.3499984741211,Uttarkashi,Bhagirathi Basin (Asi Ganga River),cloudburst-induced flood,True,,DERIVED,HISTORICAL_DISASTER_EVENT,0.0,0.0,0.14499999582767487,4.969999834895134,7.209999814629555,7.209999814629555,7.209999814629555,7.209999814629555,0.0,-4.68,0.0,6.13,,,,,,,,,,1150.0,26.8,225.0,-0.014,15200.0,1.9,110.0,8.9,14.8,BASIN-UK-3904B7,520.0,4,10,0.65,0.2,0.05,,,,,,,,,,,,,,,,,,,
FL-UK-2012-01,2012-08-03,2012-08-03T04:30:00,30.75,78.44999694824219,Uttarkashi,Bhagirathi Basin (Asi Ganga River),cloudburst-induced flood,True,,DERIVED,HISTORICAL_DISASTER_EVENT,0.0,0.0,0.11499999463558197,2.3899999111890793,7.274999760091305,7.274999760091305,7.274999760091305,7.274999760091305,0.0,-2.16,0.0,6.18,,,,,,,,,,1150.0,26.8,225.0,-0.014,15200.0,1.9,110.0,8.9,14.8,BASIN-UK-3904B7,520.0,4,10,0.65,0.2,0.05,,,,,,,,,,,,,,,,,,,
FL-UK-2012-01,2012-08-03,2012-08-03T04:30:00,30.75,78.54999542236328,Uttarkashi,Bhagirathi Basin (Asi Ganga River),cloudburst-induced flood,True,,DERIVED,HISTORICAL_DISASTER_EVENT,0.0,0.0,0.029999999329447746,1.87499993853271,8.739999694749713,8.739999694749713,8.739999694749713,8.739999694749713,0.0,-1.815,0.0,7.43,,,,,,,,,,1150.0,26.8,225.0,-0.014,15200.0,1.9,110.0,8.9,14.8,BASIN-UK-3904B7,520.0,4,10,0.65,0.2,0.05,,,,,,,,,,,,,,,,,,,
FL-UK-2012-01,2012-08-03,2012-08-03T04:30:00,30.849998474121094,78.3499984741211,Uttarkashi,Bhagirathi Basin (Asi Ganga River),cloudburst-induced flood,True,,DERIVED,HISTORICAL_DISASTER_EVENT,0.0,0.0,0.14499999582767487,0.7649999782443047,5.2449997290968895,5.2449997290968895,5.2449997290968895,5.2449997290968895,0.0,-0.475,0.0,4.46,,,,,,,,,,1150.0,26.8,225.0,-0.014,15200.0,1.9,110.0,8.9,14.8,BASIN-UK-3904B7,520.0,4,10,0.65,0.2,0.05,,,,,,,,,,,,,,,,,,,
FL-UK-2012-01,2012-08-03,2012-08-03T04:30:00,30.849998474121094,78.44999694824219,Uttarkashi,Bhagirathi Basin (Asi Ganga River),cloudburst-induced flood,True,,DERIVED,HISTORICAL_DISASTER_EVENT,0.0,0.0,0.13499999046325684,0.4049999760463834,11.954999734647572,11.954999734647572,11.954999734647572,11.954999734647572,0.0,-0.135,0.0,10.16,,,,,,,,,,1150.0,26.8,225.0,-0.014,15200.0,1.9,110.0,8.9,14.8,BASIN-UK-3904B7,520.0,4,10,0.65,0.2,0.05,,,,,,,,,,,,,,,,,,,
FL-UK-2012-01,2012-08-03,2012-08-03T04:30:00,30.849998474121094,78.54999542236328,Uttarkashi,Bhagirathi Basin (Asi Ganga River),cloudburst-induced flood,True,,DERIVED,HISTORICAL_DISASTER_EVENT,0.0,0.0,0.03999999910593033,1.0299999713897705,7.709999889135361,7.709999889135361,7.709999889135361,7.709999889135361,0.0,-0.95,0.0,6.55,,,,,,,,,,1150.0,26.8,225.0,-0.014,15200.0,1.9,110.0,8.9,14.8,BASIN-UK-3904B7,520.0,4,10,0.65,0.2,0.05,,,,,,,,,,,,,,,,,,,
FL-UK-2012-01,2012-08-03,2012-08-03T06:30:00,30.649999618530273,78.3499984741211,Uttarkashi,Bhagirathi Basin (Asi Ganga River),cloudburst-induced flood,True,,DERIVED,HISTORICAL_DISASTER_EVENT,0.0,0.0,0.32499998807907104,4.519999846816063,5.77999983727932,5.77999983727932,5.77999983727932,5.77999983727932,0.0,-3.87,0.0,4.91,,,,,,,,,,1150.0,26.8,225.0,-0.014,15200.0,1.9,110.0,8.9,14.8,BASIN-UK-3904B7,520.0,4,10,0.65,0.2,0.05,,,,,,,,,,,,,,,,,,,
FL-UK-2012-01,2012-08-03,2012-08-03T06:30:00,30.649999618530273,78.44999694824219,Uttarkashi,Bhagirathi Basin (Asi Ganga River),cloudburst-induced flood,True,,DERIVED,HISTORICAL_DISASTER_EVENT,0.0,0.0,0.3349999785423279,4.239999949932098,5.974999912083149,5.974999912083149,5.974999912083149,5.974999912083149,0.0,-3.57,0.0,5.08,,,,,,,,,,1150.0,26.8,225.0,-0.014,15200.0,1.9,110.0,8.9,14.8,BASIN-UK-3904B7,520.0,4,10,0.65,0.2,0.05,,,,,,,,,,,,,,,,,,,
FL-UK-2012-01,2012-08-03,2012-08-03T06:30:00,30.649999618530273,78.54999542236328,Uttarkashi,Bhagirathi Basin (Asi Ganga River),cloudburst-induced flood,True,,DERIVED,HISTORICAL_DISASTER_EVENT,0.0,0.0,0.23999999463558197,3.1749999672174454,6.409999847412109,6.409999847412109,6.409999847412109,6.409999847412109,0.0,-2.695,0.0,5.45,,,,,,,,,,1150.0,26.8,225.0,-0.014,15200.0,1.9,110.0,8.9,14.8,BASIN-UK-3904B7,520.0,4,10,0.65,0.2,0.05,,,,,,,,,,,,,,,,,,,
FL-UK-2012-01,2012-08-03,2012-08-03T06:30:00,30.75,78.3499984741211,Uttarkashi,Bhagirathi Basin (Asi Ganga River),cloudburst-induced flood,True,,DERIVED,HISTORICAL_DISASTER_EVENT,0.0,0.0,0.0,4.969999834895134,7.209999814629555,7.209999814629555,7.209999814629555,7.209999814629555,0.0,-4.97,0.0,6.13,,,,,,,,,,1150.0,26.8,225.0,-0.014,15200.0,1.9,110.0,8.9,14.8,BASIN-UK-3904B7,520.0,4,10,0.65,0.2,0.05,,,,,,,,,,,,,,,,,,,
FL-UK-2012-01,2012-08-03,2012-08-03T06:30:00,30.75,78.44999694824219,Uttarkashi,Bhagirathi Basin (Asi Ganga River),cloudburst-induced flood,True,,DERIVED,HISTORICAL_DISASTER_EVENT,0.0,0.0,0.0,2.3899999111890793,7.274999760091305,7.274999760091305,7.274999760091305,7.274999760091305,0.0,-2.39,0.0,6.18,,,,,,,,,,1150.0,26.8,225.0,-0.014,15200.0,1.9,110.0,8.9,14.8,BASIN-UK-3904B7,520.0,4,10,0.65,0.2,0.05,,,,,,,,,,,,,,,,,,,
FL-UK-2012-01,2012-08-03,2012-08-03T06:30:00,30.75,78.54999542236328,Uttarkashi,Bhagirathi Basin (Asi Ganga River),cloudburst-induced flood,True,,DERIVED,HISTORICAL_DISASTER_EVENT,0.0,0.0,0.0,1.87499993853271,8.739999694749713,8.739999694749713,8.739999694749713,8.739999694749713,0.0,-1.875,0.0,7.43,,,,,,,,,,1150.0,26.8,225.0,-0.014,15200.0,1.9,110.0,8.9,14.8,BASIN-UK-3904B7,520.0,4,10,0.65,0.2,0.05,,,,,,,,,,,,,,,,,,,
FL-UK-2012-01,2012-08-03,2012-08-03T06:30:00,30.849998474121094,78.3499984741211,Uttarkashi,Bhagirathi Basin (Asi Ganga River),cloudburst-induced flood,True,,DERIVED,HISTORICAL_DISASTER_EVENT,0.0,0.0,0.0,0.7649999782443047,5.2449997290968895,5.2449997290968895,5.2449997290968895,5.2449997290968895,0.0,-0.765,0.0,4.46,,,,,,,,,,1150.0,26.8,225.0,-0.014,15200.0,1.9,110.0,8.9,14.8,BASIN-UK-3904B7,520.0,4,10,0.65,0.2,0.05,,,,,,,,,,,,,,,,,,,
FL-UK-2012-01,2012-08-03,2012-08-03T06:30:00,30.849998474121094,78.44999694824219,Uttarkashi,Bhagirathi Basin (Asi Ganga River),cloudburst-induced flood,True,,DERIVED,HISTORICAL_DISASTER_EVENT,0.0,0.0,0.0,0.4049999760463834,11.954999734647572,11.954999734647572,11.954999734647572,11.954999734647572,0.0,-0.405,0.0,10.16,,,,,,,,,,1150.0,26.8,225.0,-0.014,15200.0,1.9,110.0,8.9,14.8,BASIN-UK-3904B7,520.0,4,10,0.65,0.2,0.05,,,,,,,,,,,,,,,,,,,
FL-UK-2012-01,2012-08-03,2012-08-03T06:30:00,30.849998474121094,78.54999542236328,Uttarkashi,Bhagirathi Basin (Asi Ganga River),cloudburst-induced flood,True,,DERIVED,HISTORICAL_DISASTER_EVENT,0.0,0.0,0.0,1.0299999713897705,7.709999889135361,7.709999889135361,7.709999889135361,7.709999889135361,0.0,-1.03,0.0,6.55,,,,,,,,,,1150.0,26.8,225.0,-0.014,15200.0,1.9,110.0,8.9,14.8,BASIN-UK-3904B7,520.0,4,10,0.65,0.2,0.05,,,,,,,,,,,,,,,,,,,
FL-UK-2012-01,2012-08-03,2012-08-03T08:30:00,30.649999618530273,78.3499984741211,Uttarkashi,Bhagirathi Basin (Asi Ganga River),cloudburst-induced flood,True,,DERIVED,HISTORICAL_DISASTER_EVENT,0.0,0.0,0.32499998807907104,4.519999846816063,5.77999983727932,5.77999983727932,5.77999983727932,5.77999983727932,0.0,-3.87,0.0,4.91,,,,,,,,,,1150.0,26.8,225.0,-0.014,15200.0,1.9,110.0,8.9,14.8,BASIN-UK-3904B7,520.0,4,10,0.65,0.2,0.05,,,,,,,,,,,,,,,,,,,
FL-UK-2012-01,2012-08-03,2012-08-03T08:30:00,30.649999618530273,78.44999694824219,Uttarkashi,Bhagirathi Basin (Asi Ganga River),cloudburst-induced flood,True,,DERIVED,HISTORICAL_DISASTER_EVENT,0.0,0.0,0.3349999785423279,4.239999949932098,5.974999912083149,5.974999912083149,5.974999912083149,5.974999912083149,0.0,-3.57,0.0,5.08,,,,,,,,,,1150.0,26.8,225.0,-0.014,15200.0,1.9,110.0,8.9,14.8,BASIN-UK-3904B7,520.0,4,10,0.65,0.2,0.05,,,,,,,,,,,,,,,,,,,
FL-UK-2012-01,2012-08-03,2012-08-03T08:30:00,30.649999618530273,78.54999542236328,Uttarkashi,Bhagirathi Basin (Asi Ganga River),cloudburst-induced flood,True,,DERIVED,HISTORICAL_DISASTER_EVENT,0.0,0.0,0.23999999463558197,3.1749999672174454,6.044999867677689,6.409999847412109,6.409999847412109,6.409999847412109,0.0,-2.695,0.0,5.45,,,,,,,,,,1150.0,26.8,225.0,-0.014,15200.0,1.9,110.0,8.9,14.8,BASIN-UK-3904B7,520.0,4,10,0.65,0.2,0.05,,,,,,,,,,,,,,,,,,,
FL-UK-2012-01,2012-08-03,2012-08-03T08:30:00,30.75,78.3499984741211,Uttarkashi,Bhagirathi Basin (Asi Ganga River),cloudburst-induced flood,True,,DERIVED,HISTORICAL_DISASTER_EVENT,0.0,0.0,0.0,4.874999836087227,7.209999814629555,7.209999814629555,7.209999814629555,7.209999814629555,0.0,-4.875,0.0,6.13,,,,,,,,,,1150.0,26.8,225.0,-0.014,15200.0,1.9,110.0,8.9,14.8,BASIN-UK-3904B7,520.0,4,10,0.65,0.2,0.05,,,,,,,,,,,,,,,,,,,
FL-UK-2012-01,2012-08-03,2012-08-03T08:30:00,30.75,78.44999694824219,Uttarkashi,Bhagirathi Basin (Asi Ganga River),cloudburst-induced flood,True,,DERIVED,HISTORICAL_DISASTER_EVENT,0.0,0.0,0.0,2.3899999111890793,7.274999760091305,7.274999760091305,7.274999760091305,7.274999760091305,0.0,-2.39,0.0,6.18,,,,,,,,,,1150.0,26.8,225.0,-0.014,15200.0,1.9,110.0,8.9,14.8,BASIN-UK-3904B7,520.0,4,10,0.65,0.2,0.05,,,,,,,,,,,,,,,,,,,
FL-UK-2012-01,2012-08-03,2012-08-03T08:30:00,30.75,78.54999542236328,Uttarkashi,Bhagirathi Basin (Asi Ganga River),cloudburst-induced flood,True,,DERIVED,HISTORICAL_DISASTER_EVENT,0.0,0.0,0.0,1.87499993853271,8.739999694749713,8.739999694749713,8.739999694749713,8.739999694749713,0.0,-1.875,0.0,7.43,,,,,,,,,,1150.0,26.8,225.0,-0.014,15200.0,1.9,110.0,8.9,14.8,BASIN-UK-3904B7,520.0,4,10,0.65,0.2,0.05,,,,,,,,,,,,,,,,,,,
FL-UK-2012-01,2012-08-03,2012-08-03T08:30:00,30.849998474121094,78.3499984741211,Uttarkashi,Bhagirathi Basin (Asi Ganga River),cloudburst-induced flood,True,,DERIVED,HISTORICAL_DISASTER_EVENT,0.0,0.0,0.0,0.7649999782443047,5.2449997290968895,5.2449997290968895,5.2449997290968895,5.2449997290968895,0.0,-0.765,0.0,4.46,,,,,,,,,,1150.0,26.8,225.0,-0.014,15200.0,1.9,110.0,8.9,14.8,BASIN-UK-3904B7,520.0,4,10,0.65,0.2,0.05,,,,,,,,,,,,,,,,,,,
FL-UK-2012-01,2012-08-03,2012-08-03T08:30:00,30.849998474121094,78.44999694824219,Uttarkashi,Bhagirathi Basin (Asi Ganga River),cloudburst-induced flood,True,,DERIVED,HISTORICAL_DISASTER_EVENT,0.0,0.0,0.0,0.4049999760463834,11.954999734647572,11.954999734647572,11.954999734647572,11.954999734647572,0.0,-0.405,0.0,10.16,,,,,,,,,,1150.0,26.8,225.0,-0.014,15200.0,1.9,110.0,8.9,14.8,BASIN-UK-3904B7,520.0,4,10,0.65,0.2,0.05,,,,,,,,,,,,,,,,,,,
FL-UK-2012-01,2012-08-03,2012-08-03T08:30:00,30.849998474121094,78.54999542236328,Uttarkashi,Bhagirathi Basin (Asi Ganga River),cloudburst-induced flood,True,,DERIVED,HISTORICAL_DISASTER_EVENT,0.0,0.0,0.0,1.0299999713897705,7.709999889135361,7.709999889135361,7.709999889135361,7.709999889135361,0.0,-1.03,0.0,6.55,,,,,,,,,,1150.0,26.8,225.0,-0.014,15200.0,1.9,110.0,8.9,14.8,BASIN-UK-3904B7,520.0,4,10,0.65,0.2,0.05,,,,,,,,,,,,,,,,,,,
FL-UK-2012-01,2012-08-03,2012-08-03T10:30:00,30.649999618530273,78.3499984741211,Uttarkashi,Bhagirathi Basin (Asi Ganga River),cloudburst-induced flood,True,,DERIVED,HISTORICAL_DISASTER_EVENT,0.0,0.0,0.0,4.279999852180481,5.77999983727932,5.77999983727932,5.77999983727932,5.77999983727932,0.0,-4.28,0.0,4.91,,,,,,,,,,1150.0,26.8,225.0,-0.014,15200.0,1.9,110.0,8.9,14.8,BASIN-UK-3904B7,520.0,4,10,0.65,0.2,0.05,,,,,,,,,,,,,,,,,,,
FL-UK-2012-01,2012-08-03,2012-08-03T10:30:00,30.649999618530273,78.44999694824219,Uttarkashi,Bhagirathi Basin (Asi Ganga River),cloudburst-induced flood,True,,DERIVED,HISTORICAL_DISASTER_EVENT,0.0,0.0,0.0,3.909999966621399,5.879999913275242,5.974999912083149,5.974999912083149,5.974999912083149,0.0,-3.91,0.0,5.08,,,,,,,,,,1150.0,26.8,225.0,-0.014,15200.0,1.9,110.0,8.9,14.8,BASIN-UK-3904B7,520.0,4,10,0.65,0.2,0.05,,,,,,,,,,,,,,,,,,,
FL-UK-2012-01,2012-08-03,2012-08-03T10:30:00,30.649999618530273,78.54999542236328,Uttarkashi,Bhagirathi Basin (Asi Ganga River),cloudburst-induced flood,True,,DERIVED,HISTORICAL_DISASTER_EVENT,0.0,0.0,0.0,2.8549999743700027,5.5199998915195465,6.409999847412109,6.409999847412109,6.409999847412109,0.0,-2.855,0.0,5.45,,,,,,,,,,1150.0,26.8,225.0,-0.014,15200.0,1.9,110.0,8.9,14.8,BASIN-UK-3904B7,520.0,4,10,0.65,0.2,0.05,,,,,,,,,,,,,,,,,,,
FL-UK-2012-01,2012-08-03,2012-08-03T10:30:00,30.75,78.3499984741211,Uttarkashi,Bhagirathi Basin (Asi Ganga River),cloudburst-induced flood,True,,DERIVED,HISTORICAL_DISASTER_EVENT,0.0,0.0,0.0,4.424999848008156,7.209999814629555,7.209999814629555,7.209999814629555,7.209999814629555,0.0,-4.425,0.0,6.13,,,,,,,,,,1150.0,26.8,225.0,-0.014,15200.0,1.9,110.0,8.9,14.8,BASIN-UK-3904B7,520.0,4,10,0.65,0.2,0.05,,,,,,,,,,,,,,,,,,,
FL-UK-2012-01,2012-08-03,2012-08-03T10:30:00,30.75,78.44999694824219,Uttarkashi,Bhagirathi Basin (Asi Ganga River),cloudburst-induced flood,True,,DERIVED,HISTORICAL_DISASTER_EVENT,0.0,0.0,0.0,2.2649999111890793,5.489999793469906,7.274999760091305,7.274999760091305,7.274999760091305,0.0,-2.265,0.0,6.18,,,,,,,,,,1150.0,26.8,225.0,-0.014,15200.0,1.9,110.0,8.9,14.8,BASIN-UK-3904B7,520.0,4,10,0.65,0.2,0.05,,,,,,,,,,,,,,,,,,,
FL-UK-2012-01,2012-08-03,2012-08-03T10:30:00,30.75,78.54999542236328,Uttarkashi,Bhagirathi Basin (Asi Ganga River),cloudburst-induced flood,True,,DERIVED,HISTORICAL_DISASTER_EVENT,0.07000000029802322,0.07000000029802322,0.07000000029802322,1.659999942407012,8.42499970458448,8.809999695047736,8.809999695047736,8.809999695047736,0.14000000059604645,-1.52,0.191,7.49,,,,,,,,,,1150.0,26.8,225.0,-0.014,15200.0,1.9,110.0,8.9,14.8,BASIN-UK-3904B7,520.0,4,10,0.65,0.2,0.05,,,,,,,,,,,,,,,,,,,
FL-UK-2012-01,2012-08-03,2012-08-03T10:30:00,30.849998474121094,78.3499984741211,Uttarkashi,Bhagirathi Basin (Asi Ganga River),cloudburst-induced flood,True,,DERIVED,HISTORICAL_DISASTER_EVENT,0.0,0.0,0.0,0.7399999797344208,5.2449997290968895,5.2449997290968895,5.2449997290968895,5.2449997290968895,0.0,-0.74,0.0,4.46,,,,,,,,,,1150.0,26.8,225.0,-0.014,15200.0,1.9,110.0,8.9,14.8,BASIN-UK-3904B7,520.0,4,10,0.65,0.2,0.05,,,,,,,,,,,,,,,,,,,
FL-UK-2012-01,2012-08-03,2012-08-03T10:30:00,30.849998474121094,78.44999694824219,Uttarkashi,Bhagirathi Basin (Asi Ganga River),cloudburst-induced flood,True,,DERIVED,HISTORICAL_DISASTER_EVENT,0.0,0.0,0.0,0.3999999761581421,9.854999830015004,11.954999734647572,11.954999734647572,11.954999734647572,0.0,-0.4,0.0,10.16,,,,,,,,,,1150.0,26.8,225.0,-0.014,15200.0,1.9,110.0,8.9,14.8,BASIN-UK-3904B7,520.0,4,10,0.65,0.2,0.05,,,,,,,,,,,,,,,,,,,
FL-UK-2012-01,2012-08-03,2012-08-03T10:30:00,30.849998474121094,78.54999542236328,Uttarkashi,Bhagirathi Basin (Asi Ganga River),cloudburst-induced flood,True,,DERIVED,HISTORICAL_DISASTER_EVENT,0.07499999552965164,0.07499999552965164,0.07499999552965164,1.0199999660253525,7.124999918043613,7.784999884665012,7.784999884665012,7.784999884665012,0.14999999105930328,-0.87,0.231,6.62,,,,,,,,,,1150.0,26.8,225.0,-0.014,15200.0,1.9,110.0,8.9,14.8,BASIN-UK-3904B7,520.0,4,10,0.65,0.2,0.05,,,,,,,,,,,,,,,,,,,
FL-UK-2012-01,2012-08-03,2012-08-03T12:30:00,30.649999618530273,78.3499984741211,Uttarkashi,Bhagirathi Basin (Asi Ganga River),cloudburst-induced flood,True,,DERIVED,HISTORICAL_DISASTER_EVENT,0.550000011920929,0.550000011920929,0.550000011920929,3.6299999356269836,6.024999842047691,6.329999849200249,6.329999849200249,6.329999849200249,1.100000023841858,-2.53,2.085,5.38,,,,,,,,,,1150.0,26.8,225.0,-0.014,15200.0,1.9,110.0,8.9,14.8,BASIN-UK-3904B7,520.0,4,10,0.65,0.2,0.05,,,,,,,,,,,,,,,,,,,
FL-UK-2012-01,2012-08-03,2012-08-03T12:30:00,30.649999618530273,78.44999694824219,Uttarkashi,Bhagirathi Basin (Asi Ganga River),cloudburst-induced flood,True,,DERIVED,HISTORICAL_DISASTER_EVENT,1.225000023841858,1.225000023841858,1.225000023841858,3.725000023841858,6.614999957382679,7.199999935925007,7.199999935925007,7.199999935925007,2.450000047683716,-1.275,4.083,6.12,,,,,,,,,,1150.0,26.8,225.0,-0.014,15200.0,1.9,110.0,8.9,14.8,BASIN-UK-3904B7,520.0,4,10,0.65,0.2,0.05,,,,,,,,,,,,,,,,,,,
FL-UK-2012-01,2012-08-03,2012-08-03T12:30:00,30.649999618530273,78.54999542236328,Uttarkashi,Bhagirathi Basin (Asi Ganga River),cloudburst-induced flood,True,,DERIVED,HISTORICAL_DISASTER_EVENT,1.2149999141693115,1.2149999141693115,1.2149999141693115,2.3349998742341995,5.694999843835831,7.624999761581421,7.624999761581421,7.624999761581421,2.429999828338623,0.095,3.824,6.48,,,,,,,,,,1150.0,26.8,225.0,-0.014,15200.0,1.9,110.0,8.9,14.8,BASIN-UK-3904B7,520.0,4,10,0.65,0.2,0.05,,,,,,,,,,,,,,,,,,,
FL-UK-2012-01,2012-08-03,2012-08-03T12:30:00,30.75,78.3499984741211,Uttarkashi,Bhagirathi Basin (Asi Ganga River),cloudburst-induced flood,True,,DERIVED,HISTORICAL_DISASTER_EVENT,0.5450000166893005,0.5450000166893005,0.5450000166893005,3.404999926686287,7.564999833703041,7.754999831318855,7.754999831318855,7.754999831318855,1.090000033378601,-2.315,1.687,6.59,,,,,,,,,,1150.0,26.8,225.0,-0.014,15200.0,1.9,110.0,8.9,14.8,BASIN-UK-3904B7,520.0,4,10,0.65,0.2,0.05,,,,,,,,,,,,,,,,,,,
FL-UK-2012-01,2012-08-03,2012-08-03T12:30:00,30.75,78.44999694824219,Uttarkashi,Bhagirathi Basin (Asi Ganga River),cloudburst-induced flood,True,,DERIVED,HISTORICAL_DISASTER_EVENT,0.9099999666213989,0.9099999666213989,0.9099999666213989,2.2299998849630356,4.299999855458736,8.184999726712704,8.184999726712704,8.184999726712704,1.8199999332427979,-0.41,2.668,6.96,,,,,,,,,,1150.0,26.8,225.0,-0.014,15200.0,1.9,110.0,8.9,14.8,BASIN-UK-3904B7,520.0,4,10,0.65,0.2,0.05,,,,,,,,,,,,,,,,,,,
FL-UK-2012-01,2012-08-03,2012-08-03T12:30:00,30.75,78.54999542236328,Uttarkashi,Bhagirathi Basin (Asi Ganga River),cloudburst-induced flood,True,,DERIVED,HISTORICAL_DISASTER_EVENT,2.884999990463257,2.95499999076128,2.95499999076128,3.6899999734014273,10.319999745115638,11.694999685510993,11.694999685510993,11.694999685510993,5.769999980926514,2.22,6.064,9.94,,,,,,,,,,1150.0,26.8,225.0,-0.014,15200.0,1.9,110.0,8.9,14.8,BASIN-UK-3904B7,520.0,4,10,0.65,0.2,0.05,,,,,,,,,,,,,,,,,,,
FL-UK-2012-01,2012-08-03,2012-08-03T12:30:00,30.849998474121094,78.3499984741211,Uttarkashi,Bhagirathi Basin (Asi Ganga River),cloudburst-induced flood,True,,DERIVED,HISTORICAL_DISASTER_EVENT,0.0,0.0,0.0,0.5049999803304672,5.1199997290968895,5.2449997290968895,5.2449997290968895,5.2449997290968895,0.0,-0.505,0.0,4.46,,,,,,,,,,1150.0,26.8,225.0,-0.014,15200.0,1.9,110.0,8.9,14.8,BASIN-UK-3904B7,520.0,4,10,0.65,0.2,0.05,,,,,,,,,,,,,,,,,,,
FL-UK-2012-01,2012-08-03,2012-08-03T12:30:00,30.849998474121094,78.44999694824219,Uttarkashi,Bhagirathi Basin (Asi Ganga River),cloudburst-induced flood,True,,DERIVED,HISTORICAL_DISASTER_EVENT,0.12999999523162842,0.12999999523162842,0.12999999523162842,0.3799999803304672,7.799999882467091,12.0849997298792,12.0849997298792,12.0849997298792,0.25999999046325684,-0.12,0.258,10.27,,,,,,,,,,1150.0,26.8,225.0,-0.014,15200.0,1.9,110.0,8.9,14.8,BASIN-UK-3904B7,520.0,4,10,0.65,0.2,0.05,,,,,,,,,,,,,,,,,,,
FL-UK-2012-01,2012-08-03,2012-08-03T12:30:00,30.849998474121094,78.54999542236328,Uttarkashi,Bhagirathi Basin (Asi Ganga River),cloudburst-induced flood,True,,DERIVED,HISTORICAL_DISASTER_EVENT,2.9749999046325684,3.04999990016222,3.04999990016222,3.79499988257885,9.239999867975712,10.75999978929758,10.75999978929758,10.75999978929758,5.949999809265137,2.305,6.803,9.15,,,,,,,,,,1150.0,26.8,225.0,-0.014,15200.0,1.9,110.0,8.9,14.8,BASIN-UK-3904B7,520.0,4,10,0.65,0.2,0.05,,,,,,,,,,,,,,,,,,,
FL-UK-2012-01,2012-08-03,2012-08-03T14:30:00,30.649999618530273,78.3499984741211,Uttarkashi,Bhagirathi Basin (Asi Ganga River),cloudburst-induced flood,True,,DERIVED,HISTORICAL_DISASTER_EVENT,4.224999904632568,4.774999916553497,4.774999916553497,5.6999998688697815,10.24999974668026,10.554999753832817,10.554999753832817,10.554999753832817,8.449999809265137,3.85,10.857,8.97,,,,,,,,,,1150.0,26.8,225.0,-0.014,15200.0,1.9,110.0,8.9,14.8,BASIN-UK-3904B7,520.0,4,10,0.65,0.2,0.05,,,,,,,,,,,,,,,,,,,
FL-UK-2012-01,2012-08-03,2012-08-03T14:30:00,30.649999618530273,78.44999694824219,Uttarkashi,Bhagirathi Basin (Asi Ganga River),cloudburst-induced flood,True,,DERIVED,HISTORICAL_DISASTER_EVENT,3.4749999046325684,4.699999928474426,4.699999928474426,5.8399999141693115,10.089999862015247,10.674999840557575,10.674999840557575,10.674999840557575,6.949999809265137,3.56,10.567,9.07,,,,,,,,,,1150.0,26.8,225.0,-0.014,15200.0,1.9,110.0,8.9,14.8,BASIN-UK-3904B7,520.0,4,10,0.65,0.2,0.05,,,,,,,,,,,,,,,,,,,
FL-UK-2012-01,2012-08-03,2012-08-03T14:30:00,30.649999618530273,78.54999542236328,Uttarkashi,Bhagirathi Basin (Asi Ganga River),cloudburst-induced flood,True,,DERIVED,HISTORICAL_DISASTER_EVENT,2.575000047683716,3.7899999618530273,3.7899999618530273,4.47999994456768,8.104999899864197,10.199999809265137,10.199999809265137,10.199999809265137,5.150000095367432,3.1,8.918,8.67,,,,,,,,,,1150.0,26.8,225.0,-0.014,15200.0,1.9,110.0,8.9,14.8,BASIN-UK-3904B7,520.0,4,10,0.65,0.2,0.05,,,,,,,,,,,,,,,,,,,
FL-UK-2012-01,2012-08-03,2012-08-03T14:30:00,30.75,78.3499984741211,Uttarkashi,Bhagirathi Basin (Asi Ganga River),cloudburst-induced flood,True,,DERIVED,HISTORICAL_DISASTER_EVENT,4.259999752044678,4.804999768733978,4.804999768733978,4.949999764561653,11.824999585747719,12.014999583363533,12.014999583363533,12.014999583363533,8.519999504089355,4.66,9.598,10.21,,,,,,,,,,1150.0,26.8,225.0,-0.014,15200.0,1.9,110.0,8.9,14.8,BASIN-UK-3904B7,520.0,4,10,0.65,0.2,0.05,,,,,,,,,,,,,,,,,,,
FL-UK-2012-01,2012-08-03,2012-08-03T14:30:00,30.75,78.44999694824219,Uttarkashi,Bhagirathi Basin (Asi Ganga River),cloudburst-induced flood,True,,DERIVED,HISTORICAL_DISASTER_EVENT,3.4700000286102295,4.379999995231628,4.379999995231628,4.49499998986721,7.769999884068966,11.654999755322933,11.654999755322933,11.654999755322933,6.940000057220459,4.265,9.019,9.91,,,,,,,,,,1150.0,26.8,225.0,-0.014,15200.0,1.9,110.0,8.9,14.8,BASIN-UK-3904B7,520.0,4,10,0.65,0.2,0.05,,,,,,,,,,,,,,,,,,,
FL-UK-2012-01,2012-08-03,2012-08-03T14:30:00,30.75,78.54999542236328,Uttarkashi,Bhagirathi Basin (Asi Ganga River),cloudburst-induced flood,True,,DERIVED,HISTORICAL_DISASTER_EVENT,7.460000038146973,10.34500002861023,10.415000028908253,10.640000021085143,17.424999793991446,19.154999723657966,19.154999723657966,19.154999723657966,14.920000076293945,10.19,12.962,16.28,,,,,,,,,,1150.0,26.8,225.0,-0.014,15200.0,1.9,110.0,8.9,14.8,BASIN-UK-3904B7,520.0,4,10,0.65,0.2,0.05,,,,,,,,,,,,,,,,,,,
FL-UK-2012-01,2012-08-03,2012-08-03T14:30:00,30.849998474121094,78.3499984741211,Uttarkashi,Bhagirathi Basin (Asi Ganga River),cloudburst-induced flood,True,,DERIVED,HISTORICAL_DISASTER_EVENT,0.0,0.0,0.0,0.14499999582767487,5.1199997290968895,5.2449997290968895,5.2449997290968895,5.2449997290968895,0.0,-0.145,0.0,4.46,,,,,,,,,,1150.0,26.8,225.0,-0.014,15200.0,1.9,110.0,8.9,14.8,BASIN-UK-3904B7,520.0,4,10,0.65,0.2,0.05,,,,,,,,,,,,,,,,,,,
FL-UK-2012-01,2012-08-03,2012-08-03T14:30:00,30.849998474121094,78.44999694824219,Uttarkashi,Bhagirathi Basin (Asi Ganga River),cloudburst-induced flood,True,,DERIVED,HISTORICAL_DISASTER_EVENT,0.0,0.12999999523162842,0.12999999523162842,0.26499998569488525,7.684999887831509,12.0849997298792,12.0849997298792,12.0849997298792,0.12999999523162842,-0.005,0.258,10.27,,,,,,,,,,1150.0,26.8,225.0,-0.014,15200.0,1.9,110.0,8.9,14.8,BASIN-UK-3904B7,520.0,4,10,0.65,0.2,0.05,,,,,,,,,,,,,,,,,,,
FL-UK-2012-01,2012-08-03,2012-08-03T14:30:00,30.849998474121094,78.54999542236328,Uttarkashi,Bhagirathi Basin (Asi Ganga River),cloudburst-induced flood,True,,DERIVED,HISTORICAL_DISASTER_EVENT,9.114999771118164,12.089999675750732,12.164999671280384,12.479999676346779,18.25999964028597,19.874999560415745,19.874999560415745,19.874999560415745,18.229999542236328,11.85,14.599,16.89,,,,,,,,,,1150.0,26.8,225.0,-0.014,15200.0,1.9,110.0,8.9,14.8,BASIN-UK-3904B7,520.0,4,10,0.65,0.2,0.05,,,,,,,,,,,,,,,,,,,
FL-UK-2012-01,2012-08-03,2012-08-03T16:30:00,30.649999618530273,78.3499984741211,Uttarkashi,Bhagirathi Basin (Asi Ganga River),cloudburst-induced flood,True,,DERIVED,HISTORICAL_DISASTER_EVENT,1.0950000286102295,5.319999933242798,5.869999945163727,6.194999933242798,11.34499977529049,11.649999782443047,11.649999782443047,11.649999782443047,5.319999933242798,5.545,10.96,9.9,,,,,,,,,,1150.0,26.8,225.0,-0.014,15200.0,1.9,110.0,8.9,14.8,BASIN-UK-3904B7,520.0,4,10,0.65,0.2,0.05,,,,,,,,,,,,,,,,,,,
FL-UK-2012-01,2012-08-03,2012-08-03T16:30:00,30.649999618530273,78.44999694824219,Uttarkashi,Bhagirathi Basin (Asi Ganga River),cloudburst-induced flood,True,,DERIVED,HISTORICAL_DISASTER_EVENT,1.0049999952316284,4.479999899864197,5.704999923706055,6.039999902248383,11.094999857246876,11.679999835789204,11.679999835789204,11.679999835789204,4.479999899864197,5.37,9.205,9.93,,,,,,,,,,1150.0,26.8,225.0,-0.014,15200.0,1.9,110.0,8.9,14.8,BASIN-UK-3904B7,520.0,4,10,0.65,0.2,0.05,,,,,,,,,,,,,,,,,,,
FL-UK-2012-01,2012-08-03,2012-08-03T16:30:00,30.649999618530273,78.54999542236328,Uttarkashi,Bhagirathi Basin (Asi Ganga River),cloudburst-induced flood,True,,DERIVED,HISTORICAL_DISASTER_EVENT,0.7599999904632568,3.3350000381469727,4.549999952316284,4.789999946951866,8.864999890327454,10.959999799728394,10.959999799728394,10.959999799728394,3.3350000381469727,4.31,7.303,9.32,,,,,,,,,,1150.0,26.8,225.0,-0.014,15200.0,1.9,110.0,8.9,14.8,BASIN-UK-3904B7,520.0,4,10,0.65,0.2,0.05,,,,,,,,,,,,,,,,,,,
FL-UK-2012-01,2012-08-03,2012-08-03T16:30:00,30.75,78.3499984741211,Uttarkashi,Bhagirathi Basin (Asi Ganga River),cloudburst-induced flood,True,,DERIVED,HISTORICAL_DISASTER_EVENT,1.0149999856948853,5.274999737739563,5.8199997544288635,5.964999750256538,12.839999571442604,13.029999569058418,13.029999569058418,13.029999569058418,5.274999737739563,5.675,9.716,11.08,,,,,,,,,,1150.0,26.8,225.0,-0.014,15200.0,1.9,110.0,8.9,14.8,BASIN-UK-3904B7,520.0,4,10,0.65,0.2,0.05,,,,,,,,,,,,,,,,,,,
FL-UK-2012-01,2012-08-03,2012-08-03T16:30:00,30.75,78.44999694824219,Uttarkashi,Bhagirathi Basin (Asi Ganga River),cloudburst-induced flood,True,,DERIVED,HISTORICAL_DISASTER_EVENT,1.0499999523162842,4.519999980926514,5.429999947547913,5.544999942183495,8.81999983638525,12.704999707639217,12.704999707639217,12.704999707639217,4.519999980926514,5.315,8.538,10.8,,,,,,,,,,1150.0,26.8,225.0,-0.014,15200.0,1.9,110.0,8.9,14.8,BASIN-UK-3904B7,520.0,4,10,0.65,0.2,0.05,,,,,,,,,,,,,,,,,,,
FL-UK-2012-01,2012-08-03,2012-08-03T16:30:00,30.75,78.54999542236328,Uttarkashi,Bhagirathi Basin (Asi Ganga River),cloudburst-induced flood,True,,DERIVED,HISTORICAL_DISASTER_EVENT,3.129999876022339,10.589999914169312,13.544999904930592,13.57499990426004,20.554999670013785,22.284999599680305,22.284999599680305,22.284999599680305,10.589999914169312,13.515,11.405,18.94,,,,,,,,,,1150.0,26.8,225.0,-0.014,15200.0,1.9,110.0,8.9,14.8,BASIN-UK-3904B7,520.0,4,10,0.65,0.2,0.05,,,,,,,,,,,,,,,,,,,
FL-UK-2012-01,2012-08-03,2012-08-03T16:30:00,30.849998474121094,78.3499984741211,Uttarkashi,Bhagirathi Basin (Asi Ganga River),cloudburst-induced flood,True,,DERIVED,HISTORICAL_DISASTER_EVENT,0.0,0.0,0.0,0.14499999582767487,4.894999735057354,5.2449997290968895,5.2449997290968895,5.2449997290968895,0.0,-0.145,0.0,4.46,,,,,,,,,,1150.0,26.8,225.0,-0.014,15200.0,1.9,110.0,8.9,14.8,BASIN-UK-3904B7,520.0,4,10,0.65,0.2,0.05,,,,,,,,,,,,,,,,,,,
FL-UK-2012-01,2012-08-03,2012-08-03T16:30:00,30.849998474121094,78.44999694824219,Uttarkashi,Bhagirathi Basin (Asi Ganga River),cloudburst-induced flood,True,,DERIVED,HISTORICAL_DISASTER_EVENT,0.0,0.0,0.12999999523162842,0.26499998569488525,7.684999887831509,12.0849997298792,12.0849997298792,12.0849997298792,0.0,-0.005,0.0,10.27,,,,,,,,,,1150.0,26.8,225.0,-0.014,15200.0,1.9,110.0,8.9,14.8,BASIN-UK-3904B7,520.0,4,10,0.65,0.2,0.05,,,,,,,,,,,,,,,,,,,
FL-UK-2012-01,2012-08-03,2012-08-03T16:30:00,30.849998474121094,78.54999542236328,Uttarkashi,Bhagirathi Basin (Asi Ganga River),cloudburst-induced flood,True,,DERIVED,HISTORICAL_DISASTER_EVENT,4.235000133514404,13.349999904632568,16.39999980479479,16.43999980390072,22.494999773800373,24.10999969393015,24.10999969393015,24.10999969393015,13.349999904632568,16.36,13.289,20.49,,,,,,,,,,1150.0,26.8,225.0,-0.014,15200.0,1.9,110.0,8.9,14.8,BASIN-UK-3904B7,520.0,4,10,0.65,0.2,0.05,,,,,,,,,,,,,,,,,,,
FL-UK-2012-01,2012-08-03,2012-08-03T18:30:00,30.649999618530273,78.3499984741211,Uttarkashi,Bhagirathi Basin (Asi Ganga River),cloudburst-induced flood,True,,DERIVED,HISTORICAL_DISASTER_EVENT,0.1599999964237213,1.2550000250339508,6.029999941587448,6.354999929666519,10.984999790787697,11.809999778866768,11.809999778866768,11.809999778866768,1.2550000250339508,5.705,2.55,10.04,,,,,,,,,,1150.0,26.8,225.0,-0.014,15200.0,1.9,110.0,8.9,14.8,BASIN-UK-3904B7,520.0,4,10,0.65,0.2,0.05,,,,,,,,,,,,,,,,,,,
FL-UK-2012-01,2012-08-03,2012-08-03T18:30:00,30.649999618530273,78.44999694824219,Uttarkashi,Bhagirathi Basin (Asi Ganga River),cloudburst-induced flood,True,,DERIVED,HISTORICAL_DISASTER_EVENT,0.14499999582767487,1.1499999910593033,5.8499999195337296,6.184999898076057,10.98999985307455,11.824999831616879,11.824999831616879,11.824999831616879,1.1499999910593033,5.515,2.334,10.05,,,,,,,,,,1150.0,26.8,225.0,-0.014,15200.0,1.9,110.0,8.9,14.8,BASIN-UK-3904B7,520.0,4,10,0.65,0.2,0.05,,,,,,,,,,,,,,,,,,,
FL-UK-2012-01,2012-08-03,2012-08-03T18:30:00,30.649999618530273,78.54999542236328,Uttarkashi,Bhagirathi Basin (Asi Ganga River),cloudburst-induced flood,True,,DERIVED,HISTORICAL_DISASTER_EVENT,0.25999999046325684,1.0199999809265137,4.809999942779541,5.049999937415123,8.75999990105629,11.21999979019165,11.21999979019165,11.21999979019165,1.0199999809265137,4.57,2.182,9.54,,,,,,,,,,1150.0,26.8,225.0,-0.014,15200.0,1.9,110.0,8.9,14.8,BASIN-UK-3904B7,520.0,4,10,0.65,0.2,0.05,,,,,,,,,,,,,,,,,,,
FL-UK-2012-01,2012-08-03,2012-08-03T18:30:00,30.75,78.3499984741211,Uttarkashi,Bhagirathi Basin (Asi Ganga River),cloudburst-induced flood,True,,DERIVED,HISTORICAL_DISASTER_EVENT,0.04999999701976776,1.064999982714653,5.869999751448631,5.869999751448631,12.214999556541443,13.079999566078186,13.079999566078186,13.079999566078186,1.064999982714653,5.87,1.954,11.12,,,,,,,,,,1150.0,26.8,225.0,-0.014,15200.0,1.9,110.0,8.9,14.8,BASIN-UK-3904B7,520.0,4,10,0.65,0.2,0.05,,,,,,,,,,,,,,,,,,,
FL-UK-2012-01,2012-08-03,2012-08-03T18:30:00,30.75,78.44999694824219,Uttarkashi,Bhagirathi Basin (Asi Ganga River),cloudburst-induced flood,True,,DERIVED,HISTORICAL_DISASTER_EVENT,0.03500000014901161,1.0849999524652958,5.464999947696924,5.464999947696924,8.629999842494726,12.739999707788229,12.739999707788229,12.739999707788229,1.0849999524652958,5.465,2.044,10.83,,,,,,,,,,1150.0,26.8,225.0,-0.014,15200.0,1.9,110.0,8.9,14.8,BASIN-UK-3904B7,520.0,4,10,0.65,0.2,0.05,,,,,,,,,,,,,,,,,,,
FL-UK-2012-01,2012-08-03,2012-08-03T18:30:00,30.75,78.54999542236328,Uttarkashi,Bhagirathi Basin (Asi Ganga River),cloudburst-induced flood,True,,DERIVED,HISTORICAL_DISASTER_EVENT,0.17499999701976776,3.3049998730421066,13.71999990195036,13.71999990195036,20.254999672994018,22.459999596700072,22.459999596700072,22.459999596700072,3.3049998730421066,13.72,3.532,19.09,,,,,,,,,,1150.0,26.8,225.0,-0.014,15200.0,1.9,110.0,8.9,14.8,BASIN-UK-3904B7,520.0,4,10,0.65,0.2,0.05,,,,,,,,,,,,,,,,,,,
FL-UK-2012-01,2012-08-03,2012-08-03T18:30:00,30.849998474121094,78.3499984741211,Uttarkashi,Bhagirathi Basin (Asi Ganga River),cloudburst-induced flood,True,,DERIVED,HISTORICAL_DISASTER_EVENT,0.0,0.0,0.0,0.0,2.8599998876452446,5.2449997290968895,5.2449997290968895,5.2449997290968895,0.0,0.0,0.0,4.46,,,,,,,,,,1150.0,26.8,225.0,-0.014,15200.0,1.9,110.0,8.9,14.8,BASIN-UK-3904B7,520.0,4,10,0.65,0.2,0.05,,,,,,,,,,,,,,,,,,,
FL-UK-2012-01,2012-08-03,2012-08-03T18:30:00,30.849998474121094,78.44999694824219,Uttarkashi,Bhagirathi Basin (Asi Ganga River),cloudburst-induced flood,True,,DERIVED,HISTORICAL_DISASTER_EVENT,0.0,0.0,0.12999999523162842,0.12999999523162842,6.699999933131039,12.0849997298792,12.0849997298792,12.0849997298792,0.0,0.13,0.0,10.27,,,,,,,,,,1150.0,26.8,225.0,-0.014,15200.0,1.9,110.0,8.9,14.8,BASIN-UK-3904B7,520.0,4,10,0.65,0.2,0.05,,,,,,,,,,,,,,,,,,,
FL-UK-2012-01,2012-08-03,2012-08-03T18:30:00,30.849998474121094,78.54999542236328,Uttarkashi,Bhagirathi Basin (Asi Ganga River),cloudburst-induced flood,True,,DERIVED,HISTORICAL_DISASTER_EVENT,0.07999999821186066,4.315000131726265,16.47999980300665,16.47999980300665,21.889999769628048,24.18999969214201,24.18999969214201,24.18999969214201,4.315000131726265,16.48,4.281,20.56,,,,,,,,,,1150.0,26.8,225.0,-0.014,15200.0,1.9,110.0,8.9,14.8,BASIN-UK-3904B7,520.0,4,10,0.65,0.2,0.05,,,,,,,,,,,,,,,,,,,
FL-UK-2012-01,2012-08-03,2012-08-03T20:30:00,30.649999618530273,78.3499984741211,Uttarkashi,Bhagirathi Basin (Asi Ganga River),cloudburst-induced flood,True,,DERIVED,HISTORICAL_DISASTER_EVENT,0.0,0.1599999964237213,6.029999941587448,6.354999929666519,10.644999787211418,11.809999778866768,11.809999778866768,11.809999778866768,0.1599999964237213,5.705,0.325,10.04,,,,,,,,,,1150.0,26.8,225.0,-0.014,15200.0,1.9,110.0,8.9,14.8,BASIN-UK-3904B7,520.0,4,10,0.65,0.2,0.05,,,,,,,,,,,,,,,,,,,
FL-UK-2012-01,2012-08-03,2012-08-03T20:30:00,30.649999618530273,78.44999694824219,Uttarkashi,Bhagirathi Basin (Asi Ganga River),cloudburst-induced flood,True,,DERIVED,HISTORICAL_DISASTER_EVENT,0.0,0.14499999582767487,5.8499999195337296,6.184999898076057,10.824999861419201,11.824999831616879,11.824999831616879,11.824999831616879,0.14499999582767487,5.515,0.294,10.05,,,,,,,,,,1150.0,26.8,225.0,-0.014,15200.0,1.9,110.0,8.9,14.8,BASIN-UK-3904B7,520.0,4,10,0.65,0.2,0.05,,,,,,,,,,,,,,,,,,,
FL-UK-2012-01,2012-08-03,2012-08-03T20:30:00,30.649999618530273,78.54999542236328,Uttarkashi,Bhagirathi Basin (Asi Ganga River),cloudburst-induced flood,True,,DERIVED,HISTORICAL_DISASTER_EVENT,0.22499999403953552,0.48499998450279236,5.0349999368190765,5.2749999314546585,8.729999899864197,11.444999784231186,11.444999784231186,11.444999784231186,0.48499998450279236,4.795,1.017,9.73,,,,,,,,,,1150.0,26.8,225.0,-0.014,15200.0,1.9,110.0,8.9,14.8,BASIN-UK-3904B7,520.0,4,10,0.65,0.2,0.05,,,,,,,,,,,,,,,,,,,
FL-UK-2012-01,2012-08-03,2012-08-03T20:30:00,30.75,78.3499984741211,Uttarkashi,Bhagirathi Basin (Asi Ganga River),cloudburst-induced flood,True,,DERIVED,HISTORICAL_DISASTER_EVENT,0.5199999809265137,0.5699999779462814,6.389999732375145,6.389999732375145,11.854999542236328,13.5999995470047,13.5999995470047,13.5999995470047,1.0399999618530273,6.39,1.006,11.56,,,,,,,,,,1150.0,26.8,225.0,-0.014,15200.0,1.9,110.0,8.9,14.8,BASIN-UK-3904B7,520.0,4,10,0.65,0.2,0.05,,,,,,,,,,,,,,,,,,,
FL-UK-2012-01,2012-08-03,2012-08-03T20:30:00,30.75,78.44999694824219,Uttarkashi,Bhagirathi Basin (Asi Ganga River),cloudburst-induced flood,True,,DERIVED,HISTORICAL_DISASTER_EVENT,0.42499998211860657,0.4599999822676182,5.889999929815531,5.889999929815531,8.889999832957983,13.164999689906836,13.164999689906836,13.164999689906836,0.8499999642372131,5.89,0.839,11.19,,,,,,,,,,1150.0,26.8,225.0,-0.014,15200.0,1.9,110.0,8.9,14.8,BASIN-UK-3904B7,520.0,4,10,0.65,0.2,0.05,,,,,,,,,,,,,,,,,,,
FL-UK-2012-01,2012-08-03,2012-08-03T20:30:00,30.75,78.54999542236328,Uttarkashi,Bhagirathi Basin (Asi Ganga River),cloudburst-induced flood,True,,DERIVED,HISTORICAL_DISASTER_EVENT,0.35499998927116394,0.5299999862909317,14.074999891221523,14.074999891221523,17.4899997767061,22.814999585971236,22.814999585971236,22.814999585971236,0.7099999785423279,14.075,0.558,19.39,,,,,,,,,,1150.0,26.8,225.0,-0.014,15200.0,1.9,110.0,8.9,14.8,BASIN-UK-3904B7,520.0,4,10,0.65,0.2,0.05,,,,,,,,,,,,,,,,,,,
FL-UK-2012-01,2012-08-03,2012-08-03T20:30:00,30.849998474121094,78.3499984741211,Uttarkashi,Bhagirathi Basin (Asi Ganga River),cloudburst-induced flood,True,,DERIVED,HISTORICAL_DISASTER_EVENT,0.5349999666213989,0.5349999666213989,0.5349999666213989,0.5349999666213989,1.9599999114871025,5.779999695718288,5.779999695718288,5.779999695718288,1.0699999332427979,0.535,2.221,4.91,,,,,,,,,,1150.0,26.8,225.0,-0.014,15200.0,1.9,110.0,8.9,14.8,BASIN-UK-3904B7,520.0,4,10,0.65,0.2,0.05,,,,,,,,,,,,,,,,,,,
FL-UK-2012-01,2012-08-03,2012-08-03T20:30:00,30.849998474121094,78.44999694824219,Uttarkashi,Bhagirathi Basin (Asi Ganga River),cloudburst-induced flood,True,,DERIVED,HISTORICAL_DISASTER_EVENT,0.3349999785423279,0.3349999785423279,0.4649999737739563,0.4649999737739563,2.1999998735263944,12.419999708421528,12.419999708421528,12.419999708421528,0.6699999570846558,0.465,0.647,10.56,,,,,,,,,,1150.0,26.8,225.0,-0.014,15200.0,1.9,110.0,8.9,14.8,BASIN-UK-3904B7,520.0,4,10,0.65,0.2,0.05,,,,,,,,,,,,,,,,,,,
FL-UK-2012-01,2012-08-03,2012-08-03T20:30:00,30.849998474121094,78.54999542236328,Uttarkashi,Bhagirathi Basin (Asi Ganga River),cloudburst-induced flood,True,,DERIVED,HISTORICAL_DISASTER_EVENT,0.4399999976158142,0.5199999958276749,16.919999800622463,16.919999800622463,18.96499975770712,24.629999689757824,24.629999689757824,24.629999689757824,0.8799999952316284,16.92,0.507,20.94,,,,,,,,,,1150.0,26.8,225.0,-0.014,15200.0,1.9,110.0,8.9,14.8,BASIN-UK-3904B7,520.0,4,10,0.65,0.2,0.05,,,,,,,,,,,,,,,,,,,
FL-UK-2012-01,2012-08-03,2012-08-03T22:30:00,30.649999618530273,78.3499984741211,Uttarkashi,Bhagirathi Basin (Asi Ganga River),cloudburst-induced flood,True,,DERIVED,HISTORICAL_DISASTER_EVENT,0.0,0.0,6.029999941587448,6.029999941587448,10.549999788403511,11.809999778866768,11.809999778866768,11.809999778866768,0.0,6.03,0.0,10.04,,,,,,,,,,1150.0,26.8,225.0,-0.014,15200.0,1.9,110.0,8.9,14.8,BASIN-UK-3904B7,520.0,4,10,0.65,0.2,0.05,,,,,,,,,,,,,,,,,,,
FL-UK-2012-01,2012-08-03,2012-08-03T22:30:00,30.649999618530273,78.44999694824219,Uttarkashi,Bhagirathi Basin (Asi Ganga River),cloudburst-induced flood,True,,DERIVED,HISTORICAL_DISASTER_EVENT,0.22999998927116394,0.22999998927116394,6.0799999088048935,6.0799999088048935,10.984999850392342,12.054999820888042,12.054999820888042,12.054999820888042,0.4599999785423279,6.08,0.458,10.25,,,,,,,,,,1150.0,26.8,225.0,-0.014,15200.0,1.9,110.0,8.9,14.8,BASIN-UK-3904B7,520.0,4,10,0.65,0.2,0.05,,,,,,,,,,,,,,,,,,,
FL-UK-2012-01,2012-08-03,2012-08-03T22:30:00,30.649999618530273,78.54999542236328,Uttarkashi,Bhagirathi Basin (Asi Ganga River),cloudburst-induced flood,True,,DERIVED,HISTORICAL_DISASTER_EVENT,0.5949999690055847,0.8199999630451202,5.629999905824661,5.629999905824661,9.199999868869781,12.03999975323677,12.03999975323677,12.03999975323677,1.1899999380111694,5.63,1.635,10.23,,,,,,,,,,1150.0,26.8,225.0,-0.014,15200.0,1.9,110.0,8.9,14.8,BASIN-UK-3904B7,520.0,4,10,0.65,0.2,0.05,,,,,,,,,,,,,,,,,,,
FL-UK-2012-01,2012-08-03,2012-08-03T22:30:00,30.75,78.3499984741211,Uttarkashi,Bhagirathi Basin (Asi Ganga River),cloudburst-induced flood,True,,DERIVED,HISTORICAL_DISASTER_EVENT,0.25,0.7699999809265137,6.639999732375145,6.639999732375145,11.609999567270279,13.8499995470047,13.8499995470047,13.8499995470047,0.7699999809265137,6.64,1.334,11.77,,,,,,,,,,1150.0,26.8,225.0,-0.014,15200.0,1.9,110.0,8.9,14.8,BASIN-UK-3904B7,520.0,4,10,0.65,0.2,0.05,,,,,,,,,,,,,,,,,,,
FL-UK-2012-01,2012-08-03,2012-08-03T22:30:00,30.75,78.44999694824219,Uttarkashi,Bhagirathi Basin (Asi Ganga River),cloudburst-induced flood,True,,DERIVED,HISTORICAL_DISASTER_EVENT,0.0,0.42499998211860657,5.889999929815531,5.889999929815531,8.814999837428331,13.164999689906836,13.164999689906836,13.164999689906836,0.42499998211860657,5.89,0.775,11.19,,,,,,,,,,1150.0,26.8,225.0,-0.014,15200.0,1.9,110.0,8.9,14.8,BASIN-UK-3904B7,520.0,4,10,0.65,0.2,0.05,,,,,,,,,,,,,,,,,,,
FL-UK-2012-01,2012-08-03,2012-08-03T22:30:00,30.75,78.54999542236328,Uttarkashi,Bhagirathi Basin (Asi Ganga River),cloudburst-induced flood,True,,DERIVED,HISTORICAL_DISASTER_EVENT,0.625,0.9799999892711639,14.6299998909235,14.699999891221523,17.269999807700515,23.439999585971236,23.439999585971236,23.439999585971236,1.25,14.56,1.003,19.92,,,,,,,,,,1150.0,26.8,225.0,-0.014,15200.0,1.9,110.0,8.9,14.8,BASIN-UK-3904B7,520.0,4,10,0.65,0.2,0.05,,,,,,,,,,,,,,,,,,,
FL-UK-2012-01,2012-08-03,2012-08-03T22:30:00,30.849998474121094,78.3499984741211,Uttarkashi,Bhagirathi Basin (Asi Ganga River),cloudburst-induced flood,True,,DERIVED,HISTORICAL_DISASTER_EVENT,0.0,0.5349999666213989,0.5349999666213989,0.5349999666213989,1.2999999448657036,5.779999695718288,5.779999695718288,5.779999695718288,0.5349999666213989,0.535,2.221,4.91,,,,,,,,,,1150.0,26.8,225.0,-0.014,15200.0,1.9,110.0,8.9,14.8,BASIN-UK-3904B7,520.0,4,10,0.65,0.2,0.05,,,,,,,,,,,,,,,,,,,
FL-UK-2012-01,2012-08-03,2012-08-03T22:30:00,30.849998474121094,78.44999694824219,Uttarkashi,Bhagirathi Basin (Asi Ganga River),cloudburst-induced flood,True,,DERIVED,HISTORICAL_DISASTER_EVENT,0.0,0.3349999785423279,0.4649999737739563,0.4649999737739563,0.8699999498203397,12.419999708421528,12.419999708421528,12.419999708421528,0.3349999785423279,0.465,0.647,10.56,,,,,,,,,,1150.0,26.8,225.0,-0.014,15200.0,1.9,110.0,8.9,14.8,BASIN-UK-3904B7,520.0,4,10,0.65,0.2,0.05,,,,,,,,,,,,,,,,,,,
FL-UK-2012-01,2012-08-03,2012-08-03T22:30:00,30.849998474121094,78.54999542236328,Uttarkashi,Bhagirathi Basin (Asi Ganga River),cloudburst-induced flood,True,,DERIVED,HISTORICAL_DISASTER_EVENT,0.0,0.4399999976158142,16.84499980509281,16.919999800622463,17.949999772012234,24.629999689757824,24.629999689757824,24.629999689757824,0.4399999976158142,16.77,0.429,20.94,,,,,,,,,,1150.0,26.8,225.0,-0.014,15200.0,1.9,110.0,8.9,14.8,BASIN-UK-3904B7,520.0,4,10,0.65,0.2,0.05,,,,,,,,,,,,,,,,,,,
FL-UK-2012-01,2012-08-03,2012-08-04T00:30:00,30.649999618530273,78.3499984741211,Uttarkashi,Bhagirathi Basin (Asi Ganga River),cloudburst-induced flood,True,,DERIVED,HISTORICAL_DISASTER_EVENT,0.0,0.0,5.479999929666519,6.029999941587448,10.549999788403511,11.809999778866768,11.809999778866768,11.809999778866768,0.0,4.93,0.0,10.04,,,,,,,,,,1150.0,26.8,225.0,-0.014,15200.0,1.9,110.0,8.9,14.8,BASIN-UK-3904B7,520.0,4,10,0.65,0.2,0.05,,,,,,,,,,,,,,,,,,,
FL-UK-2012-01,2012-08-03,2012-08-04T00:30:00,30.649999618530273,78.44999694824219,Uttarkashi,Bhagirathi Basin (Asi Ganga River),cloudburst-induced flood,True,,DERIVED,HISTORICAL_DISASTER_EVENT,0.11499999463558197,0.3449999839067459,4.9699998795986176,6.1949999034404755,10.724999845027924,12.169999815523624,12.169999815523624,12.169999815523624,0.3449999839067459,3.745,0.68,10.34,,,,,,,,,,1150.0,26.8,225.0,-0.014,15200.0,1.9,110.0,8.9,14.8,BASIN-UK-3904B7,520.0,4,10,0.65,0.2,0.05,,,,,,,,,,,,,,,,,,,
FL-UK-2012-01,2012-08-03,2012-08-04T00:30:00,30.649999618530273,78.54999542236328,Uttarkashi,Bhagirathi Basin (Asi Ganga River),cloudburst-induced flood,True,,DERIVED,HISTORICAL_DISASTER_EVENT,0.28999999165534973,0.8849999606609344,4.7049999833106995,5.919999897480011,9.234999865293503,12.32999974489212,12.32999974489212,12.32999974489212,0.8849999606609344,3.49,1.723,10.48,,,,,,,,,,1150.0,26.8,225.0,-0.014,15200.0,1.9,110.0,8.9,14.8,BASIN-UK-3904B7,520.0,4,10,0.65,0.2,0.05,,,,,,,,,,,,,,,,,,,
FL-UK-2012-01,2012-08-03,2012-08-04T00:30:00,30.75,78.3499984741211,Uttarkashi,Bhagirathi Basin (Asi Ganga River),cloudburst-induced flood,True,,DERIVED,HISTORICAL_DISASTER_EVENT,0.0,0.25,6.094999715685844,6.639999732375145,11.609999567270279,13.8499995470047,13.8499995470047,13.8499995470047,0.25,5.55,0.433,11.77,,,,,,,,,,1150.0,26.8,225.0,-0.014,15200.0,1.9,110.0,8.9,14.8,BASIN-UK-3904B7,520.0,4,10,0.65,0.2,0.05,,,,,,,,,,,,,,,,,,,
FL-UK-2012-01,2012-08-03,2012-08-04T00:30:00,30.75,78.44999694824219,Uttarkashi,Bhagirathi Basin (Asi Ganga River),cloudburst-induced flood,True,,DERIVED,HISTORICAL_DISASTER_EVENT,0.0,0.0,4.979999963194132,5.889999929815531,8.499999839812517,13.164999689906836,13.164999689906836,13.164999689906836,0.0,4.07,0.0,11.19,,,,,,,,,,1150.0,26.8,225.0,-0.014,15200.0,1.9,110.0,8.9,14.8,BASIN-UK-3904B7,520.0,4,10,0.65,0.2,0.05,,,,,,,,,,,,,,,,,,,
FL-UK-2012-01,2012-08-03,2012-08-04T00:30:00,30.75,78.54999542236328,Uttarkashi,Bhagirathi Basin (Asi Ganga River),cloudburst-induced flood,True,,DERIVED,HISTORICAL_DISASTER_EVENT,0.0,0.625,11.744999900460243,14.699999891221523,16.854999816045165,23.439999585971236,23.439999585971236,23.439999585971236,0.625,8.79,0.64,19.92,,,,,,,,,,1150.0,26.8,225.0,-0.014,15200.0,1.9,110.0,8.9,14.8,BASIN-UK-3904B7,520.0,4,10,0.65,0.2,0.05,,,,,,,,,,,,,,,,,,,
FL-UK-2012-01,2012-08-03,2012-08-04T00:30:00,30.849998474121094,78.3499984741211,Uttarkashi,Bhagirathi Basin (Asi Ganga River),cloudburst-induced flood,True,,DERIVED,HISTORICAL_DISASTER_EVENT,0.0,0.0,0.5349999666213989,0.5349999666213989,1.2999999448657036,5.779999695718288,5.779999695718288,5.779999695718288,0.0,0.535,0.0,4.91,,,,,,,,,,1150.0,26.8,225.0,-0.014,15200.0,1.9,110.0,8.9,14.8,BASIN-UK-3904B7,520.0,4,10,0.65,0.2,0.05,,,,,,,,,,,,,,,,,,,
FL-UK-2012-01,2012-08-03,2012-08-04T00:30:00,30.849998474121094,78.44999694824219,Uttarkashi,Bhagirathi Basin (Asi Ganga River),cloudburst-induced flood,True,,DERIVED,HISTORICAL_DISASTER_EVENT,0.0,0.0,0.3349999785423279,0.4649999737739563,0.8699999498203397,12.419999708421528,12.419999708421528,12.419999708421528,0.0,0.205,0.0,10.56,,,,,,,,,,1150.0,26.8,225.0,-0.014,15200.0,1.9,110.0,8.9,14.8,BASIN-UK-3904B7,520.0,4,10,0.65,0.2,0.05,,,,,,,,,,,,,,,,,,,
FL-UK-2012-01,2012-08-03,2012-08-04T00:30:00,30.849998474121094,78.54999542236328,Uttarkashi,Bhagirathi Basin (Asi Ganga River),cloudburst-induced flood,True,,DERIVED,HISTORICAL_DISASTER_EVENT,0.16499999165534973,0.16499999165534973,14.034999892115593,17.084999792277813,18.114999763667583,24.794999681413174,24.794999681413174,24.794999681413174,0.32999998331069946,10.985,0.16,21.08,,,,,,,,,,1150.0,26.8,225.0,-0.014,15200.0,1.9,110.0,8.9,14.8,BASIN-UK-3904B7,520.0,4,10,0.65,0.2,0.05,,,,,,,,,,,,,,,,,,,
FL-UK-2012-01,2012-08-03,2012-08-04T02:30:00,30.649999618530273,78.3499984741211,Uttarkashi,Bhagirathi Basin (Asi Ganga River),cloudburst-induced flood,True,,DERIVED,HISTORICAL_DISASTER_EVENT,0.11499999463558197,0.11499999463558197,1.3700000196695328,6.14499993622303,10.664999783039093,11.92499977350235,11.92499977350235,11.92499977350235,0.22999998927116394,-3.405,0.231,10.14,,,,,,,,,,1150.0,26.8,225.0,-0.014,15200.0,1.9,110.0,8.9,14.8,BASIN-UK-3904B7,520.0,4,10,0.65,0.2,0.05,,,,,,,,,,,,,,,,,,,
FL-UK-2012-01,2012-08-03,2012-08-04T02:30:00,30.649999618530273,78.44999694824219,Uttarkashi,Bhagirathi Basin (Asi Ganga River),cloudburst-induced flood,True,,DERIVED,HISTORICAL_DISASTER_EVENT,0.11499999463558197,0.22999998927116394,1.6099999696016312,6.309999898076057,10.549999848008156,12.284999810159206,12.284999810159206,12.284999810159206,0.22999998927116394,-3.09,0.449,10.44,,,,,,,,,,1150.0,26.8,225.0,-0.014,15200.0,1.9,110.0,8.9,14.8,BASIN-UK-3904B7,520.0,4,10,0.65,0.2,0.05,,,,,,,,,,,,,,,,,,,
FL-UK-2012-01,2012-08-03,2012-08-04T02:30:00,30.649999618530273,78.54999542236328,Uttarkashi,Bhagirathi Basin (Asi Ganga River),cloudburst-induced flood,True,,DERIVED,HISTORICAL_DISASTER_EVENT,0.23999999463558197,0.5299999862909317,2.3699999302625656,6.159999892115593,9.334999859333038,12.569999739527702,12.569999739527702,12.569999739527702,0.5299999862909317,-1.42,1.012,10.68,,,,,,,,,,1150.0,26.8,225.0,-0.014,15200.0,1.9,110.0,8.9,14.8,BASIN-UK-3904B7,520.0,4,10,0.65,0.2,0.05,,,,,,,,,,,,,,,,,,,
FL-UK-2012-01,2012-08-03,2012-08-04T02:30:00,30.75,78.3499984741211,Uttarkashi,Bhagirathi Basin (Asi Ganga River),cloudburst-induced flood,True,,DERIVED,HISTORICAL_DISASTER_EVENT,0.14000000059604645,0.14000000059604645,1.9749999642372131,6.779999732971191,11.749999567866325,13.989999547600746,13.989999547600746,13.989999547600746,0.2800000011920929,-2.83,0.24,11.89,,,,,,,,,,1150.0,26.8,225.0,-0.014,15200.0,1.9,110.0,8.9,14.8,BASIN-UK-3904B7,520.0,4,10,0.65,0.2,0.05,,,,,,,,,,,,,,,,,,,
FL-UK-2012-01,2012-08-03,2012-08-04T02:30:00,30.75,78.44999694824219,Uttarkashi,Bhagirathi Basin (Asi Ganga River),cloudburst-induced flood,True,,DERIVED,HISTORICAL_DISASTER_EVENT,0.10499999672174454,0.10499999672174454,1.614999931305647,5.994999926537275,8.384999837726355,13.26999968662858,13.26999968662858,13.26999968662858,0.20999999344348907,-2.765,0.19,11.28,,,,,,,,,,1150.0,26.8,225.0,-0.014,15200.0,1.9,110.0,8.9,14.8,BASIN-UK-3904B7,520.0,4,10,0.65,0.2,0.05,,,,,,,,,,,,,,,,,,,
FL-UK-2012-01,2012-08-03,2012-08-04T02:30:00,30.75,78.54999542236328,Uttarkashi,Bhagirathi Basin (Asi Ganga River),cloudburst-induced flood,True,,DERIVED,HISTORICAL_DISASTER_EVENT,0.08500000089406967,0.08500000089406967,4.36999986320734,14.784999892115593,16.78999982587993,23.524999586865306,23.524999586865306,23.524999586865306,0.17000000178813934,-6.045,0.087,20.0,,,,,,,,,,1150.0,26.8,225.0,-0.014,15200.0,1.9,110.0,8.9,14.8,BASIN-UK-3904B7,520.0,4,10,0.65,0.2,0.05,,,,,,,,,,,,,,,,,,,
FL-UK-2012-01,2012-08-03,2012-08-04T02:30:00,30.849998474121094,78.3499984741211,Uttarkashi,Bhagirathi Basin (Asi Ganga River),cloudburst-induced flood,True,,DERIVED,HISTORICAL_DISASTER_EVENT,0.0,0.0,0.5349999666213989,0.5349999666213989,1.2999999448657036,5.779999695718288,5.779999695718288,5.779999695718288,0.0,0.535,0.0,4.91,,,,,,,,,,1150.0,26.8,225.0,-0.014,15200.0,1.9,110.0,8.9,14.8,BASIN-UK-3904B7,520.0,4,10,0.65,0.2,0.05,,,,,,,,,,,,,,,,,,,
FL-UK-2012-01,2012-08-03,2012-08-04T02:30:00,30.849998474121094,78.44999694824219,Uttarkashi,Bhagirathi Basin (Asi Ganga River),cloudburst-induced flood,True,,DERIVED,HISTORICAL_DISASTER_EVENT,0.0,0.0,0.3349999785423279,0.4649999737739563,0.8699999498203397,12.419999708421528,12.419999708421528,12.419999708421528,0.0,0.205,0.0,10.56,,,,,,,,,,1150.0,26.8,225.0,-0.014,15200.0,1.9,110.0,8.9,14.8,BASIN-UK-3904B7,520.0,4,10,0.65,0.2,0.05,,,,,,,,,,,,,,,,,,,
FL-UK-2012-01,2012-08-03,2012-08-04T02:30:00,30.849998474121094,78.54999542236328,Uttarkashi,Bhagirathi Basin (Asi Ganga River),cloudburst-induced flood,True,,DERIVED,HISTORICAL_DISASTER_EVENT,0.0,0.16499999165534973,4.920000120997429,17.084999792277813,18.114999763667583,24.794999681413174,24.794999681413174,24.794999681413174,0.16499999165534973,-7.245,0.16,21.08,,,,,,,,,,1150.0,26.8,225.0,-0.014,15200.0,1.9,110.0,8.9,14.8,BASIN-UK-3904B7,520.0,4,10,0.65,0.2,0.05,,,,,,,,,,,,,,,,,,,
FL-UK-2012-01,2012-08-03,2012-08-04T04:30:00,30.649999618530273,78.3499984741211,Uttarkashi,Bhagirathi Basin (Asi Ganga River),cloudburst-induced flood,True,,DERIVED,HISTORICAL_DISASTER_EVENT,0.73499995470047,0.8499999493360519,1.0099999457597733,6.8799998909235,11.399999737739563,12.65999972820282,12.65999972820282,12.65999972820282,1.46999990940094,-4.86,1.611,10.76,,,,,,,,,,1150.0,26.8,225.0,-0.014,15200.0,1.9,110.0,8.9,14.8,BASIN-UK-3904B7,520.0,4,10,0.65,0.2,0.05,,,,,,,,,,,,,,,,,,,
FL-UK-2012-01,2012-08-03,2012-08-04T04:30:00,30.649999618530273,78.44999694824219,Uttarkashi,Bhagirathi Basin (Asi Ganga River),cloudburst-induced flood,True,,DERIVED,HISTORICAL_DISASTER_EVENT,0.5649999976158142,0.6799999922513962,1.169999971985817,6.874999895691872,11.11499984562397,12.84999980777502,12.84999980777502,12.84999980777502,1.1299999952316284,-4.535,1.27,10.92,,,,,,,,,,1150.0,26.8,225.0,-0.014,15200.0,1.9,110.0,8.9,14.8,BASIN-UK-3904B7,520.0,4,10,0.65,0.2,0.05,,,,,,,,,,,,,,,,,,,
FL-UK-2012-01,2012-08-03,2012-08-04T04:30:00,30.649999618530273,78.54999542236328,Uttarkashi,Bhagirathi Basin (Asi Ganga River),cloudburst-induced flood,True,,DERIVED,HISTORICAL_DISASTER_EVENT,0.35999998450279236,0.5999999791383743,1.9699999243021011,6.519999876618385,9.69499984383583,12.929999724030495,12.929999724030495,12.929999724030495,0.7199999690055847,-2.58,1.114,10.99,,,,,,,,,,1150.0,26.8,225.0,-0.014,15200.0,1.9,110.0,8.9,14.8,BASIN-UK-3904B7,520.0,4,10,0.65,0.2,0.05,,,,,,,,,,,,,,,,,,,
FL-UK-2012-01,2012-08-03,2012-08-04T04:30:00,30.75,78.3499984741211,Uttarkashi,Bhagirathi Basin (Asi Ganga River),cloudburst-induced flood,True,,DERIVED,HISTORICAL_DISASTER_EVENT,0.85999995470047,0.9999999552965164,1.8199999332427979,7.639999687671661,12.609999522566795,14.849999502301216,14.849999502301216,14.849999502301216,1.71999990940094,-4.0,1.616,12.62,,,,,,,,,,1150.0,26.8,225.0,-0.014,15200.0,1.9,110.0,8.9,14.8,BASIN-UK-3904B7,520.0,4,10,0.65,0.2,0.05,,,,,,,,,,,,,,,,,,,
FL-UK-2012-01,2012-08-03,2012-08-04T04:30:00,30.75,78.44999694824219,Uttarkashi,Bhagirathi Basin (Asi Ganga River),cloudburst-induced flood,True,,DERIVED,HISTORICAL_DISASTER_EVENT,0.625,0.7299999967217445,1.1899999789893627,6.619999926537275,9.009999837726355,13.89499968662858,13.89499968662858,13.89499968662858,1.25,-4.24,1.261,11.81,,,,,,,,,,1150.0,26.8,225.0,-0.014,15200.0,1.9,110.0,8.9,14.8,BASIN-UK-3904B7,520.0,4,10,0.65,0.2,0.05,,,,,,,,,,,,,,,,,,,
FL-UK-2012-01,2012-08-03,2012-08-04T04:30:00,30.75,78.54999542236328,Uttarkashi,Bhagirathi Basin (Asi Ganga River),cloudburst-induced flood,True,,DERIVED,HISTORICAL_DISASTER_EVENT,0.2800000011920929,0.36500000208616257,1.5199999883770943,15.064999893307686,16.939999831840396,23.8049995880574,23.8049995880574,23.8049995880574,0.5600000023841858,-12.025,0.368,20.23,,,,,,,,,,1150.0,26.8,225.0,-0.014,15200.0,1.9,110.0,8.9,14.8,BASIN-UK-3904B7,520.0,4,10,0.65,0.2,0.05,,,,,,,,,,,,,,,,,,,
FL-UK-2012-01,2012-08-03,2012-08-04T04:30:00,30.849998474121094,78.3499984741211,Uttarkashi,Bhagirathi Basin (Asi Ganga River),cloudburst-induced flood,True,,DERIVED,HISTORICAL_DISASTER_EVENT,0.125,0.125,0.6599999666213989,0.6599999666213989,1.4249999448657036,5.904999695718288,5.904999695718288,5.904999695718288,0.25,0.66,0.508,5.02,,,,,,,,,,1150.0,26.8,225.0,-0.014,15200.0,1.9,110.0,8.9,14.8,BASIN-UK-3904B7,520.0,4,10,0.65,0.2,0.05,,,,,,,,,,,,,,,,,,,
FL-UK-2012-01,2012-08-03,2012-08-04T04:30:00,30.849998474121094,78.44999694824219,Uttarkashi,Bhagirathi Basin (Asi Ganga River),cloudburst-induced flood,True,,DERIVED,HISTORICAL_DISASTER_EVENT,0.0,0.0,0.3349999785423279,0.4649999737739563,0.8699999498203397,12.419999708421528,12.419999708421528,12.419999708421528,0.0,0.205,0.0,10.56,,,,,,,,,,1150.0,26.8,225.0,-0.014,15200.0,1.9,110.0,8.9,14.8,BASIN-UK-3904B7,520.0,4,10,0.65,0.2,0.05,,,,,,,,,,,,,,,,,,,
FL-UK-2012-01,2012-08-03,2012-08-04T04:30:00,30.849998474121094,78.54999542236328,Uttarkashi,Bhagirathi Basin (Asi Ganga River),cloudburst-induced flood,True,,DERIVED,HISTORICAL_DISASTER_EVENT,0.0,0.0,0.6849999874830246,17.084999792277813,18.114999763667583,24.794999681413174,24.794999681413174,24.794999681413174,0.0,-15.715,0.0,21.08,,,,,,,,,,1150.0,26.8,225.0,-0.014,15200.0,1.9,110.0,8.9,14.8,BASIN-UK-3904B7,520.0,4,10,0.65,0.2,0.05,,,,,,,,,,,,,,,,,,,
FL-UK-2012-01,2012-08-03,2012-08-04T06:30:00,30.649999618530273,78.3499984741211,Uttarkashi,Bhagirathi Basin (Asi Ganga River),cloudburst-induced flood,True,,DERIVED,HISTORICAL_DISASTER_EVENT,0.14999999105930328,0.8849999457597733,0.9999999403953552,7.029999881982803,11.549999728798866,12.809999719262123,12.809999719262123,12.809999719262123,0.8849999457597733,-5.03,1.658,10.89,,,,,,,,,,1150.0,26.8,225.0,-0.014,15200.0,1.9,110.0,8.9,14.8,BASIN-UK-3904B7,520.0,4,10,0.65,0.2,0.05,,,,,,,,,,,,,,,,,,,
FL-UK-2012-01,2012-08-03,2012-08-04T06:30:00,30.649999618530273,78.44999694824219,Uttarkashi,Bhagirathi Basin (Asi Ganga River),cloudburst-induced flood,True,,DERIVED,HISTORICAL_DISASTER_EVENT,0.0,0.5649999976158142,1.024999976158142,6.874999895691872,11.11499984562397,12.84999980777502,12.84999980777502,12.84999980777502,0.5649999976158142,-4.825,1.055,10.92,,,,,,,,,,1150.0,26.8,225.0,-0.014,15200.0,1.9,110.0,8.9,14.8,BASIN-UK-3904B7,520.0,4,10,0.65,0.2,0.05,,,,,,,,,,,,,,,,,,,
FL-UK-2012-01,2012-08-03,2012-08-04T06:30:00,30.649999618530273,78.54999542236328,Uttarkashi,Bhagirathi Basin (Asi Ganga River),cloudburst-induced flood,True,,DERIVED,HISTORICAL_DISASTER_EVENT,0.25999999046325684,0.6199999749660492,1.9699999243021011,6.779999867081642,9.954999834299088,13.189999714493752,13.189999714493752,13.189999714493752,0.6199999749660492,-2.84,1.128,11.21,,,,,,,,,,1150.0,26.8,225.0,-0.014,15200.0,1.9,110.0,8.9,14.8,BASIN-UK-3904B7,520.0,4,10,0.65,0.2,0.05,,,,,,,,,,,,,,,,,,,
FL-UK-2012-01,2012-08-03,2012-08-04T06:30:00,30.75,78.3499984741211,Uttarkashi,Bhagirathi Basin (Asi Ganga River),cloudburst-induced flood,True,,DERIVED,HISTORICAL_DISASTER_EVENT,0.0,0.85999995470047,1.76999993622303,7.639999687671661,12.609999522566795,14.849999502301216,14.849999502301216,14.849999502301216,0.85999995470047,-4.1,1.39,12.62,,,,,,,,,,1150.0,26.8,225.0,-0.014,15200.0,1.9,110.0,8.9,14.8,BASIN-UK-3904B7,520.0,4,10,0.65,0.2,0.05,,,,,,,,,,,,,,,,,,,
FL-UK-2012-01,2012-08-03,2012-08-04T06:30:00,30.75,78.44999694824219,Uttarkashi,Bhagirathi Basin (Asi Ganga River),cloudburst-induced flood,True,,DERIVED,HISTORICAL_DISASTER_EVENT,0.0,0.625,1.154999978840351,6.619999926537275,9.009999837726355,13.89499968662858,13.89499968662858,13.89499968662858,0.625,-4.31,1.08,11.81,,,,,,,,,,1150.0,26.8,225.0,-0.014,15200.0,1.9,110.0,8.9,14.8,BASIN-UK-3904B7,520.0,4,10,0.65,0.2,0.05,,,,,,,,,,,,,,,,,,,
FL-UK-2012-01,2012-08-03,2012-08-04T06:30:00,30.75,78.54999542236328,Uttarkashi,Bhagirathi Basin (Asi Ganga River),cloudburst-induced flood,True,,DERIVED,HISTORICAL_DISASTER_EVENT,0.2449999898672104,0.5249999910593033,1.589999981224537,15.309999883174896,17.184999821707606,24.04999957792461,24.04999957792461,24.04999957792461,0.5249999910593033,-12.13,0.524,20.44,,,,,,,,,,1150.0,26.8,225.0,-0.014,15200.0,1.9,110.0,8.9,14.8,BASIN-UK-3904B7,520.0,4,10,0.65,0.2,0.05,,,,,,,,,,,,,,,,,,,
FL-UK-2012-01,2012-08-03,2012-08-04T06:30:00,30.849998474121094,78.3499984741211,Uttarkashi,Bhagirathi Basin (Asi Ganga River),cloudburst-induced flood,True,,DERIVED,HISTORICAL_DISASTER_EVENT,0.0,0.125,0.6599999666213989,0.6599999666213989,1.4249999448657036,5.904999695718288,5.904999695718288,5.904999695718288,0.125,0.66,0.508,5.02,,,,,,,,,,1150.0,26.8,225.0,-0.014,15200.0,1.9,110.0,8.9,14.8,BASIN-UK-3904B7,520.0,4,10,0.65,0.2,0.05,,,,,,,,,,,,,,,,,,,
FL-UK-2012-01,2012-08-03,2012-08-04T06:30:00,30.849998474121094,78.44999694824219,Uttarkashi,Bhagirathi Basin (Asi Ganga River),cloudburst-induced flood,True,,DERIVED,HISTORICAL_DISASTER_EVENT,0.0,0.0,0.3349999785423279,0.4649999737739563,0.8699999498203397,12.419999708421528,12.419999708421528,12.419999708421528,0.0,0.205,0.0,10.56,,,,,,,,,,1150.0,26.8,225.0,-0.014,15200.0,1.9,110.0,8.9,14.8,BASIN-UK-3904B7,520.0,4,10,0.65,0.2,0.05,,,,,,,,,,,,,,,,,,,
FL-UK-2012-01,2012-08-03,2012-08-04T06:30:00,30.849998474121094,78.54999542236328,Uttarkashi,Bhagirathi Basin (Asi Ganga River),cloudburst-induced flood,True,,DERIVED,HISTORICAL_DISASTER_EVENT,0.1899999976158142,0.1899999976158142,0.7949999868869781,17.274999789893627,18.304999761283398,24.984999679028988,24.984999679028988,24.984999679028988,0.3799999952316284,-15.685,0.183,21.24,,,,,,,,,,1150.0,26.8,225.0,-0.014,15200.0,1.9,110.0,8.9,14.8,BASIN-UK-3904B7,520.0,4,10,0.65,0.2,0.05,,,,,,,,,,,,,,,,,,,
FL-UK-2012-01,2012-08-03,2012-08-04T08:30:00,30.649999618530273,78.3499984741211,Uttarkashi,Bhagirathi Basin (Asi Ganga River),cloudburst-induced flood,True,,DERIVED,HISTORICAL_DISASTER_EVENT,0.23499999940395355,0.38499999046325684,1.2349999397993088,7.264999881386757,11.78499972820282,13.044999718666077,13.044999718666077,13.044999718666077,0.4699999988079071,-4.795,0.708,11.09,,,,,,,,,,1150.0,26.8,225.0,-0.014,15200.0,1.9,110.0,8.9,14.8,BASIN-UK-3904B7,520.0,4,10,0.65,0.2,0.05,,,,,,,,,,,,,,,,,,,
FL-UK-2012-01,2012-08-03,2012-08-04T08:30:00,30.649999618530273,78.44999694824219,Uttarkashi,Bhagirathi Basin (Asi Ganga River),cloudburst-induced flood,True,,DERIVED,HISTORICAL_DISASTER_EVENT,0.6549999713897705,0.6549999713897705,1.6799999475479126,7.529999867081642,11.76999981701374,13.504999779164791,13.504999779164791,13.504999779164791,1.309999942779541,-4.17,1.164,11.48,,,,,,,,,,1150.0,26.8,225.0,-0.014,15200.0,1.9,110.0,8.9,14.8,BASIN-UK-3904B7,520.0,4,10,0.65,0.2,0.05,,,,,,,,,,,,,,,,,,,
FL-UK-2012-01,2012-08-03,2012-08-04T08:30:00,30.649999618530273,78.54999542236328,Uttarkashi,Bhagirathi Basin (Asi Ganga River),cloudburst-induced flood,True,,DERIVED,HISTORICAL_DISASTER_EVENT,0.7599999904632568,1.0199999809265137,2.5049999207258224,7.539999857544899,10.714999824762344,13.949999704957008,13.949999704957008,13.949999704957008,1.5199999809265137,-2.53,1.755,11.86,,,,,,,,,,1150.0,26.8,225.0,-0.014,15200.0,1.9,110.0,8.9,14.8,BASIN-UK-3904B7,520.0,4,10,0.65,0.2,0.05,,,,,,,,,,,,,,,,,,,
FL-UK-2012-01,2012-08-03,2012-08-04T08:30:00,30.75,78.3499984741211,Uttarkashi,Bhagirathi Basin (Asi Ganga River),cloudburst-induced flood,True,,DERIVED,HISTORICAL_DISASTER_EVENT,0.04999999701976776,0.04999999701976776,1.2999999523162842,7.689999684691429,12.564999520778656,14.899999499320984,14.899999499320984,14.899999499320984,0.09999999403953552,-5.09,0.081,12.66,,,,,,,,,,1150.0,26.8,225.0,-0.014,15200.0,1.9,110.0,8.9,14.8,BASIN-UK-3904B7,520.0,4,10,0.65,0.2,0.05,,,,,,,,,,,,,,,,,,,
FL-UK-2012-01,2012-08-03,2012-08-04T08:30:00,30.75,78.44999694824219,Uttarkashi,Bhagirathi Basin (Asi Ganga River),cloudburst-induced flood,True,,DERIVED,HISTORICAL_DISASTER_EVENT,0.6549999713897705,0.6549999713897705,1.384999968111515,7.274999897927046,9.664999809116125,14.54999965801835,14.54999965801835,14.54999965801835,1.309999942779541,-4.505,1.08,12.37,,,,,,,,,,1150.0,26.8,225.0,-0.014,15200.0,1.9,110.0,8.9,14.8,BASIN-UK-3904B7,520.0,4,10,0.65,0.2,0.05,,,,,,,,,,,,,,,,,,,
FL-UK-2012-01,2012-08-03,2012-08-04T08:30:00,30.75,78.54999542236328,Uttarkashi,Bhagirathi Basin (Asi Ganga River),cloudburst-induced flood,True,,DERIVED,HISTORICAL_DISASTER_EVENT,0.7799999713897705,1.024999961256981,2.0149999633431435,16.089999854564667,17.964999793097377,24.82999954931438,24.82999954931438,24.82999954931438,1.559999942779541,-12.06,0.991,21.11,,,,,,,,,,1150.0,26.8,225.0,-0.014,15200.0,1.9,110.0,8.9,14.8,BASIN-UK-3904B7,520.0,4,10,0.65,0.2,0.05,,,,,,,,,,,,,,,,,,,
FL-UK-2012-01,2012-08-03,2012-08-04T08:30:00,30.849998474121094,78.3499984741211,Uttarkashi,Bhagirathi Basin (Asi Ganga River),cloudburst-induced flood,True,,DERIVED,HISTORICAL_DISASTER_EVENT,0.0,0.0,0.125,0.6599999666213989,1.4249999448657036,5.904999695718288,5.904999695718288,5.904999695718288,0.0,-0.41,0.0,5.02,,,,,,,,,,1150.0,26.8,225.0,-0.014,15200.0,1.9,110.0,8.9,14.8,BASIN-UK-3904B7,520.0,4,10,0.65,0.2,0.05,,,,,,,,,,,,,,,,,,,
FL-UK-2012-01,2012-08-03,2012-08-04T08:30:00,30.849998474121094,78.44999694824219,Uttarkashi,Bhagirathi Basin (Asi Ganga River),cloudburst-induced flood,True,,DERIVED,HISTORICAL_DISASTER_EVENT,0.2800000011920929,0.2800000011920929,0.2800000011920929,0.7449999749660492,1.1499999510124326,12.699999709613621,12.699999709613621,12.699999709613621,0.5600000023841858,-0.185,0.529,10.79,,,,,,,,,,1150.0,26.8,225.0,-0.014,15200.0,1.9,110.0,8.9,14.8,BASIN-UK-3904B7,520.0,4,10,0.65,0.2,0.05,,,,,,,,,,,,,,,,,,,
FL-UK-2012-01,2012-08-03,2012-08-04T08:30:00,30.849998474121094,78.54999542236328,Uttarkashi,Bhagirathi Basin (Asi Ganga River),cloudburst-induced flood,True,,DERIVED,HISTORICAL_DISASTER_EVENT,0.35499998927116394,0.5449999868869781,0.7099999785423279,17.62999977916479,18.65999975055456,25.339999668300152,25.339999668300152,25.339999668300152,0.7099999785423279,-16.21,0.516,21.54,,,,,,,,,,1150.0,26.8,225.0,-0.014,15200.0,1.9,110.0,8.9,14.8,BASIN-UK-3904B7,520.0,4,10,0.65,0.2,0.05,,,,,,,,,,,,,,,,,,,
FL-UK-2012-01,2012-08-03,2012-08-04T10:30:00,30.649999618530273,78.3499984741211,Uttarkashi,Bhagirathi Basin (Asi Ganga River),cloudburst-induced flood,True,,DERIVED,HISTORICAL_DISASTER_EVENT,0.22999998927116394,0.4649999886751175,1.4649999290704727,7.494999870657921,11.774999722838402,13.27499970793724,13.27499970793724,13.27499970793724,0.4649999886751175,-4.565,0.841,11.28,,,,,,,,,,1150.0,26.8,225.0,-0.014,15200.0,1.9,110.0,8.9,14.8,BASIN-UK-3904B7,520.0,4,10,0.65,0.2,0.05,,,,,,,,,,,,,,,,,,,
FL-UK-2012-01,2012-08-03,2012-08-04T10:30:00,30.649999618530273,78.44999694824219,Uttarkashi,Bhagirathi Basin (Asi Ganga River),cloudburst-induced flood,True,,DERIVED,HISTORICAL_DISASTER_EVENT,0.2199999988079071,0.8749999701976776,1.6699999570846558,7.749999865889549,11.659999832510948,13.724999777972698,13.724999777972698,13.724999777972698,0.8749999701976776,-4.41,1.53,11.67,,,,,,,,,,1150.0,26.8,225.0,-0.014,15200.0,1.9,110.0,8.9,14.8,BASIN-UK-3904B7,520.0,4,10,0.65,0.2,0.05,,,,,,,,,,,,,,,,,,,
FL-UK-2012-01,2012-08-03,2012-08-04T10:30:00,30.649999618530273,78.54999542236328,Uttarkashi,Bhagirathi Basin (Asi Ganga River),cloudburst-induced flood,True,,DERIVED,HISTORICAL_DISASTER_EVENT,0.26999998092651367,1.0299999713897705,2.1799999326467514,7.809999838471413,10.664999812841415,14.219999685883522,14.219999685883522,14.219999685883522,1.0299999713897705,-3.45,1.738,12.09,,,,,,,,,,1150.0,26.8,225.0,-0.014,15200.0,1.9,110.0,8.9,14.8,BASIN-UK-3904B7,520.0,4,10,0.65,0.2,0.05,,,,,,,,,,,,,,,,,,,
FL-UK-2012-01,2012-08-03,2012-08-04T10:30:00,30.75,78.3499984741211,Uttarkashi,Bhagirathi Basin (Asi Ganga River),cloudburst-induced flood,True,,DERIVED,HISTORICAL_DISASTER_EVENT,0.2849999964237213,0.3349999934434891,1.3349999487400055,7.9749996811151505,12.399999529123306,15.184999495744705,15.184999495744705,15.184999495744705,0.5699999928474426,-5.305,0.529,12.91,,,,,,,,,,1150.0,26.8,225.0,-0.014,15200.0,1.9,110.0,8.9,14.8,BASIN-UK-3904B7,520.0,4,10,0.65,0.2,0.05,,,,,,,,,,,,,,,,,,,
FL-UK-2012-01,2012-08-03,2012-08-04T10:30:00,30.75,78.44999694824219,Uttarkashi,Bhagirathi Basin (Asi Ganga River),cloudburst-induced flood,True,,DERIVED,HISTORICAL_DISASTER_EVENT,0.1850000023841858,0.8399999737739563,1.5699999704957008,7.459999900311232,9.724999811500311,14.734999660402536,14.734999660402536,14.734999660402536,0.8399999737739563,-4.32,1.368,12.52,,,,,,,,,,1150.0,26.8,225.0,-0.014,15200.0,1.9,110.0,8.9,14.8,BASIN-UK-3904B7,520.0,4,10,0.65,0.2,0.05,,,,,,,,,,,,,,,,,,,
FL-UK-2012-01,2012-08-03,2012-08-04T10:30:00,30.75,78.54999542236328,Uttarkashi,Bhagirathi Basin (Asi Ganga River),cloudburst-induced flood,True,,DERIVED,HISTORICAL_DISASTER_EVENT,0.25999999046325684,1.0399999618530273,1.6499999538064003,16.2799998447299,17.939999787136912,25.089999539777637,25.089999539777637,25.089999539777637,1.0399999618530273,-12.98,0.995,21.33,,,,,,,,,,1150.0,26.8,225.0,-0.014,15200.0,1.9,110.0,8.9,14.8,BASIN-UK-3904B7,520.0,4,10,0.65,0.2,0.05,,,,,,,,,,,,,,,,,,,
FL-UK-2012-01,2012-08-03,2012-08-04T10:30:00,30.849998474121094,78.3499984741211,Uttarkashi,Bhagirathi Basin (Asi Ganga River),cloudburst-induced flood,True,,DERIVED,HISTORICAL_DISASTER_EVENT,0.3100000023841858,0.3100000023841858,0.4350000023841858,0.9699999690055847,1.7099999487400055,6.214999698102474,6.214999698102474,6.214999698102474,0.6200000047683716,-0.1,1.197,5.28,,,,,,,,,,1150.0,26.8,225.0,-0.014,15200.0,1.9,110.0,8.9,14.8,BASIN-UK-3904B7,520.0,4,10,0.65,0.2,0.05,,,,,,,,,,,,,,,,,,,
FL-UK-2012-01,2012-08-03,2012-08-04T10:30:00,30.849998474121094,78.44999694824219,Uttarkashi,Bhagirathi Basin (Asi Ganga River),cloudburst-induced flood,True,,DERIVED,HISTORICAL_DISASTER_EVENT,0.0,0.2800000011920929,0.2800000011920929,0.7449999749660492,1.1449999511241913,12.699999709613621,12.699999709613621,12.699999709613621,0.2800000011920929,-0.185,0.529,10.79,,,,,,,,,,1150.0,26.8,225.0,-0.014,15200.0,1.9,110.0,8.9,14.8,BASIN-UK-3904B7,520.0,4,10,0.65,0.2,0.05,,,,,,,,,,,,,,,,,,,
FL-UK-2012-01,2012-08-03,2012-08-04T10:30:00,30.849998474121094,78.54999542236328,Uttarkashi,Bhagirathi Basin (Asi Ganga River),cloudburst-induced flood,True,,DERIVED,HISTORICAL_DISASTER_EVENT,0.2800000011920929,0.6349999904632568,0.9899999797344208,17.834999784827232,18.854999750852585,25.619999669492245,25.619999669492245,25.619999669492245,0.6349999904632568,-15.855,0.595,21.78,,,,,,,,,,1150.0,26.8,225.0,-0.014,15200.0,1.9,110.0,8.9,14.8,BASIN-UK-3904B7,520.0,4,10,0.65,0.2,0.05,,,,,,,,,,,,,,,,,,,
FL-UK-2012-01,2012-08-03,2012-08-04T12:30:00,30.649999618530273,78.3499984741211,Uttarkashi,Bhagirathi Basin (Asi Ganga River),cloudburst-induced flood,True,,DERIVED,HISTORICAL_DISASTER_EVENT,1.084999918937683,1.314999908208847,2.549999848008156,8.029999777674675,11.659999713301659,14.359999626874924,14.359999626874924,14.359999626874924,2.169999837875366,-2.93,2.198,12.21,,,,,,,,,,1150.0,26.8,225.0,-0.014,15200.0,1.9,110.0,8.9,14.8,BASIN-UK-3904B7,520.0,4,10,0.65,0.2,0.05,,,,,,,,,,,,,,,,,,,
FL-UK-2012-01,2012-08-03,2012-08-04T12:30:00,30.649999618530273,78.44999694824219,Uttarkashi,Bhagirathi Basin (Asi Ganga River),cloudburst-induced flood,True,,DERIVED,HISTORICAL_DISASTER_EVENT,1.1749999523162842,1.3949999511241913,2.729999914765358,7.6999997943639755,11.424999818205833,14.899999730288982,14.899999730288982,14.899999730288982,2.3499999046325684,-2.24,2.247,12.66,,,,,,,,,,1150.0,26.8,225.0,-0.014,15200.0,1.9,110.0,8.9,14.8,BASIN-UK-3904B7,520.0,4,10,0.65,0.2,0.05,,,,,,,,,,,,,,,,,,,
FL-UK-2012-01,2012-08-03,2012-08-04T12:30:00,30.649999618530273,78.54999542236328,Uttarkashi,Bhagirathi Basin (Asi Ganga River),cloudburst-induced flood,True,,DERIVED,HISTORICAL_DISASTER_EVENT,1.350000023841858,1.6200000047683716,3.2399999648332596,7.944999948143959,10.279999822378159,15.56999970972538,15.56999970972538,15.56999970972538,2.700000047683716,-1.465,2.497,13.23,,,,,,,,,,1150.0,26.8,225.0,-0.014,15200.0,1.9,110.0,8.9,14.8,BASIN-UK-3904B7,520.0,4,10,0.65,0.2,0.05,,,,,,,,,,,,,,,,,,,
FL-UK-2012-01,2012-08-03,2012-08-04T12:30:00,30.75,78.3499984741211,Uttarkashi,Bhagirathi Basin (Asi Ganga River),cloudburst-induced flood,True,,DERIVED,HISTORICAL_DISASTER_EVENT,1.5,1.7849999964237213,2.8349999487400055,8.92999966442585,12.334999591112137,16.684999495744705,16.684999495744705,16.684999495744705,3.0,-3.26,2.568,14.18,,,,,,,,,,1150.0,26.8,225.0,-0.014,15200.0,1.9,110.0,8.9,14.8,BASIN-UK-3904B7,520.0,4,10,0.65,0.2,0.05,,,,,,,,,,,,,,,,,,,
FL-UK-2012-01,2012-08-03,2012-08-04T12:30:00,30.75,78.44999694824219,Uttarkashi,Bhagirathi Basin (Asi Ganga River),cloudburst-induced flood,True,,DERIVED,HISTORICAL_DISASTER_EVENT,0.85999995470047,1.0449999570846558,2.429999925196171,7.409999888390303,9.639999773353338,15.594999615103006,15.594999615103006,15.594999615103006,1.71999990940094,-2.55,1.608,13.26,,,,,,,,,,1150.0,26.8,225.0,-0.014,15200.0,1.9,110.0,8.9,14.8,BASIN-UK-3904B7,520.0,4,10,0.65,0.2,0.05,,,,,,,,,,,,,,,,,,,
FL-UK-2012-01,2012-08-03,2012-08-04T12:30:00,30.75,78.54999542236328,Uttarkashi,Bhagirathi Basin (Asi Ganga River),cloudburst-induced flood,True,,DERIVED,HISTORICAL_DISASTER_EVENT,1.3899999856948853,1.649999976158142,3.0399999395012856,14.784999839961529,18.474999813362956,26.479999525472522,26.479999525472522,26.479999525472522,2.7799999713897705,-8.705,1.495,22.51,,,,,,,,,,1150.0,26.8,225.0,-0.014,15200.0,1.9,110.0,8.9,14.8,BASIN-UK-3904B7,520.0,4,10,0.65,0.2,0.05,,,,,,,,,,,,,,,,,,,
FL-UK-2012-01,2012-08-03,2012-08-04T12:30:00,30.849998474121094,78.3499984741211,Uttarkashi,Bhagirathi Basin (Asi Ganga River),cloudburst-induced flood,True,,DERIVED,HISTORICAL_DISASTER_EVENT,2.7249999046325684,3.034999907016754,3.159999907016754,3.694999873638153,4.19999985396862,8.939999602735043,8.939999602735043,8.939999602735043,5.449999809265137,2.625,8.148,7.6,,,,,,,,,,1150.0,26.8,225.0,-0.014,15200.0,1.9,110.0,8.9,14.8,BASIN-UK-3904B7,520.0,4,10,0.65,0.2,0.05,,,,,,,,,,,,,,,,,,,
FL-UK-2012-01,2012-08-03,2012-08-04T12:30:00,30.849998474121094,78.44999694824219,Uttarkashi,Bhagirathi Basin (Asi Ganga River),cloudburst-induced flood,True,,DERIVED,HISTORICAL_DISASTER_EVENT,0.5949999690055847,0.5949999690055847,0.8749999701976776,1.2099999487400055,1.5899999290704727,13.294999678619206,13.294999678619206,13.294999678619206,1.1899999380111694,0.54,1.074,11.3,,,,,,,,,,1150.0,26.8,225.0,-0.014,15200.0,1.9,110.0,8.9,14.8,BASIN-UK-3904B7,520.0,4,10,0.65,0.2,0.05,,,,,,,,,,,,,,,,,,,
FL-UK-2012-01,2012-08-03,2012-08-04T12:30:00,30.849998474121094,78.54999542236328,Uttarkashi,Bhagirathi Basin (Asi Ganga River),cloudburst-induced flood,True,,DERIVED,HISTORICAL_DISASTER_EVENT,2.25,2.530000001192093,3.074999988079071,17.109999880194664,20.904999762773514,27.869999669492245,27.869999669492245,27.869999669492245,4.5,-10.96,2.179,23.69,,,,,,,,,,1150.0,26.8,225.0,-0.014,15200.0,1.9,110.0,8.9,14.8,BASIN-UK-3904B7,520.0,4,10,0.65,0.2,0.05,,,,,,,,,,,,,,,,,,,
FL-UK-2012-01,2012-08-03,2012-08-04T14:30:00,30.649999618530273,78.3499984741211,Uttarkashi,Bhagirathi Basin (Asi Ganga River),cloudburst-induced flood,True,,DERIVED,HISTORICAL_DISASTER_EVENT,2.565000057220459,3.649999976158142,4.999999910593033,6.369999930262566,12.069999799132347,16.924999684095383,16.924999684095383,16.924999684095383,5.130000114440918,3.63,5.176,14.39,,,,,,,,,,1150.0,26.8,225.0,-0.014,15200.0,1.9,110.0,8.9,14.8,BASIN-UK-3904B7,520.0,4,10,0.65,0.2,0.05,,,,,,,,,,,,,,,,,,,
FL-UK-2012-01,2012-08-03,2012-08-04T14:30:00,30.649999618530273,78.44999694824219,Uttarkashi,Bhagirathi Basin (Asi Ganga River),cloudburst-induced flood,True,,DERIVED,HISTORICAL_DISASTER_EVENT,0.23999999463558197,1.4149999469518661,2.854999914765358,4.464999884366989,10.3049997985363,15.139999724924564,15.139999724924564,15.139999724924564,1.4149999469518661,1.245,2.243,12.87,,,,,,,,,,1150.0,26.8,225.0,-0.014,15200.0,1.9,110.0,8.9,14.8,BASIN-UK-3904B7,520.0,4,10,0.65,0.2,0.05,,,,,,,,,,,,,,,,,,,
FL-UK-2012-01,2012-08-03,2012-08-04T14:30:00,30.649999618530273,78.54999542236328,Uttarkashi,Bhagirathi Basin (Asi Ganga River),cloudburst-induced flood,True,,DERIVED,HISTORICAL_DISASTER_EVENT,0.38499999046325684,1.7350000143051147,3.3849999606609344,5.7549998909235,10.23499983549118,15.954999700188637,15.954999700188637,15.954999700188637,1.7350000143051147,1.015,2.61,13.56,,,,,,,,,,1150.0,26.8,225.0,-0.014,15200.0,1.9,110.0,8.9,14.8,BASIN-UK-3904B7,520.0,4,10,0.65,0.2,0.05,,,,,,,,,,,,,,,,,,,
FL-UK-2012-01,2012-08-03,2012-08-04T14:30:00,30.75,78.3499984741211,Uttarkashi,Bhagirathi Basin (Asi Ganga River),cloudburst-induced flood,True,,DERIVED,HISTORICAL_DISASTER_EVENT,2.0249998569488525,3.5249998569488525,4.719999805092812,6.694999769330025,11.644999533891678,18.709999352693558,18.709999352693558,18.709999352693558,4.049999713897705,2.745,4.522,15.9,,,,,,,,,,1150.0,26.8,225.0,-0.014,15200.0,1.9,110.0,8.9,14.8,BASIN-UK-3904B7,520.0,4,10,0.65,0.2,0.05,,,,,,,,,,,,,,,,,,,
FL-UK-2012-01,2012-08-03,2012-08-04T14:30:00,30.75,78.44999694824219,Uttarkashi,Bhagirathi Basin (Asi Ganga River),cloudburst-induced flood,True,,DERIVED,HISTORICAL_DISASTER_EVENT,0.5299999713897705,1.3899999260902405,2.8549998998641968,4.469999831169844,8.964999821037054,16.124999586492777,16.124999586492777,16.124999586492777,1.3899999260902405,1.24,2.069,13.71,,,,,,,,,,1150.0,26.8,225.0,-0.014,15200.0,1.9,110.0,8.9,14.8,BASIN-UK-3904B7,520.0,4,10,0.65,0.2,0.05,,,,,,,,,,,,,,,,,,,
FL-UK-2012-01,2012-08-03,2012-08-04T14:30:00,30.75,78.54999542236328,Uttarkashi,Bhagirathi Basin (Asi Ganga River),cloudburst-induced flood,True,,DERIVED,HISTORICAL_DISASTER_EVENT,0.17499999701976776,1.564999982714653,3.1299999356269836,7.499999798834324,18.139999819919467,26.65499952249229,26.65499952249229,26.65499952249229,1.564999982714653,-1.24,1.409,22.66,,,,,,,,,,1150.0,26.8,225.0,-0.014,15200.0,1.9,110.0,8.9,14.8,BASIN-UK-3904B7,520.0,4,10,0.65,0.2,0.05,,,,,,,,,,,,,,,,,,,
FL-UK-2012-01,2012-08-03,2012-08-04T14:30:00,30.849998474121094,78.3499984741211,Uttarkashi,Bhagirathi Basin (Asi Ganga River),cloudburst-induced flood,True,,DERIVED,HISTORICAL_DISASTER_EVENT,0.1599999964237213,2.8849999010562897,3.3199999034404755,3.8549998700618744,3.9999998658895493,9.099999599158764,9.099999599158764,9.099999599158764,2.8849999010562897,2.785,7.609,7.73,,,,,,,,,,1150.0,26.8,225.0,-0.014,15200.0,1.9,110.0,8.9,14.8,BASIN-UK-3904B7,520.0,4,10,0.65,0.2,0.05,,,,,,,,,,,,,,,,,,,
FL-UK-2012-01,2012-08-03,2012-08-04T14:30:00,30.849998474121094,78.44999694824219,Uttarkashi,Bhagirathi Basin (Asi Ganga River),cloudburst-induced flood,True,,DERIVED,HISTORICAL_DISASTER_EVENT,2.0199999809265137,2.6149999499320984,2.8949999511241913,3.229999929666519,3.4949999153614044,15.31499965954572,15.31499965954572,15.31499965954572,4.039999961853027,2.56,4.098,13.02,,,,,,,,,,1150.0,26.8,225.0,-0.014,15200.0,1.9,110.0,8.9,14.8,BASIN-UK-3904B7,520.0,4,10,0.65,0.2,0.05,,,,,,,,,,,,,,,,,,,
FL-UK-2012-01,2012-08-03,2012-08-04T14:30:00,30.849998474121094,78.54999542236328,Uttarkashi,Bhagirathi Basin (Asi Ganga River),cloudburst-induced flood,True,,DERIVED,HISTORICAL_DISASTER_EVENT,0.0,2.25,3.074999988079071,7.9950001090765,20.47499978542328,27.869999669492245,27.869999669492245,27.869999669492245,2.25,-1.845,1.938,23.69,,,,,,,,,,1150.0,26.8,225.0,-0.014,15200.0,1.9,110.0,8.9,14.8,BASIN-UK-3904B7,520.0,4,10,0.65,0.2,0.05,,,,,,,,,,,,,,,,,,,
FL-UK-2012-01,2012-08-03,2012-08-04T16:30:00,30.649999618530273,78.3499984741211,Uttarkashi,Bhagirathi Basin (Asi Ganga River),cloudburst-induced flood,True,,DERIVED,HISTORICAL_DISASTER_EVENT,0.07999999821186066,2.6450000554323196,4.3449999541044235,5.354999899864197,11.549999833106995,17.004999682307243,17.004999682307243,17.004999682307243,2.6450000554323196,3.335,3.733,14.45,,,,,,,,,,1150.0,26.8,225.0,-0.014,15200.0,1.9,110.0,8.9,14.8,BASIN-UK-3904B7,520.0,4,10,0.65,0.2,0.05,,,,,,,,,,,,,,,,,,,
FL-UK-2012-01,2012-08-03,2012-08-04T16:30:00,30.649999618530273,78.44999694824219,Uttarkashi,Bhagirathi Basin (Asi Ganga River),cloudburst-induced flood,True,,DERIVED,HISTORICAL_DISASTER_EVENT,0.0,0.23999999463558197,2.2899999171495438,3.4599998891353607,9.499999791383743,15.139999724924564,15.139999724924564,15.139999724924564,0.23999999463558197,1.12,0.38,12.87,,,,,,,,,,1150.0,26.8,225.0,-0.014,15200.0,1.9,110.0,8.9,14.8,BASIN-UK-3904B7,520.0,4,10,0.65,0.2,0.05,,,,,,,,,,,,,,,,,,,
FL-UK-2012-01,2012-08-03,2012-08-04T16:30:00,30.649999618530273,78.54999542236328,Uttarkashi,Bhagirathi Basin (Asi Ganga River),cloudburst-induced flood,True,,DERIVED,HISTORICAL_DISASTER_EVENT,0.0,0.38499999046325684,3.024999976158142,4.994999900460243,9.78499984741211,15.954999700188637,15.954999700188637,15.954999700188637,0.38499999046325684,1.055,0.579,13.56,,,,,,,,,,1150.0,26.8,225.0,-0.014,15200.0,1.9,110.0,8.9,14.8,BASIN-UK-3904B7,520.0,4,10,0.65,0.2,0.05,,,,,,,,,,,,,,,,,,,
FL-UK-2012-01,2012-08-03,2012-08-04T16:30:00,30.75,78.3499984741211,Uttarkashi,Bhagirathi Basin (Asi Ganga River),cloudburst-induced flood,True,,DERIVED,HISTORICAL_DISASTER_EVENT,0.0,2.0249998569488525,3.8599998503923416,5.6799997836351395,11.644999533891678,18.709999352693558,18.709999352693558,18.709999352693558,2.0249998569488525,2.04,2.598,15.9,,,,,,,,,,1150.0,26.8,225.0,-0.014,15200.0,1.9,110.0,8.9,14.8,BASIN-UK-3904B7,520.0,4,10,0.65,0.2,0.05,,,,,,,,,,,,,,,,,,,
FL-UK-2012-01,2012-08-03,2012-08-04T16:30:00,30.75,78.44999694824219,Uttarkashi,Bhagirathi Basin (Asi Ganga River),cloudburst-induced flood,True,,DERIVED,HISTORICAL_DISASTER_EVENT,0.0,0.5299999713897705,2.2299998998641968,3.4199998788535595,8.964999821037054,16.124999586492777,16.124999586492777,16.124999586492777,0.5299999713897705,1.04,0.789,13.71,,,,,,,,,,1150.0,26.8,225.0,-0.014,15200.0,1.9,110.0,8.9,14.8,BASIN-UK-3904B7,520.0,4,10,0.65,0.2,0.05,,,,,,,,,,,,,,,,,,,
FL-UK-2012-01,2012-08-03,2012-08-04T16:30:00,30.75,78.54999542236328,Uttarkashi,Bhagirathi Basin (Asi Ganga River),cloudburst-induced flood,True,,DERIVED,HISTORICAL_DISASTER_EVENT,0.0,0.17499999701976776,2.8499999344348907,4.369999922811985,17.944999827072024,26.65499952249229,26.65499952249229,26.65499952249229,0.17499999701976776,1.33,0.158,22.66,,,,,,,,,,1150.0,26.8,225.0,-0.014,15200.0,1.9,110.0,8.9,14.8,BASIN-UK-3904B7,520.0,4,10,0.65,0.2,0.05,,,,,,,,,,,,,,,,,,,
FL-UK-2012-01,2012-08-03,2012-08-04T16:30:00,30.849998474121094,78.3499984741211,Uttarkashi,Bhagirathi Basin (Asi Ganga River),cloudburst-induced flood,True,,DERIVED,HISTORICAL_DISASTER_EVENT,0.0,0.1599999964237213,3.1949999034404755,3.8549998700618744,3.9999998658895493,9.099999599158764,9.099999599158764,9.099999599158764,0.1599999964237213,2.535,0.422,7.73,,,,,,,,,,1150.0,26.8,225.0,-0.014,15200.0,1.9,110.0,8.9,14.8,BASIN-UK-3904B7,520.0,4,10,0.65,0.2,0.05,,,,,,,,,,,,,,,,,,,
FL-UK-2012-01,2012-08-03,2012-08-04T16:30:00,30.849998474121094,78.44999694824219,Uttarkashi,Bhagirathi Basin (Asi Ganga River),cloudburst-induced flood,True,,DERIVED,HISTORICAL_DISASTER_EVENT,0.03500000014901161,2.0549999810755253,2.929999951273203,3.2649999298155308,3.529999915510416,15.349999659694731,15.349999659694731,15.349999659694731,2.0549999810755253,2.595,3.213,13.05,,,,,,,,,,1150.0,26.8,225.0,-0.014,15200.0,1.9,110.0,8.9,14.8,BASIN-UK-3904B7,520.0,4,10,0.65,0.2,0.05,,,,,,,,,,,,,,,,,,,
FL-UK-2012-01,2012-08-03,2012-08-04T16:30:00,30.849998474121094,78.54999542236328,Uttarkashi,Bhagirathi Basin (Asi Ganga River),cloudburst-induced flood,True,,DERIVED,HISTORICAL_DISASTER_EVENT,0.0,0.0,3.074999988079071,3.7599999755620956,20.199999779462814,27.869999669492245,27.869999669492245,27.869999669492245,0.0,2.39,0.0,23.69,,,,,,,,,,1150.0,26.8,225.0,-0.014,15200.0,1.9,110.0,8.9,14.8,BASIN-UK-3904B7,520.0,4,10,0.65,0.2,0.05,,,,,,,,,,,,,,,,,,,
FL-UK-2012-01,2012-08-03,2012-08-04T18:30:00,30.649999618530273,78.3499984741211,Uttarkashi,Bhagirathi Basin (Asi Ganga River),cloudburst-induced flood,True,,DERIVED,HISTORICAL_DISASTER_EVENT,0.0,0.07999999821186066,4.19499996304512,5.1949999034404755,11.549999833106995,17.004999682307243,17.004999682307243,17.004999682307243,0.07999999821186066,3.195,0.113,14.45,,,,,,,,,,1150.0,26.8,225.0,-0.014,15200.0,1.9,110.0,8.9,14.8,BASIN-UK-3904B7,520.0,4,10,0.65,0.2,0.05,,,,,,,,,,,,,,,,,,,
FL-UK-2012-01,2012-08-03,2012-08-04T18:30:00,30.649999618530273,78.44999694824219,Uttarkashi,Bhagirathi Basin (Asi Ganga River),cloudburst-induced flood,True,,DERIVED,HISTORICAL_DISASTER_EVENT,0.0,0.0,2.2899999171495438,3.314999893307686,9.499999791383743,15.139999724924564,15.139999724924564,15.139999724924564,0.0,1.265,0.0,12.87,,,,,,,,,,1150.0,26.8,225.0,-0.014,15200.0,1.9,110.0,8.9,14.8,BASIN-UK-3904B7,520.0,4,10,0.65,0.2,0.05,,,,,,,,,,,,,,,,,,,
FL-UK-2012-01,2012-08-03,2012-08-04T18:30:00,30.649999618530273,78.54999542236328,Uttarkashi,Bhagirathi Basin (Asi Ganga River),cloudburst-induced flood,True,,DERIVED,HISTORICAL_DISASTER_EVENT,0.07499999552965164,0.07499999552965164,2.839999981224537,4.809999905526638,9.859999842941761,16.02999969571829,16.02999969571829,16.02999969571829,0.14999999105930328,0.87,0.112,13.63,,,,,,,,,,1150.0,26.8,225.0,-0.014,15200.0,1.9,110.0,8.9,14.8,BASIN-UK-3904B7,520.0,4,10,0.65,0.2,0.05,,,,,,,,,,,,,,,,,,,
FL-UK-2012-01,2012-08-03,2012-08-04T18:30:00,30.75,78.3499984741211,Uttarkashi,Bhagirathi Basin (Asi Ganga River),cloudburst-induced flood,True,,DERIVED,HISTORICAL_DISASTER_EVENT,0.22499999403953552,0.22499999403953552,4.084999844431877,5.854999780654907,11.724999532103539,18.934999346733093,18.934999346733093,18.934999346733093,0.44999998807907104,2.315,0.285,16.09,,,,,,,,,,1150.0,26.8,225.0,-0.014,15200.0,1.9,110.0,8.9,14.8,BASIN-UK-3904B7,520.0,4,10,0.65,0.2,0.05,,,,,,,,,,,,,,,,,,,
FL-UK-2012-01,2012-08-03,2012-08-04T18:30:00,30.75,78.44999694824219,Uttarkashi,Bhagirathi Basin (Asi Ganga River),cloudburst-induced flood,True,,DERIVED,HISTORICAL_DISASTER_EVENT,0.019999999552965164,0.019999999552965164,2.249999899417162,3.404999878257513,8.869999825954437,16.144999586045742,16.144999586045742,16.144999586045742,0.03999999910593033,1.095,0.03,13.72,,,,,,,,,,1150.0,26.8,225.0,-0.014,15200.0,1.9,110.0,8.9,14.8,BASIN-UK-3904B7,520.0,4,10,0.65,0.2,0.05,,,,,,,,,,,,,,,,,,,
FL-UK-2012-01,2012-08-03,2012-08-04T18:30:00,30.75,78.54999542236328,Uttarkashi,Bhagirathi Basin (Asi Ganga River),cloudburst-induced flood,True,,DERIVED,HISTORICAL_DISASTER_EVENT,0.07000000029802322,0.07000000029802322,2.6749999448657036,4.2649999260902405,17.9849998280406,26.724999522790313,26.724999522790313,26.724999522790313,0.14000000059604645,1.085,0.063,22.72,,,,,,,,,,1150.0,26.8,225.0,-0.014,15200.0,1.9,110.0,8.9,14.8,BASIN-UK-3904B7,520.0,4,10,0.65,0.2,0.05,,,,,,,,,,,,,,,,,,,
FL-UK-2012-01,2012-08-03,2012-08-04T18:30:00,30.849998474121094,78.3499984741211,Uttarkashi,Bhagirathi Basin (Asi Ganga River),cloudburst-induced flood,True,,DERIVED,HISTORICAL_DISASTER_EVENT,0.73499995470047,0.73499995470047,3.9299998581409454,4.589999824762344,4.589999824762344,9.834999553859234,9.834999553859234,9.834999553859234,1.46999990940094,3.27,1.794,8.36,,,,,,,,,,1150.0,26.8,225.0,-0.014,15200.0,1.9,110.0,8.9,14.8,BASIN-UK-3904B7,520.0,4,10,0.65,0.2,0.05,,,,,,,,,,,,,,,,,,,
FL-UK-2012-01,2012-08-03,2012-08-04T18:30:00,30.849998474121094,78.44999694824219,Uttarkashi,Bhagirathi Basin (Asi Ganga River),cloudburst-induced flood,True,,DERIVED,HISTORICAL_DISASTER_EVENT,0.3149999976158142,0.3499999977648258,3.244999948889017,3.579999927431345,3.7099999226629734,15.664999657310545,15.664999657310545,15.664999657310545,0.6299999952316284,2.91,0.536,13.32,,,,,,,,,,1150.0,26.8,225.0,-0.014,15200.0,1.9,110.0,8.9,14.8,BASIN-UK-3904B7,520.0,4,10,0.65,0.2,0.05,,,,,,,,,,,,,,,,,,,
FL-UK-2012-01,2012-08-03,2012-08-04T18:30:00,30.849998474121094,78.54999542236328,Uttarkashi,Bhagirathi Basin (Asi Ganga River),cloudburst-induced flood,True,,DERIVED,HISTORICAL_DISASTER_EVENT,0.0,0.0,2.884999990463257,3.679999977350235,20.159999780356884,27.869999669492245,27.869999669492245,27.869999669492245,0.0,2.09,0.0,23.69,,,,,,,,,,1150.0,26.8,225.0,-0.014,15200.0,1.9,110.0,8.9,14.8,BASIN-UK-3904B7,520.0,4,10,0.65,0.2,0.05,,,,,,,,,,,,,,,,,,,
FL-UK-2012-01,2012-08-03,2012-08-04T22:00:00,30.649999618530273,78.3499984741211,Uttarkashi,Bhagirathi Basin (Asi Ganga River),cloudburst-induced flood,True,,DERIVED,HISTORICAL_DISASTER_EVENT,0.6049999594688416,0.6049999594688416,4.564999923110008,5.799999862909317,12.154999792575836,17.609999641776085,17.609999641776085,17.609999641776085,1.209999918937683,3.33,0.825,14.97,,,,,,,,,,1150.0,26.8,225.0,-0.014,15200.0,1.9,110.0,8.9,14.8,BASIN-UK-3904B7,520.0,4,10,0.65,0.2,0.05,,,,,,,,,,,,,,,,,,,
FL-UK-2012-01,2012-08-03,2012-08-04T22:00:00,30.649999618530273,78.44999694824219,Uttarkashi,Bhagirathi Basin (Asi Ganga River),cloudburst-induced flood,True,,DERIVED,HISTORICAL_DISASTER_EVENT,0.25,0.25,1.8849999457597733,3.564999893307686,9.749999791383743,15.389999724924564,15.389999724924564,15.389999724924564,0.5,0.205,0.39,13.08,,,,,,,,,,1150.0,26.8,225.0,-0.014,15200.0,1.9,110.0,8.9,14.8,BASIN-UK-3904B7,520.0,4,10,0.65,0.2,0.05,,,,,,,,,,,,,,,,,,,
FL-UK-2012-01,2012-08-03,2012-08-04T22:00:00,30.649999618530273,78.54999542236328,Uttarkashi,Bhagirathi Basin (Asi Ganga River),cloudburst-induced flood,True,,DERIVED,HISTORICAL_DISASTER_EVENT,0.5149999856948853,0.5899999812245369,2.5949999764561653,5.099999897181988,10.374999828636646,16.544999681413174,16.544999681413174,16.544999681413174,1.0299999713897705,0.09,0.856,14.06,,,,,,,,,,1150.0,26.8,225.0,-0.014,15200.0,1.9,110.0,8.9,14.8,BASIN-UK-3904B7,520.0,4,10,0.65,0.2,0.05,,,,,,,,,,,,,,,,,,,
FL-UK-2012-01,2012-08-03,2012-08-04T22:00:00,30.75,78.3499984741211,Uttarkashi,Bhagirathi Basin (Asi Ganga River),cloudburst-induced flood,True,,DERIVED,HISTORICAL_DISASTER_EVENT,1.2149999141693115,1.439999908208847,5.249999761581421,6.549999713897705,12.93999944627285,20.149999260902405,20.149999260902405,20.149999260902405,2.429999828338623,3.95,1.715,17.13,,,,,,,,,,1150.0,26.8,225.0,-0.014,15200.0,1.9,110.0,8.9,14.8,BASIN-UK-3904B7,520.0,4,10,0.65,0.2,0.05,,,,,,,,,,,,,,,,,,,
FL-UK-2012-01,2012-08-03,2012-08-04T22:00:00,30.75,78.44999694824219,Uttarkashi,Bhagirathi Basin (Asi Ganga River),cloudburst-induced flood,True,,DERIVED,HISTORICAL_DISASTER_EVENT,1.1449999809265137,1.1649999804794788,2.739999908953905,4.12499987706542,10.014999806880951,17.289999566972256,17.289999566972256,17.289999566972256,2.2899999618530273,1.355,1.617,14.7,,,,,,,,,,1150.0,26.8,225.0,-0.014,15200.0,1.9,110.0,8.9,14.8,BASIN-UK-3904B7,520.0,4,10,0.65,0.2,0.05,,,,,,,,,,,,,,,,,,,
FL-UK-2012-01,2012-08-03,2012-08-04T22:00:00,30.75,78.54999542236328,Uttarkashi,Bhagirathi Basin (Asi Ganga River),cloudburst-induced flood,True,,DERIVED,HISTORICAL_DISASTER_EVENT,0.8050000071525574,0.8750000074505806,2.6999999806284904,4.714999943971634,18.789999835193157,27.52999952994287,27.52999952994287,27.52999952994287,1.6100000143051147,0.685,0.763,23.4,,,,,,,,,,1150.0,26.8,225.0,-0.014,15200.0,1.9,110.0,8.9,14.8,BASIN-UK-3904B7,520.0,4,10,0.65,0.2,0.05,,,,,,,,,,,,,,,,,,,
FL-UK-2012-01,2012-08-03,2012-08-04T22:00:00,30.849998474121094,78.3499984741211,Uttarkashi,Bhagirathi Basin (Asi Ganga River),cloudburst-induced flood,True,,DERIVED,HISTORICAL_DISASTER_EVENT,0.5949999690055847,1.3299999237060547,4.52499982714653,4.64999982714653,5.184999793767929,10.429999522864819,10.429999522864819,10.429999522864819,1.3299999237060547,4.4,3.06,8.87,,,,,,,,,,1150.0,26.8,225.0,-0.014,15200.0,1.9,110.0,8.9,14.8,BASIN-UK-3904B7,520.0,4,10,0.65,0.2,0.05,,,,,,,,,,,,,,,,,,,
FL-UK-2012-01,2012-08-03,2012-08-04T22:00:00,30.849998474121094,78.44999694824219,Uttarkashi,Bhagirathi Basin (Asi Ganga River),cloudburst-induced flood,True,,DERIVED,HISTORICAL_DISASTER_EVENT,0.8149999976158142,1.1299999952316284,3.7799999453127384,4.059999946504831,4.524999920278788,16.47999965492636,16.47999965492636,16.47999965492636,1.6299999952316284,3.5,1.646,14.01,,,,,,,,,,1150.0,26.8,225.0,-0.014,15200.0,1.9,110.0,8.9,14.8,BASIN-UK-3904B7,520.0,4,10,0.65,0.2,0.05,,,,,,,,,,,,,,,,,,,
FL-UK-2012-01,2012-08-03,2012-08-04T22:00:00,30.849998474121094,78.54999542236328,Uttarkashi,Bhagirathi Basin (Asi Ganga River),cloudburst-induced flood,True,,DERIVED,HISTORICAL_DISASTER_EVENT,0.17999999225139618,0.17999999225139618,2.709999993443489,3.419999971985817,20.33999977260828,28.04999966174364,28.04999966174364,28.04999966174364,0.35999998450279236,2.0,0.154,23.84,,,,,,,,,,1150.0,26.8,225.0,-0.014,15200.0,1.9,110.0,8.9,14.8,BASIN-UK-3904B7,520.0,4,10,0.65,0.2,0.05,,,,,,,,,,,,,,,,,,,
FL-UK-2012-02,2012-09-13,2012-09-10T00:00:00,30.44999885559082,79.04999542236328,Rudraprayag,Mandakini Basin (Kali Ganga / Madhyamaheshwar River),cloudburst-induced flood,True,,DERIVED,HISTORICAL_DISASTER_EVENT,0.3149999976158142,0.3149999976158142,0.3149999976158142,0.3149999976158142,0.3149999976158142,0.3149999976158142,0.3149999976158142,0.3149999976158142,0.6299999952316284,0.315,24.0,0.27,,,,,,,,,,1420.0,29.5,190.0,-0.017,11000.0,2.05,90.0,7.95,15.9,BASIN-UK-E44264,520.0,4,10,0.72,0.1,0.03,,,,,,,,,,,,,,,,,,,
FL-UK-2012-02,2012-09-13,2012-09-10T00:00:00,30.44999885559082,79.1500015258789,Rudraprayag,Mandakini Basin (Kali Ganga / Madhyamaheshwar River),cloudburst-induced flood,True,,DERIVED,HISTORICAL_DISASTER_EVENT,0.0,0.0,0.0,0.0,0.0,0.0,0.0,0.0,0.0,0.0,0.0,0.0,,,,,,,,,,1420.0,29.5,190.0,-0.017,11000.0,2.05,90.0,7.95,15.9,BASIN-UK-E44264,520.0,4,10,0.72,0.1,0.03,,,,,,,,,,,,,,,,,,,
FL-UK-2012-02,2012-09-13,2012-09-10T00:00:00,30.44999885559082,79.25,Rudraprayag,Mandakini Basin (Kali Ganga / Madhyamaheshwar River),cloudburst-induced flood,True,,DERIVED,HISTORICAL_DISASTER_EVENT,0.0,0.0,0.0,0.0,0.0,0.0,0.0,0.0,0.0,0.0,0.0,0.0,,,,,,,,,,1420.0,29.5,190.0,-0.017,11000.0,2.05,90.0,7.95,15.9,BASIN-UK-E44264,520.0,4,10,0.72,0.1,0.03,,,,,,,,,,,,,,,,,,,
FL-UK-2012-02,2012-09-13,2012-09-10T00:00:00,30.549999237060547,79.04999542236328,Rudraprayag,Mandakini Basin (Kali Ganga / Madhyamaheshwar River),cloudburst-induced flood,True,,DERIVED,HISTORICAL_DISASTER_EVENT,0.0,0.0,0.0,0.0,0.0,0.0,0.0,0.0,0.0,0.0,0.0,0.0,,,,,,,,,,1420.0,29.5,190.0,-0.017,11000.0,2.05,90.0,7.95,15.9,BASIN-UK-E44264,520.0,4,10,0.72,0.1,0.03,,,,,,,,,,,,,,,,,,,
FL-UK-2012-02,2012-09-13,2012-09-10T00:00:00,30.549999237060547,79.1500015258789,Rudraprayag,Mandakini Basin (Kali Ganga / Madhyamaheshwar River),cloudburst-induced flood,True,,DERIVED,HISTORICAL_DISASTER_EVENT,0.0,0.0,0.0,0.0,0.0,0.0,0.0,0.0,0.0,0.0,0.0,0.0,,,,,,,,,,1420.0,29.5,190.0,-0.017,11000.0,2.05,90.0,7.95,15.9,BASIN-UK-E44264,520.0,4,10,0.72,0.1,0.03,,,,,,,,,,,,,,,,,,,
FL-UK-2012-02,2012-09-13,2012-09-10T00:00:00,30.549999237060547,79.25,Rudraprayag,Mandakini Basin (Kali Ganga / Madhyamaheshwar River),cloudburst-induced flood,True,,DERIVED,HISTORICAL_DISASTER_EVENT,0.0,0.0,0.0,0.0,0.0,0.0,0.0,0.0,0.0,0.0,0.0,0.0,,,,,,,,,,1420.0,29.5,190.0,-0.017,11000.0,2.05,90.0,7.95,15.9,BASIN-UK-E44264,520.0,4,10,0.72,0.1,0.03,,,,,,,,,,,,,,,,,,,
FL-UK-2012-02,2012-09-13,2012-09-10T00:00:00,30.649999618530273,79.04999542236328,Rudraprayag,Mandakini Basin (Kali Ganga / Madhyamaheshwar River),cloudburst-induced flood,True,,DERIVED,HISTORICAL_DISASTER_EVENT,0.0,0.0,0.0,0.0,0.0,0.0,0.0,0.0,0.0,0.0,0.0,0.0,,,,,,,,,,1420.0,29.5,190.0,-0.017,11000.0,2.05,90.0,7.95,15.9,BASIN-UK-E44264,520.0,4,10,0.72,0.1,0.03,,,,,,,,,,,,,,,,,,,
FL-UK-2012-02,2012-09-13,2012-09-10T00:00:00,30.649999618530273,79.1500015258789,Rudraprayag,Mandakini Basin (Kali Ganga / Madhyamaheshwar River),cloudburst-induced flood,True,,DERIVED,HISTORICAL_DISASTER_EVENT,0.0,0.0,0.0,0.0,0.0,0.0,0.0,0.0,0.0,0.0,0.0,0.0,,,,,,,,,,1420.0,29.5,190.0,-0.017,11000.0,2.05,90.0,7.95,15.9,BASIN-UK-E44264,520.0,4,10,0.72,0.1,0.03,,,,,,,,,,,,,,,,,,,
FL-UK-2012-02,2012-09-13,2012-09-10T00:00:00,30.649999618530273,79.25,Rudraprayag,Mandakini Basin (Kali Ganga / Madhyamaheshwar River),cloudburst-induced flood,True,,DERIVED,HISTORICAL_DISASTER_EVENT,0.0,0.0,0.0,0.0,0.0,0.0,0.0,0.0,0.0,0.0,0.0,0.0,,,,,,,,,,1420.0,29.5,190.0,-0.017,11000.0,2.05,90.0,7.95,15.9,BASIN-UK-E44264,520.0,4,10,0.72,0.1,0.03,,,,,,,,,,,,,,,,,,,
FL-UK-2012-02,2012-09-13,2012-09-11T00:00:00,30.44999885559082,79.04999542236328,Rudraprayag,Mandakini Basin (Kali Ganga / Madhyamaheshwar River),cloudburst-induced flood,True,,DERIVED,HISTORICAL_DISASTER_EVENT,0.0,0.3149999976158142,0.3149999976158142,0.3149999976158142,0.3149999976158142,0.3149999976158142,0.3149999976158142,0.3149999976158142,0.3149999976158142,0.315,24.0,0.27,,,,,,,,,,1420.0,29.5,190.0,-0.017,11000.0,2.05,90.0,7.95,15.9,BASIN-UK-E44264,520.0,4,10,0.72,0.1,0.03,,,,,,,,,,,,,,,,,,,
FL-UK-2012-02,2012-09-13,2012-09-11T00:00:00,30.44999885559082,79.1500015258789,Rudraprayag,Mandakini Basin (Kali Ganga / Madhyamaheshwar River),cloudburst-induced flood,True,,DERIVED,HISTORICAL_DISASTER_EVENT,0.0,0.0,0.0,0.0,0.0,0.0,0.0,0.0,0.0,0.0,0.0,0.0,,,,,,,,,,1420.0,29.5,190.0,-0.017,11000.0,2.05,90.0,7.95,15.9,BASIN-UK-E44264,520.0,4,10,0.72,0.1,0.03,,,,,,,,,,,,,,,,,,,
FL-UK-2012-02,2012-09-13,2012-09-11T00:00:00,30.44999885559082,79.25,Rudraprayag,Mandakini Basin (Kali Ganga / Madhyamaheshwar River),cloudburst-induced flood,True,,DERIVED,HISTORICAL_DISASTER_EVENT,0.0,0.0,0.0,0.0,0.0,0.0,0.0,0.0,0.0,0.0,0.0,0.0,,,,,,,,,,1420.0,29.5,190.0,-0.017,11000.0,2.05,90.0,7.95,15.9,BASIN-UK-E44264,520.0,4,10,0.72,0.1,0.03,,,,,,,,,,,,,,,,,,,
FL-UK-2012-02,2012-09-13,2012-09-11T00:00:00,30.549999237060547,79.04999542236328,Rudraprayag,Mandakini Basin (Kali Ganga / Madhyamaheshwar River),cloudburst-induced flood,True,,DERIVED,HISTORICAL_DISASTER_EVENT,0.0,0.0,0.0,0.0,0.0,0.0,0.0,0.0,0.0,0.0,0.0,0.0,,,,,,,,,,1420.0,29.5,190.0,-0.017,11000.0,2.05,90.0,7.95,15.9,BASIN-UK-E44264,520.0,4,10,0.72,0.1,0.03,,,,,,,,,,,,,,,,,,,
FL-UK-2012-02,2012-09-13,2012-09-11T00:00:00,30.549999237060547,79.1500015258789,Rudraprayag,Mandakini Basin (Kali Ganga / Madhyamaheshwar River),cloudburst-induced flood,True,,DERIVED,HISTORICAL_DISASTER_EVENT,0.0,0.0,0.0,0.0,0.0,0.0,0.0,0.0,0.0,0.0,0.0,0.0,,,,,,,,,,1420.0,29.5,190.0,-0.017,11000.0,2.05,90.0,7.95,15.9,BASIN-UK-E44264,520.0,4,10,0.72,0.1,0.03,,,,,,,,,,,,,,,,,,,
FL-UK-2012-02,2012-09-13,2012-09-11T00:00:00,30.549999237060547,79.25,Rudraprayag,Mandakini Basin (Kali Ganga / Madhyamaheshwar River),cloudburst-induced flood,True,,DERIVED,HISTORICAL_DISASTER_EVENT,0.0,0.0,0.0,0.0,0.0,0.0,0.0,0.0,0.0,0.0,0.0,0.0,,,,,,,,,,1420.0,29.5,190.0,-0.017,11000.0,2.05,90.0,7.95,15.9,BASIN-UK-E44264,520.0,4,10,0.72,0.1,0.03,,,,,,,,,,,,,,,,,,,
FL-UK-2012-02,2012-09-13,2012-09-11T00:00:00,30.649999618530273,79.04999542236328,Rudraprayag,Mandakini Basin (Kali Ganga / Madhyamaheshwar River),cloudburst-induced flood,True,,DERIVED,HISTORICAL_DISASTER_EVENT,0.0,0.0,0.0,0.0,0.0,0.0,0.0,0.0,0.0,0.0,0.0,0.0,,,,,,,,,,1420.0,29.5,190.0,-0.017,11000.0,2.05,90.0,7.95,15.9,BASIN-UK-E44264,520.0,4,10,0.72,0.1,0.03,,,,,,,,,,,,,,,,,,,
FL-UK-2012-02,2012-09-13,2012-09-11T00:00:00,30.649999618530273,79.1500015258789,Rudraprayag,Mandakini Basin (Kali Ganga / Madhyamaheshwar River),cloudburst-induced flood,True,,DERIVED,HISTORICAL_DISASTER_EVENT,0.1599999964237213,0.1599999964237213,0.1599999964237213,0.1599999964237213,0.1599999964237213,0.1599999964237213,0.1599999964237213,0.1599999964237213,0.3199999928474426,0.16,24.0,0.14,,,,,,,,,,1420.0,29.5,190.0,-0.017,11000.0,2.05,90.0,7.95,15.9,BASIN-UK-E44264,520.0,4,10,0.72,0.1,0.03,,,,,,,,,,,,,,,,,,,
FL-UK-2012-02,2012-09-13,2012-09-11T00:00:00,30.649999618530273,79.25,Rudraprayag,Mandakini Basin (Kali Ganga / Madhyamaheshwar River),cloudburst-induced flood,True,,DERIVED,HISTORICAL_DISASTER_EVENT,0.004999999888241291,0.004999999888241291,0.004999999888241291,0.004999999888241291,0.004999999888241291,0.004999999888241291,0.004999999888241291,0.004999999888241291,0.009999999776482582,0.005,0.05,0.0,,,,,,,,,,1420.0,29.5,190.0,-0.017,11000.0,2.05,90.0,7.95,15.9,BASIN-UK-E44264,520.0,4,10,0.72,0.1,0.03,,,,,,,,,,,,,,,,,,,
FL-UK-2012-02,2012-09-13,2012-09-12T00:00:00,30.44999885559082,79.04999542236328,Rudraprayag,Mandakini Basin (Kali Ganga / Madhyamaheshwar River),cloudburst-induced flood,True,,DERIVED,HISTORICAL_DISASTER_EVENT,0.009999999776482582,0.009999999776482582,0.3249999973922968,0.3249999973922968,0.3249999973922968,0.3249999973922968,0.3249999973922968,0.3249999973922968,0.019999999552965164,0.325,0.738,0.28,,,,,,,,,,1420.0,29.5,190.0,-0.017,11000.0,2.05,90.0,7.95,15.9,BASIN-UK-E44264,520.0,4,10,0.72,0.1,0.03,,,,,,,,,,,,,,,,,,,
FL-UK-2012-02,2012-09-13,2012-09-12T00:00:00,30.44999885559082,79.1500015258789,Rudraprayag,Mandakini Basin (Kali Ganga / Madhyamaheshwar River),cloudburst-induced flood,True,,DERIVED,HISTORICAL_DISASTER_EVENT,0.2849999964237213,0.2849999964237213,0.2849999964237213,0.2849999964237213,0.2849999964237213,0.2849999964237213,0.2849999964237213,0.2849999964237213,0.5699999928474426,0.285,24.0,0.24,,,,,,,,,,1420.0,29.5,190.0,-0.017,11000.0,2.05,90.0,7.95,15.9,BASIN-UK-E44264,520.0,4,10,0.72,0.1,0.03,,,,,,,,,,,,,,,,,,,
FL-UK-2012-02,2012-09-13,2012-09-12T00:00:00,30.44999885559082,79.25,Rudraprayag,Mandakini Basin (Kali Ganga / Madhyamaheshwar River),cloudburst-induced flood,True,,DERIVED,HISTORICAL_DISASTER_EVENT,0.38499999046325684,0.38499999046325684,0.38499999046325684,0.38499999046325684,0.38499999046325684,0.38499999046325684,0.38499999046325684,0.38499999046325684,0.7699999809265137,0.385,24.0,0.33,,,,,,,,,,1420.0,29.5,190.0,-0.017,11000.0,2.05,90.0,7.95,15.9,BASIN-UK-E44264,520.0,4,10,0.72,0.1,0.03,,,,,,,,,,,,,,,,,,,
FL-UK-2012-02,2012-09-13,2012-09-12T00:00:00,30.549999237060547,79.04999542236328,Rudraprayag,Mandakini Basin (Kali Ganga / Madhyamaheshwar River),cloudburst-induced flood,True,,DERIVED,HISTORICAL_DISASTER_EVENT,0.2800000011920929,0.2800000011920929,0.2800000011920929,0.2800000011920929,0.2800000011920929,0.2800000011920929,0.2800000011920929,0.2800000011920929,0.5600000023841858,0.28,24.0,0.24,,,,,,,,,,1420.0,29.5,190.0,-0.017,11000.0,2.05,90.0,7.95,15.9,BASIN-UK-E44264,520.0,4,10,0.72,0.1,0.03,,,,,,,,,,,,,,,,,,,
FL-UK-2012-02,2012-09-13,2012-09-12T00:00:00,30.549999237060547,79.1500015258789,Rudraprayag,Mandakini Basin (Kali Ganga / Madhyamaheshwar River),cloudburst-induced flood,True,,DERIVED,HISTORICAL_DISASTER_EVENT,0.9799999594688416,0.9799999594688416,0.9799999594688416,0.9799999594688416,0.9799999594688416,0.9799999594688416,0.9799999594688416,0.9799999594688416,1.959999918937683,0.98,24.0,0.83,,,,,,,,,,1420.0,29.5,190.0,-0.017,11000.0,2.05,90.0,7.95,15.9,BASIN-UK-E44264,520.0,4,10,0.72,0.1,0.03,,,,,,,,,,,,,,,,,,,
FL-UK-2012-02,2012-09-13,2012-09-12T00:00:00,30.549999237060547,79.25,Rudraprayag,Mandakini Basin (Kali Ganga / Madhyamaheshwar River),cloudburst-induced flood,True,,DERIVED,HISTORICAL_DISASTER_EVENT,0.2549999952316284,0.2549999952316284,0.2549999952316284,0.2549999952316284,0.2549999952316284,0.2549999952316284,0.2549999952316284,0.2549999952316284,0.5099999904632568,0.255,24.0,0.22,,,,,,,,,,1420.0,29.5,190.0,-0.017,11000.0,2.05,90.0,7.95,15.9,BASIN-UK-E44264,520.0,4,10,0.72,0.1,0.03,,,,,,,,,,,,,,,,,,,
FL-UK-2012-02,2012-09-13,2012-09-12T00:00:00,30.649999618530273,79.04999542236328,Rudraprayag,Mandakini Basin (Kali Ganga / Madhyamaheshwar River),cloudburst-induced flood,True,,DERIVED,HISTORICAL_DISASTER_EVENT,0.38999998569488525,0.38999998569488525,0.38999998569488525,0.38999998569488525,0.38999998569488525,0.38999998569488525,0.38999998569488525,0.38999998569488525,0.7799999713897705,0.39,24.0,0.33,,,,,,,,,,1420.0,29.5,190.0,-0.017,11000.0,2.05,90.0,7.95,15.9,BASIN-UK-E44264,520.0,4,10,0.72,0.1,0.03,,,,,,,,,,,,,,,,,,,
FL-UK-2012-02,2012-09-13,2012-09-12T00:00:00,30.649999618530273,79.1500015258789,Rudraprayag,Mandakini Basin (Kali Ganga / Madhyamaheshwar River),cloudburst-induced flood,True,,DERIVED,HISTORICAL_DISASTER_EVENT,0.07999999821186066,0.23999999463558197,0.23999999463558197,0.23999999463558197,0.23999999463558197,0.23999999463558197,0.23999999463558197,0.23999999463558197,0.23999999463558197,0.24,24.0,0.2,,,,,,,,,,1420.0,29.5,190.0,-0.017,11000.0,2.05,90.0,7.95,15.9,BASIN-UK-E44264,520.0,4,10,0.72,0.1,0.03,,,,,,,,,,,,,,,,,,,
FL-UK-2012-02,2012-09-13,2012-09-12T00:00:00,30.649999618530273,79.25,Rudraprayag,Mandakini Basin (Kali Ganga / Madhyamaheshwar River),cloudburst-induced flood,True,,DERIVED,HISTORICAL_DISASTER_EVENT,0.0,0.004999999888241291,0.004999999888241291,0.004999999888241291,0.004999999888241291,0.004999999888241291,0.004999999888241291,0.004999999888241291,0.004999999888241291,0.005,0.05,0.0,,,,,,,,,,1420.0,29.5,190.0,-0.017,11000.0,2.05,90.0,7.95,15.9,BASIN-UK-E44264,520.0,4,10,0.72,0.1,0.03,,,,,,,,,,,,,,,,,,,
FL-UK-2012-02,2012-09-13,2012-09-13T00:00:00,30.44999885559082,79.04999542236328,Rudraprayag,Mandakini Basin (Kali Ganga / Madhyamaheshwar River),cloudburst-induced flood,True,,DERIVED,HISTORICAL_DISASTER_EVENT,0.4650000035762787,0.47500000335276127,0.7900000009685755,0.7900000009685755,0.7900000009685755,0.7900000009685755,0.7900000009685755,0.7900000009685755,0.9300000071525574,0.79,14.43,0.67,,,,,,,,,,1420.0,29.5,190.0,-0.017,11000.0,2.05,90.0,7.95,15.9,BASIN-UK-E44264,520.0,4,10,0.72,0.1,0.03,,,,,,,,,,,,,,,,,,,
FL-UK-2012-02,2012-09-13,2012-09-13T00:00:00,30.44999885559082,79.1500015258789,Rudraprayag,Mandakini Basin (Kali Ganga / Madhyamaheshwar River),cloudburst-induced flood,True,,DERIVED,HISTORICAL_DISASTER_EVENT,0.3400000035762787,0.625,0.625,0.625,0.625,0.625,0.625,0.625,0.6800000071525574,0.625,24.0,0.53,,,,,,,,,,1420.0,29.5,190.0,-0.017,11000.0,2.05,90.0,7.95,15.9,BASIN-UK-E44264,520.0,4,10,0.72,0.1,0.03,,,,,,,,,,,,,,,,,,,
FL-UK-2012-02,2012-09-13,2012-09-13T00:00:00,30.44999885559082,79.25,Rudraprayag,Mandakini Basin (Kali Ganga / Madhyamaheshwar River),cloudburst-induced flood,True,,DERIVED,HISTORICAL_DISASTER_EVENT,0.004999999888241291,0.3899999903514981,0.3899999903514981,0.3899999903514981,0.3899999903514981,0.3899999903514981,0.3899999903514981,0.3899999903514981,0.3899999903514981,0.39,24.0,0.33,,,,,,,,,,1420.0,29.5,190.0,-0.017,11000.0,2.05,90.0,7.95,15.9,BASIN-UK-E44264,520.0,4,10,0.72,0.1,0.03,,,,,,,,,,,,,,,,,,,
FL-UK-2012-02,2012-09-13,2012-09-13T00:00:00,30.549999237060547,79.04999542236328,Rudraprayag,Mandakini Basin (Kali Ganga / Madhyamaheshwar River),cloudburst-induced flood,True,,DERIVED,HISTORICAL_DISASTER_EVENT,0.8399999737739563,1.1199999749660492,1.1199999749660492,1.1199999749660492,1.1199999749660492,1.1199999749660492,1.1199999749660492,1.1199999749660492,1.6799999475479126,1.12,24.0,0.95,,,,,,,,,,1420.0,29.5,190.0,-0.017,11000.0,2.05,90.0,7.95,15.9,BASIN-UK-E44264,520.0,4,10,0.72,0.1,0.03,,,,,,,,,,,,,,,,,,,
FL-UK-2012-02,2012-09-13,2012-09-13T00:00:00,30.549999237060547,79.1500015258789,Rudraprayag,Mandakini Basin (Kali Ganga / Madhyamaheshwar River),cloudburst-induced flood,True,,DERIVED,HISTORICAL_DISASTER_EVENT,1.0049999952316284,1.98499995470047,1.98499995470047,1.98499995470047,1.98499995470047,1.98499995470047,1.98499995470047,1.98499995470047,2.009999990463257,1.985,24.0,1.69,,,,,,,,,,1420.0,29.5,190.0,-0.017,11000.0,2.05,90.0,7.95,15.9,BASIN-UK-E44264,520.0,4,10,0.72,0.1,0.03,,,,,,,,,,,,,,,,,,,
FL-UK-2012-02,2012-09-13,2012-09-13T00:00:00,30.549999237060547,79.25,Rudraprayag,Mandakini Basin (Kali Ganga / Madhyamaheshwar River),cloudburst-induced flood,True,,DERIVED,HISTORICAL_DISASTER_EVENT,2.6399998664855957,2.894999861717224,2.894999861717224,2.894999861717224,2.894999861717224,2.894999861717224,2.894999861717224,2.894999861717224,5.279999732971191,2.895,24.0,2.46,,,,,,,,,,1420.0,29.5,190.0,-0.017,11000.0,2.05,90.0,7.95,15.9,BASIN-UK-E44264,520.0,4,10,0.72,0.1,0.03,,,,,,,,,,,,,,,,,,,
FL-UK-2012-02,2012-09-13,2012-09-13T00:00:00,30.649999618530273,79.04999542236328,Rudraprayag,Mandakini Basin (Kali Ganga / Madhyamaheshwar River),cloudburst-induced flood,True,,DERIVED,HISTORICAL_DISASTER_EVENT,3.884999990463257,4.274999976158142,4.274999976158142,4.274999976158142,4.274999976158142,4.274999976158142,4.274999976158142,4.274999976158142,7.769999980926514,4.275,24.0,3.63,,,,,,,,,,1420.0,29.5,190.0,-0.017,11000.0,2.05,90.0,7.95,15.9,BASIN-UK-E44264,520.0,4,10,0.72,0.1,0.03,,,,,,,,,,,,,,,,,,,
FL-UK-2012-02,2012-09-13,2012-09-13T00:00:00,30.649999618530273,79.1500015258789,Rudraprayag,Mandakini Basin (Kali Ganga / Madhyamaheshwar River),cloudburst-induced flood,True,,DERIVED,HISTORICAL_DISASTER_EVENT,1.3849999904632568,1.4649999886751175,1.6249999850988388,1.6249999850988388,1.6249999850988388,1.6249999850988388,1.6249999850988388,1.6249999850988388,2.7699999809265137,1.625,21.637,1.38,,,,,,,,,,1420.0,29.5,190.0,-0.017,11000.0,2.05,90.0,7.95,15.9,BASIN-UK-E44264,520.0,4,10,0.72,0.1,0.03,,,,,,,,,,,,,,,,,,,
FL-UK-2012-02,2012-09-13,2012-09-13T00:00:00,30.649999618530273,79.25,Rudraprayag,Mandakini Basin (Kali Ganga / Madhyamaheshwar River),cloudburst-induced flood,True,,DERIVED,HISTORICAL_DISASTER_EVENT,1.9049999713897705,1.9049999713897705,1.9099999712780118,1.9099999712780118,1.9099999712780118,1.9099999712780118,1.9099999712780118,1.9099999712780118,3.809999942779541,1.91,23.937,1.62,,,,,,,,,,1420.0,29.5,190.0,-0.017,11000.0,2.05,90.0,7.95,15.9,BASIN-UK-E44264,520.0,4,10,0.72,0.1,0.03,,,,,,,,,,,,,,,,,,,
FL-UK-2012-02,2012-09-13,2012-09-14T00:00:00,30.44999885559082,79.04999542236328,Rudraprayag,Mandakini Basin (Kali Ganga / Madhyamaheshwar River),cloudburst-induced flood,True,,DERIVED,HISTORICAL_DISASTER_EVENT,0.48499998450279236,0.949999988079071,1.2749999854713678,1.2749999854713678,1.2749999854713678,1.2749999854713678,1.2749999854713678,1.2749999854713678,0.9699999690055847,1.275,17.882,1.08,,,,,,,,,,1420.0,29.5,190.0,-0.017,11000.0,2.05,90.0,7.95,15.9,BASIN-UK-E44264,520.0,4,10,0.72,0.1,0.03,,,,,,,,,,,,,,,,,,,
FL-UK-2012-02,2012-09-13,2012-09-14T00:00:00,30.44999885559082,79.1500015258789,Rudraprayag,Mandakini Basin (Kali Ganga / Madhyamaheshwar River),cloudburst-induced flood,True,,DERIVED,HISTORICAL_DISASTER_EVENT,0.41999998688697815,0.7599999904632568,1.0449999868869781,1.0449999868869781,1.0449999868869781,1.0449999868869781,1.0449999868869781,1.0449999868869781,0.8399999737739563,1.045,17.455,0.89,,,,,,,,,,1420.0,29.5,190.0,-0.017,11000.0,2.05,90.0,7.95,15.9,BASIN-UK-E44264,520.0,4,10,0.72,0.1,0.03,,,,,,,,,,,,,,,,,,,
FL-UK-2012-02,2012-09-13,2012-09-14T00:00:00,30.44999885559082,79.25,Rudraprayag,Mandakini Basin (Kali Ganga / Madhyamaheshwar River),cloudburst-induced flood,True,,DERIVED,HISTORICAL_DISASTER_EVENT,0.9950000047683716,1.0000000046566129,1.3849999951198697,1.3849999951198697,1.3849999951198697,1.3849999951198697,1.3849999951198697,1.3849999951198697,1.9900000095367432,1.385,17.329,1.18,,,,,,,,,,1420.0,29.5,190.0,-0.017,11000.0,2.05,90.0,7.95,15.9,BASIN-UK-E44264,520.0,4,10,0.72,0.1,0.03,,,,,,,,,,,,,,,,,,,
FL-UK-2012-02,2012-09-13,2012-09-14T00:00:00,30.549999237060547,79.04999542236328,Rudraprayag,Mandakini Basin (Kali Ganga / Madhyamaheshwar River),cloudburst-induced flood,True,,DERIVED,HISTORICAL_DISASTER_EVENT,1.5549999475479126,2.394999921321869,2.674999922513962,2.674999922513962,2.674999922513962,2.674999922513962,2.674999922513962,2.674999922513962,3.109999895095825,2.675,21.488,2.27,,,,,,,,,,1420.0,29.5,190.0,-0.017,11000.0,2.05,90.0,7.95,15.9,BASIN-UK-E44264,520.0,4,10,0.72,0.1,0.03,,,,,,,,,,,,,,,,,,,
FL-UK-2012-02,2012-09-13,2012-09-14T00:00:00,30.549999237060547,79.1500015258789,Rudraprayag,Mandakini Basin (Kali Ganga / Madhyamaheshwar River),cloudburst-induced flood,True,,DERIVED,HISTORICAL_DISASTER_EVENT,0.5249999761581421,1.5299999713897705,2.509999930858612,2.509999930858612,2.509999930858612,2.509999930858612,2.509999930858612,2.509999930858612,1.5299999713897705,2.51,14.629,2.13,,,,,,,,,,1420.0,29.5,190.0,-0.017,11000.0,2.05,90.0,7.95,15.9,BASIN-UK-E44264,520.0,4,10,0.72,0.1,0.03,,,,,,,,,,,,,,,,,,,
FL-UK-2012-02,2012-09-13,2012-09-14T00:00:00,30.549999237060547,79.25,Rudraprayag,Mandakini Basin (Kali Ganga / Madhyamaheshwar River),cloudburst-induced flood,True,,DERIVED,HISTORICAL_DISASTER_EVENT,0.6599999666213989,3.2999998331069946,3.554999828338623,3.554999828338623,3.554999828338623,3.554999828338623,3.554999828338623,3.554999828338623,3.2999998331069946,3.555,22.278,3.02,,,,,,,,,,1420.0,29.5,190.0,-0.017,11000.0,2.05,90.0,7.95,15.9,BASIN-UK-E44264,520.0,4,10,0.72,0.1,0.03,,,,,,,,,,,,,,,,,,,
FL-UK-2012-02,2012-09-13,2012-09-14T00:00:00,30.649999618530273,79.04999542236328,Rudraprayag,Mandakini Basin (Kali Ganga / Madhyamaheshwar River),cloudburst-induced flood,True,,DERIVED,HISTORICAL_DISASTER_EVENT,1.534999966621399,5.419999957084656,5.809999942779541,5.809999942779541,5.809999942779541,5.809999942779541,5.809999942779541,5.809999942779541,5.419999957084656,5.81,22.389,4.94,,,,,,,,,,1420.0,29.5,190.0,-0.017,11000.0,2.05,90.0,7.95,15.9,BASIN-UK-E44264,520.0,4,10,0.72,0.1,0.03,,,,,,,,,,,,,,,,,,,
FL-UK-2012-02,2012-09-13,2012-09-14T00:00:00,30.649999618530273,79.1500015258789,Rudraprayag,Mandakini Basin (Kali Ganga / Madhyamaheshwar River),cloudburst-induced flood,True,,DERIVED,HISTORICAL_DISASTER_EVENT,0.5399999618530273,1.9249999523162842,2.164999946951866,2.164999946951866,2.164999946951866,2.164999946951866,2.164999946951866,2.164999946951866,1.9249999523162842,2.165,21.339,1.84,,,,,,,,,,1420.0,29.5,190.0,-0.017,11000.0,2.05,90.0,7.95,15.9,BASIN-UK-E44264,520.0,4,10,0.72,0.1,0.03,,,,,,,,,,,,,,,,,,,
FL-UK-2012-02,2012-09-13,2012-09-14T00:00:00,30.649999618530273,79.25,Rudraprayag,Mandakini Basin (Kali Ganga / Madhyamaheshwar River),cloudburst-induced flood,True,,DERIVED,HISTORICAL_DISASTER_EVENT,0.10999999940395355,2.014999970793724,2.0199999706819654,2.0199999706819654,2.0199999706819654,2.0199999706819654,2.0199999706819654,2.0199999706819654,2.014999970793724,2.02,23.941,1.72,,,,,,,,,,1420.0,29.5,190.0,-0.017,11000.0,2.05,90.0,7.95,15.9,BASIN-UK-E44264,520.0,4,10,0.72,0.1,0.03,,,,,,,,,,,,,,,,,,,
FL-UK-2012-02,2012-09-13,2012-09-15T00:00:00,30.44999885559082,79.04999542236328,Rudraprayag,Mandakini Basin (Kali Ganga / Madhyamaheshwar River),cloudburst-induced flood,True,,DERIVED,HISTORICAL_DISASTER_EVENT,0.2149999886751175,0.6999999731779099,1.4899999741464853,1.4899999741464853,1.4899999741464853,1.4899999741464853,1.4899999741464853,1.4899999741464853,0.6999999731779099,1.49,11.275,1.27,,,,,,,,,,1420.0,29.5,190.0,-0.017,11000.0,2.05,90.0,7.95,15.9,BASIN-UK-E44264,520.0,4,10,0.72,0.1,0.03,,,,,,,,,,,,,,,,,,,
FL-UK-2012-02,2012-09-13,2012-09-15T00:00:00,30.44999885559082,79.1500015258789,Rudraprayag,Mandakini Basin (Kali Ganga / Madhyamaheshwar River),cloudburst-induced flood,True,,DERIVED,HISTORICAL_DISASTER_EVENT,0.22999998927116394,0.6499999761581421,1.274999976158142,1.274999976158142,1.274999976158142,1.274999976158142,1.274999976158142,1.274999976158142,0.6499999761581421,1.275,12.235,1.08,,,,,,,,,,1420.0,29.5,190.0,-0.017,11000.0,2.05,90.0,7.95,15.9,BASIN-UK-E44264,520.0,4,10,0.72,0.1,0.03,,,,,,,,,,,,,,,,,,,
FL-UK-2012-02,2012-09-13,2012-09-15T00:00:00,30.44999885559082,79.25,Rudraprayag,Mandakini Basin (Kali Ganga / Madhyamaheshwar River),cloudburst-induced flood,True,,DERIVED,HISTORICAL_DISASTER_EVENT,0.2149999886751175,1.209999993443489,1.5999999837949872,1.5999999837949872,1.5999999837949872,1.5999999837949872,1.5999999837949872,1.5999999837949872,1.209999993443489,1.6,18.15,1.36,,,,,,,,,,1420.0,29.5,190.0,-0.017,11000.0,2.05,90.0,7.95,15.9,BASIN-UK-E44264,520.0,4,10,0.72,0.1,0.03,,,,,,,,,,,,,,,,,,,
FL-UK-2012-02,2012-09-13,2012-09-15T00:00:00,30.549999237060547,79.04999542236328,Rudraprayag,Mandakini Basin (Kali Ganga / Madhyamaheshwar River),cloudburst-induced flood,True,,DERIVED,HISTORICAL_DISASTER_EVENT,0.28999999165534973,1.8449999392032623,2.9649999141693115,2.9649999141693115,2.9649999141693115,2.9649999141693115,2.9649999141693115,2.9649999141693115,1.8449999392032623,2.965,14.934,2.52,,,,,,,,,,1420.0,29.5,190.0,-0.017,11000.0,2.05,90.0,7.95,15.9,BASIN-UK-E44264,520.0,4,10,0.72,0.1,0.03,,,,,,,,,,,,,,,,,,,
FL-UK-2012-02,2012-09-13,2012-09-15T00:00:00,30.549999237060547,79.1500015258789,Rudraprayag,Mandakini Basin (Kali Ganga / Madhyamaheshwar River),cloudburst-induced flood,True,,DERIVED,HISTORICAL_DISASTER_EVENT,0.23499999940395355,0.7599999755620956,2.7449999302625656,2.7449999302625656,2.7449999302625656,2.7449999302625656,2.7449999302625656,2.7449999302625656,0.7599999755620956,2.745,6.645,2.33,,,,,,,,,,1420.0,29.5,190.0,-0.017,11000.0,2.05,90.0,7.95,15.9,BASIN-UK-E44264,520.0,4,10,0.72,0.1,0.03,,,,,,,,,,,,,,,,,,,
FL-UK-2012-02,2012-09-13,2012-09-15T00:00:00,30.549999237060547,79.25,Rudraprayag,Mandakini Basin (Kali Ganga / Madhyamaheshwar River),cloudburst-induced flood,True,,DERIVED,HISTORICAL_DISASTER_EVENT,0.0,0.6599999666213989,3.554999828338623,3.554999828338623,3.554999828338623,3.554999828338623,3.554999828338623,3.554999828338623,0.6599999666213989,3.555,4.456,3.02,,,,,,,,,,1420.0,29.5,190.0,-0.017,11000.0,2.05,90.0,7.95,15.9,BASIN-UK-E44264,520.0,4,10,0.72,0.1,0.03,,,,,,,,,,,,,,,,,,,
FL-UK-2012-02,2012-09-13,2012-09-15T00:00:00,30.649999618530273,79.04999542236328,Rudraprayag,Mandakini Basin (Kali Ganga / Madhyamaheshwar River),cloudburst-induced flood,True,,DERIVED,HISTORICAL_DISASTER_EVENT,0.0,1.534999966621399,5.809999942779541,5.809999942779541,5.809999942779541,5.809999942779541,5.809999942779541,5.809999942779541,1.534999966621399,5.81,6.341,4.94,,,,,,,,,,1420.0,29.5,190.0,-0.017,11000.0,2.05,90.0,7.95,15.9,BASIN-UK-E44264,520.0,4,10,0.72,0.1,0.03,,,,,,,,,,,,,,,,,,,
FL-UK-2012-02,2012-09-13,2012-09-15T00:00:00,30.649999618530273,79.1500015258789,Rudraprayag,Mandakini Basin (Kali Ganga / Madhyamaheshwar River),cloudburst-induced flood,True,,DERIVED,HISTORICAL_DISASTER_EVENT,0.0,0.5399999618530273,2.164999946951866,2.164999946951866,2.164999946951866,2.164999946951866,2.164999946951866,2.164999946951866,0.5399999618530273,2.165,5.986,1.84,,,,,,,,,,1420.0,29.5,190.0,-0.017,11000.0,2.05,90.0,7.95,15.9,BASIN-UK-E44264,520.0,4,10,0.72,0.1,0.03,,,,,,,,,,,,,,,,,,,
FL-UK-2012-02,2012-09-13,2012-09-15T00:00:00,30.649999618530273,79.25,Rudraprayag,Mandakini Basin (Kali Ganga / Madhyamaheshwar River),cloudburst-induced flood,True,,DERIVED,HISTORICAL_DISASTER_EVENT,0.0,0.10999999940395355,2.0199999706819654,2.0199999706819654,2.0199999706819654,2.0199999706819654,2.0199999706819654,2.0199999706819654,0.10999999940395355,2.02,1.307,1.72,,,,,,,,,,1420.0,29.5,190.0,-0.017,11000.0,2.05,90.0,7.95,15.9,BASIN-UK-E44264,520.0,4,10,0.72,0.1,0.03,,,,,,,,,,,,,,,,,,,
FL-UK-2013-01,2013-06-16,2013-06-13T00:00:00,30.649999618530273,78.94999694824219,"Rudraprayag, Chamoli, Uttarkashi, Pithoragarh, Tehri, Pauri, Haridwar","Mandakini, Alaknanda, Bhagirathi, and Kali Basins",glacial lake outburst flood (GLOF),False,,DIRECT,HISTORICAL_DISASTER_EVENT,0.054999999701976776,0.054999999701976776,0.054999999701976776,0.054999999701976776,0.054999999701976776,0.054999999701976776,0.054999999701976776,0.054999999701976776,0.10999999940395355,0.055,24.0,0.05,,,,,,,,,,3580.0,34.6,180.0,-0.022,6200.0,2.4,60.0,6.4,18.5,BASIN-UK-2BC68B,520.0,4,90,0.05,0.0,0.01,,,,,,,,,,,,,,,,,,,
FL-UK-2013-01,2013-06-16,2013-06-13T00:00:00,30.649999618530273,79.04999542236328,"Rudraprayag, Chamoli, Uttarkashi, Pithoragarh, Tehri, Pauri, Haridwar","Mandakini, Alaknanda, Bhagirathi, and Kali Basins",glacial lake outburst flood (GLOF),False,,DIRECT,HISTORICAL_DISASTER_EVENT,0.029999999329447746,0.029999999329447746,0.029999999329447746,0.029999999329447746,0.029999999329447746,0.029999999329447746,0.029999999329447746,0.029999999329447746,0.05999999865889549,0.03,24.0,0.03,,,,,,,,,,3580.0,34.6,180.0,-0.022,6200.0,2.4,60.0,6.4,18.5,BASIN-UK-2BC68B,520.0,4,90,0.05,0.0,0.01,,,,,,,,,,,,,,,,,,,
FL-UK-2013-01,2013-06-16,2013-06-13T00:00:00,30.649999618530273,79.1500015258789,"Rudraprayag, Chamoli, Uttarkashi, Pithoragarh, Tehri, Pauri, Haridwar","Mandakini, Alaknanda, Bhagirathi, and Kali Basins",glacial lake outburst flood (GLOF),False,,DIRECT,HISTORICAL_DISASTER_EVENT,0.03999999910593033,0.03999999910593033,0.03999999910593033,0.03999999910593033,0.03999999910593033,0.03999999910593033,0.03999999910593033,0.03999999910593033,0.07999999821186066,0.04,24.0,0.03,,,,,,,,,,3580.0,34.6,180.0,-0.022,6200.0,2.4,60.0,6.4,18.5,BASIN-UK-2BC68B,520.0,4,90,0.05,0.0,0.01,,,,,,,,,,,,,,,,,,,
FL-UK-2013-01,2013-06-16,2013-06-13T00:00:00,30.75,78.94999694824219,"Rudraprayag, Chamoli, Uttarkashi, Pithoragarh, Tehri, Pauri, Haridwar","Mandakini, Alaknanda, Bhagirathi, and Kali Basins",glacial lake outburst flood (GLOF),False,,DIRECT,HISTORICAL_DISASTER_EVENT,0.0,0.0,0.0,0.0,0.0,0.0,0.0,0.0,0.0,0.0,0.0,0.0,,,,,,,,,,3580.0,34.6,180.0,-0.022,6200.0,2.4,60.0,6.4,18.5,BASIN-UK-2BC68B,520.0,4,90,0.05,0.0,0.01,,,,,,,,,,,,,,,,,,,
FL-UK-2013-01,2013-06-16,2013-06-13T00:00:00,30.75,79.04999542236328,"Rudraprayag, Chamoli, Uttarkashi, Pithoragarh, Tehri, Pauri, Haridwar","Mandakini, Alaknanda, Bhagirathi, and Kali Basins",glacial lake outburst flood (GLOF),False,,DIRECT,HISTORICAL_DISASTER_EVENT,0.0,0.0,0.0,0.0,0.0,0.0,0.0,0.0,0.0,0.0,0.0,0.0,,,,,,,,,,3580.0,34.6,180.0,-0.022,6200.0,2.4,60.0,6.4,18.5,BASIN-UK-2BC68B,520.0,4,90,0.05,0.0,0.01,,,,,,,,,,,,,,,,,,,
FL-UK-2013-01,2013-06-16,2013-06-13T00:00:00,30.75,79.1500015258789,"Rudraprayag, Chamoli, Uttarkashi, Pithoragarh, Tehri, Pauri, Haridwar","Mandakini, Alaknanda, Bhagirathi, and Kali Basins",glacial lake outburst flood (GLOF),False,,DIRECT,HISTORICAL_DISASTER_EVENT,0.0,0.0,0.0,0.0,0.0,0.0,0.0,0.0,0.0,0.0,0.0,0.0,,,,,,,,,,3580.0,34.6,180.0,-0.022,6200.0,2.4,60.0,6.4,18.5,BASIN-UK-2BC68B,520.0,4,90,0.05,0.0,0.01,,,,,,,,,,,,,,,,,,,
FL-UK-2013-01,2013-06-16,2013-06-13T00:00:00,30.849998474121094,78.94999694824219,"Rudraprayag, Chamoli, Uttarkashi, Pithoragarh, Tehri, Pauri, Haridwar","Mandakini, Alaknanda, Bhagirathi, and Kali Basins",glacial lake outburst flood (GLOF),False,,DIRECT,HISTORICAL_DISASTER_EVENT,0.0,0.0,0.0,0.0,0.0,0.0,0.0,0.0,0.0,0.0,0.0,0.0,,,,,,,,,,3580.0,34.6,180.0,-0.022,6200.0,2.4,60.0,6.4,18.5,BASIN-UK-2BC68B,520.0,4,90,0.05,0.0,0.01,,,,,,,,,,,,,,,,,,,
FL-UK-2013-01,2013-06-16,2013-06-13T00:00:00,30.849998474121094,79.04999542236328,"Rudraprayag, Chamoli, Uttarkashi, Pithoragarh, Tehri, Pauri, Haridwar","Mandakini, Alaknanda, Bhagirathi, and Kali Basins",glacial lake outburst flood (GLOF),False,,DIRECT,HISTORICAL_DISASTER_EVENT,0.0,0.0,0.0,0.0,0.0,0.0,0.0,0.0,0.0,0.0,0.0,0.0,,,,,,,,,,3580.0,34.6,180.0,-0.022,6200.0,2.4,60.0,6.4,18.5,BASIN-UK-2BC68B,520.0,4,90,0.05,0.0,0.01,,,,,,,,,,,,,,,,,,,
FL-UK-2013-01,2013-06-16,2013-06-13T00:00:00,30.849998474121094,79.1500015258789,"Rudraprayag, Chamoli, Uttarkashi, Pithoragarh, Tehri, Pauri, Haridwar","Mandakini, Alaknanda, Bhagirathi, and Kali Basins",glacial lake outburst flood (GLOF),False,,DIRECT,HISTORICAL_DISASTER_EVENT,0.0,0.0,0.0,0.0,0.0,0.0,0.0,0.0,0.0,0.0,0.0,0.0,,,,,,,,,,3580.0,34.6,180.0,-0.022,6200.0,2.4,60.0,6.4,18.5,BASIN-UK-2BC68B,520.0,4,90,0.05,0.0,0.01,,,,,,,,,,,,,,,,,,,
FL-UK-2013-01,2013-06-16,2013-06-14T00:00:00,30.649999618530273,78.94999694824219,"Rudraprayag, Chamoli, Uttarkashi, Pithoragarh, Tehri, Pauri, Haridwar","Mandakini, Alaknanda, Bhagirathi, and Kali Basins",glacial lake outburst flood (GLOF),False,,DIRECT,HISTORICAL_DISASTER_EVENT,0.2199999988079071,0.2749999985098839,0.2749999985098839,0.2749999985098839,0.2749999985098839,0.2749999985098839,0.2749999985098839,0.2749999985098839,0.4399999976158142,0.275,24.0,0.23,,,,,,,,,,3580.0,34.6,180.0,-0.022,6200.0,2.4,60.0,6.4,18.5,BASIN-UK-2BC68B,520.0,4,90,0.05,0.0,0.01,,,,,,,,,,,,,,,,,,,
FL-UK-2013-01,2013-06-16,2013-06-14T00:00:00,30.649999618530273,79.04999542236328,"Rudraprayag, Chamoli, Uttarkashi, Pithoragarh, Tehri, Pauri, Haridwar","Mandakini, Alaknanda, Bhagirathi, and Kali Basins",glacial lake outburst flood (GLOF),False,,DIRECT,HISTORICAL_DISASTER_EVENT,0.0,0.029999999329447746,0.029999999329447746,0.029999999329447746,0.029999999329447746,0.029999999329447746,0.029999999329447746,0.029999999329447746,0.029999999329447746,0.03,24.0,0.03,,,,,,,,,,3580.0,34.6,180.0,-0.022,6200.0,2.4,60.0,6.4,18.5,BASIN-UK-2BC68B,520.0,4,90,0.05,0.0,0.01,,,,,,,,,,,,,,,,,,,
FL-UK-2013-01,2013-06-16,2013-06-14T00:00:00,30.649999618530273,79.1500015258789,"Rudraprayag, Chamoli, Uttarkashi, Pithoragarh, Tehri, Pauri, Haridwar","Mandakini, Alaknanda, Bhagirathi, and Kali Basins",glacial lake outburst flood (GLOF),False,,DIRECT,HISTORICAL_DISASTER_EVENT,0.05999999865889549,0.09999999776482582,0.09999999776482582,0.09999999776482582,0.09999999776482582,0.09999999776482582,0.09999999776482582,0.09999999776482582,0.11999999731779099,0.1,24.0,0.08,,,,,,,,,,3580.0,34.6,180.0,-0.022,6200.0,2.4,60.0,6.4,18.5,BASIN-UK-2BC68B,520.0,4,90,0.05,0.0,0.01,,,,,,,,,,,,,,,,,,,
FL-UK-2013-01,2013-06-16,2013-06-14T00:00:00,30.75,78.94999694824219,"Rudraprayag, Chamoli, Uttarkashi, Pithoragarh, Tehri, Pauri, Haridwar","Mandakini, Alaknanda, Bhagirathi, and Kali Basins",glacial lake outburst flood (GLOF),False,,DIRECT,HISTORICAL_DISASTER_EVENT,0.0,0.0,0.0,0.0,0.0,0.0,0.0,0.0,0.0,0.0,0.0,0.0,,,,,,,,,,3580.0,34.6,180.0,-0.022,6200.0,2.4,60.0,6.4,18.5,BASIN-UK-2BC68B,520.0,4,90,0.05,0.0,0.01,,,,,,,,,,,,,,,,,,,
FL-UK-2013-01,2013-06-16,2013-06-14T00:00:00,30.75,79.04999542236328,"Rudraprayag, Chamoli, Uttarkashi, Pithoragarh, Tehri, Pauri, Haridwar","Mandakini, Alaknanda, Bhagirathi, and Kali Basins",glacial lake outburst flood (GLOF),False,,DIRECT,HISTORICAL_DISASTER_EVENT,0.0,0.0,0.0,0.0,0.0,0.0,0.0,0.0,0.0,0.0,0.0,0.0,,,,,,,,,,3580.0,34.6,180.0,-0.022,6200.0,2.4,60.0,6.4,18.5,BASIN-UK-2BC68B,520.0,4,90,0.05,0.0,0.01,,,,,,,,,,,,,,,,,,,
FL-UK-2013-01,2013-06-16,2013-06-14T00:00:00,30.75,79.1500015258789,"Rudraprayag, Chamoli, Uttarkashi, Pithoragarh, Tehri, Pauri, Haridwar","Mandakini, Alaknanda, Bhagirathi, and Kali Basins",glacial lake outburst flood (GLOF),False,,DIRECT,HISTORICAL_DISASTER_EVENT,0.0,0.0,0.0,0.0,0.0,0.0,0.0,0.0,0.0,0.0,0.0,0.0,,,,,,,,,,3580.0,34.6,180.0,-0.022,6200.0,2.4,60.0,6.4,18.5,BASIN-UK-2BC68B,520.0,4,90,0.05,0.0,0.01,,,,,,,,,,,,,,,,,,,
FL-UK-2013-01,2013-06-16,2013-06-14T00:00:00,30.849998474121094,78.94999694824219,"Rudraprayag, Chamoli, Uttarkashi, Pithoragarh, Tehri, Pauri, Haridwar","Mandakini, Alaknanda, Bhagirathi, and Kali Basins",glacial lake outburst flood (GLOF),False,,DIRECT,HISTORICAL_DISASTER_EVENT,0.04999999701976776,0.04999999701976776,0.04999999701976776,0.04999999701976776,0.04999999701976776,0.04999999701976776,0.04999999701976776,0.04999999701976776,0.09999999403953552,0.05,24.0,0.04,,,,,,,,,,3580.0,34.6,180.0,-0.022,6200.0,2.4,60.0,6.4,18.5,BASIN-UK-2BC68B,520.0,4,90,0.05,0.0,0.01,,,,,,,,,,,,,,,,,,,
FL-UK-2013-01,2013-06-16,2013-06-14T00:00:00,30.849998474121094,79.04999542236328,"Rudraprayag, Chamoli, Uttarkashi, Pithoragarh, Tehri, Pauri, Haridwar","Mandakini, Alaknanda, Bhagirathi, and Kali Basins",glacial lake outburst flood (GLOF),False,,DIRECT,HISTORICAL_DISASTER_EVENT,0.0,0.0,0.0,0.0,0.0,0.0,0.0,0.0,0.0,0.0,0.0,0.0,,,,,,,,,,3580.0,34.6,180.0,-0.022,6200.0,2.4,60.0,6.4,18.5,BASIN-UK-2BC68B,520.0,4,90,0.05,0.0,0.01,,,,,,,,,,,,,,,,,,,
FL-UK-2013-01,2013-06-16,2013-06-14T00:00:00,30.849998474121094,79.1500015258789,"Rudraprayag, Chamoli, Uttarkashi, Pithoragarh, Tehri, Pauri, Haridwar","Mandakini, Alaknanda, Bhagirathi, and Kali Basins",glacial lake outburst flood (GLOF),False,,DIRECT,HISTORICAL_DISASTER_EVENT,0.0,0.0,0.0,0.0,0.0,0.0,0.0,0.0,0.0,0.0,0.0,0.0,,,,,,,,,,3580.0,34.6,180.0,-0.022,6200.0,2.4,60.0,6.4,18.5,BASIN-UK-2BC68B,520.0,4,90,0.05,0.0,0.01,,,,,,,,,,,,,,,,,,,
FL-UK-2013-01,2013-06-16,2013-06-15T00:00:00,30.649999618530273,78.94999694824219,"Rudraprayag, Chamoli, Uttarkashi, Pithoragarh, Tehri, Pauri, Haridwar","Mandakini, Alaknanda, Bhagirathi, and Kali Basins",glacial lake outburst flood (GLOF),False,,DIRECT,HISTORICAL_DISASTER_EVENT,0.04999999701976776,0.26999999582767487,0.32499999552965164,0.32499999552965164,0.32499999552965164,0.32499999552965164,0.32499999552965164,0.32499999552965164,0.26999999582767487,0.325,19.938,0.28,,,,,,,,,,3580.0,34.6,180.0,-0.022,6200.0,2.4,60.0,6.4,18.5,BASIN-UK-2BC68B,520.0,4,90,0.05,0.0,0.01,,,,,,,,,,,,,,,,,,,
FL-UK-2013-01,2013-06-16,2013-06-15T00:00:00,30.649999618530273,79.04999542236328,"Rudraprayag, Chamoli, Uttarkashi, Pithoragarh, Tehri, Pauri, Haridwar","Mandakini, Alaknanda, Bhagirathi, and Kali Basins",glacial lake outburst flood (GLOF),False,,DIRECT,HISTORICAL_DISASTER_EVENT,0.03500000014901161,0.03500000014901161,0.06499999947845936,0.06499999947845936,0.06499999947845936,0.06499999947845936,0.06499999947845936,0.06499999947845936,0.07000000029802322,0.065,12.923,0.06,,,,,,,,,,3580.0,34.6,180.0,-0.022,6200.0,2.4,60.0,6.4,18.5,BASIN-UK-2BC68B,520.0,4,90,0.05,0.0,0.01,,,,,,,,,,,,,,,,,,,
FL-UK-2013-01,2013-06-16,2013-06-15T00:00:00,30.649999618530273,79.1500015258789,"Rudraprayag, Chamoli, Uttarkashi, Pithoragarh, Tehri, Pauri, Haridwar","Mandakini, Alaknanda, Bhagirathi, and Kali Basins",glacial lake outburst flood (GLOF),False,,DIRECT,HISTORICAL_DISASTER_EVENT,0.029999999329447746,0.08999999798834324,0.12999999709427357,0.12999999709427357,0.12999999709427357,0.12999999709427357,0.12999999709427357,0.12999999709427357,0.08999999798834324,0.13,16.615,0.11,,,,,,,,,,3580.0,34.6,180.0,-0.022,6200.0,2.4,60.0,6.4,18.5,BASIN-UK-2BC68B,520.0,4,90,0.05,0.0,0.01,,,,,,,,,,,,,,,,,,,
FL-UK-2013-01,2013-06-16,2013-06-15T00:00:00,30.75,78.94999694824219,"Rudraprayag, Chamoli, Uttarkashi, Pithoragarh, Tehri, Pauri, Haridwar","Mandakini, Alaknanda, Bhagirathi, and Kali Basins",glacial lake outburst flood (GLOF),False,,DIRECT,HISTORICAL_DISASTER_EVENT,0.0,0.0,0.0,0.0,0.0,0.0,0.0,0.0,0.0,0.0,0.0,0.0,,,,,,,,,,3580.0,34.6,180.0,-0.022,6200.0,2.4,60.0,6.4,18.5,BASIN-UK-2BC68B,520.0,4,90,0.05,0.0,0.01,,,,,,,,,,,,,,,,,,,
FL-UK-2013-01,2013-06-16,2013-06-15T00:00:00,30.75,79.04999542236328,"Rudraprayag, Chamoli, Uttarkashi, Pithoragarh, Tehri, Pauri, Haridwar","Mandakini, Alaknanda, Bhagirathi, and Kali Basins",glacial lake outburst flood (GLOF),False,,DIRECT,HISTORICAL_DISASTER_EVENT,0.0,0.0,0.0,0.0,0.0,0.0,0.0,0.0,0.0,0.0,0.0,0.0,,,,,,,,,,3580.0,34.6,180.0,-0.022,6200.0,2.4,60.0,6.4,18.5,BASIN-UK-2BC68B,520.0,4,90,0.05,0.0,0.01,,,,,,,,,,,,,,,,,,,
FL-UK-2013-01,2013-06-16,2013-06-15T00:00:00,30.75,79.1500015258789,"Rudraprayag, Chamoli, Uttarkashi, Pithoragarh, Tehri, Pauri, Haridwar","Mandakini, Alaknanda, Bhagirathi, and Kali Basins",glacial lake outburst flood (GLOF),False,,DIRECT,HISTORICAL_DISASTER_EVENT,0.0,0.0,0.0,0.0,0.0,0.0,0.0,0.0,0.0,0.0,0.0,0.0,,,,,,,,,,3580.0,34.6,180.0,-0.022,6200.0,2.4,60.0,6.4,18.5,BASIN-UK-2BC68B,520.0,4,90,0.05,0.0,0.01,,,,,,,,,,,,,,,,,,,
FL-UK-2013-01,2013-06-16,2013-06-15T00:00:00,30.849998474121094,78.94999694824219,"Rudraprayag, Chamoli, Uttarkashi, Pithoragarh, Tehri, Pauri, Haridwar","Mandakini, Alaknanda, Bhagirathi, and Kali Basins",glacial lake outburst flood (GLOF),False,,DIRECT,HISTORICAL_DISASTER_EVENT,0.0,0.04999999701976776,0.04999999701976776,0.04999999701976776,0.04999999701976776,0.04999999701976776,0.04999999701976776,0.04999999701976776,0.04999999701976776,0.05,24.0,0.04,,,,,,,,,,3580.0,34.6,180.0,-0.022,6200.0,2.4,60.0,6.4,18.5,BASIN-UK-2BC68B,520.0,4,90,0.05,0.0,0.01,,,,,,,,,,,,,,,,,,,
FL-UK-2013-01,2013-06-16,2013-06-15T00:00:00,30.849998474121094,79.04999542236328,"Rudraprayag, Chamoli, Uttarkashi, Pithoragarh, Tehri, Pauri, Haridwar","Mandakini, Alaknanda, Bhagirathi, and Kali Basins",glacial lake outburst flood (GLOF),False,,DIRECT,HISTORICAL_DISASTER_EVENT,0.0,0.0,0.0,0.0,0.0,0.0,0.0,0.0,0.0,0.0,0.0,0.0,,,,,,,,,,3580.0,34.6,180.0,-0.022,6200.0,2.4,60.0,6.4,18.5,BASIN-UK-2BC68B,520.0,4,90,0.05,0.0,0.01,,,,,,,,,,,,,,,,,,,
FL-UK-2013-01,2013-06-16,2013-06-15T00:00:00,30.849998474121094,79.1500015258789,"Rudraprayag, Chamoli, Uttarkashi, Pithoragarh, Tehri, Pauri, Haridwar","Mandakini, Alaknanda, Bhagirathi, and Kali Basins",glacial lake outburst flood (GLOF),False,,DIRECT,HISTORICAL_DISASTER_EVENT,0.0,0.0,0.0,0.0,0.0,0.0,0.0,0.0,0.0,0.0,0.0,0.0,,,,,,,,,,3580.0,34.6,180.0,-0.022,6200.0,2.4,60.0,6.4,18.5,BASIN-UK-2BC68B,520.0,4,90,0.05,0.0,0.01,,,,,,,,,,,,,,,,,,,
FL-UK-2013-01,2013-06-16,2013-06-16T00:00:00,30.649999618530273,78.94999694824219,"Rudraprayag, Chamoli, Uttarkashi, Pithoragarh, Tehri, Pauri, Haridwar","Mandakini, Alaknanda, Bhagirathi, and Kali Basins",glacial lake outburst flood (GLOF),False,,DIRECT,HISTORICAL_DISASTER_EVENT,5.849999904632568,5.899999901652336,6.17499990016222,6.17499990016222,6.17499990016222,6.17499990016222,6.17499990016222,6.17499990016222,11.699999809265137,6.175,22.931,5.25,,,,,,,,,,3580.0,34.6,180.0,-0.022,6200.0,2.4,60.0,6.4,18.5,BASIN-UK-2BC68B,520.0,4,90,0.05,0.0,0.01,,,,,,,,,,,,,,,,,,,
FL-UK-2013-01,2013-06-16,2013-06-16T00:00:00,30.649999618530273,79.04999542236328,"Rudraprayag, Chamoli, Uttarkashi, Pithoragarh, Tehri, Pauri, Haridwar","Mandakini, Alaknanda, Bhagirathi, and Kali Basins",glacial lake outburst flood (GLOF),False,,DIRECT,HISTORICAL_DISASTER_EVENT,3.9599997997283936,3.994999799877405,4.024999799206853,4.024999799206853,4.024999799206853,4.024999799206853,4.024999799206853,4.024999799206853,7.919999599456787,4.025,23.821,3.42,,,,,,,,,,3580.0,34.6,180.0,-0.022,6200.0,2.4,60.0,6.4,18.5,BASIN-UK-2BC68B,520.0,4,90,0.05,0.0,0.01,,,,,,,,,,,,,,,,,,,
FL-UK-2013-01,2013-06-16,2013-06-16T00:00:00,30.649999618530273,79.1500015258789,"Rudraprayag, Chamoli, Uttarkashi, Pithoragarh, Tehri, Pauri, Haridwar","Mandakini, Alaknanda, Bhagirathi, and Kali Basins",glacial lake outburst flood (GLOF),False,,DIRECT,HISTORICAL_DISASTER_EVENT,6.315000057220459,6.345000056549907,6.4450000543147326,6.4450000543147326,6.4450000543147326,6.4450000543147326,6.4450000543147326,6.4450000543147326,12.630000114440918,6.445,23.628,5.48,,,,,,,,,,3580.0,34.6,180.0,-0.022,6200.0,2.4,60.0,6.4,18.5,BASIN-UK-2BC68B,520.0,4,90,0.05,0.0,0.01,,,,,,,,,,,,,,,,,,,
FL-UK-2013-01,2013-06-16,2013-06-16T00:00:00,30.75,78.94999694824219,"Rudraprayag, Chamoli, Uttarkashi, Pithoragarh, Tehri, Pauri, Haridwar","Mandakini, Alaknanda, Bhagirathi, and Kali Basins",glacial lake outburst flood (GLOF),False,,DIRECT,HISTORICAL_DISASTER_EVENT,2.9549999237060547,2.9549999237060547,2.9549999237060547,2.9549999237060547,2.9549999237060547,2.9549999237060547,2.9549999237060547,2.9549999237060547,5.909999847412109,2.955,24.0,2.51,,,,,,,,,,3580.0,34.6,180.0,-0.022,6200.0,2.4,60.0,6.4,18.5,BASIN-UK-2BC68B,520.0,4,90,0.05,0.0,0.01,,,,,,,,,,,,,,,,,,,
FL-UK-2013-01,2013-06-16,2013-06-16T00:00:00,30.75,79.04999542236328,"Rudraprayag, Chamoli, Uttarkashi, Pithoragarh, Tehri, Pauri, Haridwar","Mandakini, Alaknanda, Bhagirathi, and Kali Basins",glacial lake outburst flood (GLOF),False,,DIRECT,HISTORICAL_DISASTER_EVENT,1.9799998998641968,1.9799998998641968,1.9799998998641968,1.9799998998641968,1.9799998998641968,1.9799998998641968,1.9799998998641968,1.9799998998641968,3.9599997997283936,1.98,24.0,1.68,,,,,,,,,,3580.0,34.6,180.0,-0.022,6200.0,2.4,60.0,6.4,18.5,BASIN-UK-2BC68B,520.0,4,90,0.05,0.0,0.01,,,,,,,,,,,,,,,,,,,
FL-UK-2013-01,2013-06-16,2013-06-16T00:00:00,30.75,79.1500015258789,"Rudraprayag, Chamoli, Uttarkashi, Pithoragarh, Tehri, Pauri, Haridwar","Mandakini, Alaknanda, Bhagirathi, and Kali Basins",glacial lake outburst flood (GLOF),False,,DIRECT,HISTORICAL_DISASTER_EVENT,4.375,4.375,4.375,4.375,4.375,4.375,4.375,4.375,8.75,4.375,24.0,3.72,,,,,,,,,,3580.0,34.6,180.0,-0.022,6200.0,2.4,60.0,6.4,18.5,BASIN-UK-2BC68B,520.0,4,90,0.05,0.0,0.01,,,,,,,,,,,,,,,,,,,
FL-UK-2013-01,2013-06-16,2013-06-16T00:00:00,30.849998474121094,78.94999694824219,"Rudraprayag, Chamoli, Uttarkashi, Pithoragarh, Tehri, Pauri, Haridwar","Mandakini, Alaknanda, Bhagirathi, and Kali Basins",glacial lake outburst flood (GLOF),False,,DIRECT,HISTORICAL_DISASTER_EVENT,3.4499998092651367,3.4499998092651367,3.4999998062849045,3.4999998062849045,3.4999998062849045,3.4999998062849045,3.4999998062849045,3.4999998062849045,6.899999618530273,3.5,23.657,2.97,,,,,,,,,,3580.0,34.6,180.0,-0.022,6200.0,2.4,60.0,6.4,18.5,BASIN-UK-2BC68B,520.0,4,90,0.05,0.0,0.01,,,,,,,,,,,,,,,,,,,
FL-UK-2013-01,2013-06-16,2013-06-16T00:00:00,30.849998474121094,79.04999542236328,"Rudraprayag, Chamoli, Uttarkashi, Pithoragarh, Tehri, Pauri, Haridwar","Mandakini, Alaknanda, Bhagirathi, and Kali Basins",glacial lake outburst flood (GLOF),False,,DIRECT,HISTORICAL_DISASTER_EVENT,0.8999999761581421,0.8999999761581421,0.8999999761581421,0.8999999761581421,0.8999999761581421,0.8999999761581421,0.8999999761581421,0.8999999761581421,1.7999999523162842,0.9,24.0,0.76,,,,,,,,,,3580.0,34.6,180.0,-0.022,6200.0,2.4,60.0,6.4,18.5,BASIN-UK-2BC68B,520.0,4,90,0.05,0.0,0.01,,,,,,,,,,,,,,,,,,,
FL-UK-2013-01,2013-06-16,2013-06-16T00:00:00,30.849998474121094,79.1500015258789,"Rudraprayag, Chamoli, Uttarkashi, Pithoragarh, Tehri, Pauri, Haridwar","Mandakini, Alaknanda, Bhagirathi, and Kali Basins",glacial lake outburst flood (GLOF),False,,DIRECT,HISTORICAL_DISASTER_EVENT,1.3849999904632568,1.3849999904632568,1.3849999904632568,1.3849999904632568,1.3849999904632568,1.3849999904632568,1.3849999904632568,1.3849999904632568,2.7699999809265137,1.385,24.0,1.18,,,,,,,,,,3580.0,34.6,180.0,-0.022,6200.0,2.4,60.0,6.4,18.5,BASIN-UK-2BC68B,520.0,4,90,0.05,0.0,0.01,,,,,,,,,,,,,,,,,,,
FL-UK-2013-01,2013-06-16,2013-06-17T00:00:00,30.649999618530273,78.94999694824219,"Rudraprayag, Chamoli, Uttarkashi, Pithoragarh, Tehri, Pauri, Haridwar","Mandakini, Alaknanda, Bhagirathi, and Kali Basins",glacial lake outburst flood (GLOF),False,,DIRECT,HISTORICAL_DISASTER_EVENT,1.75,7.599999904632568,7.92499990016222,7.92499990016222,7.92499990016222,7.92499990016222,7.92499990016222,7.92499990016222,7.599999904632568,7.925,23.016,6.74,,,,,,,,,,3580.0,34.6,180.0,-0.022,6200.0,2.4,60.0,6.4,18.5,BASIN-UK-2BC68B,520.0,4,90,0.05,0.0,0.01,,,,,,,,,,,,,,,,,,,
FL-UK-2013-01,2013-06-16,2013-06-17T00:00:00,30.649999618530273,79.04999542236328,"Rudraprayag, Chamoli, Uttarkashi, Pithoragarh, Tehri, Pauri, Haridwar","Mandakini, Alaknanda, Bhagirathi, and Kali Basins",glacial lake outburst flood (GLOF),False,,DIRECT,HISTORICAL_DISASTER_EVENT,1.0299999713897705,4.989999771118164,5.054999770596623,5.054999770596623,5.054999770596623,5.054999770596623,5.054999770596623,5.054999770596623,4.989999771118164,5.055,23.691,4.3,,,,,,,,,,3580.0,34.6,180.0,-0.022,6200.0,2.4,60.0,6.4,18.5,BASIN-UK-2BC68B,520.0,4,90,0.05,0.0,0.01,,,,,,,,,,,,,,,,,,,
FL-UK-2013-01,2013-06-16,2013-06-17T00:00:00,30.649999618530273,79.1500015258789,"Rudraprayag, Chamoli, Uttarkashi, Pithoragarh, Tehri, Pauri, Haridwar","Mandakini, Alaknanda, Bhagirathi, and Kali Basins",glacial lake outburst flood (GLOF),False,,DIRECT,HISTORICAL_DISASTER_EVENT,1.0399999618530273,7.355000019073486,7.48500001616776,7.48500001616776,7.48500001616776,7.48500001616776,7.48500001616776,7.48500001616776,7.355000019073486,7.485,23.583,6.36,,,,,,,,,,3580.0,34.6,180.0,-0.022,6200.0,2.4,60.0,6.4,18.5,BASIN-UK-2BC68B,520.0,4,90,0.05,0.0,0.01,,,,,,,,,,,,,,,,,,,
FL-UK-2013-01,2013-06-16,2013-06-17T00:00:00,30.75,78.94999694824219,"Rudraprayag, Chamoli, Uttarkashi, Pithoragarh, Tehri, Pauri, Haridwar","Mandakini, Alaknanda, Bhagirathi, and Kali Basins",glacial lake outburst flood (GLOF),False,,DIRECT,HISTORICAL_DISASTER_EVENT,0.7149999737739563,3.669999897480011,3.669999897480011,3.669999897480011,3.669999897480011,3.669999897480011,3.669999897480011,3.669999897480011,3.669999897480011,3.67,24.0,3.12,,,,,,,,,,3580.0,34.6,180.0,-0.022,6200.0,2.4,60.0,6.4,18.5,BASIN-UK-2BC68B,520.0,4,90,0.05,0.0,0.01,,,,,,,,,,,,,,,,,,,
FL-UK-2013-01,2013-06-16,2013-06-17T00:00:00,30.75,79.04999542236328,"Rudraprayag, Chamoli, Uttarkashi, Pithoragarh, Tehri, Pauri, Haridwar","Mandakini, Alaknanda, Bhagirathi, and Kali Basins",glacial lake outburst flood (GLOF),False,,DIRECT,HISTORICAL_DISASTER_EVENT,1.1399999856948853,3.119999885559082,3.119999885559082,3.119999885559082,3.119999885559082,3.119999885559082,3.119999885559082,3.119999885559082,3.119999885559082,3.12,24.0,2.65,,,,,,,,,,3580.0,34.6,180.0,-0.022,6200.0,2.4,60.0,6.4,18.5,BASIN-UK-2BC68B,520.0,4,90,0.05,0.0,0.01,,,,,,,,,,,,,,,,,,,
FL-UK-2013-01,2013-06-16,2013-06-17T00:00:00,30.75,79.1500015258789,"Rudraprayag, Chamoli, Uttarkashi, Pithoragarh, Tehri, Pauri, Haridwar","Mandakini, Alaknanda, Bhagirathi, and Kali Basins",glacial lake outburst flood (GLOF),False,,DIRECT,HISTORICAL_DISASTER_EVENT,1.1799999475479126,5.554999947547913,5.554999947547913,5.554999947547913,5.554999947547913,5.554999947547913,5.554999947547913,5.554999947547913,5.554999947547913,5.555,24.0,4.72,,,,,,,,,,3580.0,34.6,180.0,-0.022,6200.0,2.4,60.0,6.4,18.5,BASIN-UK-2BC68B,520.0,4,90,0.05,0.0,0.01,,,,,,,,,,,,,,,,,,,
FL-UK-2013-01,2013-06-16,2013-06-17T00:00:00,30.849998474121094,78.94999694824219,"Rudraprayag, Chamoli, Uttarkashi, Pithoragarh, Tehri, Pauri, Haridwar","Mandakini, Alaknanda, Bhagirathi, and Kali Basins",glacial lake outburst flood (GLOF),False,,DIRECT,HISTORICAL_DISASTER_EVENT,1.4449999332427979,4.894999742507935,4.944999739527702,4.944999739527702,4.944999739527702,4.944999739527702,4.944999739527702,4.944999739527702,4.894999742507935,4.945,23.757,4.2,,,,,,,,,,3580.0,34.6,180.0,-0.022,6200.0,2.4,60.0,6.4,18.5,BASIN-UK-2BC68B,520.0,4,90,0.05,0.0,0.01,,,,,,,,,,,,,,,,,,,
FL-UK-2013-01,2013-06-16,2013-06-17T00:00:00,30.849998474121094,79.04999542236328,"Rudraprayag, Chamoli, Uttarkashi, Pithoragarh, Tehri, Pauri, Haridwar","Mandakini, Alaknanda, Bhagirathi, and Kali Basins",glacial lake outburst flood (GLOF),False,,DIRECT,HISTORICAL_DISASTER_EVENT,1.1899999380111694,2.0899999141693115,2.0899999141693115,2.0899999141693115,2.0899999141693115,2.0899999141693115,2.0899999141693115,2.0899999141693115,2.379999876022339,2.09,24.0,1.78,,,,,,,,,,3580.0,34.6,180.0,-0.022,6200.0,2.4,60.0,6.4,18.5,BASIN-UK-2BC68B,520.0,4,90,0.05,0.0,0.01,,,,,,,,,,,,,,,,,,,
FL-UK-2013-01,2013-06-16,2013-06-17T00:00:00,30.849998474121094,79.1500015258789,"Rudraprayag, Chamoli, Uttarkashi, Pithoragarh, Tehri, Pauri, Haridwar","Mandakini, Alaknanda, Bhagirathi, and Kali Basins",glacial lake outburst flood (GLOF),False,,DIRECT,HISTORICAL_DISASTER_EVENT,1.9049999713897705,3.2899999618530273,3.2899999618530273,3.2899999618530273,3.2899999618530273,3.2899999618530273,3.2899999618530273,3.2899999618530273,3.809999942779541,3.29,24.0,2.8,,,,,,,,,,3580.0,34.6,180.0,-0.022,6200.0,2.4,60.0,6.4,18.5,BASIN-UK-2BC68B,520.0,4,90,0.05,0.0,0.01,,,,,,,,,,,,,,,,,,,
FL-UK-2013-01,2013-06-16,2013-06-18T00:00:00,30.649999618530273,78.94999694824219,"Rudraprayag, Chamoli, Uttarkashi, Pithoragarh, Tehri, Pauri, Haridwar","Mandakini, Alaknanda, Bhagirathi, and Kali Basins",glacial lake outburst flood (GLOF),False,,DIRECT,HISTORICAL_DISASTER_EVENT,0.0,1.75,7.92499990016222,7.92499990016222,7.92499990016222,7.92499990016222,7.92499990016222,7.92499990016222,1.75,7.925,5.3,6.74,,,,,,,,,,3580.0,34.6,180.0,-0.022,6200.0,2.4,60.0,6.4,18.5,BASIN-UK-2BC68B,520.0,4,90,0.05,0.0,0.01,,,,,,,,,,,,,,,,,,,
FL-UK-2013-01,2013-06-16,2013-06-18T00:00:00,30.649999618530273,79.04999542236328,"Rudraprayag, Chamoli, Uttarkashi, Pithoragarh, Tehri, Pauri, Haridwar","Mandakini, Alaknanda, Bhagirathi, and Kali Basins",glacial lake outburst flood (GLOF),False,,DIRECT,HISTORICAL_DISASTER_EVENT,0.0,1.0299999713897705,5.054999770596623,5.054999770596623,5.054999770596623,5.054999770596623,5.054999770596623,5.054999770596623,1.0299999713897705,5.055,4.89,4.3,,,,,,,,,,3580.0,34.6,180.0,-0.022,6200.0,2.4,60.0,6.4,18.5,BASIN-UK-2BC68B,520.0,4,90,0.05,0.0,0.01,,,,,,,,,,,,,,,,,,,
FL-UK-2013-01,2013-06-16,2013-06-18T00:00:00,30.649999618530273,79.1500015258789,"Rudraprayag, Chamoli, Uttarkashi, Pithoragarh, Tehri, Pauri, Haridwar","Mandakini, Alaknanda, Bhagirathi, and Kali Basins",glacial lake outburst flood (GLOF),False,,DIRECT,HISTORICAL_DISASTER_EVENT,0.0,1.0399999618530273,7.48500001616776,7.48500001616776,7.48500001616776,7.48500001616776,7.48500001616776,7.48500001616776,1.0399999618530273,7.485,3.335,6.36,,,,,,,,,,3580.0,34.6,180.0,-0.022,6200.0,2.4,60.0,6.4,18.5,BASIN-UK-2BC68B,520.0,4,90,0.05,0.0,0.01,,,,,,,,,,,,,,,,,,,
FL-UK-2013-01,2013-06-16,2013-06-18T00:00:00,30.75,78.94999694824219,"Rudraprayag, Chamoli, Uttarkashi, Pithoragarh, Tehri, Pauri, Haridwar","Mandakini, Alaknanda, Bhagirathi, and Kali Basins",glacial lake outburst flood (GLOF),False,,DIRECT,HISTORICAL_DISASTER_EVENT,0.0,0.7149999737739563,3.669999897480011,3.669999897480011,3.669999897480011,3.669999897480011,3.669999897480011,3.669999897480011,0.7149999737739563,3.67,4.676,3.12,,,,,,,,,,3580.0,34.6,180.0,-0.022,6200.0,2.4,60.0,6.4,18.5,BASIN-UK-2BC68B,520.0,4,90,0.05,0.0,0.01,,,,,,,,,,,,,,,,,,,
FL-UK-2013-01,2013-06-16,2013-06-18T00:00:00,30.75,79.04999542236328,"Rudraprayag, Chamoli, Uttarkashi, Pithoragarh, Tehri, Pauri, Haridwar","Mandakini, Alaknanda, Bhagirathi, and Kali Basins",glacial lake outburst flood (GLOF),False,,DIRECT,HISTORICAL_DISASTER_EVENT,0.0,1.1399999856948853,3.119999885559082,3.119999885559082,3.119999885559082,3.119999885559082,3.119999885559082,3.119999885559082,1.1399999856948853,3.12,8.769,2.65,,,,,,,,,,3580.0,34.6,180.0,-0.022,6200.0,2.4,60.0,6.4,18.5,BASIN-UK-2BC68B,520.0,4,90,0.05,0.0,0.01,,,,,,,,,,,,,,,,,,,
FL-UK-2013-01,2013-06-16,2013-06-18T00:00:00,30.75,79.1500015258789,"Rudraprayag, Chamoli, Uttarkashi, Pithoragarh, Tehri, Pauri, Haridwar","Mandakini, Alaknanda, Bhagirathi, and Kali Basins",glacial lake outburst flood (GLOF),False,,DIRECT,HISTORICAL_DISASTER_EVENT,0.0,1.1799999475479126,5.554999947547913,5.554999947547913,5.554999947547913,5.554999947547913,5.554999947547913,5.554999947547913,1.1799999475479126,5.555,5.098,4.72,,,,,,,,,,3580.0,34.6,180.0,-0.022,6200.0,2.4,60.0,6.4,18.5,BASIN-UK-2BC68B,520.0,4,90,0.05,0.0,0.01,,,,,,,,,,,,,,,,,,,
FL-UK-2013-01,2013-06-16,2013-06-18T00:00:00,30.849998474121094,78.94999694824219,"Rudraprayag, Chamoli, Uttarkashi, Pithoragarh, Tehri, Pauri, Haridwar","Mandakini, Alaknanda, Bhagirathi, and Kali Basins",glacial lake outburst flood (GLOF),False,,DIRECT,HISTORICAL_DISASTER_EVENT,0.0,1.4449999332427979,4.944999739527702,4.944999739527702,4.944999739527702,4.944999739527702,4.944999739527702,4.944999739527702,1.4449999332427979,4.945,7.013,4.2,,,,,,,,,,3580.0,34.6,180.0,-0.022,6200.0,2.4,60.0,6.4,18.5,BASIN-UK-2BC68B,520.0,4,90,0.05,0.0,0.01,,,,,,,,,,,,,,,,,,,
FL-UK-2013-01,2013-06-16,2013-06-18T00:00:00,30.849998474121094,79.04999542236328,"Rudraprayag, Chamoli, Uttarkashi, Pithoragarh, Tehri, Pauri, Haridwar","Mandakini, Alaknanda, Bhagirathi, and Kali Basins",glacial lake outburst flood (GLOF),False,,DIRECT,HISTORICAL_DISASTER_EVENT,0.03999999910593033,1.2299999371170998,2.129999913275242,2.129999913275242,2.129999913275242,2.129999913275242,2.129999913275242,2.129999913275242,1.2299999371170998,2.13,13.859,1.81,,,,,,,,,,3580.0,34.6,180.0,-0.022,6200.0,2.4,60.0,6.4,18.5,BASIN-UK-2BC68B,520.0,4,90,0.05,0.0,0.01,,,,,,,,,,,,,,,,,,,
FL-UK-2013-01,2013-06-16,2013-06-18T00:00:00,30.849998474121094,79.1500015258789,"Rudraprayag, Chamoli, Uttarkashi, Pithoragarh, Tehri, Pauri, Haridwar","Mandakini, Alaknanda, Bhagirathi, and Kali Basins",glacial lake outburst flood (GLOF),False,,DIRECT,HISTORICAL_DISASTER_EVENT,0.0,1.9049999713897705,3.2899999618530273,3.2899999618530273,3.2899999618530273,3.2899999618530273,3.2899999618530273,3.2899999618530273,1.9049999713897705,3.29,13.897,2.8,,,,,,,,,,3580.0,34.6,180.0,-0.022,6200.0,2.4,60.0,6.4,18.5,BASIN-UK-2BC68B,520.0,4,90,0.05,0.0,0.01,,,,,,,,,,,,,,,,,,,
FL-UK-2016-01,2016-07-01,2016-06-28T00:00:00,29.649999618530273,80.1500015258789,"Pithoragarh, Chamoli",Sharda / Kali Basin (Charma & Thal rivers),cloudburst-induced flood,True,,DIRECT,HISTORICAL_DISASTER_EVENT,0.0,0.0,0.0,0.0,0.0,0.0,0.0,0.0,0.0,0.0,0.0,0.0,,,,,,,,,,1620.0,27.9,165.0,-0.016,10500.0,1.98,100.0,7.8,15.2,BASIN-UK-38EE59,520.0,4,10,0.7,0.15,0.03,,,,,,,,,,,,,,,,,,,
FL-UK-2016-01,2016-07-01,2016-06-28T00:00:00,29.649999618530273,80.25,"Pithoragarh, Chamoli",Sharda / Kali Basin (Charma & Thal rivers),cloudburst-induced flood,True,,DIRECT,HISTORICAL_DISASTER_EVENT,0.0,0.0,0.0,0.0,0.0,0.0,0.0,0.0,0.0,0.0,0.0,0.0,,,,,,,,,,1620.0,27.9,165.0,-0.016,10500.0,1.98,100.0,7.8,15.2,BASIN-UK-38EE59,520.0,4,10,0.7,0.15,0.03,,,,,,,,,,,,,,,,,,,
FL-UK-2016-01,2016-07-01,2016-06-28T00:00:00,29.649999618530273,80.3499984741211,"Pithoragarh, Chamoli",Sharda / Kali Basin (Charma & Thal rivers),cloudburst-induced flood,True,,DIRECT,HISTORICAL_DISASTER_EVENT,0.0,0.0,0.0,0.0,0.0,0.0,0.0,0.0,0.0,0.0,0.0,0.0,,,,,,,,,,1620.0,27.9,165.0,-0.016,10500.0,1.98,100.0,7.8,15.2,BASIN-UK-38EE59,520.0,4,10,0.7,0.15,0.03,,,,,,,,,,,,,,,,,,,
FL-UK-2016-01,2016-07-01,2016-06-28T00:00:00,29.75,80.1500015258789,"Pithoragarh, Chamoli",Sharda / Kali Basin (Charma & Thal rivers),cloudburst-induced flood,True,,DIRECT,HISTORICAL_DISASTER_EVENT,0.0,0.0,0.0,0.0,0.0,0.0,0.0,0.0,0.0,0.0,0.0,0.0,,,,,,,,,,1620.0,27.9,165.0,-0.016,10500.0,1.98,100.0,7.8,15.2,BASIN-UK-38EE59,520.0,4,10,0.7,0.15,0.03,,,,,,,,,,,,,,,,,,,
FL-UK-2016-01,2016-07-01,2016-06-28T00:00:00,29.75,80.25,"Pithoragarh, Chamoli",Sharda / Kali Basin (Charma & Thal rivers),cloudburst-induced flood,True,,DIRECT,HISTORICAL_DISASTER_EVENT,0.0,0.0,0.0,0.0,0.0,0.0,0.0,0.0,0.0,0.0,0.0,0.0,,,,,,,,,,1620.0,27.9,165.0,-0.016,10500.0,1.98,100.0,7.8,15.2,BASIN-UK-38EE59,520.0,4,10,0.7,0.15,0.03,,,,,,,,,,,,,,,,,,,
FL-UK-2016-01,2016-07-01,2016-06-28T00:00:00,29.75,80.3499984741211,"Pithoragarh, Chamoli",Sharda / Kali Basin (Charma & Thal rivers),cloudburst-induced flood,True,,DIRECT,HISTORICAL_DISASTER_EVENT,0.0,0.0,0.0,0.0,0.0,0.0,0.0,0.0,0.0,0.0,0.0,0.0,,,,,,,,,,1620.0,27.9,165.0,-0.016,10500.0,1.98,100.0,7.8,15.2,BASIN-UK-38EE59,520.0,4,10,0.7,0.15,0.03,,,,,,,,,,,,,,,,,,,
FL-UK-2016-01,2016-07-01,2016-06-28T00:00:00,29.849998474121094,80.1500015258789,"Pithoragarh, Chamoli",Sharda / Kali Basin (Charma & Thal rivers),cloudburst-induced flood,True,,DIRECT,HISTORICAL_DISASTER_EVENT,0.0,0.0,0.0,0.0,0.0,0.0,0.0,0.0,0.0,0.0,0.0,0.0,,,,,,,,,,1620.0,27.9,165.0,-0.016,10500.0,1.98,100.0,7.8,15.2,BASIN-UK-38EE59,520.0,4,10,0.7,0.15,0.03,,,,,,,,,,,,,,,,,,,
FL-UK-2016-01,2016-07-01,2016-06-28T00:00:00,29.849998474121094,80.25,"Pithoragarh, Chamoli",Sharda / Kali Basin (Charma & Thal rivers),cloudburst-induced flood,True,,DIRECT,HISTORICAL_DISASTER_EVENT,0.0,0.0,0.0,0.0,0.0,0.0,0.0,0.0,0.0,0.0,0.0,0.0,,,,,,,,,,1620.0,27.9,165.0,-0.016,10500.0,1.98,100.0,7.8,15.2,BASIN-UK-38EE59,520.0,4,10,0.7,0.15,0.03,,,,,,,,,,,,,,,,,,,
FL-UK-2016-01,2016-07-01,2016-06-28T00:00:00,29.849998474121094,80.3499984741211,"Pithoragarh, Chamoli",Sharda / Kali Basin (Charma & Thal rivers),cloudburst-induced flood,True,,DIRECT,HISTORICAL_DISASTER_EVENT,0.11499999463558197,0.11499999463558197,0.11499999463558197,0.11499999463558197,0.11499999463558197,0.11499999463558197,0.11499999463558197,0.11499999463558197,0.22999998927116394,0.115,24.0,0.1,,,,,,,,,,1620.0,27.9,165.0,-0.016,10500.0,1.98,100.0,7.8,15.2,BASIN-UK-38EE59,520.0,4,10,0.7,0.15,0.03,,,,,,,,,,,,,,,,,,,
FL-UK-2016-01,2016-07-01,2016-06-28T00:00:00,29.94999885559082,80.1500015258789,"Pithoragarh, Chamoli",Sharda / Kali Basin (Charma & Thal rivers),cloudburst-induced flood,True,,DIRECT,HISTORICAL_DISASTER_EVENT,0.0,0.0,0.0,0.0,0.0,0.0,0.0,0.0,0.0,0.0,0.0,0.0,,,,,,,,,,1620.0,27.9,165.0,-0.016,10500.0,1.98,100.0,7.8,15.2,BASIN-UK-38EE59,520.0,4,10,0.7,0.15,0.03,,,,,,,,,,,,,,,,,,,
FL-UK-2016-01,2016-07-01,2016-06-28T00:00:00,29.94999885559082,80.25,"Pithoragarh, Chamoli",Sharda / Kali Basin (Charma & Thal rivers),cloudburst-induced flood,True,,DIRECT,HISTORICAL_DISASTER_EVENT,0.0,0.0,0.0,0.0,0.0,0.0,0.0,0.0,0.0,0.0,0.0,0.0,,,,,,,,,,1620.0,27.9,165.0,-0.016,10500.0,1.98,100.0,7.8,15.2,BASIN-UK-38EE59,520.0,4,10,0.7,0.15,0.03,,,,,,,,,,,,,,,,,,,
FL-UK-2016-01,2016-07-01,2016-06-28T00:00:00,29.94999885559082,80.3499984741211,"Pithoragarh, Chamoli",Sharda / Kali Basin (Charma & Thal rivers),cloudburst-induced flood,True,,DIRECT,HISTORICAL_DISASTER_EVENT,0.10999999940395355,0.10999999940395355,0.10999999940395355,0.10999999940395355,0.10999999940395355,0.10999999940395355,0.10999999940395355,0.10999999940395355,0.2199999988079071,0.11,24.0,0.09,,,,,,,,,,1620.0,27.9,165.0,-0.016,10500.0,1.98,100.0,7.8,15.2,BASIN-UK-38EE59,520.0,4,10,0.7,0.15,0.03,,,,,,,,,,,,,,,,,,,
FL-UK-2016-01,2016-07-01,2016-06-29T00:00:00,29.649999618530273,80.1500015258789,"Pithoragarh, Chamoli",Sharda / Kali Basin (Charma & Thal rivers),cloudburst-induced flood,True,,DIRECT,HISTORICAL_DISASTER_EVENT,3.1549999713897705,3.1549999713897705,3.1549999713897705,3.1549999713897705,3.1549999713897705,3.1549999713897705,3.1549999713897705,3.1549999713897705,6.309999942779541,3.155,24.0,2.68,,,,,,,,,,1620.0,27.9,165.0,-0.016,10500.0,1.98,100.0,7.8,15.2,BASIN-UK-38EE59,520.0,4,10,0.7,0.15,0.03,,,,,,,,,,,,,,,,,,,
FL-UK-2016-01,2016-07-01,2016-06-29T00:00:00,29.649999618530273,80.25,"Pithoragarh, Chamoli",Sharda / Kali Basin (Charma & Thal rivers),cloudburst-induced flood,True,,DIRECT,HISTORICAL_DISASTER_EVENT,0.9699999690055847,0.9699999690055847,0.9699999690055847,0.9699999690055847,0.9699999690055847,0.9699999690055847,0.9699999690055847,0.9699999690055847,1.9399999380111694,0.97,24.0,0.82,,,,,,,,,,1620.0,27.9,165.0,-0.016,10500.0,1.98,100.0,7.8,15.2,BASIN-UK-38EE59,520.0,4,10,0.7,0.15,0.03,,,,,,,,,,,,,,,,,,,
FL-UK-2016-01,2016-07-01,2016-06-29T00:00:00,29.649999618530273,80.3499984741211,"Pithoragarh, Chamoli",Sharda / Kali Basin (Charma & Thal rivers),cloudburst-induced flood,True,,DIRECT,HISTORICAL_DISASTER_EVENT,0.054999999701976776,0.054999999701976776,0.054999999701976776,0.054999999701976776,0.054999999701976776,0.054999999701976776,0.054999999701976776,0.054999999701976776,0.10999999940395355,0.055,24.0,0.05,,,,,,,,,,1620.0,27.9,165.0,-0.016,10500.0,1.98,100.0,7.8,15.2,BASIN-UK-38EE59,520.0,4,10,0.7,0.15,0.03,,,,,,,,,,,,,,,,,,,
FL-UK-2016-01,2016-07-01,2016-06-29T00:00:00,29.75,80.1500015258789,"Pithoragarh, Chamoli",Sharda / Kali Basin (Charma & Thal rivers),cloudburst-induced flood,True,,DIRECT,HISTORICAL_DISASTER_EVENT,1.4149999618530273,1.4149999618530273,1.4149999618530273,1.4149999618530273,1.4149999618530273,1.4149999618530273,1.4149999618530273,1.4149999618530273,2.8299999237060547,1.415,24.0,1.2,,,,,,,,,,1620.0,27.9,165.0,-0.016,10500.0,1.98,100.0,7.8,15.2,BASIN-UK-38EE59,520.0,4,10,0.7,0.15,0.03,,,,,,,,,,,,,,,,,,,
FL-UK-2016-01,2016-07-01,2016-06-29T00:00:00,29.75,80.25,"Pithoragarh, Chamoli",Sharda / Kali Basin (Charma & Thal rivers),cloudburst-induced flood,True,,DIRECT,HISTORICAL_DISASTER_EVENT,0.6549999713897705,0.6549999713897705,0.6549999713897705,0.6549999713897705,0.6549999713897705,0.6549999713897705,0.6549999713897705,0.6549999713897705,1.309999942779541,0.655,24.0,0.56,,,,,,,,,,1620.0,27.9,165.0,-0.016,10500.0,1.98,100.0,7.8,15.2,BASIN-UK-38EE59,520.0,4,10,0.7,0.15,0.03,,,,,,,,,,,,,,,,,,,
FL-UK-2016-01,2016-07-01,2016-06-29T00:00:00,29.75,80.3499984741211,"Pithoragarh, Chamoli",Sharda / Kali Basin (Charma & Thal rivers),cloudburst-induced flood,True,,DIRECT,HISTORICAL_DISASTER_EVENT,0.3700000047683716,0.3700000047683716,0.3700000047683716,0.3700000047683716,0.3700000047683716,0.3700000047683716,0.3700000047683716,0.3700000047683716,0.7400000095367432,0.37,24.0,0.31,,,,,,,,,,1620.0,27.9,165.0,-0.016,10500.0,1.98,100.0,7.8,15.2,BASIN-UK-38EE59,520.0,4,10,0.7,0.15,0.03,,,,,,,,,,,,,,,,,,,
FL-UK-2016-01,2016-07-01,2016-06-29T00:00:00,29.849998474121094,80.1500015258789,"Pithoragarh, Chamoli",Sharda / Kali Basin (Charma & Thal rivers),cloudburst-induced flood,True,,DIRECT,HISTORICAL_DISASTER_EVENT,0.9950000047683716,0.9950000047683716,0.9950000047683716,0.9950000047683716,0.9950000047683716,0.9950000047683716,0.9950000047683716,0.9950000047683716,1.9900000095367432,0.995,24.0,0.85,,,,,,,,,,1620.0,27.9,165.0,-0.016,10500.0,1.98,100.0,7.8,15.2,BASIN-UK-38EE59,520.0,4,10,0.7,0.15,0.03,,,,,,,,,,,,,,,,,,,
FL-UK-2016-01,2016-07-01,2016-06-29T00:00:00,29.849998474121094,80.25,"Pithoragarh, Chamoli",Sharda / Kali Basin (Charma & Thal rivers),cloudburst-induced flood,True,,DIRECT,HISTORICAL_DISASTER_EVENT,1.399999976158142,1.399999976158142,1.399999976158142,1.399999976158142,1.399999976158142,1.399999976158142,1.399999976158142,1.399999976158142,2.799999952316284,1.4,24.0,1.19,,,,,,,,,,1620.0,27.9,165.0,-0.016,10500.0,1.98,100.0,7.8,15.2,BASIN-UK-38EE59,520.0,4,10,0.7,0.15,0.03,,,,,,,,,,,,,,,,,,,
FL-UK-2016-01,2016-07-01,2016-06-29T00:00:00,29.849998474121094,80.3499984741211,"Pithoragarh, Chamoli",Sharda / Kali Basin (Charma & Thal rivers),cloudburst-induced flood,True,,DIRECT,HISTORICAL_DISASTER_EVENT,1.159999966621399,1.274999961256981,1.274999961256981,1.274999961256981,1.274999961256981,1.274999961256981,1.274999961256981,1.274999961256981,2.319999933242798,1.275,24.0,1.08,,,,,,,,,,1620.0,27.9,165.0,-0.016,10500.0,1.98,100.0,7.8,15.2,BASIN-UK-38EE59,520.0,4,10,0.7,0.15,0.03,,,,,,,,,,,,,,,,,,,
FL-UK-2016-01,2016-07-01,2016-06-29T00:00:00,29.94999885559082,80.1500015258789,"Pithoragarh, Chamoli",Sharda / Kali Basin (Charma & Thal rivers),cloudburst-induced flood,True,,DIRECT,HISTORICAL_DISASTER_EVENT,4.355000019073486,4.355000019073486,4.355000019073486,4.355000019073486,4.355000019073486,4.355000019073486,4.355000019073486,4.355000019073486,8.710000038146973,4.355,24.0,3.7,,,,,,,,,,1620.0,27.9,165.0,-0.016,10500.0,1.98,100.0,7.8,15.2,BASIN-UK-38EE59,520.0,4,10,0.7,0.15,0.03,,,,,,,,,,,,,,,,,,,
FL-UK-2016-01,2016-07-01,2016-06-29T00:00:00,29.94999885559082,80.25,"Pithoragarh, Chamoli",Sharda / Kali Basin (Charma & Thal rivers),cloudburst-induced flood,True,,DIRECT,HISTORICAL_DISASTER_EVENT,4.569999694824219,4.569999694824219,4.569999694824219,4.569999694824219,4.569999694824219,4.569999694824219,4.569999694824219,4.569999694824219,9.139999389648438,4.57,24.0,3.88,,,,,,,,,,1620.0,27.9,165.0,-0.016,10500.0,1.98,100.0,7.8,15.2,BASIN-UK-38EE59,520.0,4,10,0.7,0.15,0.03,,,,,,,,,,,,,,,,,,,
FL-UK-2016-01,2016-07-01,2016-06-29T00:00:00,29.94999885559082,80.3499984741211,"Pithoragarh, Chamoli",Sharda / Kali Basin (Charma & Thal rivers),cloudburst-induced flood,True,,DIRECT,HISTORICAL_DISASTER_EVENT,2.4600000381469727,2.570000037550926,2.570000037550926,2.570000037550926,2.570000037550926,2.570000037550926,2.570000037550926,2.570000037550926,4.920000076293945,2.57,24.0,2.18,,,,,,,,,,1620.0,27.9,165.0,-0.016,10500.0,1.98,100.0,7.8,15.2,BASIN-UK-38EE59,520.0,4,10,0.7,0.15,0.03,,,,,,,,,,,,,,,,,,,
FL-UK-2016-01,2016-07-01,2016-06-30T00:00:00,29.649999618530273,80.1500015258789,"Pithoragarh, Chamoli",Sharda / Kali Basin (Charma & Thal rivers),cloudburst-induced flood,True,,DIRECT,HISTORICAL_DISASTER_EVENT,1.9799998998641968,5.134999871253967,5.134999871253967,5.134999871253967,5.134999871253967,5.134999871253967,5.134999871253967,5.134999871253967,5.134999871253967,5.135,24.0,4.36,,,,,,,,,,1620.0,27.9,165.0,-0.016,10500.0,1.98,100.0,7.8,15.2,BASIN-UK-38EE59,520.0,4,10,0.7,0.15,0.03,,,,,,,,,,,,,,,,,,,
FL-UK-2016-01,2016-07-01,2016-06-30T00:00:00,29.649999618530273,80.25,"Pithoragarh, Chamoli",Sharda / Kali Basin (Charma & Thal rivers),cloudburst-induced flood,True,,DIRECT,HISTORICAL_DISASTER_EVENT,0.6699999570846558,1.6399999260902405,1.6399999260902405,1.6399999260902405,1.6399999260902405,1.6399999260902405,1.6399999260902405,1.6399999260902405,1.6399999260902405,1.64,24.0,1.39,,,,,,,,,,1620.0,27.9,165.0,-0.016,10500.0,1.98,100.0,7.8,15.2,BASIN-UK-38EE59,520.0,4,10,0.7,0.15,0.03,,,,,,,,,,,,,,,,,,,
FL-UK-2016-01,2016-07-01,2016-06-30T00:00:00,29.649999618530273,80.3499984741211,"Pithoragarh, Chamoli",Sharda / Kali Basin (Charma & Thal rivers),cloudburst-induced flood,True,,DIRECT,HISTORICAL_DISASTER_EVENT,0.23499999940395355,0.28999999910593033,0.28999999910593033,0.28999999910593033,0.28999999910593033,0.28999999910593033,0.28999999910593033,0.28999999910593033,0.4699999988079071,0.29,24.0,0.25,,,,,,,,,,1620.0,27.9,165.0,-0.016,10500.0,1.98,100.0,7.8,15.2,BASIN-UK-38EE59,520.0,4,10,0.7,0.15,0.03,,,,,,,,,,,,,,,,,,,
FL-UK-2016-01,2016-07-01,2016-06-30T00:00:00,29.75,80.1500015258789,"Pithoragarh, Chamoli",Sharda / Kali Basin (Charma & Thal rivers),cloudburst-induced flood,True,,DIRECT,HISTORICAL_DISASTER_EVENT,0.22999998927116394,1.6449999511241913,1.6449999511241913,1.6449999511241913,1.6449999511241913,1.6449999511241913,1.6449999511241913,1.6449999511241913,1.6449999511241913,1.645,24.0,1.4,,,,,,,,,,1620.0,27.9,165.0,-0.016,10500.0,1.98,100.0,7.8,15.2,BASIN-UK-38EE59,520.0,4,10,0.7,0.15,0.03,,,,,,,,,,,,,,,,,,,
FL-UK-2016-01,2016-07-01,2016-06-30T00:00:00,29.75,80.25,"Pithoragarh, Chamoli",Sharda / Kali Basin (Charma & Thal rivers),cloudburst-induced flood,True,,DIRECT,HISTORICAL_DISASTER_EVENT,0.4050000011920929,1.0599999725818634,1.0599999725818634,1.0599999725818634,1.0599999725818634,1.0599999725818634,1.0599999725818634,1.0599999725818634,1.0599999725818634,1.06,24.0,0.9,,,,,,,,,,1620.0,27.9,165.0,-0.016,10500.0,1.98,100.0,7.8,15.2,BASIN-UK-38EE59,520.0,4,10,0.7,0.15,0.03,,,,,,,,,,,,,,,,,,,
FL-UK-2016-01,2016-07-01,2016-06-30T00:00:00,29.75,80.3499984741211,"Pithoragarh, Chamoli",Sharda / Kali Basin (Charma & Thal rivers),cloudburst-induced flood,True,,DIRECT,HISTORICAL_DISASTER_EVENT,0.29999998211860657,0.6699999868869781,0.6699999868869781,0.6699999868869781,0.6699999868869781,0.6699999868869781,0.6699999868869781,0.6699999868869781,0.6699999868869781,0.67,24.0,0.57,,,,,,,,,,1620.0,27.9,165.0,-0.016,10500.0,1.98,100.0,7.8,15.2,BASIN-UK-38EE59,520.0,4,10,0.7,0.15,0.03,,,,,,,,,,,,,,,,,,,
FL-UK-2016-01,2016-07-01,2016-06-30T00:00:00,29.849998474121094,80.1500015258789,"Pithoragarh, Chamoli",Sharda / Kali Basin (Charma & Thal rivers),cloudburst-induced flood,True,,DIRECT,HISTORICAL_DISASTER_EVENT,0.574999988079071,1.5699999928474426,1.5699999928474426,1.5699999928474426,1.5699999928474426,1.5699999928474426,1.5699999928474426,1.5699999928474426,1.5699999928474426,1.57,24.0,1.33,,,,,,,,,,1620.0,27.9,165.0,-0.016,10500.0,1.98,100.0,7.8,15.2,BASIN-UK-38EE59,520.0,4,10,0.7,0.15,0.03,,,,,,,,,,,,,,,,,,,
FL-UK-2016-01,2016-07-01,2016-06-30T00:00:00,29.849998474121094,80.25,"Pithoragarh, Chamoli",Sharda / Kali Basin (Charma & Thal rivers),cloudburst-induced flood,True,,DIRECT,HISTORICAL_DISASTER_EVENT,0.5149999856948853,1.9149999618530273,1.9149999618530273,1.9149999618530273,1.9149999618530273,1.9149999618530273,1.9149999618530273,1.9149999618530273,1.9149999618530273,1.915,24.0,1.63,,,,,,,,,,1620.0,27.9,165.0,-0.016,10500.0,1.98,100.0,7.8,15.2,BASIN-UK-38EE59,520.0,4,10,0.7,0.15,0.03,,,,,,,,,,,,,,,,,,,
FL-UK-2016-01,2016-07-01,2016-06-30T00:00:00,29.849998474121094,80.3499984741211,"Pithoragarh, Chamoli",Sharda / Kali Basin (Charma & Thal rivers),cloudburst-induced flood,True,,DIRECT,HISTORICAL_DISASTER_EVENT,0.8949999809265137,2.0549999475479126,2.1699999421834946,2.1699999421834946,2.1699999421834946,2.1699999421834946,2.1699999421834946,2.1699999421834946,2.0549999475479126,2.17,22.728,1.84,,,,,,,,,,1620.0,27.9,165.0,-0.016,10500.0,1.98,100.0,7.8,15.2,BASIN-UK-38EE59,520.0,4,10,0.7,0.15,0.03,,,,,,,,,,,,,,,,,,,
FL-UK-2016-01,2016-07-01,2016-06-30T00:00:00,29.94999885559082,80.1500015258789,"Pithoragarh, Chamoli",Sharda / Kali Basin (Charma & Thal rivers),cloudburst-induced flood,True,,DIRECT,HISTORICAL_DISASTER_EVENT,0.11999999731779099,4.475000016391277,4.475000016391277,4.475000016391277,4.475000016391277,4.475000016391277,4.475000016391277,4.475000016391277,4.475000016391277,4.475,24.0,3.8,,,,,,,,,,1620.0,27.9,165.0,-0.016,10500.0,1.98,100.0,7.8,15.2,BASIN-UK-38EE59,520.0,4,10,0.7,0.15,0.03,,,,,,,,,,,,,,,,,,,
FL-UK-2016-01,2016-07-01,2016-06-30T00:00:00,29.94999885559082,80.25,"Pithoragarh, Chamoli",Sharda / Kali Basin (Charma & Thal rivers),cloudburst-induced flood,True,,DIRECT,HISTORICAL_DISASTER_EVENT,0.0,4.569999694824219,4.569999694824219,4.569999694824219,4.569999694824219,4.569999694824219,4.569999694824219,4.569999694824219,4.569999694824219,4.57,24.0,3.88,,,,,,,,,,1620.0,27.9,165.0,-0.016,10500.0,1.98,100.0,7.8,15.2,BASIN-UK-38EE59,520.0,4,10,0.7,0.15,0.03,,,,,,,,,,,,,,,,,,,
FL-UK-2016-01,2016-07-01,2016-06-30T00:00:00,29.94999885559082,80.3499984741211,"Pithoragarh, Chamoli",Sharda / Kali Basin (Charma & Thal rivers),cloudburst-induced flood,True,,DIRECT,HISTORICAL_DISASTER_EVENT,0.5899999737739563,3.050000011920929,3.1600000113248825,3.1600000113248825,3.1600000113248825,3.1600000113248825,3.1600000113248825,3.1600000113248825,3.050000011920929,3.16,23.165,2.69,,,,,,,,,,1620.0,27.9,165.0,-0.016,10500.0,1.98,100.0,7.8,15.2,BASIN-UK-38EE59,520.0,4,10,0.7,0.15,0.03,,,,,,,,,,,,,,,,,,,
FL-UK-2016-01,2016-07-01,2016-07-01T00:00:00,29.649999618530273,80.1500015258789,"Pithoragarh, Chamoli",Sharda / Kali Basin (Charma & Thal rivers),cloudburst-induced flood,True,,DIRECT,HISTORICAL_DISASTER_EVENT,3.549999952316284,5.529999852180481,8.684999823570251,8.684999823570251,8.684999823570251,8.684999823570251,8.684999823570251,8.684999823570251,7.099999904632568,8.685,15.282,7.38,,,,,,,,,,1620.0,27.9,165.0,-0.016,10500.0,1.98,100.0,7.8,15.2,BASIN-UK-38EE59,520.0,4,10,0.7,0.15,0.03,,,,,,,,,,,,,,,,,,,
FL-UK-2016-01,2016-07-01,2016-07-01T00:00:00,29.649999618530273,80.25,"Pithoragarh, Chamoli",Sharda / Kali Basin (Charma & Thal rivers),cloudburst-induced flood,True,,DIRECT,HISTORICAL_DISASTER_EVENT,4.194999694824219,4.8649996519088745,5.834999620914459,5.834999620914459,5.834999620914459,5.834999620914459,5.834999620914459,5.834999620914459,8.389999389648438,5.835,20.01,4.96,,,,,,,,,,1620.0,27.9,165.0,-0.016,10500.0,1.98,100.0,7.8,15.2,BASIN-UK-38EE59,520.0,4,10,0.7,0.15,0.03,,,,,,,,,,,,,,,,,,,
FL-UK-2016-01,2016-07-01,2016-07-01T00:00:00,29.649999618530273,80.3499984741211,"Pithoragarh, Chamoli",Sharda / Kali Basin (Charma & Thal rivers),cloudburst-induced flood,True,,DIRECT,HISTORICAL_DISASTER_EVENT,4.339999675750732,4.574999675154686,4.629999674856663,4.629999674856663,4.629999674856663,4.629999674856663,4.629999674856663,4.629999674856663,8.679999351501465,4.63,23.715,3.94,,,,,,,,,,1620.0,27.9,165.0,-0.016,10500.0,1.98,100.0,7.8,15.2,BASIN-UK-38EE59,520.0,4,10,0.7,0.15,0.03,,,,,,,,,,,,,,,,,,,
FL-UK-2016-01,2016-07-01,2016-07-01T00:00:00,29.75,80.1500015258789,"Pithoragarh, Chamoli",Sharda / Kali Basin (Charma & Thal rivers),cloudburst-induced flood,True,,DIRECT,HISTORICAL_DISASTER_EVENT,5.429999828338623,5.659999817609787,7.074999779462814,7.074999779462814,7.074999779462814,7.074999779462814,7.074999779462814,7.074999779462814,10.859999656677246,7.075,19.2,6.01,,,,,,,,,,1620.0,27.9,165.0,-0.016,10500.0,1.98,100.0,7.8,15.2,BASIN-UK-38EE59,520.0,4,10,0.7,0.15,0.03,,,,,,,,,,,,,,,,,,,
FL-UK-2016-01,2016-07-01,2016-07-01T00:00:00,29.75,80.25,"Pithoragarh, Chamoli",Sharda / Kali Basin (Charma & Thal rivers),cloudburst-induced flood,True,,DIRECT,HISTORICAL_DISASTER_EVENT,4.614999771118164,5.019999772310257,5.6749997437000275,5.6749997437000275,5.6749997437000275,5.6749997437000275,5.6749997437000275,5.6749997437000275,9.229999542236328,5.675,21.23,4.82,,,,,,,,,,1620.0,27.9,165.0,-0.016,10500.0,1.98,100.0,7.8,15.2,BASIN-UK-38EE59,520.0,4,10,0.7,0.15,0.03,,,,,,,,,,,,,,,,,,,
FL-UK-2016-01,2016-07-01,2016-07-01T00:00:00,29.75,80.3499984741211,"Pithoragarh, Chamoli",Sharda / Kali Basin (Charma & Thal rivers),cloudburst-induced flood,True,,DIRECT,HISTORICAL_DISASTER_EVENT,4.005000114440918,4.3050000965595245,4.675000101327896,4.675000101327896,4.675000101327896,4.675000101327896,4.675000101327896,4.675000101327896,8.010000228881836,4.675,22.101,3.97,,,,,,,,,,1620.0,27.9,165.0,-0.016,10500.0,1.98,100.0,7.8,15.2,BASIN-UK-38EE59,520.0,4,10,0.7,0.15,0.03,,,,,,,,,,,,,,,,,,,
FL-UK-2016-01,2016-07-01,2016-07-01T00:00:00,29.849998474121094,80.1500015258789,"Pithoragarh, Chamoli",Sharda / Kali Basin (Charma & Thal rivers),cloudburst-induced flood,True,,DIRECT,HISTORICAL_DISASTER_EVENT,6.034999847412109,6.60999983549118,7.604999840259552,7.604999840259552,7.604999840259552,7.604999840259552,7.604999840259552,7.604999840259552,12.069999694824219,7.605,20.86,6.46,,,,,,,,,,1620.0,27.9,165.0,-0.016,10500.0,1.98,100.0,7.8,15.2,BASIN-UK-38EE59,520.0,4,10,0.7,0.15,0.03,,,,,,,,,,,,,,,,,,,
FL-UK-2016-01,2016-07-01,2016-07-01T00:00:00,29.849998474121094,80.25,"Pithoragarh, Chamoli",Sharda / Kali Basin (Charma & Thal rivers),cloudburst-induced flood,True,,DIRECT,HISTORICAL_DISASTER_EVENT,4.480000019073486,4.995000004768372,6.394999980926514,6.394999980926514,6.394999980926514,6.394999980926514,6.394999980926514,6.394999980926514,8.960000038146973,6.395,18.746,5.44,,,,,,,,,,1620.0,27.9,165.0,-0.016,10500.0,1.98,100.0,7.8,15.2,BASIN-UK-38EE59,520.0,4,10,0.7,0.15,0.03,,,,,,,,,,,,,,,,,,,
FL-UK-2016-01,2016-07-01,2016-07-01T00:00:00,29.849998474121094,80.3499984741211,"Pithoragarh, Chamoli",Sharda / Kali Basin (Charma & Thal rivers),cloudburst-induced flood,True,,DIRECT,HISTORICAL_DISASTER_EVENT,7.899999618530273,8.794999599456787,10.069999560713768,10.069999560713768,10.069999560713768,10.069999560713768,10.069999560713768,10.069999560713768,15.799999237060547,10.07,20.961,8.56,,,,,,,,,,1620.0,27.9,165.0,-0.016,10500.0,1.98,100.0,7.8,15.2,BASIN-UK-38EE59,520.0,4,10,0.7,0.15,0.03,,,,,,,,,,,,,,,,,,,
FL-UK-2016-01,2016-07-01,2016-07-01T00:00:00,29.94999885559082,80.1500015258789,"Pithoragarh, Chamoli",Sharda / Kali Basin (Charma & Thal rivers),cloudburst-induced flood,True,,DIRECT,HISTORICAL_DISASTER_EVENT,3.7149999141693115,3.8349999114871025,8.189999930560589,8.189999930560589,8.189999930560589,8.189999930560589,8.189999930560589,8.189999930560589,7.429999828338623,8.19,11.238,6.96,,,,,,,,,,1620.0,27.9,165.0,-0.016,10500.0,1.98,100.0,7.8,15.2,BASIN-UK-38EE59,520.0,4,10,0.7,0.15,0.03,,,,,,,,,,,,,,,,,,,
FL-UK-2016-01,2016-07-01,2016-07-01T00:00:00,29.94999885559082,80.25,"Pithoragarh, Chamoli",Sharda / Kali Basin (Charma & Thal rivers),cloudburst-induced flood,True,,DIRECT,HISTORICAL_DISASTER_EVENT,3.4649999141693115,3.4649999141693115,8.03499960899353,8.03499960899353,8.03499960899353,8.03499960899353,8.03499960899353,8.03499960899353,6.929999828338623,8.035,10.35,6.83,,,,,,,,,,1620.0,27.9,165.0,-0.016,10500.0,1.98,100.0,7.8,15.2,BASIN-UK-38EE59,520.0,4,10,0.7,0.15,0.03,,,,,,,,,,,,,,,,,,,
FL-UK-2016-01,2016-07-01,2016-07-01T00:00:00,29.94999885559082,80.3499984741211,"Pithoragarh, Chamoli",Sharda / Kali Basin (Charma & Thal rivers),cloudburst-induced flood,True,,DIRECT,HISTORICAL_DISASTER_EVENT,3.309999942779541,3.8999999165534973,6.4699999541044235,6.4699999541044235,6.4699999541044235,6.4699999541044235,6.4699999541044235,6.4699999541044235,6.619999885559082,6.47,14.467,5.5,,,,,,,,,,1620.0,27.9,165.0,-0.016,10500.0,1.98,100.0,7.8,15.2,BASIN-UK-38EE59,520.0,4,10,0.7,0.15,0.03,,,,,,,,,,,,,,,,,,,
FL-UK-2016-01,2016-07-01,2016-07-02T00:00:00,29.649999618530273,80.1500015258789,"Pithoragarh, Chamoli",Sharda / Kali Basin (Charma & Thal rivers),cloudburst-induced flood,True,,DIRECT,HISTORICAL_DISASTER_EVENT,1.7400000095367432,5.289999961853027,10.424999833106995,10.424999833106995,10.424999833106995,10.424999833106995,10.424999833106995,10.424999833106995,5.289999961853027,10.425,12.178,8.86,,,,,,,,,,1620.0,27.9,165.0,-0.016,10500.0,1.98,100.0,7.8,15.2,BASIN-UK-38EE59,520.0,4,10,0.7,0.15,0.03,,,,,,,,,,,,,,,,,,,
FL-UK-2016-01,2016-07-01,2016-07-02T00:00:00,29.649999618530273,80.25,"Pithoragarh, Chamoli",Sharda / Kali Basin (Charma & Thal rivers),cloudburst-induced flood,True,,DIRECT,HISTORICAL_DISASTER_EVENT,1.1899999380111694,5.384999632835388,7.024999558925629,7.024999558925629,7.024999558925629,7.024999558925629,7.024999558925629,7.024999558925629,5.384999632835388,7.025,18.397,5.97,,,,,,,,,,1620.0,27.9,165.0,-0.016,10500.0,1.98,100.0,7.8,15.2,BASIN-UK-38EE59,520.0,4,10,0.7,0.15,0.03,,,,,,,,,,,,,,,,,,,
FL-UK-2016-01,2016-07-01,2016-07-02T00:00:00,29.649999618530273,80.3499984741211,"Pithoragarh, Chamoli",Sharda / Kali Basin (Charma & Thal rivers),cloudburst-induced flood,True,,DIRECT,HISTORICAL_DISASTER_EVENT,0.8100000023841858,5.149999678134918,5.4399996772408485,5.4399996772408485,5.4399996772408485,5.4399996772408485,5.4399996772408485,5.4399996772408485,5.149999678134918,5.44,22.721,4.62,,,,,,,,,,1620.0,27.9,165.0,-0.016,10500.0,1.98,100.0,7.8,15.2,BASIN-UK-38EE59,520.0,4,10,0.7,0.15,0.03,,,,,,,,,,,,,,,,,,,
FL-UK-2016-01,2016-07-01,2016-07-02T00:00:00,29.75,80.1500015258789,"Pithoragarh, Chamoli",Sharda / Kali Basin (Charma & Thal rivers),cloudburst-induced flood,True,,DIRECT,HISTORICAL_DISASTER_EVENT,3.2649998664855957,8.694999694824219,10.33999964594841,10.33999964594841,10.33999964594841,10.33999964594841,10.33999964594841,10.33999964594841,8.694999694824219,10.34,20.182,8.79,,,,,,,,,,1620.0,27.9,165.0,-0.016,10500.0,1.98,100.0,7.8,15.2,BASIN-UK-38EE59,520.0,4,10,0.7,0.15,0.03,,,,,,,,,,,,,,,,,,,
FL-UK-2016-01,2016-07-01,2016-07-02T00:00:00,29.75,80.25,"Pithoragarh, Chamoli",Sharda / Kali Basin (Charma & Thal rivers),cloudburst-induced flood,True,,DIRECT,HISTORICAL_DISASTER_EVENT,1.0049999952316284,5.6199997663497925,6.679999738931656,6.679999738931656,6.679999738931656,6.679999738931656,6.679999738931656,6.679999738931656,5.6199997663497925,6.68,20.192,5.68,,,,,,,,,,1620.0,27.9,165.0,-0.016,10500.0,1.98,100.0,7.8,15.2,BASIN-UK-38EE59,520.0,4,10,0.7,0.15,0.03,,,,,,,,,,,,,,,,,,,
FL-UK-2016-01,2016-07-01,2016-07-02T00:00:00,29.75,80.3499984741211,"Pithoragarh, Chamoli",Sharda / Kali Basin (Charma & Thal rivers),cloudburst-induced flood,True,,DIRECT,HISTORICAL_DISASTER_EVENT,0.6349999904632568,4.640000104904175,5.310000091791153,5.310000091791153,5.310000091791153,5.310000091791153,5.310000091791153,5.310000091791153,4.640000104904175,5.31,20.972,4.51,,,,,,,,,,1620.0,27.9,165.0,-0.016,10500.0,1.98,100.0,7.8,15.2,BASIN-UK-38EE59,520.0,4,10,0.7,0.15,0.03,,,,,,,,,,,,,,,,,,,
FL-UK-2016-01,2016-07-01,2016-07-02T00:00:00,29.849998474121094,80.1500015258789,"Pithoragarh, Chamoli",Sharda / Kali Basin (Charma & Thal rivers),cloudburst-induced flood,True,,DIRECT,HISTORICAL_DISASTER_EVENT,2.2300000190734863,8.264999866485596,9.834999859333038,9.834999859333038,9.834999859333038,9.834999859333038,9.834999859333038,9.834999859333038,8.264999866485596,9.835,20.169,8.36,,,,,,,,,,1620.0,27.9,165.0,-0.016,10500.0,1.98,100.0,7.8,15.2,BASIN-UK-38EE59,520.0,4,10,0.7,0.15,0.03,,,,,,,,,,,,,,,,,,,
FL-UK-2016-01,2016-07-01,2016-07-02T00:00:00,29.849998474121094,80.25,"Pithoragarh, Chamoli",Sharda / Kali Basin (Charma & Thal rivers),cloudburst-induced flood,True,,DIRECT,HISTORICAL_DISASTER_EVENT,0.9350000023841858,5.415000021457672,7.3299999833106995,7.3299999833106995,7.3299999833106995,7.3299999833106995,7.3299999833106995,7.3299999833106995,5.415000021457672,7.33,17.73,6.23,,,,,,,,,,1620.0,27.9,165.0,-0.016,10500.0,1.98,100.0,7.8,15.2,BASIN-UK-38EE59,520.0,4,10,0.7,0.15,0.03,,,,,,,,,,,,,,,,,,,
FL-UK-2016-01,2016-07-01,2016-07-02T00:00:00,29.849998474121094,80.3499984741211,"Pithoragarh, Chamoli",Sharda / Kali Basin (Charma & Thal rivers),cloudburst-induced flood,True,,DIRECT,HISTORICAL_DISASTER_EVENT,0.8399999737739563,8.73999959230423,10.909999534487724,10.909999534487724,10.909999534487724,10.909999534487724,10.909999534487724,10.909999534487724,8.73999959230423,10.91,19.226,9.27,,,,,,,,,,1620.0,27.9,165.0,-0.016,10500.0,1.98,100.0,7.8,15.2,BASIN-UK-38EE59,520.0,4,10,0.7,0.15,0.03,,,,,,,,,,,,,,,,,,,
FL-UK-2016-01,2016-07-01,2016-07-02T00:00:00,29.94999885559082,80.1500015258789,"Pithoragarh, Chamoli",Sharda / Kali Basin (Charma & Thal rivers),cloudburst-induced flood,True,,DIRECT,HISTORICAL_DISASTER_EVENT,0.3499999940395355,4.064999908208847,8.539999924600124,8.539999924600124,8.539999924600124,8.539999924600124,8.539999924600124,8.539999924600124,4.064999908208847,8.54,11.424,7.26,,,,,,,,,,1620.0,27.9,165.0,-0.016,10500.0,1.98,100.0,7.8,15.2,BASIN-UK-38EE59,520.0,4,10,0.7,0.15,0.03,,,,,,,,,,,,,,,,,,,
FL-UK-2016-01,2016-07-01,2016-07-02T00:00:00,29.94999885559082,80.25,"Pithoragarh, Chamoli",Sharda / Kali Basin (Charma & Thal rivers),cloudburst-induced flood,True,,DIRECT,HISTORICAL_DISASTER_EVENT,0.4599999785423279,3.9249998927116394,8.494999587535858,8.494999587535858,8.494999587535858,8.494999587535858,8.494999587535858,8.494999587535858,3.9249998927116394,8.495,11.089,7.22,,,,,,,,,,1620.0,27.9,165.0,-0.016,10500.0,1.98,100.0,7.8,15.2,BASIN-UK-38EE59,520.0,4,10,0.7,0.15,0.03,,,,,,,,,,,,,,,,,,,
FL-UK-2016-01,2016-07-01,2016-07-02T00:00:00,29.94999885559082,80.3499984741211,"Pithoragarh, Chamoli",Sharda / Kali Basin (Charma & Thal rivers),cloudburst-induced flood,True,,DIRECT,HISTORICAL_DISASTER_EVENT,0.4599999785423279,3.769999921321869,6.929999932646751,6.929999932646751,6.929999932646751,6.929999932646751,6.929999932646751,6.929999932646751,3.769999921321869,6.93,13.056,5.89,,,,,,,,,,1620.0,27.9,165.0,-0.016,10500.0,1.98,100.0,7.8,15.2,BASIN-UK-38EE59,520.0,4,10,0.7,0.15,0.03,,,,,,,,,,,,,,,,,,,
FL-UK-2016-01,2016-07-01,2016-07-03T00:00:00,29.649999618530273,80.1500015258789,"Pithoragarh, Chamoli",Sharda / Kali Basin (Charma & Thal rivers),cloudburst-induced flood,True,,DIRECT,HISTORICAL_DISASTER_EVENT,0.8199999928474426,2.560000002384186,11.244999825954437,11.244999825954437,11.244999825954437,11.244999825954437,11.244999825954437,11.244999825954437,2.560000002384186,11.245,5.464,9.56,,,,,,,,,,1620.0,27.9,165.0,-0.016,10500.0,1.98,100.0,7.8,15.2,BASIN-UK-38EE59,520.0,4,10,0.7,0.15,0.03,,,,,,,,,,,,,,,,,,,
FL-UK-2016-01,2016-07-01,2016-07-03T00:00:00,29.649999618530273,80.25,"Pithoragarh, Chamoli",Sharda / Kali Basin (Charma & Thal rivers),cloudburst-induced flood,True,,DIRECT,HISTORICAL_DISASTER_EVENT,0.0,1.1899999380111694,7.024999558925629,7.024999558925629,7.024999558925629,7.024999558925629,7.024999558925629,7.024999558925629,1.1899999380111694,7.025,4.065,5.97,,,,,,,,,,1620.0,27.9,165.0,-0.016,10500.0,1.98,100.0,7.8,15.2,BASIN-UK-38EE59,520.0,4,10,0.7,0.15,0.03,,,,,,,,,,,,,,,,,,,
FL-UK-2016-01,2016-07-01,2016-07-03T00:00:00,29.649999618530273,80.3499984741211,"Pithoragarh, Chamoli",Sharda / Kali Basin (Charma & Thal rivers),cloudburst-induced flood,True,,DIRECT,HISTORICAL_DISASTER_EVENT,0.0,0.8100000023841858,5.4399996772408485,5.4399996772408485,5.4399996772408485,5.4399996772408485,5.4399996772408485,5.4399996772408485,0.8100000023841858,5.44,3.574,4.62,,,,,,,,,,1620.0,27.9,165.0,-0.016,10500.0,1.98,100.0,7.8,15.2,BASIN-UK-38EE59,520.0,4,10,0.7,0.15,0.03,,,,,,,,,,,,,,,,,,,
FL-UK-2016-01,2016-07-01,2016-07-03T00:00:00,29.75,80.1500015258789,"Pithoragarh, Chamoli",Sharda / Kali Basin (Charma & Thal rivers),cloudburst-induced flood,True,,DIRECT,HISTORICAL_DISASTER_EVENT,0.2149999886751175,3.479999855160713,10.554999634623528,10.554999634623528,10.554999634623528,10.554999634623528,10.554999634623528,10.554999634623528,3.479999855160713,10.555,7.913,8.97,,,,,,,,,,1620.0,27.9,165.0,-0.016,10500.0,1.98,100.0,7.8,15.2,BASIN-UK-38EE59,520.0,4,10,0.7,0.15,0.03,,,,,,,,,,,,,,,,,,,
FL-UK-2016-01,2016-07-01,2016-07-03T00:00:00,29.75,80.25,"Pithoragarh, Chamoli",Sharda / Kali Basin (Charma & Thal rivers),cloudburst-induced flood,True,,DIRECT,HISTORICAL_DISASTER_EVENT,0.14999999105930328,1.1549999862909317,6.829999729990959,6.829999729990959,6.829999729990959,6.829999729990959,6.829999729990959,6.829999729990959,1.1549999862909317,6.83,4.059,5.81,,,,,,,,,,1620.0,27.9,165.0,-0.016,10500.0,1.98,100.0,7.8,15.2,BASIN-UK-38EE59,520.0,4,10,0.7,0.15,0.03,,,,,,,,,,,,,,,,,,,
FL-UK-2016-01,2016-07-01,2016-07-03T00:00:00,29.75,80.3499984741211,"Pithoragarh, Chamoli",Sharda / Kali Basin (Charma & Thal rivers),cloudburst-induced flood,True,,DIRECT,HISTORICAL_DISASTER_EVENT,0.0,0.6349999904632568,5.310000091791153,5.310000091791153,5.310000091791153,5.310000091791153,5.310000091791153,5.310000091791153,0.6349999904632568,5.31,2.87,4.51,,,,,,,,,,1620.0,27.9,165.0,-0.016,10500.0,1.98,100.0,7.8,15.2,BASIN-UK-38EE59,520.0,4,10,0.7,0.15,0.03,,,,,,,,,,,,,,,,,,,
FL-UK-2016-01,2016-07-01,2016-07-03T00:00:00,29.849998474121094,80.1500015258789,"Pithoragarh, Chamoli",Sharda / Kali Basin (Charma & Thal rivers),cloudburst-induced flood,True,,DIRECT,HISTORICAL_DISASTER_EVENT,0.22499999403953552,2.455000013113022,10.059999853372574,10.059999853372574,10.059999853372574,10.059999853372574,10.059999853372574,10.059999853372574,2.455000013113022,10.06,5.857,8.55,,,,,,,,,,1620.0,27.9,165.0,-0.016,10500.0,1.98,100.0,7.8,15.2,BASIN-UK-38EE59,520.0,4,10,0.7,0.15,0.03,,,,,,,,,,,,,,,,,,,
FL-UK-2016-01,2016-07-01,2016-07-03T00:00:00,29.849998474121094,80.25,"Pithoragarh, Chamoli",Sharda / Kali Basin (Charma & Thal rivers),cloudburst-induced flood,True,,DIRECT,HISTORICAL_DISASTER_EVENT,0.14000000059604645,1.0750000029802322,7.469999983906746,7.469999983906746,7.469999983906746,7.469999983906746,7.469999983906746,7.469999983906746,1.0750000029802322,7.47,3.454,6.35,,,,,,,,,,1620.0,27.9,165.0,-0.016,10500.0,1.98,100.0,7.8,15.2,BASIN-UK-38EE59,520.0,4,10,0.7,0.15,0.03,,,,,,,,,,,,,,,,,,,
FL-UK-2016-01,2016-07-01,2016-07-03T00:00:00,29.849998474121094,80.3499984741211,"Pithoragarh, Chamoli",Sharda / Kali Basin (Charma & Thal rivers),cloudburst-induced flood,True,,DIRECT,HISTORICAL_DISASTER_EVENT,0.0,0.8399999737739563,10.909999534487724,10.909999534487724,10.909999534487724,10.909999534487724,10.909999534487724,10.909999534487724,0.8399999737739563,10.91,1.848,9.27,,,,,,,,,,1620.0,27.9,165.0,-0.016,10500.0,1.98,100.0,7.8,15.2,BASIN-UK-38EE59,520.0,4,10,0.7,0.15,0.03,,,,,,,,,,,,,,,,,,,
FL-UK-2016-01,2016-07-01,2016-07-03T00:00:00,29.94999885559082,80.1500015258789,"Pithoragarh, Chamoli",Sharda / Kali Basin (Charma & Thal rivers),cloudburst-induced flood,True,,DIRECT,HISTORICAL_DISASTER_EVENT,0.06499999761581421,0.41499999165534973,8.604999922215939,8.604999922215939,8.604999922215939,8.604999922215939,8.604999922215939,8.604999922215939,0.41499999165534973,8.605,1.157,7.31,,,,,,,,,,1620.0,27.9,165.0,-0.016,10500.0,1.98,100.0,7.8,15.2,BASIN-UK-38EE59,520.0,4,10,0.7,0.15,0.03,,,,,,,,,,,,,,,,,,,
FL-UK-2016-01,2016-07-01,2016-07-03T00:00:00,29.94999885559082,80.25,"Pithoragarh, Chamoli",Sharda / Kali Basin (Charma & Thal rivers),cloudburst-induced flood,True,,DIRECT,HISTORICAL_DISASTER_EVENT,0.08999999612569809,0.549999974668026,8.584999583661556,8.584999583661556,8.584999583661556,8.584999583661556,8.584999583661556,8.584999583661556,0.549999974668026,8.585,1.538,7.3,,,,,,,,,,1620.0,27.9,165.0,-0.016,10500.0,1.98,100.0,7.8,15.2,BASIN-UK-38EE59,520.0,4,10,0.7,0.15,0.03,,,,,,,,,,,,,,,,,,,
FL-UK-2016-01,2016-07-01,2016-07-03T00:00:00,29.94999885559082,80.3499984741211,"Pithoragarh, Chamoli",Sharda / Kali Basin (Charma & Thal rivers),cloudburst-induced flood,True,,DIRECT,HISTORICAL_DISASTER_EVENT,0.22999998927116394,0.6899999678134918,7.159999921917915,7.159999921917915,7.159999921917915,7.159999921917915,7.159999921917915,7.159999921917915,0.6899999678134918,7.16,2.313,6.09,,,,,,,,,,1620.0,27.9,165.0,-0.016,10500.0,1.98,100.0,7.8,15.2,BASIN-UK-38EE59,520.0,4,10,0.7,0.15,0.03,,,,,,,,,,,,,,,,,,,
FL-UK-2019-01,2019-08-18,2019-08-15T00:00:00,30.94999885559082,77.75,Uttarkashi,Yamuna Basin (Tons River / Pabar tributary),cloudburst-induced flood,True,,DERIVED,HISTORICAL_DISASTER_EVENT,0.0,0.0,0.0,0.0,0.0,0.0,0.0,0.0,0.0,0.0,0.0,0.0,,,,,,,,,,1890.0,30.1,205.0,-0.019,7900.0,2.15,80.0,7.1,16.2,BASIN-UK-39D80E,520.0,4,10,0.62,0.18,0.04,,,,,,,,,,,,,,,,,,,
FL-UK-2019-01,2019-08-18,2019-08-15T00:00:00,30.94999885559082,77.8499984741211,Uttarkashi,Yamuna Basin (Tons River / Pabar tributary),cloudburst-induced flood,True,,DERIVED,HISTORICAL_DISASTER_EVENT,0.0,0.0,0.0,0.0,0.0,0.0,0.0,0.0,0.0,0.0,0.0,0.0,,,,,,,,,,1890.0,30.1,205.0,-0.019,7900.0,2.15,80.0,7.1,16.2,BASIN-UK-39D80E,520.0,4,10,0.62,0.18,0.04,,,,,,,,,,,,,,,,,,,
FL-UK-2019-01,2019-08-18,2019-08-15T00:00:00,30.94999885559082,77.94999694824219,Uttarkashi,Yamuna Basin (Tons River / Pabar tributary),cloudburst-induced flood,True,,DERIVED,HISTORICAL_DISASTER_EVENT,0.0,0.0,0.0,0.0,0.0,0.0,0.0,0.0,0.0,0.0,0.0,0.0,,,,,,,,,,1890.0,30.1,205.0,-0.019,7900.0,2.15,80.0,7.1,16.2,BASIN-UK-39D80E,520.0,4,10,0.62,0.18,0.04,,,,,,,,,,,,,,,,,,,
FL-UK-2019-01,2019-08-18,2019-08-15T00:00:00,31.049999237060547,77.75,Uttarkashi,Yamuna Basin (Tons River / Pabar tributary),cloudburst-induced flood,True,,DERIVED,HISTORICAL_DISASTER_EVENT,0.0,0.0,0.0,0.0,0.0,0.0,0.0,0.0,0.0,0.0,0.0,0.0,,,,,,,,,,1890.0,30.1,205.0,-0.019,7900.0,2.15,80.0,7.1,16.2,BASIN-UK-39D80E,520.0,4,10,0.62,0.18,0.04,,,,,,,,,,,,,,,,,,,
FL-UK-2019-01,2019-08-18,2019-08-15T00:00:00,31.049999237060547,77.8499984741211,Uttarkashi,Yamuna Basin (Tons River / Pabar tributary),cloudburst-induced flood,True,,DERIVED,HISTORICAL_DISASTER_EVENT,0.0,0.0,0.0,0.0,0.0,0.0,0.0,0.0,0.0,0.0,0.0,0.0,,,,,,,,,,1890.0,30.1,205.0,-0.019,7900.0,2.15,80.0,7.1,16.2,BASIN-UK-39D80E,520.0,4,10,0.62,0.18,0.04,,,,,,,,,,,,,,,,,,,
FL-UK-2019-01,2019-08-18,2019-08-15T00:00:00,31.049999237060547,77.94999694824219,Uttarkashi,Yamuna Basin (Tons River / Pabar tributary),cloudburst-induced flood,True,,DERIVED,HISTORICAL_DISASTER_EVENT,0.0,0.0,0.0,0.0,0.0,0.0,0.0,0.0,0.0,0.0,0.0,0.0,,,,,,,,,,1890.0,30.1,205.0,-0.019,7900.0,2.15,80.0,7.1,16.2,BASIN-UK-39D80E,520.0,4,10,0.62,0.18,0.04,,,,,,,,,,,,,,,,,,,
FL-UK-2019-01,2019-08-18,2019-08-15T00:00:00,31.149999618530273,77.75,Uttarkashi,Yamuna Basin (Tons River / Pabar tributary),cloudburst-induced flood,True,,DERIVED,HISTORICAL_DISASTER_EVENT,0.0,0.0,0.0,0.0,0.0,0.0,0.0,0.0,0.0,0.0,0.0,0.0,,,,,,,,,,1890.0,30.1,205.0,-0.019,7900.0,2.15,80.0,7.1,16.2,BASIN-UK-39D80E,520.0,4,10,0.62,0.18,0.04,,,,,,,,,,,,,,,,,,,
FL-UK-2019-01,2019-08-18,2019-08-15T00:00:00,31.149999618530273,77.8499984741211,Uttarkashi,Yamuna Basin (Tons River / Pabar tributary),cloudburst-induced flood,True,,DERIVED,HISTORICAL_DISASTER_EVENT,0.0,0.0,0.0,0.0,0.0,0.0,0.0,0.0,0.0,0.0,0.0,0.0,,,,,,,,,,1890.0,30.1,205.0,-0.019,7900.0,2.15,80.0,7.1,16.2,BASIN-UK-39D80E,520.0,4,10,0.62,0.18,0.04,,,,,,,,,,,,,,,,,,,
FL-UK-2019-01,2019-08-18,2019-08-15T00:00:00,31.149999618530273,77.94999694824219,Uttarkashi,Yamuna Basin (Tons River / Pabar tributary),cloudburst-induced flood,True,,DERIVED,HISTORICAL_DISASTER_EVENT,0.0,0.0,0.0,0.0,0.0,0.0,0.0,0.0,0.0,0.0,0.0,0.0,,,,,,,,,,1890.0,30.1,205.0,-0.019,7900.0,2.15,80.0,7.1,16.2,BASIN-UK-39D80E,520.0,4,10,0.62,0.18,0.04,,,,,,,,,,,,,,,,,,,
FL-UK-2019-01,2019-08-18,2019-08-16T00:00:00,30.94999885559082,77.75,Uttarkashi,Yamuna Basin (Tons River / Pabar tributary),cloudburst-induced flood,True,,DERIVED,HISTORICAL_DISASTER_EVENT,0.0,0.0,0.0,0.0,0.0,0.0,0.0,0.0,0.0,0.0,0.0,0.0,,,,,,,,,,1890.0,30.1,205.0,-0.019,7900.0,2.15,80.0,7.1,16.2,BASIN-UK-39D80E,520.0,4,10,0.62,0.18,0.04,,,,,,,,,,,,,,,,,,,
FL-UK-2019-01,2019-08-18,2019-08-16T00:00:00,30.94999885559082,77.8499984741211,Uttarkashi,Yamuna Basin (Tons River / Pabar tributary),cloudburst-induced flood,True,,DERIVED,HISTORICAL_DISASTER_EVENT,0.0,0.0,0.0,0.0,0.0,0.0,0.0,0.0,0.0,0.0,0.0,0.0,,,,,,,,,,1890.0,30.1,205.0,-0.019,7900.0,2.15,80.0,7.1,16.2,BASIN-UK-39D80E,520.0,4,10,0.62,0.18,0.04,,,,,,,,,,,,,,,,,,,
FL-UK-2019-01,2019-08-18,2019-08-16T00:00:00,30.94999885559082,77.94999694824219,Uttarkashi,Yamuna Basin (Tons River / Pabar tributary),cloudburst-induced flood,True,,DERIVED,HISTORICAL_DISASTER_EVENT,0.10499999672174454,0.10499999672174454,0.10499999672174454,0.10499999672174454,0.10499999672174454,0.10499999672174454,0.10499999672174454,0.10499999672174454,0.20999999344348907,0.105,24.0,0.09,,,,,,,,,,1890.0,30.1,205.0,-0.019,7900.0,2.15,80.0,7.1,16.2,BASIN-UK-39D80E,520.0,4,10,0.62,0.18,0.04,,,,,,,,,,,,,,,,,,,
FL-UK-2019-01,2019-08-18,2019-08-16T00:00:00,31.049999237060547,77.75,Uttarkashi,Yamuna Basin (Tons River / Pabar tributary),cloudburst-induced flood,True,,DERIVED,HISTORICAL_DISASTER_EVENT,0.0,0.0,0.0,0.0,0.0,0.0,0.0,0.0,0.0,0.0,0.0,0.0,,,,,,,,,,1890.0,30.1,205.0,-0.019,7900.0,2.15,80.0,7.1,16.2,BASIN-UK-39D80E,520.0,4,10,0.62,0.18,0.04,,,,,,,,,,,,,,,,,,,
FL-UK-2019-01,2019-08-18,2019-08-16T00:00:00,31.049999237060547,77.8499984741211,Uttarkashi,Yamuna Basin (Tons River / Pabar tributary),cloudburst-induced flood,True,,DERIVED,HISTORICAL_DISASTER_EVENT,0.0,0.0,0.0,0.0,0.0,0.0,0.0,0.0,0.0,0.0,0.0,0.0,,,,,,,,,,1890.0,30.1,205.0,-0.019,7900.0,2.15,80.0,7.1,16.2,BASIN-UK-39D80E,520.0,4,10,0.62,0.18,0.04,,,,,,,,,,,,,,,,,,,
FL-UK-2019-01,2019-08-18,2019-08-16T00:00:00,31.049999237060547,77.94999694824219,Uttarkashi,Yamuna Basin (Tons River / Pabar tributary),cloudburst-induced flood,True,,DERIVED,HISTORICAL_DISASTER_EVENT,0.0,0.0,0.0,0.0,0.0,0.0,0.0,0.0,0.0,0.0,0.0,0.0,,,,,,,,,,1890.0,30.1,205.0,-0.019,7900.0,2.15,80.0,7.1,16.2,BASIN-UK-39D80E,520.0,4,10,0.62,0.18,0.04,,,,,,,,,,,,,,,,,,,
FL-UK-2019-01,2019-08-18,2019-08-16T00:00:00,31.149999618530273,77.75,Uttarkashi,Yamuna Basin (Tons River / Pabar tributary),cloudburst-induced flood,True,,DERIVED,HISTORICAL_DISASTER_EVENT,0.0,0.0,0.0,0.0,0.0,0.0,0.0,0.0,0.0,0.0,0.0,0.0,,,,,,,,,,1890.0,30.1,205.0,-0.019,7900.0,2.15,80.0,7.1,16.2,BASIN-UK-39D80E,520.0,4,10,0.62,0.18,0.04,,,,,,,,,,,,,,,,,,,
FL-UK-2019-01,2019-08-18,2019-08-16T00:00:00,31.149999618530273,77.8499984741211,Uttarkashi,Yamuna Basin (Tons River / Pabar tributary),cloudburst-induced flood,True,,DERIVED,HISTORICAL_DISASTER_EVENT,0.0,0.0,0.0,0.0,0.0,0.0,0.0,0.0,0.0,0.0,0.0,0.0,,,,,,,,,,1890.0,30.1,205.0,-0.019,7900.0,2.15,80.0,7.1,16.2,BASIN-UK-39D80E,520.0,4,10,0.62,0.18,0.04,,,,,,,,,,,,,,,,,,,
FL-UK-2019-01,2019-08-18,2019-08-16T00:00:00,31.149999618530273,77.94999694824219,Uttarkashi,Yamuna Basin (Tons River / Pabar tributary),cloudburst-induced flood,True,,DERIVED,HISTORICAL_DISASTER_EVENT,0.0,0.0,0.0,0.0,0.0,0.0,0.0,0.0,0.0,0.0,0.0,0.0,,,,,,,,,,1890.0,30.1,205.0,-0.019,7900.0,2.15,80.0,7.1,16.2,BASIN-UK-39D80E,520.0,4,10,0.62,0.18,0.04,,,,,,,,,,,,,,,,,,,
FL-UK-2019-01,2019-08-18,2019-08-17T00:00:00,30.94999885559082,77.75,Uttarkashi,Yamuna Basin (Tons River / Pabar tributary),cloudburst-induced flood,True,,DERIVED,HISTORICAL_DISASTER_EVENT,0.0,0.0,0.0,0.0,0.0,0.0,0.0,0.0,0.0,0.0,0.0,0.0,,,,,,,,,,1890.0,30.1,205.0,-0.019,7900.0,2.15,80.0,7.1,16.2,BASIN-UK-39D80E,520.0,4,10,0.62,0.18,0.04,,,,,,,,,,,,,,,,,,,
FL-UK-2019-01,2019-08-18,2019-08-17T00:00:00,30.94999885559082,77.8499984741211,Uttarkashi,Yamuna Basin (Tons River / Pabar tributary),cloudburst-induced flood,True,,DERIVED,HISTORICAL_DISASTER_EVENT,0.0,0.0,0.0,0.0,0.0,0.0,0.0,0.0,0.0,0.0,0.0,0.0,,,,,,,,,,1890.0,30.1,205.0,-0.019,7900.0,2.15,80.0,7.1,16.2,BASIN-UK-39D80E,520.0,4,10,0.62,0.18,0.04,,,,,,,,,,,,,,,,,,,
FL-UK-2019-01,2019-08-18,2019-08-17T00:00:00,30.94999885559082,77.94999694824219,Uttarkashi,Yamuna Basin (Tons River / Pabar tributary),cloudburst-induced flood,True,,DERIVED,HISTORICAL_DISASTER_EVENT,0.0,0.10499999672174454,0.10499999672174454,0.10499999672174454,0.10499999672174454,0.10499999672174454,0.10499999672174454,0.10499999672174454,0.10499999672174454,0.105,24.0,0.09,,,,,,,,,,1890.0,30.1,205.0,-0.019,7900.0,2.15,80.0,7.1,16.2,BASIN-UK-39D80E,520.0,4,10,0.62,0.18,0.04,,,,,,,,,,,,,,,,,,,
FL-UK-2019-01,2019-08-18,2019-08-17T00:00:00,31.049999237060547,77.75,Uttarkashi,Yamuna Basin (Tons River / Pabar tributary),cloudburst-induced flood,True,,DERIVED,HISTORICAL_DISASTER_EVENT,0.0,0.0,0.0,0.0,0.0,0.0,0.0,0.0,0.0,0.0,0.0,0.0,,,,,,,,,,1890.0,30.1,205.0,-0.019,7900.0,2.15,80.0,7.1,16.2,BASIN-UK-39D80E,520.0,4,10,0.62,0.18,0.04,,,,,,,,,,,,,,,,,,,
FL-UK-2019-01,2019-08-18,2019-08-17T00:00:00,31.049999237060547,77.8499984741211,Uttarkashi,Yamuna Basin (Tons River / Pabar tributary),cloudburst-induced flood,True,,DERIVED,HISTORICAL_DISASTER_EVENT,0.0,0.0,0.0,0.0,0.0,0.0,0.0,0.0,0.0,0.0,0.0,0.0,,,,,,,,,,1890.0,30.1,205.0,-0.019,7900.0,2.15,80.0,7.1,16.2,BASIN-UK-39D80E,520.0,4,10,0.62,0.18,0.04,,,,,,,,,,,,,,,,,,,
FL-UK-2019-01,2019-08-18,2019-08-17T00:00:00,31.049999237060547,77.94999694824219,Uttarkashi,Yamuna Basin (Tons River / Pabar tributary),cloudburst-induced flood,True,,DERIVED,HISTORICAL_DISASTER_EVENT,0.0,0.0,0.0,0.0,0.0,0.0,0.0,0.0,0.0,0.0,0.0,0.0,,,,,,,,,,1890.0,30.1,205.0,-0.019,7900.0,2.15,80.0,7.1,16.2,BASIN-UK-39D80E,520.0,4,10,0.62,0.18,0.04,,,,,,,,,,,,,,,,,,,
FL-UK-2019-01,2019-08-18,2019-08-17T00:00:00,31.149999618530273,77.75,Uttarkashi,Yamuna Basin (Tons River / Pabar tributary),cloudburst-induced flood,True,,DERIVED,HISTORICAL_DISASTER_EVENT,0.0,0.0,0.0,0.0,0.0,0.0,0.0,0.0,0.0,0.0,0.0,0.0,,,,,,,,,,1890.0,30.1,205.0,-0.019,7900.0,2.15,80.0,7.1,16.2,BASIN-UK-39D80E,520.0,4,10,0.62,0.18,0.04,,,,,,,,,,,,,,,,,,,
FL-UK-2019-01,2019-08-18,2019-08-17T00:00:00,31.149999618530273,77.8499984741211,Uttarkashi,Yamuna Basin (Tons River / Pabar tributary),cloudburst-induced flood,True,,DERIVED,HISTORICAL_DISASTER_EVENT,0.0,0.0,0.0,0.0,0.0,0.0,0.0,0.0,0.0,0.0,0.0,0.0,,,,,,,,,,1890.0,30.1,205.0,-0.019,7900.0,2.15,80.0,7.1,16.2,BASIN-UK-39D80E,520.0,4,10,0.62,0.18,0.04,,,,,,,,,,,,,,,,,,,
FL-UK-2019-01,2019-08-18,2019-08-17T00:00:00,31.149999618530273,77.94999694824219,Uttarkashi,Yamuna Basin (Tons River / Pabar tributary),cloudburst-induced flood,True,,DERIVED,HISTORICAL_DISASTER_EVENT,0.0,0.0,0.0,0.0,0.0,0.0,0.0,0.0,0.0,0.0,0.0,0.0,,,,,,,,,,1890.0,30.1,205.0,-0.019,7900.0,2.15,80.0,7.1,16.2,BASIN-UK-39D80E,520.0,4,10,0.62,0.18,0.04,,,,,,,,,,,,,,,,,,,
FL-UK-2019-01,2019-08-18,2019-08-18T00:00:00,30.94999885559082,77.75,Uttarkashi,Yamuna Basin (Tons River / Pabar tributary),cloudburst-induced flood,True,,DERIVED,HISTORICAL_DISASTER_EVENT,19.104999542236328,19.104999542236328,19.104999542236328,19.104999542236328,19.104999542236328,19.104999542236328,19.104999542236328,19.104999542236328,38.209999084472656,19.105,24.0,16.24,,,,,,,,,,1890.0,30.1,205.0,-0.019,7900.0,2.15,80.0,7.1,16.2,BASIN-UK-39D80E,520.0,4,10,0.62,0.18,0.04,,,,,,,,,,,,,,,,,,,
FL-UK-2019-01,2019-08-18,2019-08-18T00:00:00,30.94999885559082,77.8499984741211,Uttarkashi,Yamuna Basin (Tons River / Pabar tributary),cloudburst-induced flood,True,,DERIVED,HISTORICAL_DISASTER_EVENT,2.3399999141693115,2.3399999141693115,2.3399999141693115,2.3399999141693115,2.3399999141693115,2.3399999141693115,2.3399999141693115,2.3399999141693115,4.679999828338623,2.34,24.0,1.99,,,,,,,,,,1890.0,30.1,205.0,-0.019,7900.0,2.15,80.0,7.1,16.2,BASIN-UK-39D80E,520.0,4,10,0.62,0.18,0.04,,,,,,,,,,,,,,,,,,,
FL-UK-2019-01,2019-08-18,2019-08-18T00:00:00,30.94999885559082,77.94999694824219,Uttarkashi,Yamuna Basin (Tons River / Pabar tributary),cloudburst-induced flood,True,,DERIVED,HISTORICAL_DISASTER_EVENT,2.1050000190734863,2.1050000190734863,2.210000015795231,2.210000015795231,2.210000015795231,2.210000015795231,2.210000015795231,2.210000015795231,4.210000038146973,2.21,22.86,1.88,,,,,,,,,,1890.0,30.1,205.0,-0.019,7900.0,2.15,80.0,7.1,16.2,BASIN-UK-39D80E,520.0,4,10,0.62,0.18,0.04,,,,,,,,,,,,,,,,,,,
FL-UK-2019-01,2019-08-18,2019-08-18T00:00:00,31.049999237060547,77.75,Uttarkashi,Yamuna Basin (Tons River / Pabar tributary),cloudburst-induced flood,True,,DERIVED,HISTORICAL_DISASTER_EVENT,9.574999809265137,9.574999809265137,9.574999809265137,9.574999809265137,9.574999809265137,9.574999809265137,9.574999809265137,9.574999809265137,19.149999618530273,9.575,24.0,8.14,,,,,,,,,,1890.0,30.1,205.0,-0.019,7900.0,2.15,80.0,7.1,16.2,BASIN-UK-39D80E,520.0,4,10,0.62,0.18,0.04,,,,,,,,,,,,,,,,,,,
FL-UK-2019-01,2019-08-18,2019-08-18T00:00:00,31.049999237060547,77.8499984741211,Uttarkashi,Yamuna Basin (Tons River / Pabar tributary),cloudburst-induced flood,True,,DERIVED,HISTORICAL_DISASTER_EVENT,9.769999504089355,9.769999504089355,9.769999504089355,9.769999504089355,9.769999504089355,9.769999504089355,9.769999504089355,9.769999504089355,19.53999900817871,9.77,24.0,8.3,,,,,,,,,,1890.0,30.1,205.0,-0.019,7900.0,2.15,80.0,7.1,16.2,BASIN-UK-39D80E,520.0,4,10,0.62,0.18,0.04,,,,,,,,,,,,,,,,,,,
FL-UK-2019-01,2019-08-18,2019-08-18T00:00:00,31.049999237060547,77.94999694824219,Uttarkashi,Yamuna Basin (Tons River / Pabar tributary),cloudburst-induced flood,True,,DERIVED,HISTORICAL_DISASTER_EVENT,1.1449999809265137,1.1449999809265137,1.1449999809265137,1.1449999809265137,1.1449999809265137,1.1449999809265137,1.1449999809265137,1.1449999809265137,2.2899999618530273,1.145,24.0,0.97,,,,,,,,,,1890.0,30.1,205.0,-0.019,7900.0,2.15,80.0,7.1,16.2,BASIN-UK-39D80E,520.0,4,10,0.62,0.18,0.04,,,,,,,,,,,,,,,,,,,
FL-UK-2019-01,2019-08-18,2019-08-18T00:00:00,31.149999618530273,77.75,Uttarkashi,Yamuna Basin (Tons River / Pabar tributary),cloudburst-induced flood,True,,DERIVED,HISTORICAL_DISASTER_EVENT,10.029999732971191,10.029999732971191,10.029999732971191,10.029999732971191,10.029999732971191,10.029999732971191,10.029999732971191,10.029999732971191,20.059999465942383,10.03,24.0,8.53,,,,,,,,,,1890.0,30.1,205.0,-0.019,7900.0,2.15,80.0,7.1,16.2,BASIN-UK-39D80E,520.0,4,10,0.62,0.18,0.04,,,,,,,,,,,,,,,,,,,
FL-UK-2019-01,2019-08-18,2019-08-18T00:00:00,31.149999618530273,77.8499984741211,Uttarkashi,Yamuna Basin (Tons River / Pabar tributary),cloudburst-induced flood,True,,DERIVED,HISTORICAL_DISASTER_EVENT,0.4899999797344208,0.4899999797344208,0.4899999797344208,0.4899999797344208,0.4899999797344208,0.4899999797344208,0.4899999797344208,0.4899999797344208,0.9799999594688416,0.49,24.0,0.42,,,,,,,,,,1890.0,30.1,205.0,-0.019,7900.0,2.15,80.0,7.1,16.2,BASIN-UK-39D80E,520.0,4,10,0.62,0.18,0.04,,,,,,,,,,,,,,,,,,,
FL-UK-2019-01,2019-08-18,2019-08-18T00:00:00,31.149999618530273,77.94999694824219,Uttarkashi,Yamuna Basin (Tons River / Pabar tributary),cloudburst-induced flood,True,,DERIVED,HISTORICAL_DISASTER_EVENT,3.8550000190734863,3.8550000190734863,3.8550000190734863,3.8550000190734863,3.8550000190734863,3.8550000190734863,3.8550000190734863,3.8550000190734863,7.710000038146973,3.855,24.0,3.28,,,,,,,,,,1890.0,30.1,205.0,-0.019,7900.0,2.15,80.0,7.1,16.2,BASIN-UK-39D80E,520.0,4,10,0.62,0.18,0.04,,,,,,,,,,,,,,,,,,,
FL-UK-2019-01,2019-08-18,2019-08-19T00:00:00,30.94999885559082,77.75,Uttarkashi,Yamuna Basin (Tons River / Pabar tributary),cloudburst-induced flood,True,,DERIVED,HISTORICAL_DISASTER_EVENT,0.0,19.104999542236328,19.104999542236328,19.104999542236328,19.104999542236328,19.104999542236328,19.104999542236328,19.104999542236328,19.104999542236328,19.105,24.0,16.24,,,,,,,,,,1890.0,30.1,205.0,-0.019,7900.0,2.15,80.0,7.1,16.2,BASIN-UK-39D80E,520.0,4,10,0.62,0.18,0.04,,,,,,,,,,,,,,,,,,,
FL-UK-2019-01,2019-08-18,2019-08-19T00:00:00,30.94999885559082,77.8499984741211,Uttarkashi,Yamuna Basin (Tons River / Pabar tributary),cloudburst-induced flood,True,,DERIVED,HISTORICAL_DISASTER_EVENT,0.0,2.3399999141693115,2.3399999141693115,2.3399999141693115,2.3399999141693115,2.3399999141693115,2.3399999141693115,2.3399999141693115,2.3399999141693115,2.34,24.0,1.99,,,,,,,,,,1890.0,30.1,205.0,-0.019,7900.0,2.15,80.0,7.1,16.2,BASIN-UK-39D80E,520.0,4,10,0.62,0.18,0.04,,,,,,,,,,,,,,,,,,,
FL-UK-2019-01,2019-08-18,2019-08-19T00:00:00,30.94999885559082,77.94999694824219,Uttarkashi,Yamuna Basin (Tons River / Pabar tributary),cloudburst-induced flood,True,,DERIVED,HISTORICAL_DISASTER_EVENT,0.0,2.1050000190734863,2.210000015795231,2.210000015795231,2.210000015795231,2.210000015795231,2.210000015795231,2.210000015795231,2.1050000190734863,2.21,22.86,1.88,,,,,,,,,,1890.0,30.1,205.0,-0.019,7900.0,2.15,80.0,7.1,16.2,BASIN-UK-39D80E,520.0,4,10,0.62,0.18,0.04,,,,,,,,,,,,,,,,,,,
FL-UK-2019-01,2019-08-18,2019-08-19T00:00:00,31.049999237060547,77.75,Uttarkashi,Yamuna Basin (Tons River / Pabar tributary),cloudburst-induced flood,True,,DERIVED,HISTORICAL_DISASTER_EVENT,0.0,9.574999809265137,9.574999809265137,9.574999809265137,9.574999809265137,9.574999809265137,9.574999809265137,9.574999809265137,9.574999809265137,9.575,24.0,8.14,,,,,,,,,,1890.0,30.1,205.0,-0.019,7900.0,2.15,80.0,7.1,16.2,BASIN-UK-39D80E,520.0,4,10,0.62,0.18,0.04,,,,,,,,,,,,,,,,,,,
FL-UK-2019-01,2019-08-18,2019-08-19T00:00:00,31.049999237060547,77.8499984741211,Uttarkashi,Yamuna Basin (Tons River / Pabar tributary),cloudburst-induced flood,True,,DERIVED,HISTORICAL_DISASTER_EVENT,0.0,9.769999504089355,9.769999504089355,9.769999504089355,9.769999504089355,9.769999504089355,9.769999504089355,9.769999504089355,9.769999504089355,9.77,24.0,8.3,,,,,,,,,,1890.0,30.1,205.0,-0.019,7900.0,2.15,80.0,7.1,16.2,BASIN-UK-39D80E,520.0,4,10,0.62,0.18,0.04,,,,,,,,,,,,,,,,,,,
FL-UK-2019-01,2019-08-18,2019-08-19T00:00:00,31.049999237060547,77.94999694824219,Uttarkashi,Yamuna Basin (Tons River / Pabar tributary),cloudburst-induced flood,True,,DERIVED,HISTORICAL_DISASTER_EVENT,0.0,1.1449999809265137,1.1449999809265137,1.1449999809265137,1.1449999809265137,1.1449999809265137,1.1449999809265137,1.1449999809265137,1.1449999809265137,1.145,24.0,0.97,,,,,,,,,,1890.0,30.1,205.0,-0.019,7900.0,2.15,80.0,7.1,16.2,BASIN-UK-39D80E,520.0,4,10,0.62,0.18,0.04,,,,,,,,,,,,,,,,,,,
FL-UK-2019-01,2019-08-18,2019-08-19T00:00:00,31.149999618530273,77.75,Uttarkashi,Yamuna Basin (Tons River / Pabar tributary),cloudburst-induced flood,True,,DERIVED,HISTORICAL_DISASTER_EVENT,0.0,10.029999732971191,10.029999732971191,10.029999732971191,10.029999732971191,10.029999732971191,10.029999732971191,10.029999732971191,10.029999732971191,10.03,24.0,8.53,,,,,,,,,,1890.0,30.1,205.0,-0.019,7900.0,2.15,80.0,7.1,16.2,BASIN-UK-39D80E,520.0,4,10,0.62,0.18,0.04,,,,,,,,,,,,,,,,,,,
FL-UK-2019-01,2019-08-18,2019-08-19T00:00:00,31.149999618530273,77.8499984741211,Uttarkashi,Yamuna Basin (Tons River / Pabar tributary),cloudburst-induced flood,True,,DERIVED,HISTORICAL_DISASTER_EVENT,0.0,0.4899999797344208,0.4899999797344208,0.4899999797344208,0.4899999797344208,0.4899999797344208,0.4899999797344208,0.4899999797344208,0.4899999797344208,0.49,24.0,0.42,,,,,,,,,,1890.0,30.1,205.0,-0.019,7900.0,2.15,80.0,7.1,16.2,BASIN-UK-39D80E,520.0,4,10,0.62,0.18,0.04,,,,,,,,,,,,,,,,,,,
FL-UK-2019-01,2019-08-18,2019-08-19T00:00:00,31.149999618530273,77.94999694824219,Uttarkashi,Yamuna Basin (Tons River / Pabar tributary),cloudburst-induced flood,True,,DERIVED,HISTORICAL_DISASTER_EVENT,0.0,3.8550000190734863,3.8550000190734863,3.8550000190734863,3.8550000190734863,3.8550000190734863,3.8550000190734863,3.8550000190734863,3.8550000190734863,3.855,24.0,3.28,,,,,,,,,,1890.0,30.1,205.0,-0.019,7900.0,2.15,80.0,7.1,16.2,BASIN-UK-39D80E,520.0,4,10,0.62,0.18,0.04,,,,,,,,,,,,,,,,,,,
FL-UK-2019-01,2019-08-18,2019-08-20T00:00:00,30.94999885559082,77.75,Uttarkashi,Yamuna Basin (Tons River / Pabar tributary),cloudburst-induced flood,True,,DERIVED,HISTORICAL_DISASTER_EVENT,0.0,0.0,19.104999542236328,19.104999542236328,19.104999542236328,19.104999542236328,19.104999542236328,19.104999542236328,0.0,19.105,0.0,16.24,,,,,,,,,,1890.0,30.1,205.0,-0.019,7900.0,2.15,80.0,7.1,16.2,BASIN-UK-39D80E,520.0,4,10,0.62,0.18,0.04,,,,,,,,,,,,,,,,,,,
FL-UK-2019-01,2019-08-18,2019-08-20T00:00:00,30.94999885559082,77.8499984741211,Uttarkashi,Yamuna Basin (Tons River / Pabar tributary),cloudburst-induced flood,True,,DERIVED,HISTORICAL_DISASTER_EVENT,0.0,0.0,2.3399999141693115,2.3399999141693115,2.3399999141693115,2.3399999141693115,2.3399999141693115,2.3399999141693115,0.0,2.34,0.0,1.99,,,,,,,,,,1890.0,30.1,205.0,-0.019,7900.0,2.15,80.0,7.1,16.2,BASIN-UK-39D80E,520.0,4,10,0.62,0.18,0.04,,,,,,,,,,,,,,,,,,,
FL-UK-2019-01,2019-08-18,2019-08-20T00:00:00,30.94999885559082,77.94999694824219,Uttarkashi,Yamuna Basin (Tons River / Pabar tributary),cloudburst-induced flood,True,,DERIVED,HISTORICAL_DISASTER_EVENT,0.0,0.0,2.210000015795231,2.210000015795231,2.210000015795231,2.210000015795231,2.210000015795231,2.210000015795231,0.0,2.21,0.0,1.88,,,,,,,,,,1890.0,30.1,205.0,-0.019,7900.0,2.15,80.0,7.1,16.2,BASIN-UK-39D80E,520.0,4,10,0.62,0.18,0.04,,,,,,,,,,,,,,,,,,,
FL-UK-2019-01,2019-08-18,2019-08-20T00:00:00,31.049999237060547,77.75,Uttarkashi,Yamuna Basin (Tons River / Pabar tributary),cloudburst-induced flood,True,,DERIVED,HISTORICAL_DISASTER_EVENT,0.0,0.0,9.574999809265137,9.574999809265137,9.574999809265137,9.574999809265137,9.574999809265137,9.574999809265137,0.0,9.575,0.0,8.14,,,,,,,,,,1890.0,30.1,205.0,-0.019,7900.0,2.15,80.0,7.1,16.2,BASIN-UK-39D80E,520.0,4,10,0.62,0.18,0.04,,,,,,,,,,,,,,,,,,,
FL-UK-2019-01,2019-08-18,2019-08-20T00:00:00,31.049999237060547,77.8499984741211,Uttarkashi,Yamuna Basin (Tons River / Pabar tributary),cloudburst-induced flood,True,,DERIVED,HISTORICAL_DISASTER_EVENT,0.0,0.0,9.769999504089355,9.769999504089355,9.769999504089355,9.769999504089355,9.769999504089355,9.769999504089355,0.0,9.77,0.0,8.3,,,,,,,,,,1890.0,30.1,205.0,-0.019,7900.0,2.15,80.0,7.1,16.2,BASIN-UK-39D80E,520.0,4,10,0.62,0.18,0.04,,,,,,,,,,,,,,,,,,,
FL-UK-2019-01,2019-08-18,2019-08-20T00:00:00,31.049999237060547,77.94999694824219,Uttarkashi,Yamuna Basin (Tons River / Pabar tributary),cloudburst-induced flood,True,,DERIVED,HISTORICAL_DISASTER_EVENT,0.0,0.0,1.1449999809265137,1.1449999809265137,1.1449999809265137,1.1449999809265137,1.1449999809265137,1.1449999809265137,0.0,1.145,0.0,0.97,,,,,,,,,,1890.0,30.1,205.0,-0.019,7900.0,2.15,80.0,7.1,16.2,BASIN-UK-39D80E,520.0,4,10,0.62,0.18,0.04,,,,,,,,,,,,,,,,,,,
FL-UK-2019-01,2019-08-18,2019-08-20T00:00:00,31.149999618530273,77.75,Uttarkashi,Yamuna Basin (Tons River / Pabar tributary),cloudburst-induced flood,True,,DERIVED,HISTORICAL_DISASTER_EVENT,0.0,0.0,10.029999732971191,10.029999732971191,10.029999732971191,10.029999732971191,10.029999732971191,10.029999732971191,0.0,10.03,0.0,8.53,,,,,,,,,,1890.0,30.1,205.0,-0.019,7900.0,2.15,80.0,7.1,16.2,BASIN-UK-39D80E,520.0,4,10,0.62,0.18,0.04,,,,,,,,,,,,,,,,,,,
FL-UK-2019-01,2019-08-18,2019-08-20T00:00:00,31.149999618530273,77.8499984741211,Uttarkashi,Yamuna Basin (Tons River / Pabar tributary),cloudburst-induced flood,True,,DERIVED,HISTORICAL_DISASTER_EVENT,0.0,0.0,0.4899999797344208,0.4899999797344208,0.4899999797344208,0.4899999797344208,0.4899999797344208,0.4899999797344208,0.0,0.49,0.0,0.42,,,,,,,,,,1890.0,30.1,205.0,-0.019,7900.0,2.15,80.0,7.1,16.2,BASIN-UK-39D80E,520.0,4,10,0.62,0.18,0.04,,,,,,,,,,,,,,,,,,,
FL-UK-2019-01,2019-08-18,2019-08-20T00:00:00,31.149999618530273,77.94999694824219,Uttarkashi,Yamuna Basin (Tons River / Pabar tributary),cloudburst-induced flood,True,,DERIVED,HISTORICAL_DISASTER_EVENT,0.0,0.0,3.8550000190734863,3.8550000190734863,3.8550000190734863,3.8550000190734863,3.8550000190734863,3.8550000190734863,0.0,3.855,0.0,3.28,,,,,,,,,,1890.0,30.1,205.0,-0.019,7900.0,2.15,80.0,7.1,16.2,BASIN-UK-39D80E,520.0,4,10,0.62,0.18,0.04,,,,,,,,,,,,,,,,,,,
FL-UK-2021-01,2021-02-07,2021-02-04T00:00:00,30.349998474121094,79.6500015258789,Chamoli,Alaknanda Basin (Rishi Ganga & Dhauliganga Rivers),debris-flow/flood event,False,,DIRECT,HISTORICAL_DISASTER_EVENT,0.0,0.0,0.0,0.0,0.0,0.0,0.0,0.0,0.0,0.0,0.0,0.0,,,,,,,,,,1970.0,33.4,185.0,-0.021,14000.0,2.25,50.0,7.5,17.6,BASIN-UK-7E9206,520.0,4,60,0.35,0.02,0.01,,,,,,,,,,,,,,,,,,,
FL-UK-2021-01,2021-02-07,2021-02-04T00:00:00,30.349998474121094,79.75,Chamoli,Alaknanda Basin (Rishi Ganga & Dhauliganga Rivers),debris-flow/flood event,False,,DIRECT,HISTORICAL_DISASTER_EVENT,0.0,0.0,0.0,0.0,0.0,0.0,0.0,0.0,0.0,0.0,0.0,0.0,,,,,,,,,,1970.0,33.4,185.0,-0.021,14000.0,2.25,50.0,7.5,17.6,BASIN-UK-7E9206,520.0,4,60,0.35,0.02,0.01,,,,,,,,,,,,,,,,,,,
FL-UK-2021-01,2021-02-07,2021-02-04T00:00:00,30.349998474121094,79.8499984741211,Chamoli,Alaknanda Basin (Rishi Ganga & Dhauliganga Rivers),debris-flow/flood event,False,,DIRECT,HISTORICAL_DISASTER_EVENT,0.0,0.0,0.0,0.0,0.0,0.0,0.0,0.0,0.0,0.0,0.0,0.0,,,,,,,,,,1970.0,33.4,185.0,-0.021,14000.0,2.25,50.0,7.5,17.6,BASIN-UK-7E9206,520.0,4,60,0.35,0.02,0.01,,,,,,,,,,,,,,,,,,,
FL-UK-2021-01,2021-02-07,2021-02-04T00:00:00,30.44999885559082,79.6500015258789,Chamoli,Alaknanda Basin (Rishi Ganga & Dhauliganga Rivers),debris-flow/flood event,False,,DIRECT,HISTORICAL_DISASTER_EVENT,0.0,0.0,0.0,0.0,0.0,0.0,0.0,0.0,0.0,0.0,0.0,0.0,,,,,,,,,,1970.0,33.4,185.0,-0.021,14000.0,2.25,50.0,7.5,17.6,BASIN-UK-7E9206,520.0,4,60,0.35,0.02,0.01,,,,,,,,,,,,,,,,,,,
FL-UK-2021-01,2021-02-07,2021-02-04T00:00:00,30.44999885559082,79.75,Chamoli,Alaknanda Basin (Rishi Ganga & Dhauliganga Rivers),debris-flow/flood event,False,,DIRECT,HISTORICAL_DISASTER_EVENT,0.0,0.0,0.0,0.0,0.0,0.0,0.0,0.0,0.0,0.0,0.0,0.0,,,,,,,,,,1970.0,33.4,185.0,-0.021,14000.0,2.25,50.0,7.5,17.6,BASIN-UK-7E9206,520.0,4,60,0.35,0.02,0.01,,,,,,,,,,,,,,,,,,,
FL-UK-2021-01,2021-02-07,2021-02-04T00:00:00,30.44999885559082,79.8499984741211,Chamoli,Alaknanda Basin (Rishi Ganga & Dhauliganga Rivers),debris-flow/flood event,False,,DIRECT,HISTORICAL_DISASTER_EVENT,0.0,0.0,0.0,0.0,0.0,0.0,0.0,0.0,0.0,0.0,0.0,0.0,,,,,,,,,,1970.0,33.4,185.0,-0.021,14000.0,2.25,50.0,7.5,17.6,BASIN-UK-7E9206,520.0,4,60,0.35,0.02,0.01,,,,,,,,,,,,,,,,,,,
FL-UK-2021-01,2021-02-07,2021-02-04T00:00:00,30.549999237060547,79.6500015258789,Chamoli,Alaknanda Basin (Rishi Ganga & Dhauliganga Rivers),debris-flow/flood event,False,,DIRECT,HISTORICAL_DISASTER_EVENT,0.0,0.0,0.0,0.0,0.0,0.0,0.0,0.0,0.0,0.0,0.0,0.0,,,,,,,,,,1970.0,33.4,185.0,-0.021,14000.0,2.25,50.0,7.5,17.6,BASIN-UK-7E9206,520.0,4,60,0.35,0.02,0.01,,,,,,,,,,,,,,,,,,,
FL-UK-2021-01,2021-02-07,2021-02-04T00:00:00,30.549999237060547,79.75,Chamoli,Alaknanda Basin (Rishi Ganga & Dhauliganga Rivers),debris-flow/flood event,False,,DIRECT,HISTORICAL_DISASTER_EVENT,0.0,0.0,0.0,0.0,0.0,0.0,0.0,0.0,0.0,0.0,0.0,0.0,,,,,,,,,,1970.0,33.4,185.0,-0.021,14000.0,2.25,50.0,7.5,17.6,BASIN-UK-7E9206,520.0,4,60,0.35,0.02,0.01,,,,,,,,,,,,,,,,,,,
FL-UK-2021-01,2021-02-07,2021-02-04T00:00:00,30.549999237060547,79.8499984741211,Chamoli,Alaknanda Basin (Rishi Ganga & Dhauliganga Rivers),debris-flow/flood event,False,,DIRECT,HISTORICAL_DISASTER_EVENT,0.0,0.0,0.0,0.0,0.0,0.0,0.0,0.0,0.0,0.0,0.0,0.0,,,,,,,,,,1970.0,33.4,185.0,-0.021,14000.0,2.25,50.0,7.5,17.6,BASIN-UK-7E9206,520.0,4,60,0.35,0.02,0.01,,,,,,,,,,,,,,,,,,,
FL-UK-2021-01,2021-02-07,2021-02-05T00:00:00,30.349998474121094,79.6500015258789,Chamoli,Alaknanda Basin (Rishi Ganga & Dhauliganga Rivers),debris-flow/flood event,False,,DIRECT,HISTORICAL_DISASTER_EVENT,0.0,0.0,0.0,0.0,0.0,0.0,0.0,0.0,0.0,0.0,0.0,0.0,,,,,,,,,,1970.0,33.4,185.0,-0.021,14000.0,2.25,50.0,7.5,17.6,BASIN-UK-7E9206,520.0,4,60,0.35,0.02,0.01,,,,,,,,,,,,,,,,,,,
FL-UK-2021-01,2021-02-07,2021-02-05T00:00:00,30.349998474121094,79.75,Chamoli,Alaknanda Basin (Rishi Ganga & Dhauliganga Rivers),debris-flow/flood event,False,,DIRECT,HISTORICAL_DISASTER_EVENT,0.0,0.0,0.0,0.0,0.0,0.0,0.0,0.0,0.0,0.0,0.0,0.0,,,,,,,,,,1970.0,33.4,185.0,-0.021,14000.0,2.25,50.0,7.5,17.6,BASIN-UK-7E9206,520.0,4,60,0.35,0.02,0.01,,,,,,,,,,,,,,,,,,,
FL-UK-2021-01,2021-02-07,2021-02-05T00:00:00,30.349998474121094,79.8499984741211,Chamoli,Alaknanda Basin (Rishi Ganga & Dhauliganga Rivers),debris-flow/flood event,False,,DIRECT,HISTORICAL_DISASTER_EVENT,0.0,0.0,0.0,0.0,0.0,0.0,0.0,0.0,0.0,0.0,0.0,0.0,,,,,,,,,,1970.0,33.4,185.0,-0.021,14000.0,2.25,50.0,7.5,17.6,BASIN-UK-7E9206,520.0,4,60,0.35,0.02,0.01,,,,,,,,,,,,,,,,,,,
FL-UK-2021-01,2021-02-07,2021-02-05T00:00:00,30.44999885559082,79.6500015258789,Chamoli,Alaknanda Basin (Rishi Ganga & Dhauliganga Rivers),debris-flow/flood event,False,,DIRECT,HISTORICAL_DISASTER_EVENT,0.0,0.0,0.0,0.0,0.0,0.0,0.0,0.0,0.0,0.0,0.0,0.0,,,,,,,,,,1970.0,33.4,185.0,-0.021,14000.0,2.25,50.0,7.5,17.6,BASIN-UK-7E9206,520.0,4,60,0.35,0.02,0.01,,,,,,,,,,,,,,,,,,,
FL-UK-2021-01,2021-02-07,2021-02-05T00:00:00,30.44999885559082,79.75,Chamoli,Alaknanda Basin (Rishi Ganga & Dhauliganga Rivers),debris-flow/flood event,False,,DIRECT,HISTORICAL_DISASTER_EVENT,0.0,0.0,0.0,0.0,0.0,0.0,0.0,0.0,0.0,0.0,0.0,0.0,,,,,,,,,,1970.0,33.4,185.0,-0.021,14000.0,2.25,50.0,7.5,17.6,BASIN-UK-7E9206,520.0,4,60,0.35,0.02,0.01,,,,,,,,,,,,,,,,,,,
FL-UK-2021-01,2021-02-07,2021-02-05T00:00:00,30.44999885559082,79.8499984741211,Chamoli,Alaknanda Basin (Rishi Ganga & Dhauliganga Rivers),debris-flow/flood event,False,,DIRECT,HISTORICAL_DISASTER_EVENT,0.0,0.0,0.0,0.0,0.0,0.0,0.0,0.0,0.0,0.0,0.0,0.0,,,,,,,,,,1970.0,33.4,185.0,-0.021,14000.0,2.25,50.0,7.5,17.6,BASIN-UK-7E9206,520.0,4,60,0.35,0.02,0.01,,,,,,,,,,,,,,,,,,,
FL-UK-2021-01,2021-02-07,2021-02-05T00:00:00,30.549999237060547,79.6500015258789,Chamoli,Alaknanda Basin (Rishi Ganga & Dhauliganga Rivers),debris-flow/flood event,False,,DIRECT,HISTORICAL_DISASTER_EVENT,0.0,0.0,0.0,0.0,0.0,0.0,0.0,0.0,0.0,0.0,0.0,0.0,,,,,,,,,,1970.0,33.4,185.0,-0.021,14000.0,2.25,50.0,7.5,17.6,BASIN-UK-7E9206,520.0,4,60,0.35,0.02,0.01,,,,,,,,,,,,,,,,,,,
FL-UK-2021-01,2021-02-07,2021-02-05T00:00:00,30.549999237060547,79.75,Chamoli,Alaknanda Basin (Rishi Ganga & Dhauliganga Rivers),debris-flow/flood event,False,,DIRECT,HISTORICAL_DISASTER_EVENT,0.0,0.0,0.0,0.0,0.0,0.0,0.0,0.0,0.0,0.0,0.0,0.0,,,,,,,,,,1970.0,33.4,185.0,-0.021,14000.0,2.25,50.0,7.5,17.6,BASIN-UK-7E9206,520.0,4,60,0.35,0.02,0.01,,,,,,,,,,,,,,,,,,,
FL-UK-2021-01,2021-02-07,2021-02-05T00:00:00,30.549999237060547,79.8499984741211,Chamoli,Alaknanda Basin (Rishi Ganga & Dhauliganga Rivers),debris-flow/flood event,False,,DIRECT,HISTORICAL_DISASTER_EVENT,0.0,0.0,0.0,0.0,0.0,0.0,0.0,0.0,0.0,0.0,0.0,0.0,,,,,,,,,,1970.0,33.4,185.0,-0.021,14000.0,2.25,50.0,7.5,17.6,BASIN-UK-7E9206,520.0,4,60,0.35,0.02,0.01,,,,,,,,,,,,,,,,,,,
FL-UK-2021-01,2021-02-07,2021-02-06T00:00:00,30.349998474121094,79.6500015258789,Chamoli,Alaknanda Basin (Rishi Ganga & Dhauliganga Rivers),debris-flow/flood event,False,,DIRECT,HISTORICAL_DISASTER_EVENT,0.0,0.0,0.0,0.0,0.0,0.0,0.0,0.0,0.0,0.0,0.0,0.0,,,,,,,,,,1970.0,33.4,185.0,-0.021,14000.0,2.25,50.0,7.5,17.6,BASIN-UK-7E9206,520.0,4,60,0.35,0.02,0.01,,,,,,,,,,,,,,,,,,,
FL-UK-2021-01,2021-02-07,2021-02-06T00:00:00,30.349998474121094,79.75,Chamoli,Alaknanda Basin (Rishi Ganga & Dhauliganga Rivers),debris-flow/flood event,False,,DIRECT,HISTORICAL_DISASTER_EVENT,0.009999999776482582,0.009999999776482582,0.009999999776482582,0.009999999776482582,0.009999999776482582,0.009999999776482582,0.009999999776482582,0.009999999776482582,0.019999999552965164,0.01,0.1,0.01,,,,,,,,,,1970.0,33.4,185.0,-0.021,14000.0,2.25,50.0,7.5,17.6,BASIN-UK-7E9206,520.0,4,60,0.35,0.02,0.01,,,,,,,,,,,,,,,,,,,
FL-UK-2021-01,2021-02-07,2021-02-06T00:00:00,30.349998474121094,79.8499984741211,Chamoli,Alaknanda Basin (Rishi Ganga & Dhauliganga Rivers),debris-flow/flood event,False,,DIRECT,HISTORICAL_DISASTER_EVENT,0.03999999910593033,0.03999999910593033,0.03999999910593033,0.03999999910593033,0.03999999910593033,0.03999999910593033,0.03999999910593033,0.03999999910593033,0.07999999821186066,0.04,24.0,0.03,,,,,,,,,,1970.0,33.4,185.0,-0.021,14000.0,2.25,50.0,7.5,17.6,BASIN-UK-7E9206,520.0,4,60,0.35,0.02,0.01,,,,,,,,,,,,,,,,,,,
FL-UK-2021-01,2021-02-07,2021-02-06T00:00:00,30.44999885559082,79.6500015258789,Chamoli,Alaknanda Basin (Rishi Ganga & Dhauliganga Rivers),debris-flow/flood event,False,,DIRECT,HISTORICAL_DISASTER_EVENT,0.0,0.0,0.0,0.0,0.0,0.0,0.0,0.0,0.0,0.0,0.0,0.0,,,,,,,,,,1970.0,33.4,185.0,-0.021,14000.0,2.25,50.0,7.5,17.6,BASIN-UK-7E9206,520.0,4,60,0.35,0.02,0.01,,,,,,,,,,,,,,,,,,,
FL-UK-2021-01,2021-02-07,2021-02-06T00:00:00,30.44999885559082,79.75,Chamoli,Alaknanda Basin (Rishi Ganga & Dhauliganga Rivers),debris-flow/flood event,False,,DIRECT,HISTORICAL_DISASTER_EVENT,0.0,0.0,0.0,0.0,0.0,0.0,0.0,0.0,0.0,0.0,0.0,0.0,,,,,,,,,,1970.0,33.4,185.0,-0.021,14000.0,2.25,50.0,7.5,17.6,BASIN-UK-7E9206,520.0,4,60,0.35,0.02,0.01,,,,,,,,,,,,,,,,,,,
FL-UK-2021-01,2021-02-07,2021-02-06T00:00:00,30.44999885559082,79.8499984741211,Chamoli,Alaknanda Basin (Rishi Ganga & Dhauliganga Rivers),debris-flow/flood event,False,,DIRECT,HISTORICAL_DISASTER_EVENT,0.03500000014901161,0.03500000014901161,0.03500000014901161,0.03500000014901161,0.03500000014901161,0.03500000014901161,0.03500000014901161,0.03500000014901161,0.07000000029802322,0.035,24.0,0.03,,,,,,,,,,1970.0,33.4,185.0,-0.021,14000.0,2.25,50.0,7.5,17.6,BASIN-UK-7E9206,520.0,4,60,0.35,0.02,0.01,,,,,,,,,,,,,,,,,,,
FL-UK-2021-01,2021-02-07,2021-02-06T00:00:00,30.549999237060547,79.6500015258789,Chamoli,Alaknanda Basin (Rishi Ganga & Dhauliganga Rivers),debris-flow/flood event,False,,DIRECT,HISTORICAL_DISASTER_EVENT,0.0,0.0,0.0,0.0,0.0,0.0,0.0,0.0,0.0,0.0,0.0,0.0,,,,,,,,,,1970.0,33.4,185.0,-0.021,14000.0,2.25,50.0,7.5,17.6,BASIN-UK-7E9206,520.0,4,60,0.35,0.02,0.01,,,,,,,,,,,,,,,,,,,
FL-UK-2021-01,2021-02-07,2021-02-06T00:00:00,30.549999237060547,79.75,Chamoli,Alaknanda Basin (Rishi Ganga & Dhauliganga Rivers),debris-flow/flood event,False,,DIRECT,HISTORICAL_DISASTER_EVENT,0.0,0.0,0.0,0.0,0.0,0.0,0.0,0.0,0.0,0.0,0.0,0.0,,,,,,,,,,1970.0,33.4,185.0,-0.021,14000.0,2.25,50.0,7.5,17.6,BASIN-UK-7E9206,520.0,4,60,0.35,0.02,0.01,,,,,,,,,,,,,,,,,,,
FL-UK-2021-01,2021-02-07,2021-02-06T00:00:00,30.549999237060547,79.8499984741211,Chamoli,Alaknanda Basin (Rishi Ganga & Dhauliganga Rivers),debris-flow/flood event,False,,DIRECT,HISTORICAL_DISASTER_EVENT,0.0,0.0,0.0,0.0,0.0,0.0,0.0,0.0,0.0,0.0,0.0,0.0,,,,,,,,,,1970.0,33.4,185.0,-0.021,14000.0,2.25,50.0,7.5,17.6,BASIN-UK-7E9206,520.0,4,60,0.35,0.02,0.01,,,,,,,,,,,,,,,,,,,
FL-UK-2021-01,2021-02-07,2021-02-07T00:00:00,30.349998474121094,79.6500015258789,Chamoli,Alaknanda Basin (Rishi Ganga & Dhauliganga Rivers),debris-flow/flood event,False,,DIRECT,HISTORICAL_DISASTER_EVENT,0.0,0.0,0.0,0.0,0.0,0.0,0.0,0.0,0.0,0.0,0.0,0.0,,,,,,,,,,1970.0,33.4,185.0,-0.021,14000.0,2.25,50.0,7.5,17.6,BASIN-UK-7E9206,520.0,4,60,0.35,0.02,0.01,,,,,,,,,,,,,,,,,,,
FL-UK-2021-01,2021-02-07,2021-02-07T00:00:00,30.349998474121094,79.75,Chamoli,Alaknanda Basin (Rishi Ganga & Dhauliganga Rivers),debris-flow/flood event,False,,DIRECT,HISTORICAL_DISASTER_EVENT,0.0,0.009999999776482582,0.009999999776482582,0.009999999776482582,0.009999999776482582,0.009999999776482582,0.009999999776482582,0.009999999776482582,0.009999999776482582,0.01,0.1,0.01,,,,,,,,,,1970.0,33.4,185.0,-0.021,14000.0,2.25,50.0,7.5,17.6,BASIN-UK-7E9206,520.0,4,60,0.35,0.02,0.01,,,,,,,,,,,,,,,,,,,
FL-UK-2021-01,2021-02-07,2021-02-07T00:00:00,30.349998474121094,79.8499984741211,Chamoli,Alaknanda Basin (Rishi Ganga & Dhauliganga Rivers),debris-flow/flood event,False,,DIRECT,HISTORICAL_DISASTER_EVENT,0.0,0.03999999910593033,0.03999999910593033,0.03999999910593033,0.03999999910593033,0.03999999910593033,0.03999999910593033,0.03999999910593033,0.03999999910593033,0.04,24.0,0.03,,,,,,,,,,1970.0,33.4,185.0,-0.021,14000.0,2.25,50.0,7.5,17.6,BASIN-UK-7E9206,520.0,4,60,0.35,0.02,0.01,,,,,,,,,,,,,,,,,,,
FL-UK-2021-01,2021-02-07,2021-02-07T00:00:00,30.44999885559082,79.6500015258789,Chamoli,Alaknanda Basin (Rishi Ganga & Dhauliganga Rivers),debris-flow/flood event,False,,DIRECT,HISTORICAL_DISASTER_EVENT,0.0,0.0,0.0,0.0,0.0,0.0,0.0,0.0,0.0,0.0,0.0,0.0,,,,,,,,,,1970.0,33.4,185.0,-0.021,14000.0,2.25,50.0,7.5,17.6,BASIN-UK-7E9206,520.0,4,60,0.35,0.02,0.01,,,,,,,,,,,,,,,,,,,
FL-UK-2021-01,2021-02-07,2021-02-07T00:00:00,30.44999885559082,79.75,Chamoli,Alaknanda Basin (Rishi Ganga & Dhauliganga Rivers),debris-flow/flood event,False,,DIRECT,HISTORICAL_DISASTER_EVENT,0.0,0.0,0.0,0.0,0.0,0.0,0.0,0.0,0.0,0.0,0.0,0.0,,,,,,,,,,1970.0,33.4,185.0,-0.021,14000.0,2.25,50.0,7.5,17.6,BASIN-UK-7E9206,520.0,4,60,0.35,0.02,0.01,,,,,,,,,,,,,,,,,,,
FL-UK-2021-01,2021-02-07,2021-02-07T00:00:00,30.44999885559082,79.8499984741211,Chamoli,Alaknanda Basin (Rishi Ganga & Dhauliganga Rivers),debris-flow/flood event,False,,DIRECT,HISTORICAL_DISASTER_EVENT,0.0,0.03500000014901161,0.03500000014901161,0.03500000014901161,0.03500000014901161,0.03500000014901161,0.03500000014901161,0.03500000014901161,0.03500000014901161,0.035,24.0,0.03,,,,,,,,,,1970.0,33.4,185.0,-0.021,14000.0,2.25,50.0,7.5,17.6,BASIN-UK-7E9206,520.0,4,60,0.35,0.02,0.01,,,,,,,,,,,,,,,,,,,
FL-UK-2021-01,2021-02-07,2021-02-07T00:00:00,30.549999237060547,79.6500015258789,Chamoli,Alaknanda Basin (Rishi Ganga & Dhauliganga Rivers),debris-flow/flood event,False,,DIRECT,HISTORICAL_DISASTER_EVENT,0.0,0.0,0.0,0.0,0.0,0.0,0.0,0.0,0.0,0.0,0.0,0.0,,,,,,,,,,1970.0,33.4,185.0,-0.021,14000.0,2.25,50.0,7.5,17.6,BASIN-UK-7E9206,520.0,4,60,0.35,0.02,0.01,,,,,,,,,,,,,,,,,,,
FL-UK-2021-01,2021-02-07,2021-02-07T00:00:00,30.549999237060547,79.75,Chamoli,Alaknanda Basin (Rishi Ganga & Dhauliganga Rivers),debris-flow/flood event,False,,DIRECT,HISTORICAL_DISASTER_EVENT,0.0,0.0,0.0,0.0,0.0,0.0,0.0,0.0,0.0,0.0,0.0,0.0,,,,,,,,,,1970.0,33.4,185.0,-0.021,14000.0,2.25,50.0,7.5,17.6,BASIN-UK-7E9206,520.0,4,60,0.35,0.02,0.01,,,,,,,,,,,,,,,,,,,
FL-UK-2021-01,2021-02-07,2021-02-07T00:00:00,30.549999237060547,79.8499984741211,Chamoli,Alaknanda Basin (Rishi Ganga & Dhauliganga Rivers),debris-flow/flood event,False,,DIRECT,HISTORICAL_DISASTER_EVENT,0.0,0.0,0.0,0.0,0.0,0.0,0.0,0.0,0.0,0.0,0.0,0.0,,,,,,,,,,1970.0,33.4,185.0,-0.021,14000.0,2.25,50.0,7.5,17.6,BASIN-UK-7E9206,520.0,4,60,0.35,0.02,0.01,,,,,,,,,,,,,,,,,,,
FL-UK-2021-01,2021-02-07,2021-02-08T00:00:00,30.349998474121094,79.6500015258789,Chamoli,Alaknanda Basin (Rishi Ganga & Dhauliganga Rivers),debris-flow/flood event,False,,DIRECT,HISTORICAL_DISASTER_EVENT,0.0,0.0,0.0,0.0,0.0,0.0,0.0,0.0,0.0,0.0,0.0,0.0,,,,,,,,,,1970.0,33.4,185.0,-0.021,14000.0,2.25,50.0,7.5,17.6,BASIN-UK-7E9206,520.0,4,60,0.35,0.02,0.01,,,,,,,,,,,,,,,,,,,
FL-UK-2021-01,2021-02-07,2021-02-08T00:00:00,30.349998474121094,79.75,Chamoli,Alaknanda Basin (Rishi Ganga & Dhauliganga Rivers),debris-flow/flood event,False,,DIRECT,HISTORICAL_DISASTER_EVENT,0.0,0.0,0.009999999776482582,0.009999999776482582,0.009999999776482582,0.009999999776482582,0.009999999776482582,0.009999999776482582,0.0,0.01,0.0,0.01,,,,,,,,,,1970.0,33.4,185.0,-0.021,14000.0,2.25,50.0,7.5,17.6,BASIN-UK-7E9206,520.0,4,60,0.35,0.02,0.01,,,,,,,,,,,,,,,,,,,
FL-UK-2021-01,2021-02-07,2021-02-08T00:00:00,30.349998474121094,79.8499984741211,Chamoli,Alaknanda Basin (Rishi Ganga & Dhauliganga Rivers),debris-flow/flood event,False,,DIRECT,HISTORICAL_DISASTER_EVENT,0.0,0.0,0.03999999910593033,0.03999999910593033,0.03999999910593033,0.03999999910593033,0.03999999910593033,0.03999999910593033,0.0,0.04,0.0,0.03,,,,,,,,,,1970.0,33.4,185.0,-0.021,14000.0,2.25,50.0,7.5,17.6,BASIN-UK-7E9206,520.0,4,60,0.35,0.02,0.01,,,,,,,,,,,,,,,,,,,
FL-UK-2021-01,2021-02-07,2021-02-08T00:00:00,30.44999885559082,79.6500015258789,Chamoli,Alaknanda Basin (Rishi Ganga & Dhauliganga Rivers),debris-flow/flood event,False,,DIRECT,HISTORICAL_DISASTER_EVENT,0.0,0.0,0.0,0.0,0.0,0.0,0.0,0.0,0.0,0.0,0.0,0.0,,,,,,,,,,1970.0,33.4,185.0,-0.021,14000.0,2.25,50.0,7.5,17.6,BASIN-UK-7E9206,520.0,4,60,0.35,0.02,0.01,,,,,,,,,,,,,,,,,,,
FL-UK-2021-01,2021-02-07,2021-02-08T00:00:00,30.44999885559082,79.75,Chamoli,Alaknanda Basin (Rishi Ganga & Dhauliganga Rivers),debris-flow/flood event,False,,DIRECT,HISTORICAL_DISASTER_EVENT,0.0,0.0,0.0,0.0,0.0,0.0,0.0,0.0,0.0,0.0,0.0,0.0,,,,,,,,,,1970.0,33.4,185.0,-0.021,14000.0,2.25,50.0,7.5,17.6,BASIN-UK-7E9206,520.0,4,60,0.35,0.02,0.01,,,,,,,,,,,,,,,,,,,
FL-UK-2021-01,2021-02-07,2021-02-08T00:00:00,30.44999885559082,79.8499984741211,Chamoli,Alaknanda Basin (Rishi Ganga & Dhauliganga Rivers),debris-flow/flood event,False,,DIRECT,HISTORICAL_DISASTER_EVENT,0.0,0.0,0.03500000014901161,0.03500000014901161,0.03500000014901161,0.03500000014901161,0.03500000014901161,0.03500000014901161,0.0,0.035,0.0,0.03,,,,,,,,,,1970.0,33.4,185.0,-0.021,14000.0,2.25,50.0,7.5,17.6,BASIN-UK-7E9206,520.0,4,60,0.35,0.02,0.01,,,,,,,,,,,,,,,,,,,
FL-UK-2021-01,2021-02-07,2021-02-08T00:00:00,30.549999237060547,79.6500015258789,Chamoli,Alaknanda Basin (Rishi Ganga & Dhauliganga Rivers),debris-flow/flood event,False,,DIRECT,HISTORICAL_DISASTER_EVENT,0.0,0.0,0.0,0.0,0.0,0.0,0.0,0.0,0.0,0.0,0.0,0.0,,,,,,,,,,1970.0,33.4,185.0,-0.021,14000.0,2.25,50.0,7.5,17.6,BASIN-UK-7E9206,520.0,4,60,0.35,0.02,0.01,,,,,,,,,,,,,,,,,,,
FL-UK-2021-01,2021-02-07,2021-02-08T00:00:00,30.549999237060547,79.75,Chamoli,Alaknanda Basin (Rishi Ganga & Dhauliganga Rivers),debris-flow/flood event,False,,DIRECT,HISTORICAL_DISASTER_EVENT,0.0,0.0,0.0,0.0,0.0,0.0,0.0,0.0,0.0,0.0,0.0,0.0,,,,,,,,,,1970.0,33.4,185.0,-0.021,14000.0,2.25,50.0,7.5,17.6,BASIN-UK-7E9206,520.0,4,60,0.35,0.02,0.01,,,,,,,,,,,,,,,,,,,
FL-UK-2021-01,2021-02-07,2021-02-08T00:00:00,30.549999237060547,79.8499984741211,Chamoli,Alaknanda Basin (Rishi Ganga & Dhauliganga Rivers),debris-flow/flood event,False,,DIRECT,HISTORICAL_DISASTER_EVENT,0.0,0.0,0.0,0.0,0.0,0.0,0.0,0.0,0.0,0.0,0.0,0.0,,,,,,,,,,1970.0,33.4,185.0,-0.021,14000.0,2.25,50.0,7.5,17.6,BASIN-UK-7E9206,520.0,4,60,0.35,0.02,0.01,,,,,,,,,,,,,,,,,,,
FL-UK-2021-01,2021-02-07,2021-02-09T00:00:00,30.349998474121094,79.6500015258789,Chamoli,Alaknanda Basin (Rishi Ganga & Dhauliganga Rivers),debris-flow/flood event,False,,DIRECT,HISTORICAL_DISASTER_EVENT,0.0,0.0,0.0,0.0,0.0,0.0,0.0,0.0,0.0,0.0,0.0,0.0,,,,,,,,,,1970.0,33.4,185.0,-0.021,14000.0,2.25,50.0,7.5,17.6,BASIN-UK-7E9206,520.0,4,60,0.35,0.02,0.01,,,,,,,,,,,,,,,,,,,
FL-UK-2021-01,2021-02-07,2021-02-09T00:00:00,30.349998474121094,79.75,Chamoli,Alaknanda Basin (Rishi Ganga & Dhauliganga Rivers),debris-flow/flood event,False,,DIRECT,HISTORICAL_DISASTER_EVENT,0.0,0.0,0.009999999776482582,0.009999999776482582,0.009999999776482582,0.009999999776482582,0.009999999776482582,0.009999999776482582,0.0,0.01,0.0,0.01,,,,,,,,,,1970.0,33.4,185.0,-0.021,14000.0,2.25,50.0,7.5,17.6,BASIN-UK-7E9206,520.0,4,60,0.35,0.02,0.01,,,,,,,,,,,,,,,,,,,
FL-UK-2021-01,2021-02-07,2021-02-09T00:00:00,30.349998474121094,79.8499984741211,Chamoli,Alaknanda Basin (Rishi Ganga & Dhauliganga Rivers),debris-flow/flood event,False,,DIRECT,HISTORICAL_DISASTER_EVENT,0.0,0.0,0.03999999910593033,0.03999999910593033,0.03999999910593033,0.03999999910593033,0.03999999910593033,0.03999999910593033,0.0,0.04,0.0,0.03,,,,,,,,,,1970.0,33.4,185.0,-0.021,14000.0,2.25,50.0,7.5,17.6,BASIN-UK-7E9206,520.0,4,60,0.35,0.02,0.01,,,,,,,,,,,,,,,,,,,
FL-UK-2021-01,2021-02-07,2021-02-09T00:00:00,30.44999885559082,79.6500015258789,Chamoli,Alaknanda Basin (Rishi Ganga & Dhauliganga Rivers),debris-flow/flood event,False,,DIRECT,HISTORICAL_DISASTER_EVENT,0.0,0.0,0.0,0.0,0.0,0.0,0.0,0.0,0.0,0.0,0.0,0.0,,,,,,,,,,1970.0,33.4,185.0,-0.021,14000.0,2.25,50.0,7.5,17.6,BASIN-UK-7E9206,520.0,4,60,0.35,0.02,0.01,,,,,,,,,,,,,,,,,,,
FL-UK-2021-01,2021-02-07,2021-02-09T00:00:00,30.44999885559082,79.75,Chamoli,Alaknanda Basin (Rishi Ganga & Dhauliganga Rivers),debris-flow/flood event,False,,DIRECT,HISTORICAL_DISASTER_EVENT,0.0,0.0,0.0,0.0,0.0,0.0,0.0,0.0,0.0,0.0,0.0,0.0,,,,,,,,,,1970.0,33.4,185.0,-0.021,14000.0,2.25,50.0,7.5,17.6,BASIN-UK-7E9206,520.0,4,60,0.35,0.02,0.01,,,,,,,,,,,,,,,,,,,
FL-UK-2021-01,2021-02-07,2021-02-09T00:00:00,30.44999885559082,79.8499984741211,Chamoli,Alaknanda Basin (Rishi Ganga & Dhauliganga Rivers),debris-flow/flood event,False,,DIRECT,HISTORICAL_DISASTER_EVENT,0.0,0.0,0.03500000014901161,0.03500000014901161,0.03500000014901161,0.03500000014901161,0.03500000014901161,0.03500000014901161,0.0,0.035,0.0,0.03,,,,,,,,,,1970.0,33.4,185.0,-0.021,14000.0,2.25,50.0,7.5,17.6,BASIN-UK-7E9206,520.0,4,60,0.35,0.02,0.01,,,,,,,,,,,,,,,,,,,
FL-UK-2021-01,2021-02-07,2021-02-09T00:00:00,30.549999237060547,79.6500015258789,Chamoli,Alaknanda Basin (Rishi Ganga & Dhauliganga Rivers),debris-flow/flood event,False,,DIRECT,HISTORICAL_DISASTER_EVENT,0.0,0.0,0.0,0.0,0.0,0.0,0.0,0.0,0.0,0.0,0.0,0.0,,,,,,,,,,1970.0,33.4,185.0,-0.021,14000.0,2.25,50.0,7.5,17.6,BASIN-UK-7E9206,520.0,4,60,0.35,0.02,0.01,,,,,,,,,,,,,,,,,,,
FL-UK-2021-01,2021-02-07,2021-02-09T00:00:00,30.549999237060547,79.75,Chamoli,Alaknanda Basin (Rishi Ganga & Dhauliganga Rivers),debris-flow/flood event,False,,DIRECT,HISTORICAL_DISASTER_EVENT,0.0,0.0,0.0,0.0,0.0,0.0,0.0,0.0,0.0,0.0,0.0,0.0,,,,,,,,,,1970.0,33.4,185.0,-0.021,14000.0,2.25,50.0,7.5,17.6,BASIN-UK-7E9206,520.0,4,60,0.35,0.02,0.01,,,,,,,,,,,,,,,,,,,
FL-UK-2021-01,2021-02-07,2021-02-09T00:00:00,30.549999237060547,79.8499984741211,Chamoli,Alaknanda Basin (Rishi Ganga & Dhauliganga Rivers),debris-flow/flood event,False,,DIRECT,HISTORICAL_DISASTER_EVENT,0.0,0.0,0.0,0.0,0.0,0.0,0.0,0.0,0.0,0.0,0.0,0.0,,,,,,,,,,1970.0,33.4,185.0,-0.021,14000.0,2.25,50.0,7.5,17.6,BASIN-UK-7E9206,520.0,4,60,0.35,0.02,0.01,,,,,,,,,,,,,,,,,,,
FL-UK-2021-02,2021-10-18,2021-10-15T00:00:00,29.25,79.3499984741211,"Nainital, Almora, Champawat, Udham Singh Nagar","Gaula, Kosi, and Western Ramganga Basins",extreme rainfall flood,False,,DERIVED,HISTORICAL_DISASTER_EVENT,0.0,0.0,0.0,0.0,0.0,0.0,0.0,0.0,0.0,0.0,0.0,0.0,,,,,,,,,,2080.0,25.4,150.0,-0.011,11800.0,1.75,130.0,8.3,13.9,BASIN-UK-C0A75A,520.0,4,10,0.8,0.08,0.04,,,,,,,,,,,,,,,,,,,
FL-UK-2021-02,2021-10-18,2021-10-15T00:00:00,29.25,79.44999694824219,"Nainital, Almora, Champawat, Udham Singh Nagar","Gaula, Kosi, and Western Ramganga Basins",extreme rainfall flood,False,,DERIVED,HISTORICAL_DISASTER_EVENT,0.0,0.0,0.0,0.0,0.0,0.0,0.0,0.0,0.0,0.0,0.0,0.0,,,,,,,,,,2080.0,25.4,150.0,-0.011,11800.0,1.75,130.0,8.3,13.9,BASIN-UK-C0A75A,520.0,4,10,0.8,0.08,0.04,,,,,,,,,,,,,,,,,,,
FL-UK-2021-02,2021-10-18,2021-10-15T00:00:00,29.25,79.54999542236328,"Nainital, Almora, Champawat, Udham Singh Nagar","Gaula, Kosi, and Western Ramganga Basins",extreme rainfall flood,False,,DERIVED,HISTORICAL_DISASTER_EVENT,0.0,0.0,0.0,0.0,0.0,0.0,0.0,0.0,0.0,0.0,0.0,0.0,,,,,,,,,,2080.0,25.4,150.0,-0.011,11800.0,1.75,130.0,8.3,13.9,BASIN-UK-C0A75A,520.0,4,10,0.8,0.08,0.04,,,,,,,,,,,,,,,,,,,
FL-UK-2021-02,2021-10-18,2021-10-15T00:00:00,29.349998474121094,79.3499984741211,"Nainital, Almora, Champawat, Udham Singh Nagar","Gaula, Kosi, and Western Ramganga Basins",extreme rainfall flood,False,,DERIVED,HISTORICAL_DISASTER_EVENT,0.0,0.0,0.0,0.0,0.0,0.0,0.0,0.0,0.0,0.0,0.0,0.0,,,,,,,,,,2080.0,25.4,150.0,-0.011,11800.0,1.75,130.0,8.3,13.9,BASIN-UK-C0A75A,520.0,4,10,0.8,0.08,0.04,,,,,,,,,,,,,,,,,,,
FL-UK-2021-02,2021-10-18,2021-10-15T00:00:00,29.349998474121094,79.44999694824219,"Nainital, Almora, Champawat, Udham Singh Nagar","Gaula, Kosi, and Western Ramganga Basins",extreme rainfall flood,False,,DERIVED,HISTORICAL_DISASTER_EVENT,0.0,0.0,0.0,0.0,0.0,0.0,0.0,0.0,0.0,0.0,0.0,0.0,,,,,,,,,,2080.0,25.4,150.0,-0.011,11800.0,1.75,130.0,8.3,13.9,BASIN-UK-C0A75A,520.0,4,10,0.8,0.08,0.04,,,,,,,,,,,,,,,,,,,
FL-UK-2021-02,2021-10-18,2021-10-15T00:00:00,29.349998474121094,79.54999542236328,"Nainital, Almora, Champawat, Udham Singh Nagar","Gaula, Kosi, and Western Ramganga Basins",extreme rainfall flood,False,,DERIVED,HISTORICAL_DISASTER_EVENT,0.0,0.0,0.0,0.0,0.0,0.0,0.0,0.0,0.0,0.0,0.0,0.0,,,,,,,,,,2080.0,25.4,150.0,-0.011,11800.0,1.75,130.0,8.3,13.9,BASIN-UK-C0A75A,520.0,4,10,0.8,0.08,0.04,,,,,,,,,,,,,,,,,,,
FL-UK-2021-02,2021-10-18,2021-10-15T00:00:00,29.44999885559082,79.3499984741211,"Nainital, Almora, Champawat, Udham Singh Nagar","Gaula, Kosi, and Western Ramganga Basins",extreme rainfall flood,False,,DERIVED,HISTORICAL_DISASTER_EVENT,0.0,0.0,0.0,0.0,0.0,0.0,0.0,0.0,0.0,0.0,0.0,0.0,,,,,,,,,,2080.0,25.4,150.0,-0.011,11800.0,1.75,130.0,8.3,13.9,BASIN-UK-C0A75A,520.0,4,10,0.8,0.08,0.04,,,,,,,,,,,,,,,,,,,
FL-UK-2021-02,2021-10-18,2021-10-15T00:00:00,29.44999885559082,79.44999694824219,"Nainital, Almora, Champawat, Udham Singh Nagar","Gaula, Kosi, and Western Ramganga Basins",extreme rainfall flood,False,,DERIVED,HISTORICAL_DISASTER_EVENT,0.0,0.0,0.0,0.0,0.0,0.0,0.0,0.0,0.0,0.0,0.0,0.0,,,,,,,,,,2080.0,25.4,150.0,-0.011,11800.0,1.75,130.0,8.3,13.9,BASIN-UK-C0A75A,520.0,4,10,0.8,0.08,0.04,,,,,,,,,,,,,,,,,,,
FL-UK-2021-02,2021-10-18,2021-10-15T00:00:00,29.44999885559082,79.54999542236328,"Nainital, Almora, Champawat, Udham Singh Nagar","Gaula, Kosi, and Western Ramganga Basins",extreme rainfall flood,False,,DERIVED,HISTORICAL_DISASTER_EVENT,0.0,0.0,0.0,0.0,0.0,0.0,0.0,0.0,0.0,0.0,0.0,0.0,,,,,,,,,,2080.0,25.4,150.0,-0.011,11800.0,1.75,130.0,8.3,13.9,BASIN-UK-C0A75A,520.0,4,10,0.8,0.08,0.04,,,,,,,,,,,,,,,,,,,
FL-UK-2021-02,2021-10-18,2021-10-16T00:00:00,29.25,79.3499984741211,"Nainital, Almora, Champawat, Udham Singh Nagar","Gaula, Kosi, and Western Ramganga Basins",extreme rainfall flood,False,,DERIVED,HISTORICAL_DISASTER_EVENT,0.0,0.0,0.0,0.0,0.0,0.0,0.0,0.0,0.0,0.0,0.0,0.0,,,,,,,,,,2080.0,25.4,150.0,-0.011,11800.0,1.75,130.0,8.3,13.9,BASIN-UK-C0A75A,520.0,4,10,0.8,0.08,0.04,,,,,,,,,,,,,,,,,,,
FL-UK-2021-02,2021-10-18,2021-10-16T00:00:00,29.25,79.44999694824219,"Nainital, Almora, Champawat, Udham Singh Nagar","Gaula, Kosi, and Western Ramganga Basins",extreme rainfall flood,False,,DERIVED,HISTORICAL_DISASTER_EVENT,0.0,0.0,0.0,0.0,0.0,0.0,0.0,0.0,0.0,0.0,0.0,0.0,,,,,,,,,,2080.0,25.4,150.0,-0.011,11800.0,1.75,130.0,8.3,13.9,BASIN-UK-C0A75A,520.0,4,10,0.8,0.08,0.04,,,,,,,,,,,,,,,,,,,
FL-UK-2021-02,2021-10-18,2021-10-16T00:00:00,29.25,79.54999542236328,"Nainital, Almora, Champawat, Udham Singh Nagar","Gaula, Kosi, and Western Ramganga Basins",extreme rainfall flood,False,,DERIVED,HISTORICAL_DISASTER_EVENT,0.0,0.0,0.0,0.0,0.0,0.0,0.0,0.0,0.0,0.0,0.0,0.0,,,,,,,,,,2080.0,25.4,150.0,-0.011,11800.0,1.75,130.0,8.3,13.9,BASIN-UK-C0A75A,520.0,4,10,0.8,0.08,0.04,,,,,,,,,,,,,,,,,,,
FL-UK-2021-02,2021-10-18,2021-10-16T00:00:00,29.349998474121094,79.3499984741211,"Nainital, Almora, Champawat, Udham Singh Nagar","Gaula, Kosi, and Western Ramganga Basins",extreme rainfall flood,False,,DERIVED,HISTORICAL_DISASTER_EVENT,0.0,0.0,0.0,0.0,0.0,0.0,0.0,0.0,0.0,0.0,0.0,0.0,,,,,,,,,,2080.0,25.4,150.0,-0.011,11800.0,1.75,130.0,8.3,13.9,BASIN-UK-C0A75A,520.0,4,10,0.8,0.08,0.04,,,,,,,,,,,,,,,,,,,
FL-UK-2021-02,2021-10-18,2021-10-16T00:00:00,29.349998474121094,79.44999694824219,"Nainital, Almora, Champawat, Udham Singh Nagar","Gaula, Kosi, and Western Ramganga Basins",extreme rainfall flood,False,,DERIVED,HISTORICAL_DISASTER_EVENT,0.0,0.0,0.0,0.0,0.0,0.0,0.0,0.0,0.0,0.0,0.0,0.0,,,,,,,,,,2080.0,25.4,150.0,-0.011,11800.0,1.75,130.0,8.3,13.9,BASIN-UK-C0A75A,520.0,4,10,0.8,0.08,0.04,,,,,,,,,,,,,,,,,,,
FL-UK-2021-02,2021-10-18,2021-10-16T00:00:00,29.349998474121094,79.54999542236328,"Nainital, Almora, Champawat, Udham Singh Nagar","Gaula, Kosi, and Western Ramganga Basins",extreme rainfall flood,False,,DERIVED,HISTORICAL_DISASTER_EVENT,0.0,0.0,0.0,0.0,0.0,0.0,0.0,0.0,0.0,0.0,0.0,0.0,,,,,,,,,,2080.0,25.4,150.0,-0.011,11800.0,1.75,130.0,8.3,13.9,BASIN-UK-C0A75A,520.0,4,10,0.8,0.08,0.04,,,,,,,,,,,,,,,,,,,
FL-UK-2021-02,2021-10-18,2021-10-16T00:00:00,29.44999885559082,79.3499984741211,"Nainital, Almora, Champawat, Udham Singh Nagar","Gaula, Kosi, and Western Ramganga Basins",extreme rainfall flood,False,,DERIVED,HISTORICAL_DISASTER_EVENT,0.0,0.0,0.0,0.0,0.0,0.0,0.0,0.0,0.0,0.0,0.0,0.0,,,,,,,,,,2080.0,25.4,150.0,-0.011,11800.0,1.75,130.0,8.3,13.9,BASIN-UK-C0A75A,520.0,4,10,0.8,0.08,0.04,,,,,,,,,,,,,,,,,,,
FL-UK-2021-02,2021-10-18,2021-10-16T00:00:00,29.44999885559082,79.44999694824219,"Nainital, Almora, Champawat, Udham Singh Nagar","Gaula, Kosi, and Western Ramganga Basins",extreme rainfall flood,False,,DERIVED,HISTORICAL_DISASTER_EVENT,0.0,0.0,0.0,0.0,0.0,0.0,0.0,0.0,0.0,0.0,0.0,0.0,,,,,,,,,,2080.0,25.4,150.0,-0.011,11800.0,1.75,130.0,8.3,13.9,BASIN-UK-C0A75A,520.0,4,10,0.8,0.08,0.04,,,,,,,,,,,,,,,,,,,
FL-UK-2021-02,2021-10-18,2021-10-16T00:00:00,29.44999885559082,79.54999542236328,"Nainital, Almora, Champawat, Udham Singh Nagar","Gaula, Kosi, and Western Ramganga Basins",extreme rainfall flood,False,,DERIVED,HISTORICAL_DISASTER_EVENT,0.0,0.0,0.0,0.0,0.0,0.0,0.0,0.0,0.0,0.0,0.0,0.0,,,,,,,,,,2080.0,25.4,150.0,-0.011,11800.0,1.75,130.0,8.3,13.9,BASIN-UK-C0A75A,520.0,4,10,0.8,0.08,0.04,,,,,,,,,,,,,,,,,,,
FL-UK-2021-02,2021-10-18,2021-10-17T00:00:00,29.25,79.3499984741211,"Nainital, Almora, Champawat, Udham Singh Nagar","Gaula, Kosi, and Western Ramganga Basins",extreme rainfall flood,False,,DERIVED,HISTORICAL_DISASTER_EVENT,0.6899999976158142,0.6899999976158142,0.6899999976158142,0.6899999976158142,0.6899999976158142,0.6899999976158142,0.6899999976158142,0.6899999976158142,1.3799999952316284,0.69,24.0,0.59,,,,,,,,,,2080.0,25.4,150.0,-0.011,11800.0,1.75,130.0,8.3,13.9,BASIN-UK-C0A75A,520.0,4,10,0.8,0.08,0.04,,,,,,,,,,,,,,,,,,,
FL-UK-2021-02,2021-10-18,2021-10-17T00:00:00,29.25,79.44999694824219,"Nainital, Almora, Champawat, Udham Singh Nagar","Gaula, Kosi, and Western Ramganga Basins",extreme rainfall flood,False,,DERIVED,HISTORICAL_DISASTER_EVENT,0.550000011920929,0.550000011920929,0.550000011920929,0.550000011920929,0.550000011920929,0.550000011920929,0.550000011920929,0.550000011920929,1.100000023841858,0.55,24.0,0.47,,,,,,,,,,2080.0,25.4,150.0,-0.011,11800.0,1.75,130.0,8.3,13.9,BASIN-UK-C0A75A,520.0,4,10,0.8,0.08,0.04,,,,,,,,,,,,,,,,,,,
FL-UK-2021-02,2021-10-18,2021-10-17T00:00:00,29.25,79.54999542236328,"Nainital, Almora, Champawat, Udham Singh Nagar","Gaula, Kosi, and Western Ramganga Basins",extreme rainfall flood,False,,DERIVED,HISTORICAL_DISASTER_EVENT,0.14000000059604645,0.14000000059604645,0.14000000059604645,0.14000000059604645,0.14000000059604645,0.14000000059604645,0.14000000059604645,0.14000000059604645,0.2800000011920929,0.14,24.0,0.12,,,,,,,,,,2080.0,25.4,150.0,-0.011,11800.0,1.75,130.0,8.3,13.9,BASIN-UK-C0A75A,520.0,4,10,0.8,0.08,0.04,,,,,,,,,,,,,,,,,,,
FL-UK-2021-02,2021-10-18,2021-10-17T00:00:00,29.349998474121094,79.3499984741211,"Nainital, Almora, Champawat, Udham Singh Nagar","Gaula, Kosi, and Western Ramganga Basins",extreme rainfall flood,False,,DERIVED,HISTORICAL_DISASTER_EVENT,0.41499999165534973,0.41499999165534973,0.41499999165534973,0.41499999165534973,0.41499999165534973,0.41499999165534973,0.41499999165534973,0.41499999165534973,0.8299999833106995,0.415,24.0,0.35,,,,,,,,,,2080.0,25.4,150.0,-0.011,11800.0,1.75,130.0,8.3,13.9,BASIN-UK-C0A75A,520.0,4,10,0.8,0.08,0.04,,,,,,,,,,,,,,,,,,,
FL-UK-2021-02,2021-10-18,2021-10-17T00:00:00,29.349998474121094,79.44999694824219,"Nainital, Almora, Champawat, Udham Singh Nagar","Gaula, Kosi, and Western Ramganga Basins",extreme rainfall flood,False,,DERIVED,HISTORICAL_DISASTER_EVENT,0.1850000023841858,0.1850000023841858,0.1850000023841858,0.1850000023841858,0.1850000023841858,0.1850000023841858,0.1850000023841858,0.1850000023841858,0.3700000047683716,0.185,24.0,0.16,,,,,,,,,,2080.0,25.4,150.0,-0.011,11800.0,1.75,130.0,8.3,13.9,BASIN-UK-C0A75A,520.0,4,10,0.8,0.08,0.04,,,,,,,,,,,,,,,,,,,
FL-UK-2021-02,2021-10-18,2021-10-17T00:00:00,29.349998474121094,79.54999542236328,"Nainital, Almora, Champawat, Udham Singh Nagar","Gaula, Kosi, and Western Ramganga Basins",extreme rainfall flood,False,,DERIVED,HISTORICAL_DISASTER_EVENT,0.17000000178813934,0.17000000178813934,0.17000000178813934,0.17000000178813934,0.17000000178813934,0.17000000178813934,0.17000000178813934,0.17000000178813934,0.3400000035762787,0.17,24.0,0.14,,,,,,,,,,2080.0,25.4,150.0,-0.011,11800.0,1.75,130.0,8.3,13.9,BASIN-UK-C0A75A,520.0,4,10,0.8,0.08,0.04,,,,,,,,,,,,,,,,,,,
FL-UK-2021-02,2021-10-18,2021-10-17T00:00:00,29.44999885559082,79.3499984741211,"Nainital, Almora, Champawat, Udham Singh Nagar","Gaula, Kosi, and Western Ramganga Basins",extreme rainfall flood,False,,DERIVED,HISTORICAL_DISASTER_EVENT,0.3799999952316284,0.3799999952316284,0.3799999952316284,0.3799999952316284,0.3799999952316284,0.3799999952316284,0.3799999952316284,0.3799999952316284,0.7599999904632568,0.38,24.0,0.32,,,,,,,,,,2080.0,25.4,150.0,-0.011,11800.0,1.75,130.0,8.3,13.9,BASIN-UK-C0A75A,520.0,4,10,0.8,0.08,0.04,,,,,,,,,,,,,,,,,,,
FL-UK-2021-02,2021-10-18,2021-10-17T00:00:00,29.44999885559082,79.44999694824219,"Nainital, Almora, Champawat, Udham Singh Nagar","Gaula, Kosi, and Western Ramganga Basins",extreme rainfall flood,False,,DERIVED,HISTORICAL_DISASTER_EVENT,0.25999999046325684,0.25999999046325684,0.25999999046325684,0.25999999046325684,0.25999999046325684,0.25999999046325684,0.25999999046325684,0.25999999046325684,0.5199999809265137,0.26,24.0,0.22,,,,,,,,,,2080.0,25.4,150.0,-0.011,11800.0,1.75,130.0,8.3,13.9,BASIN-UK-C0A75A,520.0,4,10,0.8,0.08,0.04,,,,,,,,,,,,,,,,,,,
FL-UK-2021-02,2021-10-18,2021-10-17T00:00:00,29.44999885559082,79.54999542236328,"Nainital, Almora, Champawat, Udham Singh Nagar","Gaula, Kosi, and Western Ramganga Basins",extreme rainfall flood,False,,DERIVED,HISTORICAL_DISASTER_EVENT,0.0,0.0,0.0,0.0,0.0,0.0,0.0,0.0,0.0,0.0,0.0,0.0,,,,,,,,,,2080.0,25.4,150.0,-0.011,11800.0,1.75,130.0,8.3,13.9,BASIN-UK-C0A75A,520.0,4,10,0.8,0.08,0.04,,,,,,,,,,,,,,,,,,,
FL-UK-2021-02,2021-10-18,2021-10-18T00:00:00,29.25,79.3499984741211,"Nainital, Almora, Champawat, Udham Singh Nagar","Gaula, Kosi, and Western Ramganga Basins",extreme rainfall flood,False,,DERIVED,HISTORICAL_DISASTER_EVENT,1.7999999523162842,2.4899999499320984,2.4899999499320984,2.4899999499320984,2.4899999499320984,2.4899999499320984,2.4899999499320984,2.4899999499320984,3.5999999046325684,2.49,24.0,2.12,,,,,,,,,,2080.0,25.4,150.0,-0.011,11800.0,1.75,130.0,8.3,13.9,BASIN-UK-C0A75A,520.0,4,10,0.8,0.08,0.04,,,,,,,,,,,,,,,,,,,
FL-UK-2021-02,2021-10-18,2021-10-18T00:00:00,29.25,79.44999694824219,"Nainital, Almora, Champawat, Udham Singh Nagar","Gaula, Kosi, and Western Ramganga Basins",extreme rainfall flood,False,,DERIVED,HISTORICAL_DISASTER_EVENT,3.554999828338623,4.104999840259552,4.104999840259552,4.104999840259552,4.104999840259552,4.104999840259552,4.104999840259552,4.104999840259552,7.109999656677246,4.105,24.0,3.49,,,,,,,,,,2080.0,25.4,150.0,-0.011,11800.0,1.75,130.0,8.3,13.9,BASIN-UK-C0A75A,520.0,4,10,0.8,0.08,0.04,,,,,,,,,,,,,,,,,,,
FL-UK-2021-02,2021-10-18,2021-10-18T00:00:00,29.25,79.54999542236328,"Nainital, Almora, Champawat, Udham Singh Nagar","Gaula, Kosi, and Western Ramganga Basins",extreme rainfall flood,False,,DERIVED,HISTORICAL_DISASTER_EVENT,1.8899999856948853,2.0299999862909317,2.0299999862909317,2.0299999862909317,2.0299999862909317,2.0299999862909317,2.0299999862909317,2.0299999862909317,3.7799999713897705,2.03,24.0,1.73,,,,,,,,,,2080.0,25.4,150.0,-0.011,11800.0,1.75,130.0,8.3,13.9,BASIN-UK-C0A75A,520.0,4,10,0.8,0.08,0.04,,,,,,,,,,,,,,,,,,,
FL-UK-2021-02,2021-10-18,2021-10-18T00:00:00,29.349998474121094,79.3499984741211,"Nainital, Almora, Champawat, Udham Singh Nagar","Gaula, Kosi, and Western Ramganga Basins",extreme rainfall flood,False,,DERIVED,HISTORICAL_DISASTER_EVENT,3.8299999237060547,4.244999915361404,4.244999915361404,4.244999915361404,4.244999915361404,4.244999915361404,4.244999915361404,4.244999915361404,7.659999847412109,4.245,24.0,3.61,,,,,,,,,,2080.0,25.4,150.0,-0.011,11800.0,1.75,130.0,8.3,13.9,BASIN-UK-C0A75A,520.0,4,10,0.8,0.08,0.04,,,,,,,,,,,,,,,,,,,
FL-UK-2021-02,2021-10-18,2021-10-18T00:00:00,29.349998474121094,79.44999694824219,"Nainital, Almora, Champawat, Udham Singh Nagar","Gaula, Kosi, and Western Ramganga Basins",extreme rainfall flood,False,,DERIVED,HISTORICAL_DISASTER_EVENT,4.529999732971191,4.714999735355377,4.714999735355377,4.714999735355377,4.714999735355377,4.714999735355377,4.714999735355377,4.714999735355377,9.059999465942383,4.715,24.0,4.01,,,,,,,,,,2080.0,25.4,150.0,-0.011,11800.0,1.75,130.0,8.3,13.9,BASIN-UK-C0A75A,520.0,4,10,0.8,0.08,0.04,,,,,,,,,,,,,,,,,,,
FL-UK-2021-02,2021-10-18,2021-10-18T00:00:00,29.349998474121094,79.54999542236328,"Nainital, Almora, Champawat, Udham Singh Nagar","Gaula, Kosi, and Western Ramganga Basins",extreme rainfall flood,False,,DERIVED,HISTORICAL_DISASTER_EVENT,3.4649999141693115,3.634999915957451,3.634999915957451,3.634999915957451,3.634999915957451,3.634999915957451,3.634999915957451,3.634999915957451,6.929999828338623,3.635,24.0,3.09,,,,,,,,,,2080.0,25.4,150.0,-0.011,11800.0,1.75,130.0,8.3,13.9,BASIN-UK-C0A75A,520.0,4,10,0.8,0.08,0.04,,,,,,,,,,,,,,,,,,,
FL-UK-2021-02,2021-10-18,2021-10-18T00:00:00,29.44999885559082,79.3499984741211,"Nainital, Almora, Champawat, Udham Singh Nagar","Gaula, Kosi, and Western Ramganga Basins",extreme rainfall flood,False,,DERIVED,HISTORICAL_DISASTER_EVENT,4.134999752044678,4.514999747276306,4.514999747276306,4.514999747276306,4.514999747276306,4.514999747276306,4.514999747276306,4.514999747276306,8.269999504089355,4.515,24.0,3.84,,,,,,,,,,2080.0,25.4,150.0,-0.011,11800.0,1.75,130.0,8.3,13.9,BASIN-UK-C0A75A,520.0,4,10,0.8,0.08,0.04,,,,,,,,,,,,,,,,,,,
FL-UK-2021-02,2021-10-18,2021-10-18T00:00:00,29.44999885559082,79.44999694824219,"Nainital, Almora, Champawat, Udham Singh Nagar","Gaula, Kosi, and Western Ramganga Basins",extreme rainfall flood,False,,DERIVED,HISTORICAL_DISASTER_EVENT,19.049999237060547,19.309999227523804,19.309999227523804,19.309999227523804,19.309999227523804,19.309999227523804,19.309999227523804,19.309999227523804,38.099998474121094,19.31,24.0,16.41,,,,,,,,,,2080.0,25.4,150.0,-0.011,11800.0,1.75,130.0,8.3,13.9,BASIN-UK-C0A75A,520.0,4,10,0.8,0.08,0.04,,,,,,,,,,,,,,,,,,,
FL-UK-2021-02,2021-10-18,2021-10-18T00:00:00,29.44999885559082,79.54999542236328,"Nainital, Almora, Champawat, Udham Singh Nagar","Gaula, Kosi, and Western Ramganga Basins",extreme rainfall flood,False,,DERIVED,HISTORICAL_DISASTER_EVENT,3.0149998664855957,3.0149998664855957,3.0149998664855957,3.0149998664855957,3.0149998664855957,3.0149998664855957,3.0149998664855957,3.0149998664855957,6.029999732971191,3.015,24.0,2.56,,,,,,,,,,2080.0,25.4,150.0,-0.011,11800.0,1.75,130.0,8.3,13.9,BASIN-UK-C0A75A,520.0,4,10,0.8,0.08,0.04,,,,,,,,,,,,,,,,,,,
FL-UK-2021-02,2021-10-18,2021-10-19T00:00:00,29.25,79.3499984741211,"Nainital, Almora, Champawat, Udham Singh Nagar","Gaula, Kosi, and Western Ramganga Basins",extreme rainfall flood,False,,DERIVED,HISTORICAL_DISASTER_EVENT,0.0,1.7999999523162842,2.4899999499320984,2.4899999499320984,2.4899999499320984,2.4899999499320984,2.4899999499320984,2.4899999499320984,1.7999999523162842,2.49,17.349,2.12,,,,,,,,,,2080.0,25.4,150.0,-0.011,11800.0,1.75,130.0,8.3,13.9,BASIN-UK-C0A75A,520.0,4,10,0.8,0.08,0.04,,,,,,,,,,,,,,,,,,,
FL-UK-2021-02,2021-10-18,2021-10-19T00:00:00,29.25,79.44999694824219,"Nainital, Almora, Champawat, Udham Singh Nagar","Gaula, Kosi, and Western Ramganga Basins",extreme rainfall flood,False,,DERIVED,HISTORICAL_DISASTER_EVENT,0.25999999046325684,3.81499981880188,4.364999830722809,4.364999830722809,4.364999830722809,4.364999830722809,4.364999830722809,4.364999830722809,3.81499981880188,4.365,20.976,3.71,,,,,,,,,,2080.0,25.4,150.0,-0.011,11800.0,1.75,130.0,8.3,13.9,BASIN-UK-C0A75A,520.0,4,10,0.8,0.08,0.04,,,,,,,,,,,,,,,,,,,
FL-UK-2021-02,2021-10-18,2021-10-19T00:00:00,29.25,79.54999542236328,"Nainital, Almora, Champawat, Udham Singh Nagar","Gaula, Kosi, and Western Ramganga Basins",extreme rainfall flood,False,,DERIVED,HISTORICAL_DISASTER_EVENT,0.2449999898672104,2.1349999755620956,2.274999976158142,2.274999976158142,2.274999976158142,2.274999976158142,2.274999976158142,2.274999976158142,2.1349999755620956,2.275,22.523,1.93,,,,,,,,,,2080.0,25.4,150.0,-0.011,11800.0,1.75,130.0,8.3,13.9,BASIN-UK-C0A75A,520.0,4,10,0.8,0.08,0.04,,,,,,,,,,,,,,,,,,,
FL-UK-2021-02,2021-10-18,2021-10-19T00:00:00,29.349998474121094,79.3499984741211,"Nainital, Almora, Champawat, Udham Singh Nagar","Gaula, Kosi, and Western Ramganga Basins",extreme rainfall flood,False,,DERIVED,HISTORICAL_DISASTER_EVENT,0.0,3.8299999237060547,4.244999915361404,4.244999915361404,4.244999915361404,4.244999915361404,4.244999915361404,4.244999915361404,3.8299999237060547,4.245,21.654,3.61,,,,,,,,,,2080.0,25.4,150.0,-0.011,11800.0,1.75,130.0,8.3,13.9,BASIN-UK-C0A75A,520.0,4,10,0.8,0.08,0.04,,,,,,,,,,,,,,,,,,,
FL-UK-2021-02,2021-10-18,2021-10-19T00:00:00,29.349998474121094,79.44999694824219,"Nainital, Almora, Champawat, Udham Singh Nagar","Gaula, Kosi, and Western Ramganga Basins",extreme rainfall flood,False,,DERIVED,HISTORICAL_DISASTER_EVENT,0.0,4.529999732971191,4.714999735355377,4.714999735355377,4.714999735355377,4.714999735355377,4.714999735355377,4.714999735355377,4.529999732971191,4.715,23.058,4.01,,,,,,,,,,2080.0,25.4,150.0,-0.011,11800.0,1.75,130.0,8.3,13.9,BASIN-UK-C0A75A,520.0,4,10,0.8,0.08,0.04,,,,,,,,,,,,,,,,,,,
FL-UK-2021-02,2021-10-18,2021-10-19T00:00:00,29.349998474121094,79.54999542236328,"Nainital, Almora, Champawat, Udham Singh Nagar","Gaula, Kosi, and Western Ramganga Basins",extreme rainfall flood,False,,DERIVED,HISTORICAL_DISASTER_EVENT,0.13499999046325684,3.5999999046325684,3.7699999064207077,3.7699999064207077,3.7699999064207077,3.7699999064207077,3.7699999064207077,3.7699999064207077,3.5999999046325684,3.77,22.918,3.2,,,,,,,,,,2080.0,25.4,150.0,-0.011,11800.0,1.75,130.0,8.3,13.9,BASIN-UK-C0A75A,520.0,4,10,0.8,0.08,0.04,,,,,,,,,,,,,,,,,,,
FL-UK-2021-02,2021-10-18,2021-10-19T00:00:00,29.44999885559082,79.3499984741211,"Nainital, Almora, Champawat, Udham Singh Nagar","Gaula, Kosi, and Western Ramganga Basins",extreme rainfall flood,False,,DERIVED,HISTORICAL_DISASTER_EVENT,0.0,4.134999752044678,4.514999747276306,4.514999747276306,4.514999747276306,4.514999747276306,4.514999747276306,4.514999747276306,4.134999752044678,4.515,21.98,3.84,,,,,,,,,,2080.0,25.4,150.0,-0.011,11800.0,1.75,130.0,8.3,13.9,BASIN-UK-C0A75A,520.0,4,10,0.8,0.08,0.04,,,,,,,,,,,,,,,,,,,
FL-UK-2021-02,2021-10-18,2021-10-19T00:00:00,29.44999885559082,79.44999694824219,"Nainital, Almora, Champawat, Udham Singh Nagar","Gaula, Kosi, and Western Ramganga Basins",extreme rainfall flood,False,,DERIVED,HISTORICAL_DISASTER_EVENT,0.0,19.049999237060547,19.309999227523804,19.309999227523804,19.309999227523804,19.309999227523804,19.309999227523804,19.309999227523804,19.049999237060547,19.31,23.677,16.41,,,,,,,,,,2080.0,25.4,150.0,-0.011,11800.0,1.75,130.0,8.3,13.9,BASIN-UK-C0A75A,520.0,4,10,0.8,0.08,0.04,,,,,,,,,,,,,,,,,,,
FL-UK-2021-02,2021-10-18,2021-10-19T00:00:00,29.44999885559082,79.54999542236328,"Nainital, Almora, Champawat, Udham Singh Nagar","Gaula, Kosi, and Western Ramganga Basins",extreme rainfall flood,False,,DERIVED,HISTORICAL_DISASTER_EVENT,0.10999999940395355,3.1249998658895493,3.1249998658895493,3.1249998658895493,3.1249998658895493,3.1249998658895493,3.1249998658895493,3.1249998658895493,3.1249998658895493,3.125,24.0,2.66,,,,,,,,,,2080.0,25.4,150.0,-0.011,11800.0,1.75,130.0,8.3,13.9,BASIN-UK-C0A75A,520.0,4,10,0.8,0.08,0.04,,,,,,,,,,,,,,,,,,,
FL-UK-2021-02,2021-10-18,2021-10-20T00:00:00,29.25,79.3499984741211,"Nainital, Almora, Champawat, Udham Singh Nagar","Gaula, Kosi, and Western Ramganga Basins",extreme rainfall flood,False,,DERIVED,HISTORICAL_DISASTER_EVENT,0.0,0.0,2.4899999499320984,2.4899999499320984,2.4899999499320984,2.4899999499320984,2.4899999499320984,2.4899999499320984,0.0,2.49,0.0,2.12,,,,,,,,,,2080.0,25.4,150.0,-0.011,11800.0,1.75,130.0,8.3,13.9,BASIN-UK-C0A75A,520.0,4,10,0.8,0.08,0.04,,,,,,,,,,,,,,,,,,,
FL-UK-2021-02,2021-10-18,2021-10-20T00:00:00,29.25,79.44999694824219,"Nainital, Almora, Champawat, Udham Singh Nagar","Gaula, Kosi, and Western Ramganga Basins",extreme rainfall flood,False,,DERIVED,HISTORICAL_DISASTER_EVENT,0.0,0.25999999046325684,4.364999830722809,4.364999830722809,4.364999830722809,4.364999830722809,4.364999830722809,4.364999830722809,0.25999999046325684,4.365,1.43,3.71,,,,,,,,,,2080.0,25.4,150.0,-0.011,11800.0,1.75,130.0,8.3,13.9,BASIN-UK-C0A75A,520.0,4,10,0.8,0.08,0.04,,,,,,,,,,,,,,,,,,,
FL-UK-2021-02,2021-10-18,2021-10-20T00:00:00,29.25,79.54999542236328,"Nainital, Almora, Champawat, Udham Singh Nagar","Gaula, Kosi, and Western Ramganga Basins",extreme rainfall flood,False,,DERIVED,HISTORICAL_DISASTER_EVENT,0.0,0.2449999898672104,2.274999976158142,2.274999976158142,2.274999976158142,2.274999976158142,2.274999976158142,2.274999976158142,0.2449999898672104,2.275,2.585,1.93,,,,,,,,,,2080.0,25.4,150.0,-0.011,11800.0,1.75,130.0,8.3,13.9,BASIN-UK-C0A75A,520.0,4,10,0.8,0.08,0.04,,,,,,,,,,,,,,,,,,,
FL-UK-2021-02,2021-10-18,2021-10-20T00:00:00,29.349998474121094,79.3499984741211,"Nainital, Almora, Champawat, Udham Singh Nagar","Gaula, Kosi, and Western Ramganga Basins",extreme rainfall flood,False,,DERIVED,HISTORICAL_DISASTER_EVENT,0.0,0.0,4.244999915361404,4.244999915361404,4.244999915361404,4.244999915361404,4.244999915361404,4.244999915361404,0.0,4.245,0.0,3.61,,,,,,,,,,2080.0,25.4,150.0,-0.011,11800.0,1.75,130.0,8.3,13.9,BASIN-UK-C0A75A,520.0,4,10,0.8,0.08,0.04,,,,,,,,,,,,,,,,,,,
FL-UK-2021-02,2021-10-18,2021-10-20T00:00:00,29.349998474121094,79.44999694824219,"Nainital, Almora, Champawat, Udham Singh Nagar","Gaula, Kosi, and Western Ramganga Basins",extreme rainfall flood,False,,DERIVED,HISTORICAL_DISASTER_EVENT,0.0,0.0,4.714999735355377,4.714999735355377,4.714999735355377,4.714999735355377,4.714999735355377,4.714999735355377,0.0,4.715,0.0,4.01,,,,,,,,,,2080.0,25.4,150.0,-0.011,11800.0,1.75,130.0,8.3,13.9,BASIN-UK-C0A75A,520.0,4,10,0.8,0.08,0.04,,,,,,,,,,,,,,,,,,,
FL-UK-2021-02,2021-10-18,2021-10-20T00:00:00,29.349998474121094,79.54999542236328,"Nainital, Almora, Champawat, Udham Singh Nagar","Gaula, Kosi, and Western Ramganga Basins",extreme rainfall flood,False,,DERIVED,HISTORICAL_DISASTER_EVENT,0.0,0.13499999046325684,3.7699999064207077,3.7699999064207077,3.7699999064207077,3.7699999064207077,3.7699999064207077,3.7699999064207077,0.13499999046325684,3.77,0.859,3.2,,,,,,,,,,2080.0,25.4,150.0,-0.011,11800.0,1.75,130.0,8.3,13.9,BASIN-UK-C0A75A,520.0,4,10,0.8,0.08,0.04,,,,,,,,,,,,,,,,,,,
FL-UK-2021-02,2021-10-18,2021-10-20T00:00:00,29.44999885559082,79.3499984741211,"Nainital, Almora, Champawat, Udham Singh Nagar","Gaula, Kosi, and Western Ramganga Basins",extreme rainfall flood,False,,DERIVED,HISTORICAL_DISASTER_EVENT,0.0,0.0,4.514999747276306,4.514999747276306,4.514999747276306,4.514999747276306,4.514999747276306,4.514999747276306,0.0,4.515,0.0,3.84,,,,,,,,,,2080.0,25.4,150.0,-0.011,11800.0,1.75,130.0,8.3,13.9,BASIN-UK-C0A75A,520.0,4,10,0.8,0.08,0.04,,,,,,,,,,,,,,,,,,,
FL-UK-2021-02,2021-10-18,2021-10-20T00:00:00,29.44999885559082,79.44999694824219,"Nainital, Almora, Champawat, Udham Singh Nagar","Gaula, Kosi, and Western Ramganga Basins",extreme rainfall flood,False,,DERIVED,HISTORICAL_DISASTER_EVENT,0.0,0.0,19.309999227523804,19.309999227523804,19.309999227523804,19.309999227523804,19.309999227523804,19.309999227523804,0.0,19.31,0.0,16.41,,,,,,,,,,2080.0,25.4,150.0,-0.011,11800.0,1.75,130.0,8.3,13.9,BASIN-UK-C0A75A,520.0,4,10,0.8,0.08,0.04,,,,,,,,,,,,,,,,,,,
FL-UK-2021-02,2021-10-18,2021-10-20T00:00:00,29.44999885559082,79.54999542236328,"Nainital, Almora, Champawat, Udham Singh Nagar","Gaula, Kosi, and Western Ramganga Basins",extreme rainfall flood,False,,DERIVED,HISTORICAL_DISASTER_EVENT,0.0,0.10999999940395355,3.1249998658895493,3.1249998658895493,3.1249998658895493,3.1249998658895493,3.1249998658895493,3.1249998658895493,0.10999999940395355,3.125,0.845,2.66,,,,,,,,,,2080.0,25.4,150.0,-0.011,11800.0,1.75,130.0,8.3,13.9,BASIN-UK-C0A75A,520.0,4,10,0.8,0.08,0.04,,,,,,,,,,,,,,,,,,,
FL-UK-2022-01,2022-08-19,2022-08-16T00:00:00,30.25,78.04999542236328,"Dehradun, Tehri Garhwal",Ganga Basin (Song and Bandal Rivers),cloudburst-induced flood,True,,DIRECT,HISTORICAL_DISASTER_EVENT,0.0,0.0,0.0,0.0,0.0,0.0,0.0,0.0,0.0,0.0,0.0,0.0,,,,,,,,,,680.0,22.1,240.0,-0.009,18500.0,1.65,150.0,9.2,12.5,BASIN-UK-EF2D94,520.0,4,10,0.55,0.25,0.12,,,,,,,,,,,,,,,,,,,
FL-UK-2022-01,2022-08-19,2022-08-16T00:00:00,30.25,78.1500015258789,"Dehradun, Tehri Garhwal",Ganga Basin (Song and Bandal Rivers),cloudburst-induced flood,True,,DIRECT,HISTORICAL_DISASTER_EVENT,0.0,0.0,0.0,0.0,0.0,0.0,0.0,0.0,0.0,0.0,0.0,0.0,,,,,,,,,,680.0,22.1,240.0,-0.009,18500.0,1.65,150.0,9.2,12.5,BASIN-UK-EF2D94,520.0,4,10,0.55,0.25,0.12,,,,,,,,,,,,,,,,,,,
FL-UK-2022-01,2022-08-19,2022-08-16T00:00:00,30.25,78.25,"Dehradun, Tehri Garhwal",Ganga Basin (Song and Bandal Rivers),cloudburst-induced flood,True,,DIRECT,HISTORICAL_DISASTER_EVENT,0.0,0.0,0.0,0.0,0.0,0.0,0.0,0.0,0.0,0.0,0.0,0.0,,,,,,,,,,680.0,22.1,240.0,-0.009,18500.0,1.65,150.0,9.2,12.5,BASIN-UK-EF2D94,520.0,4,10,0.55,0.25,0.12,,,,,,,,,,,,,,,,,,,
FL-UK-2022-01,2022-08-19,2022-08-16T00:00:00,30.349998474121094,78.04999542236328,"Dehradun, Tehri Garhwal",Ganga Basin (Song and Bandal Rivers),cloudburst-induced flood,True,,DIRECT,HISTORICAL_DISASTER_EVENT,0.0,0.0,0.0,0.0,0.0,0.0,0.0,0.0,0.0,0.0,0.0,0.0,,,,,,,,,,680.0,22.1,240.0,-0.009,18500.0,1.65,150.0,9.2,12.5,BASIN-UK-EF2D94,520.0,4,10,0.55,0.25,0.12,,,,,,,,,,,,,,,,,,,
FL-UK-2022-01,2022-08-19,2022-08-16T00:00:00,30.349998474121094,78.1500015258789,"Dehradun, Tehri Garhwal",Ganga Basin (Song and Bandal Rivers),cloudburst-induced flood,True,,DIRECT,HISTORICAL_DISASTER_EVENT,0.0,0.0,0.0,0.0,0.0,0.0,0.0,0.0,0.0,0.0,0.0,0.0,,,,,,,,,,680.0,22.1,240.0,-0.009,18500.0,1.65,150.0,9.2,12.5,BASIN-UK-EF2D94,520.0,4,10,0.55,0.25,0.12,,,,,,,,,,,,,,,,,,,
FL-UK-2022-01,2022-08-19,2022-08-16T00:00:00,30.349998474121094,78.25,"Dehradun, Tehri Garhwal",Ganga Basin (Song and Bandal Rivers),cloudburst-induced flood,True,,DIRECT,HISTORICAL_DISASTER_EVENT,0.0,0.0,0.0,0.0,0.0,0.0,0.0,0.0,0.0,0.0,0.0,0.0,,,,,,,,,,680.0,22.1,240.0,-0.009,18500.0,1.65,150.0,9.2,12.5,BASIN-UK-EF2D94,520.0,4,10,0.55,0.25,0.12,,,,,,,,,,,,,,,,,,,
FL-UK-2022-01,2022-08-19,2022-08-16T00:00:00,30.44999885559082,78.04999542236328,"Dehradun, Tehri Garhwal",Ganga Basin (Song and Bandal Rivers),cloudburst-induced flood,True,,DIRECT,HISTORICAL_DISASTER_EVENT,0.0,0.0,0.0,0.0,0.0,0.0,0.0,0.0,0.0,0.0,0.0,0.0,,,,,,,,,,680.0,22.1,240.0,-0.009,18500.0,1.65,150.0,9.2,12.5,BASIN-UK-EF2D94,520.0,4,10,0.55,0.25,0.12,,,,,,,,,,,,,,,,,,,
FL-UK-2022-01,2022-08-19,2022-08-16T00:00:00,30.44999885559082,78.1500015258789,"Dehradun, Tehri Garhwal",Ganga Basin (Song and Bandal Rivers),cloudburst-induced flood,True,,DIRECT,HISTORICAL_DISASTER_EVENT,0.0,0.0,0.0,0.0,0.0,0.0,0.0,0.0,0.0,0.0,0.0,0.0,,,,,,,,,,680.0,22.1,240.0,-0.009,18500.0,1.65,150.0,9.2,12.5,BASIN-UK-EF2D94,520.0,4,10,0.55,0.25,0.12,,,,,,,,,,,,,,,,,,,
FL-UK-2022-01,2022-08-19,2022-08-16T00:00:00,30.44999885559082,78.25,"Dehradun, Tehri Garhwal",Ganga Basin (Song and Bandal Rivers),cloudburst-induced flood,True,,DIRECT,HISTORICAL_DISASTER_EVENT,0.0,0.0,0.0,0.0,0.0,0.0,0.0,0.0,0.0,0.0,0.0,0.0,,,,,,,,,,680.0,22.1,240.0,-0.009,18500.0,1.65,150.0,9.2,12.5,BASIN-UK-EF2D94,520.0,4,10,0.55,0.25,0.12,,,,,,,,,,,,,,,,,,,
FL-UK-2022-01,2022-08-19,2022-08-17T00:00:00,30.25,78.04999542236328,"Dehradun, Tehri Garhwal",Ganga Basin (Song and Bandal Rivers),cloudburst-induced flood,True,,DIRECT,HISTORICAL_DISASTER_EVENT,0.0,0.0,0.0,0.0,0.0,0.0,0.0,0.0,0.0,0.0,0.0,0.0,,,,,,,,,,680.0,22.1,240.0,-0.009,18500.0,1.65,150.0,9.2,12.5,BASIN-UK-EF2D94,520.0,4,10,0.55,0.25,0.12,,,,,,,,,,,,,,,,,,,
FL-UK-2022-01,2022-08-19,2022-08-17T00:00:00,30.25,78.1500015258789,"Dehradun, Tehri Garhwal",Ganga Basin (Song and Bandal Rivers),cloudburst-induced flood,True,,DIRECT,HISTORICAL_DISASTER_EVENT,0.0,0.0,0.0,0.0,0.0,0.0,0.0,0.0,0.0,0.0,0.0,0.0,,,,,,,,,,680.0,22.1,240.0,-0.009,18500.0,1.65,150.0,9.2,12.5,BASIN-UK-EF2D94,520.0,4,10,0.55,0.25,0.12,,,,,,,,,,,,,,,,,,,
FL-UK-2022-01,2022-08-19,2022-08-17T00:00:00,30.25,78.25,"Dehradun, Tehri Garhwal",Ganga Basin (Song and Bandal Rivers),cloudburst-induced flood,True,,DIRECT,HISTORICAL_DISASTER_EVENT,0.0,0.0,0.0,0.0,0.0,0.0,0.0,0.0,0.0,0.0,0.0,0.0,,,,,,,,,,680.0,22.1,240.0,-0.009,18500.0,1.65,150.0,9.2,12.5,BASIN-UK-EF2D94,520.0,4,10,0.55,0.25,0.12,,,,,,,,,,,,,,,,,,,
FL-UK-2022-01,2022-08-19,2022-08-17T00:00:00,30.349998474121094,78.04999542236328,"Dehradun, Tehri Garhwal",Ganga Basin (Song and Bandal Rivers),cloudburst-induced flood,True,,DIRECT,HISTORICAL_DISASTER_EVENT,0.0,0.0,0.0,0.0,0.0,0.0,0.0,0.0,0.0,0.0,0.0,0.0,,,,,,,,,,680.0,22.1,240.0,-0.009,18500.0,1.65,150.0,9.2,12.5,BASIN-UK-EF2D94,520.0,4,10,0.55,0.25,0.12,,,,,,,,,,,,,,,,,,,
FL-UK-2022-01,2022-08-19,2022-08-17T00:00:00,30.349998474121094,78.1500015258789,"Dehradun, Tehri Garhwal",Ganga Basin (Song and Bandal Rivers),cloudburst-induced flood,True,,DIRECT,HISTORICAL_DISASTER_EVENT,0.0,0.0,0.0,0.0,0.0,0.0,0.0,0.0,0.0,0.0,0.0,0.0,,,,,,,,,,680.0,22.1,240.0,-0.009,18500.0,1.65,150.0,9.2,12.5,BASIN-UK-EF2D94,520.0,4,10,0.55,0.25,0.12,,,,,,,,,,,,,,,,,,,
FL-UK-2022-01,2022-08-19,2022-08-17T00:00:00,30.349998474121094,78.25,"Dehradun, Tehri Garhwal",Ganga Basin (Song and Bandal Rivers),cloudburst-induced flood,True,,DIRECT,HISTORICAL_DISASTER_EVENT,0.0,0.0,0.0,0.0,0.0,0.0,0.0,0.0,0.0,0.0,0.0,0.0,,,,,,,,,,680.0,22.1,240.0,-0.009,18500.0,1.65,150.0,9.2,12.5,BASIN-UK-EF2D94,520.0,4,10,0.55,0.25,0.12,,,,,,,,,,,,,,,,,,,
FL-UK-2022-01,2022-08-19,2022-08-17T00:00:00,30.44999885559082,78.04999542236328,"Dehradun, Tehri Garhwal",Ganga Basin (Song and Bandal Rivers),cloudburst-induced flood,True,,DIRECT,HISTORICAL_DISASTER_EVENT,0.0,0.0,0.0,0.0,0.0,0.0,0.0,0.0,0.0,0.0,0.0,0.0,,,,,,,,,,680.0,22.1,240.0,-0.009,18500.0,1.65,150.0,9.2,12.5,BASIN-UK-EF2D94,520.0,4,10,0.55,0.25,0.12,,,,,,,,,,,,,,,,,,,
FL-UK-2022-01,2022-08-19,2022-08-17T00:00:00,30.44999885559082,78.1500015258789,"Dehradun, Tehri Garhwal",Ganga Basin (Song and Bandal Rivers),cloudburst-induced flood,True,,DIRECT,HISTORICAL_DISASTER_EVENT,0.0,0.0,0.0,0.0,0.0,0.0,0.0,0.0,0.0,0.0,0.0,0.0,,,,,,,,,,680.0,22.1,240.0,-0.009,18500.0,1.65,150.0,9.2,12.5,BASIN-UK-EF2D94,520.0,4,10,0.55,0.25,0.12,,,,,,,,,,,,,,,,,,,
FL-UK-2022-01,2022-08-19,2022-08-17T00:00:00,30.44999885559082,78.25,"Dehradun, Tehri Garhwal",Ganga Basin (Song and Bandal Rivers),cloudburst-induced flood,True,,DIRECT,HISTORICAL_DISASTER_EVENT,0.0,0.0,0.0,0.0,0.0,0.0,0.0,0.0,0.0,0.0,0.0,0.0,,,,,,,,,,680.0,22.1,240.0,-0.009,18500.0,1.65,150.0,9.2,12.5,BASIN-UK-EF2D94,520.0,4,10,0.55,0.25,0.12,,,,,,,,,,,,,,,,,,,
FL-UK-2022-01,2022-08-19,2022-08-18T00:00:00,30.25,78.04999542236328,"Dehradun, Tehri Garhwal",Ganga Basin (Song and Bandal Rivers),cloudburst-induced flood,True,,DIRECT,HISTORICAL_DISASTER_EVENT,0.0,0.0,0.0,0.0,0.0,0.0,0.0,0.0,0.0,0.0,0.0,0.0,,,,,,,,,,680.0,22.1,240.0,-0.009,18500.0,1.65,150.0,9.2,12.5,BASIN-UK-EF2D94,520.0,4,10,0.55,0.25,0.12,,,,,,,,,,,,,,,,,,,
FL-UK-2022-01,2022-08-19,2022-08-18T00:00:00,30.25,78.1500015258789,"Dehradun, Tehri Garhwal",Ganga Basin (Song and Bandal Rivers),cloudburst-induced flood,True,,DIRECT,HISTORICAL_DISASTER_EVENT,0.0,0.0,0.0,0.0,0.0,0.0,0.0,0.0,0.0,0.0,0.0,0.0,,,,,,,,,,680.0,22.1,240.0,-0.009,18500.0,1.65,150.0,9.2,12.5,BASIN-UK-EF2D94,520.0,4,10,0.55,0.25,0.12,,,,,,,,,,,,,,,,,,,
FL-UK-2022-01,2022-08-19,2022-08-18T00:00:00,30.25,78.25,"Dehradun, Tehri Garhwal",Ganga Basin (Song and Bandal Rivers),cloudburst-induced flood,True,,DIRECT,HISTORICAL_DISASTER_EVENT,0.0,0.0,0.0,0.0,0.0,0.0,0.0,0.0,0.0,0.0,0.0,0.0,,,,,,,,,,680.0,22.1,240.0,-0.009,18500.0,1.65,150.0,9.2,12.5,BASIN-UK-EF2D94,520.0,4,10,0.55,0.25,0.12,,,,,,,,,,,,,,,,,,,
FL-UK-2022-01,2022-08-19,2022-08-18T00:00:00,30.349998474121094,78.04999542236328,"Dehradun, Tehri Garhwal",Ganga Basin (Song and Bandal Rivers),cloudburst-induced flood,True,,DIRECT,HISTORICAL_DISASTER_EVENT,0.0,0.0,0.0,0.0,0.0,0.0,0.0,0.0,0.0,0.0,0.0,0.0,,,,,,,,,,680.0,22.1,240.0,-0.009,18500.0,1.65,150.0,9.2,12.5,BASIN-UK-EF2D94,520.0,4,10,0.55,0.25,0.12,,,,,,,,,,,,,,,,,,,
FL-UK-2022-01,2022-08-19,2022-08-18T00:00:00,30.349998474121094,78.1500015258789,"Dehradun, Tehri Garhwal",Ganga Basin (Song and Bandal Rivers),cloudburst-induced flood,True,,DIRECT,HISTORICAL_DISASTER_EVENT,0.0,0.0,0.0,0.0,0.0,0.0,0.0,0.0,0.0,0.0,0.0,0.0,,,,,,,,,,680.0,22.1,240.0,-0.009,18500.0,1.65,150.0,9.2,12.5,BASIN-UK-EF2D94,520.0,4,10,0.55,0.25,0.12,,,,,,,,,,,,,,,,,,,
FL-UK-2022-01,2022-08-19,2022-08-18T00:00:00,30.349998474121094,78.25,"Dehradun, Tehri Garhwal",Ganga Basin (Song and Bandal Rivers),cloudburst-induced flood,True,,DIRECT,HISTORICAL_DISASTER_EVENT,0.0,0.0,0.0,0.0,0.0,0.0,0.0,0.0,0.0,0.0,0.0,0.0,,,,,,,,,,680.0,22.1,240.0,-0.009,18500.0,1.65,150.0,9.2,12.5,BASIN-UK-EF2D94,520.0,4,10,0.55,0.25,0.12,,,,,,,,,,,,,,,,,,,
FL-UK-2022-01,2022-08-19,2022-08-18T00:00:00,30.44999885559082,78.04999542236328,"Dehradun, Tehri Garhwal",Ganga Basin (Song and Bandal Rivers),cloudburst-induced flood,True,,DIRECT,HISTORICAL_DISASTER_EVENT,0.0,0.0,0.0,0.0,0.0,0.0,0.0,0.0,0.0,0.0,0.0,0.0,,,,,,,,,,680.0,22.1,240.0,-0.009,18500.0,1.65,150.0,9.2,12.5,BASIN-UK-EF2D94,520.0,4,10,0.55,0.25,0.12,,,,,,,,,,,,,,,,,,,
FL-UK-2022-01,2022-08-19,2022-08-18T00:00:00,30.44999885559082,78.1500015258789,"Dehradun, Tehri Garhwal",Ganga Basin (Song and Bandal Rivers),cloudburst-induced flood,True,,DIRECT,HISTORICAL_DISASTER_EVENT,0.0,0.0,0.0,0.0,0.0,0.0,0.0,0.0,0.0,0.0,0.0,0.0,,,,,,,,,,680.0,22.1,240.0,-0.009,18500.0,1.65,150.0,9.2,12.5,BASIN-UK-EF2D94,520.0,4,10,0.55,0.25,0.12,,,,,,,,,,,,,,,,,,,
FL-UK-2022-01,2022-08-19,2022-08-18T00:00:00,30.44999885559082,78.25,"Dehradun, Tehri Garhwal",Ganga Basin (Song and Bandal Rivers),cloudburst-induced flood,True,,DIRECT,HISTORICAL_DISASTER_EVENT,0.0,0.0,0.0,0.0,0.0,0.0,0.0,0.0,0.0,0.0,0.0,0.0,,,,,,,,,,680.0,22.1,240.0,-0.009,18500.0,1.65,150.0,9.2,12.5,BASIN-UK-EF2D94,520.0,4,10,0.55,0.25,0.12,,,,,,,,,,,,,,,,,,,
FL-UK-2022-01,2022-08-19,2022-08-19T00:00:00,30.25,78.04999542236328,"Dehradun, Tehri Garhwal",Ganga Basin (Song and Bandal Rivers),cloudburst-induced flood,True,,DIRECT,HISTORICAL_DISASTER_EVENT,0.0,0.0,0.0,0.0,0.0,0.0,0.0,0.0,0.0,0.0,0.0,0.0,,,,,,,,,,680.0,22.1,240.0,-0.009,18500.0,1.65,150.0,9.2,12.5,BASIN-UK-EF2D94,520.0,4,10,0.55,0.25,0.12,,,,,,,,,,,,,,,,,,,
FL-UK-2022-01,2022-08-19,2022-08-19T00:00:00,30.25,78.1500015258789,"Dehradun, Tehri Garhwal",Ganga Basin (Song and Bandal Rivers),cloudburst-induced flood,True,,DIRECT,HISTORICAL_DISASTER_EVENT,0.0,0.0,0.0,0.0,0.0,0.0,0.0,0.0,0.0,0.0,0.0,0.0,,,,,,,,,,680.0,22.1,240.0,-0.009,18500.0,1.65,150.0,9.2,12.5,BASIN-UK-EF2D94,520.0,4,10,0.55,0.25,0.12,,,,,,,,,,,,,,,,,,,
FL-UK-2022-01,2022-08-19,2022-08-19T00:00:00,30.25,78.25,"Dehradun, Tehri Garhwal",Ganga Basin (Song and Bandal Rivers),cloudburst-induced flood,True,,DIRECT,HISTORICAL_DISASTER_EVENT,0.0,0.0,0.0,0.0,0.0,0.0,0.0,0.0,0.0,0.0,0.0,0.0,,,,,,,,,,680.0,22.1,240.0,-0.009,18500.0,1.65,150.0,9.2,12.5,BASIN-UK-EF2D94,520.0,4,10,0.55,0.25,0.12,,,,,,,,,,,,,,,,,,,
FL-UK-2022-01,2022-08-19,2022-08-19T00:00:00,30.349998474121094,78.04999542236328,"Dehradun, Tehri Garhwal",Ganga Basin (Song and Bandal Rivers),cloudburst-induced flood,True,,DIRECT,HISTORICAL_DISASTER_EVENT,0.0,0.0,0.0,0.0,0.0,0.0,0.0,0.0,0.0,0.0,0.0,0.0,,,,,,,,,,680.0,22.1,240.0,-0.009,18500.0,1.65,150.0,9.2,12.5,BASIN-UK-EF2D94,520.0,4,10,0.55,0.25,0.12,,,,,,,,,,,,,,,,,,,
FL-UK-2022-01,2022-08-19,2022-08-19T00:00:00,30.349998474121094,78.1500015258789,"Dehradun, Tehri Garhwal",Ganga Basin (Song and Bandal Rivers),cloudburst-induced flood,True,,DIRECT,HISTORICAL_DISASTER_EVENT,0.0,0.0,0.0,0.0,0.0,0.0,0.0,0.0,0.0,0.0,0.0,0.0,,,,,,,,,,680.0,22.1,240.0,-0.009,18500.0,1.65,150.0,9.2,12.5,BASIN-UK-EF2D94,520.0,4,10,0.55,0.25,0.12,,,,,,,,,,,,,,,,,,,
FL-UK-2022-01,2022-08-19,2022-08-19T00:00:00,30.349998474121094,78.25,"Dehradun, Tehri Garhwal",Ganga Basin (Song and Bandal Rivers),cloudburst-induced flood,True,,DIRECT,HISTORICAL_DISASTER_EVENT,0.0,0.0,0.0,0.0,0.0,0.0,0.0,0.0,0.0,0.0,0.0,0.0,,,,,,,,,,680.0,22.1,240.0,-0.009,18500.0,1.65,150.0,9.2,12.5,BASIN-UK-EF2D94,520.0,4,10,0.55,0.25,0.12,,,,,,,,,,,,,,,,,,,
FL-UK-2022-01,2022-08-19,2022-08-19T00:00:00,30.44999885559082,78.04999542236328,"Dehradun, Tehri Garhwal",Ganga Basin (Song and Bandal Rivers),cloudburst-induced flood,True,,DIRECT,HISTORICAL_DISASTER_EVENT,0.0,0.0,0.0,0.0,0.0,0.0,0.0,0.0,0.0,0.0,0.0,0.0,,,,,,,,,,680.0,22.1,240.0,-0.009,18500.0,1.65,150.0,9.2,12.5,BASIN-UK-EF2D94,520.0,4,10,0.55,0.25,0.12,,,,,,,,,,,,,,,,,,,
FL-UK-2022-01,2022-08-19,2022-08-19T00:00:00,30.44999885559082,78.1500015258789,"Dehradun, Tehri Garhwal",Ganga Basin (Song and Bandal Rivers),cloudburst-induced flood,True,,DIRECT,HISTORICAL_DISASTER_EVENT,0.0,0.0,0.0,0.0,0.0,0.0,0.0,0.0,0.0,0.0,0.0,0.0,,,,,,,,,,680.0,22.1,240.0,-0.009,18500.0,1.65,150.0,9.2,12.5,BASIN-UK-EF2D94,520.0,4,10,0.55,0.25,0.12,,,,,,,,,,,,,,,,,,,
FL-UK-2022-01,2022-08-19,2022-08-19T00:00:00,30.44999885559082,78.25,"Dehradun, Tehri Garhwal",Ganga Basin (Song and Bandal Rivers),cloudburst-induced flood,True,,DIRECT,HISTORICAL_DISASTER_EVENT,0.0,0.0,0.0,0.0,0.0,0.0,0.0,0.0,0.0,0.0,0.0,0.0,,,,,,,,,,680.0,22.1,240.0,-0.009,18500.0,1.65,150.0,9.2,12.5,BASIN-UK-EF2D94,520.0,4,10,0.55,0.25,0.12,,,,,,,,,,,,,,,,,,,
FL-UK-2022-01,2022-08-19,2022-08-20T00:00:00,30.25,78.04999542236328,"Dehradun, Tehri Garhwal",Ganga Basin (Song and Bandal Rivers),cloudburst-induced flood,True,,DIRECT,HISTORICAL_DISASTER_EVENT,2.8999998569488525,2.8999998569488525,2.8999998569488525,2.8999998569488525,2.8999998569488525,2.8999998569488525,2.8999998569488525,2.8999998569488525,5.799999713897705,2.9,24.0,2.46,,,,,,,,,,680.0,22.1,240.0,-0.009,18500.0,1.65,150.0,9.2,12.5,BASIN-UK-EF2D94,520.0,4,10,0.55,0.25,0.12,,,,,,,,,,,,,,,,,,,
FL-UK-2022-01,2022-08-19,2022-08-20T00:00:00,30.25,78.1500015258789,"Dehradun, Tehri Garhwal",Ganga Basin (Song and Bandal Rivers),cloudburst-induced flood,True,,DIRECT,HISTORICAL_DISASTER_EVENT,4.835000038146973,4.835000038146973,4.835000038146973,4.835000038146973,4.835000038146973,4.835000038146973,4.835000038146973,4.835000038146973,9.670000076293945,4.835,24.0,4.11,,,,,,,,,,680.0,22.1,240.0,-0.009,18500.0,1.65,150.0,9.2,12.5,BASIN-UK-EF2D94,520.0,4,10,0.55,0.25,0.12,,,,,,,,,,,,,,,,,,,
FL-UK-2022-01,2022-08-19,2022-08-20T00:00:00,30.25,78.25,"Dehradun, Tehri Garhwal",Ganga Basin (Song and Bandal Rivers),cloudburst-induced flood,True,,DIRECT,HISTORICAL_DISASTER_EVENT,5.414999961853027,5.414999961853027,5.414999961853027,5.414999961853027,5.414999961853027,5.414999961853027,5.414999961853027,5.414999961853027,10.829999923706055,5.415,24.0,4.6,,,,,,,,,,680.0,22.1,240.0,-0.009,18500.0,1.65,150.0,9.2,12.5,BASIN-UK-EF2D94,520.0,4,10,0.55,0.25,0.12,,,,,,,,,,,,,,,,,,,
FL-UK-2022-01,2022-08-19,2022-08-20T00:00:00,30.349998474121094,78.04999542236328,"Dehradun, Tehri Garhwal",Ganga Basin (Song and Bandal Rivers),cloudburst-induced flood,True,,DIRECT,HISTORICAL_DISASTER_EVENT,3.369999885559082,3.369999885559082,3.369999885559082,3.369999885559082,3.369999885559082,3.369999885559082,3.369999885559082,3.369999885559082,6.739999771118164,3.37,24.0,2.86,,,,,,,,,,680.0,22.1,240.0,-0.009,18500.0,1.65,150.0,9.2,12.5,BASIN-UK-EF2D94,520.0,4,10,0.55,0.25,0.12,,,,,,,,,,,,,,,,,,,
FL-UK-2022-01,2022-08-19,2022-08-20T00:00:00,30.349998474121094,78.1500015258789,"Dehradun, Tehri Garhwal",Ganga Basin (Song and Bandal Rivers),cloudburst-induced flood,True,,DIRECT,HISTORICAL_DISASTER_EVENT,11.5,11.5,11.5,11.5,11.5,11.5,11.5,11.5,23.0,11.5,24.0,9.78,,,,,,,,,,680.0,22.1,240.0,-0.009,18500.0,1.65,150.0,9.2,12.5,BASIN-UK-EF2D94,520.0,4,10,0.55,0.25,0.12,,,,,,,,,,,,,,,,,,,
FL-UK-2022-01,2022-08-19,2022-08-20T00:00:00,30.349998474121094,78.25,"Dehradun, Tehri Garhwal",Ganga Basin (Song and Bandal Rivers),cloudburst-induced flood,True,,DIRECT,HISTORICAL_DISASTER_EVENT,6.09499979019165,6.09499979019165,6.09499979019165,6.09499979019165,6.09499979019165,6.09499979019165,6.09499979019165,6.09499979019165,12.1899995803833,6.095,24.0,5.18,,,,,,,,,,680.0,22.1,240.0,-0.009,18500.0,1.65,150.0,9.2,12.5,BASIN-UK-EF2D94,520.0,4,10,0.55,0.25,0.12,,,,,,,,,,,,,,,,,,,
FL-UK-2022-01,2022-08-19,2022-08-20T00:00:00,30.44999885559082,78.04999542236328,"Dehradun, Tehri Garhwal",Ganga Basin (Song and Bandal Rivers),cloudburst-induced flood,True,,DIRECT,HISTORICAL_DISASTER_EVENT,2.7200000286102295,2.7200000286102295,2.7200000286102295,2.7200000286102295,2.7200000286102295,2.7200000286102295,2.7200000286102295,2.7200000286102295,5.440000057220459,2.72,24.0,2.31,,,,,,,,,,680.0,22.1,240.0,-0.009,18500.0,1.65,150.0,9.2,12.5,BASIN-UK-EF2D94,520.0,4,10,0.55,0.25,0.12,,,,,,,,,,,,,,,,,,,
FL-UK-2022-01,2022-08-19,2022-08-20T00:00:00,30.44999885559082,78.1500015258789,"Dehradun, Tehri Garhwal",Ganga Basin (Song and Bandal Rivers),cloudburst-induced flood,True,,DIRECT,HISTORICAL_DISASTER_EVENT,4.835000038146973,4.835000038146973,4.835000038146973,4.835000038146973,4.835000038146973,4.835000038146973,4.835000038146973,4.835000038146973,9.670000076293945,4.835,24.0,4.11,,,,,,,,,,680.0,22.1,240.0,-0.009,18500.0,1.65,150.0,9.2,12.5,BASIN-UK-EF2D94,520.0,4,10,0.55,0.25,0.12,,,,,,,,,,,,,,,,,,,
FL-UK-2022-01,2022-08-19,2022-08-20T00:00:00,30.44999885559082,78.25,"Dehradun, Tehri Garhwal",Ganga Basin (Song and Bandal Rivers),cloudburst-induced flood,True,,DIRECT,HISTORICAL_DISASTER_EVENT,10.824999809265137,10.824999809265137,10.824999809265137,10.824999809265137,10.824999809265137,10.824999809265137,10.824999809265137,10.824999809265137,21.649999618530273,10.825,24.0,9.2,,,,,,,,,,680.0,22.1,240.0,-0.009,18500.0,1.65,150.0,9.2,12.5,BASIN-UK-EF2D94,520.0,4,10,0.55,0.25,0.12,,,,,,,,,,,,,,,,,,,
FL-UK-2022-01,2022-08-19,2022-08-21T00:00:00,30.25,78.04999542236328,"Dehradun, Tehri Garhwal",Ganga Basin (Song and Bandal Rivers),cloudburst-induced flood,True,,DIRECT,HISTORICAL_DISASTER_EVENT,0.0,2.8999998569488525,2.8999998569488525,2.8999998569488525,2.8999998569488525,2.8999998569488525,2.8999998569488525,2.8999998569488525,2.8999998569488525,2.9,24.0,2.46,,,,,,,,,,680.0,22.1,240.0,-0.009,18500.0,1.65,150.0,9.2,12.5,BASIN-UK-EF2D94,520.0,4,10,0.55,0.25,0.12,,,,,,,,,,,,,,,,,,,
FL-UK-2022-01,2022-08-19,2022-08-21T00:00:00,30.25,78.1500015258789,"Dehradun, Tehri Garhwal",Ganga Basin (Song and Bandal Rivers),cloudburst-induced flood,True,,DIRECT,HISTORICAL_DISASTER_EVENT,0.0,4.835000038146973,4.835000038146973,4.835000038146973,4.835000038146973,4.835000038146973,4.835000038146973,4.835000038146973,4.835000038146973,4.835,24.0,4.11,,,,,,,,,,680.0,22.1,240.0,-0.009,18500.0,1.65,150.0,9.2,12.5,BASIN-UK-EF2D94,520.0,4,10,0.55,0.25,0.12,,,,,,,,,,,,,,,,,,,
FL-UK-2022-01,2022-08-19,2022-08-21T00:00:00,30.25,78.25,"Dehradun, Tehri Garhwal",Ganga Basin (Song and Bandal Rivers),cloudburst-induced flood,True,,DIRECT,HISTORICAL_DISASTER_EVENT,0.0,5.414999961853027,5.414999961853027,5.414999961853027,5.414999961853027,5.414999961853027,5.414999961853027,5.414999961853027,5.414999961853027,5.415,24.0,4.6,,,,,,,,,,680.0,22.1,240.0,-0.009,18500.0,1.65,150.0,9.2,12.5,BASIN-UK-EF2D94,520.0,4,10,0.55,0.25,0.12,,,,,,,,,,,,,,,,,,,
FL-UK-2022-01,2022-08-19,2022-08-21T00:00:00,30.349998474121094,78.04999542236328,"Dehradun, Tehri Garhwal",Ganga Basin (Song and Bandal Rivers),cloudburst-induced flood,True,,DIRECT,HISTORICAL_DISASTER_EVENT,0.0,3.369999885559082,3.369999885559082,3.369999885559082,3.369999885559082,3.369999885559082,3.369999885559082,3.369999885559082,3.369999885559082,3.37,24.0,2.86,,,,,,,,,,680.0,22.1,240.0,-0.009,18500.0,1.65,150.0,9.2,12.5,BASIN-UK-EF2D94,520.0,4,10,0.55,0.25,0.12,,,,,,,,,,,,,,,,,,,
FL-UK-2022-01,2022-08-19,2022-08-21T00:00:00,30.349998474121094,78.1500015258789,"Dehradun, Tehri Garhwal",Ganga Basin (Song and Bandal Rivers),cloudburst-induced flood,True,,DIRECT,HISTORICAL_DISASTER_EVENT,0.0,11.5,11.5,11.5,11.5,11.5,11.5,11.5,11.5,11.5,24.0,9.78,,,,,,,,,,680.0,22.1,240.0,-0.009,18500.0,1.65,150.0,9.2,12.5,BASIN-UK-EF2D94,520.0,4,10,0.55,0.25,0.12,,,,,,,,,,,,,,,,,,,
FL-UK-2022-01,2022-08-19,2022-08-21T00:00:00,30.349998474121094,78.25,"Dehradun, Tehri Garhwal",Ganga Basin (Song and Bandal Rivers),cloudburst-induced flood,True,,DIRECT,HISTORICAL_DISASTER_EVENT,0.0,6.09499979019165,6.09499979019165,6.09499979019165,6.09499979019165,6.09499979019165,6.09499979019165,6.09499979019165,6.09499979019165,6.095,24.0,5.18,,,,,,,,,,680.0,22.1,240.0,-0.009,18500.0,1.65,150.0,9.2,12.5,BASIN-UK-EF2D94,520.0,4,10,0.55,0.25,0.12,,,,,,,,,,,,,,,,,,,
FL-UK-2022-01,2022-08-19,2022-08-21T00:00:00,30.44999885559082,78.04999542236328,"Dehradun, Tehri Garhwal",Ganga Basin (Song and Bandal Rivers),cloudburst-induced flood,True,,DIRECT,HISTORICAL_DISASTER_EVENT,0.0,2.7200000286102295,2.7200000286102295,2.7200000286102295,2.7200000286102295,2.7200000286102295,2.7200000286102295,2.7200000286102295,2.7200000286102295,2.72,24.0,2.31,,,,,,,,,,680.0,22.1,240.0,-0.009,18500.0,1.65,150.0,9.2,12.5,BASIN-UK-EF2D94,520.0,4,10,0.55,0.25,0.12,,,,,,,,,,,,,,,,,,,
FL-UK-2022-01,2022-08-19,2022-08-21T00:00:00,30.44999885559082,78.1500015258789,"Dehradun, Tehri Garhwal",Ganga Basin (Song and Bandal Rivers),cloudburst-induced flood,True,,DIRECT,HISTORICAL_DISASTER_EVENT,0.0,4.835000038146973,4.835000038146973,4.835000038146973,4.835000038146973,4.835000038146973,4.835000038146973,4.835000038146973,4.835000038146973,4.835,24.0,4.11,,,,,,,,,,680.0,22.1,240.0,-0.009,18500.0,1.65,150.0,9.2,12.5,BASIN-UK-EF2D94,520.0,4,10,0.55,0.25,0.12,,,,,,,,,,,,,,,,,,,
FL-UK-2022-01,2022-08-19,2022-08-21T00:00:00,30.44999885559082,78.25,"Dehradun, Tehri Garhwal",Ganga Basin (Song and Bandal Rivers),cloudburst-induced flood,True,,DIRECT,HISTORICAL_DISASTER_EVENT,0.0,10.824999809265137,10.824999809265137,10.824999809265137,10.824999809265137,10.824999809265137,10.824999809265137,10.824999809265137,10.824999809265137,10.825,24.0,9.2,,,,,,,,,,680.0,22.1,240.0,-0.009,18500.0,1.65,150.0,9.2,12.5,BASIN-UK-EF2D94,520.0,4,10,0.55,0.25,0.12,,,,,,,,,,,,,,,,,,,
FL-UK-2023-01,2023-08-04,2023-08-01T00:00:00,30.44999885559082,78.94999694824219,Rudraprayag,Mandakini Basin,flash flood,True,,DERIVED,HISTORICAL_DISASTER_EVENT,0.0,0.0,0.0,0.0,0.0,0.0,0.0,0.0,0.0,0.0,0.0,0.0,,,,,,,,,,1780.0,28.9,195.0,-0.016,9200.0,2.08,85.0,7.45,15.6,BASIN-UK-67EEF1,520.0,4,10,0.68,0.12,0.03,,,,,,,,,,,,,,,,,,,
FL-UK-2023-01,2023-08-04,2023-08-01T00:00:00,30.44999885559082,79.04999542236328,Rudraprayag,Mandakini Basin,flash flood,True,,DERIVED,HISTORICAL_DISASTER_EVENT,0.0,0.0,0.0,0.0,0.0,0.0,0.0,0.0,0.0,0.0,0.0,0.0,,,,,,,,,,1780.0,28.9,195.0,-0.016,9200.0,2.08,85.0,7.45,15.6,BASIN-UK-67EEF1,520.0,4,10,0.68,0.12,0.03,,,,,,,,,,,,,,,,,,,
FL-UK-2023-01,2023-08-04,2023-08-01T00:00:00,30.44999885559082,79.1500015258789,Rudraprayag,Mandakini Basin,flash flood,True,,DERIVED,HISTORICAL_DISASTER_EVENT,0.0,0.0,0.0,0.0,0.0,0.0,0.0,0.0,0.0,0.0,0.0,0.0,,,,,,,,,,1780.0,28.9,195.0,-0.016,9200.0,2.08,85.0,7.45,15.6,BASIN-UK-67EEF1,520.0,4,10,0.68,0.12,0.03,,,,,,,,,,,,,,,,,,,
FL-UK-2023-01,2023-08-04,2023-08-01T00:00:00,30.549999237060547,78.94999694824219,Rudraprayag,Mandakini Basin,flash flood,True,,DERIVED,HISTORICAL_DISASTER_EVENT,0.0,0.0,0.0,0.0,0.0,0.0,0.0,0.0,0.0,0.0,0.0,0.0,,,,,,,,,,1780.0,28.9,195.0,-0.016,9200.0,2.08,85.0,7.45,15.6,BASIN-UK-67EEF1,520.0,4,10,0.68,0.12,0.03,,,,,,,,,,,,,,,,,,,
FL-UK-2023-01,2023-08-04,2023-08-01T00:00:00,30.549999237060547,79.04999542236328,Rudraprayag,Mandakini Basin,flash flood,True,,DERIVED,HISTORICAL_DISASTER_EVENT,0.08500000089406967,0.08500000089406967,0.08500000089406967,0.08500000089406967,0.08500000089406967,0.08500000089406967,0.08500000089406967,0.08500000089406967,0.17000000178813934,0.085,24.0,0.07,,,,,,,,,,1780.0,28.9,195.0,-0.016,9200.0,2.08,85.0,7.45,15.6,BASIN-UK-67EEF1,520.0,4,10,0.68,0.12,0.03,,,,,,,,,,,,,,,,,,,
FL-UK-2023-01,2023-08-04,2023-08-01T00:00:00,30.549999237060547,79.1500015258789,Rudraprayag,Mandakini Basin,flash flood,True,,DERIVED,HISTORICAL_DISASTER_EVENT,0.0,0.0,0.0,0.0,0.0,0.0,0.0,0.0,0.0,0.0,0.0,0.0,,,,,,,,,,1780.0,28.9,195.0,-0.016,9200.0,2.08,85.0,7.45,15.6,BASIN-UK-67EEF1,520.0,4,10,0.68,0.12,0.03,,,,,,,,,,,,,,,,,,,
FL-UK-2023-01,2023-08-04,2023-08-01T00:00:00,30.649999618530273,78.94999694824219,Rudraprayag,Mandakini Basin,flash flood,True,,DERIVED,HISTORICAL_DISASTER_EVENT,0.0,0.0,0.0,0.0,0.0,0.0,0.0,0.0,0.0,0.0,0.0,0.0,,,,,,,,,,1780.0,28.9,195.0,-0.016,9200.0,2.08,85.0,7.45,15.6,BASIN-UK-67EEF1,520.0,4,10,0.68,0.12,0.03,,,,,,,,,,,,,,,,,,,
FL-UK-2023-01,2023-08-04,2023-08-01T00:00:00,30.649999618530273,79.04999542236328,Rudraprayag,Mandakini Basin,flash flood,True,,DERIVED,HISTORICAL_DISASTER_EVENT,0.0,0.0,0.0,0.0,0.0,0.0,0.0,0.0,0.0,0.0,0.0,0.0,,,,,,,,,,1780.0,28.9,195.0,-0.016,9200.0,2.08,85.0,7.45,15.6,BASIN-UK-67EEF1,520.0,4,10,0.68,0.12,0.03,,,,,,,,,,,,,,,,,,,
FL-UK-2023-01,2023-08-04,2023-08-01T00:00:00,30.649999618530273,79.1500015258789,Rudraprayag,Mandakini Basin,flash flood,True,,DERIVED,HISTORICAL_DISASTER_EVENT,0.0,0.0,0.0,0.0,0.0,0.0,0.0,0.0,0.0,0.0,0.0,0.0,,,,,,,,,,1780.0,28.9,195.0,-0.016,9200.0,2.08,85.0,7.45,15.6,BASIN-UK-67EEF1,520.0,4,10,0.68,0.12,0.03,,,,,,,,,,,,,,,,,,,
FL-UK-2023-01,2023-08-04,2023-08-02T00:00:00,30.44999885559082,78.94999694824219,Rudraprayag,Mandakini Basin,flash flood,True,,DERIVED,HISTORICAL_DISASTER_EVENT,0.0,0.0,0.0,0.0,0.0,0.0,0.0,0.0,0.0,0.0,0.0,0.0,,,,,,,,,,1780.0,28.9,195.0,-0.016,9200.0,2.08,85.0,7.45,15.6,BASIN-UK-67EEF1,520.0,4,10,0.68,0.12,0.03,,,,,,,,,,,,,,,,,,,
FL-UK-2023-01,2023-08-04,2023-08-02T00:00:00,30.44999885559082,79.04999542236328,Rudraprayag,Mandakini Basin,flash flood,True,,DERIVED,HISTORICAL_DISASTER_EVENT,0.4949999749660492,0.4949999749660492,0.4949999749660492,0.4949999749660492,0.4949999749660492,0.4949999749660492,0.4949999749660492,0.4949999749660492,0.9899999499320984,0.495,24.0,0.42,,,,,,,,,,1780.0,28.9,195.0,-0.016,9200.0,2.08,85.0,7.45,15.6,BASIN-UK-67EEF1,520.0,4,10,0.68,0.12,0.03,,,,,,,,,,,,,,,,,,,
FL-UK-2023-01,2023-08-04,2023-08-02T00:00:00,30.44999885559082,79.1500015258789,Rudraprayag,Mandakini Basin,flash flood,True,,DERIVED,HISTORICAL_DISASTER_EVENT,0.42499998211860657,0.42499998211860657,0.42499998211860657,0.42499998211860657,0.42499998211860657,0.42499998211860657,0.42499998211860657,0.42499998211860657,0.8499999642372131,0.425,24.0,0.36,,,,,,,,,,1780.0,28.9,195.0,-0.016,9200.0,2.08,85.0,7.45,15.6,BASIN-UK-67EEF1,520.0,4,10,0.68,0.12,0.03,,,,,,,,,,,,,,,,,,,
FL-UK-2023-01,2023-08-04,2023-08-02T00:00:00,30.549999237060547,78.94999694824219,Rudraprayag,Mandakini Basin,flash flood,True,,DERIVED,HISTORICAL_DISASTER_EVENT,0.044999998062849045,0.044999998062849045,0.044999998062849045,0.044999998062849045,0.044999998062849045,0.044999998062849045,0.044999998062849045,0.044999998062849045,0.08999999612569809,0.045,24.0,0.04,,,,,,,,,,1780.0,28.9,195.0,-0.016,9200.0,2.08,85.0,7.45,15.6,BASIN-UK-67EEF1,520.0,4,10,0.68,0.12,0.03,,,,,,,,,,,,,,,,,,,
FL-UK-2023-01,2023-08-04,2023-08-02T00:00:00,30.549999237060547,79.04999542236328,Rudraprayag,Mandakini Basin,flash flood,True,,DERIVED,HISTORICAL_DISASTER_EVENT,0.044999998062849045,0.12999999895691872,0.12999999895691872,0.12999999895691872,0.12999999895691872,0.12999999895691872,0.12999999895691872,0.12999999895691872,0.12999999895691872,0.13,24.0,0.11,,,,,,,,,,1780.0,28.9,195.0,-0.016,9200.0,2.08,85.0,7.45,15.6,BASIN-UK-67EEF1,520.0,4,10,0.68,0.12,0.03,,,,,,,,,,,,,,,,,,,
FL-UK-2023-01,2023-08-04,2023-08-02T00:00:00,30.549999237060547,79.1500015258789,Rudraprayag,Mandakini Basin,flash flood,True,,DERIVED,HISTORICAL_DISASTER_EVENT,0.0,0.0,0.0,0.0,0.0,0.0,0.0,0.0,0.0,0.0,0.0,0.0,,,,,,,,,,1780.0,28.9,195.0,-0.016,9200.0,2.08,85.0,7.45,15.6,BASIN-UK-67EEF1,520.0,4,10,0.68,0.12,0.03,,,,,,,,,,,,,,,,,,,
FL-UK-2023-01,2023-08-04,2023-08-02T00:00:00,30.649999618530273,78.94999694824219,Rudraprayag,Mandakini Basin,flash flood,True,,DERIVED,HISTORICAL_DISASTER_EVENT,0.22499999403953552,0.22499999403953552,0.22499999403953552,0.22499999403953552,0.22499999403953552,0.22499999403953552,0.22499999403953552,0.22499999403953552,0.44999998807907104,0.225,24.0,0.19,,,,,,,,,,1780.0,28.9,195.0,-0.016,9200.0,2.08,85.0,7.45,15.6,BASIN-UK-67EEF1,520.0,4,10,0.68,0.12,0.03,,,,,,,,,,,,,,,,,,,
FL-UK-2023-01,2023-08-04,2023-08-02T00:00:00,30.649999618530273,79.04999542236328,Rudraprayag,Mandakini Basin,flash flood,True,,DERIVED,HISTORICAL_DISASTER_EVENT,0.23499999940395355,0.23499999940395355,0.23499999940395355,0.23499999940395355,0.23499999940395355,0.23499999940395355,0.23499999940395355,0.23499999940395355,0.4699999988079071,0.235,24.0,0.2,,,,,,,,,,1780.0,28.9,195.0,-0.016,9200.0,2.08,85.0,7.45,15.6,BASIN-UK-67EEF1,520.0,4,10,0.68,0.12,0.03,,,,,,,,,,,,,,,,,,,
FL-UK-2023-01,2023-08-04,2023-08-02T00:00:00,30.649999618530273,79.1500015258789,Rudraprayag,Mandakini Basin,flash flood,True,,DERIVED,HISTORICAL_DISASTER_EVENT,0.3799999952316284,0.3799999952316284,0.3799999952316284,0.3799999952316284,0.3799999952316284,0.3799999952316284,0.3799999952316284,0.3799999952316284,0.7599999904632568,0.38,24.0,0.32,,,,,,,,,,1780.0,28.9,195.0,-0.016,9200.0,2.08,85.0,7.45,15.6,BASIN-UK-67EEF1,520.0,4,10,0.68,0.12,0.03,,,,,,,,,,,,,,,,,,,
FL-UK-2023-01,2023-08-04,2023-08-03T00:00:00,30.44999885559082,78.94999694824219,Rudraprayag,Mandakini Basin,flash flood,True,,DERIVED,HISTORICAL_DISASTER_EVENT,0.10499999672174454,0.10499999672174454,0.10499999672174454,0.10499999672174454,0.10499999672174454,0.10499999672174454,0.10499999672174454,0.10499999672174454,0.20999999344348907,0.105,24.0,0.09,,,,,,,,,,1780.0,28.9,195.0,-0.016,9200.0,2.08,85.0,7.45,15.6,BASIN-UK-67EEF1,520.0,4,10,0.68,0.12,0.03,,,,,,,,,,,,,,,,,,,
FL-UK-2023-01,2023-08-04,2023-08-03T00:00:00,30.44999885559082,79.04999542236328,Rudraprayag,Mandakini Basin,flash flood,True,,DERIVED,HISTORICAL_DISASTER_EVENT,0.0949999988079071,0.5899999737739563,0.5899999737739563,0.5899999737739563,0.5899999737739563,0.5899999737739563,0.5899999737739563,0.5899999737739563,0.5899999737739563,0.59,24.0,0.5,,,,,,,,,,1780.0,28.9,195.0,-0.016,9200.0,2.08,85.0,7.45,15.6,BASIN-UK-67EEF1,520.0,4,10,0.68,0.12,0.03,,,,,,,,,,,,,,,,,,,
FL-UK-2023-01,2023-08-04,2023-08-03T00:00:00,30.44999885559082,79.1500015258789,Rudraprayag,Mandakini Basin,flash flood,True,,DERIVED,HISTORICAL_DISASTER_EVENT,0.0,0.42499998211860657,0.42499998211860657,0.42499998211860657,0.42499998211860657,0.42499998211860657,0.42499998211860657,0.42499998211860657,0.42499998211860657,0.425,24.0,0.36,,,,,,,,,,1780.0,28.9,195.0,-0.016,9200.0,2.08,85.0,7.45,15.6,BASIN-UK-67EEF1,520.0,4,10,0.68,0.12,0.03,,,,,,,,,,,,,,,,,,,
FL-UK-2023-01,2023-08-04,2023-08-03T00:00:00,30.549999237060547,78.94999694824219,Rudraprayag,Mandakini Basin,flash flood,True,,DERIVED,HISTORICAL_DISASTER_EVENT,0.0,0.044999998062849045,0.044999998062849045,0.044999998062849045,0.044999998062849045,0.044999998062849045,0.044999998062849045,0.044999998062849045,0.044999998062849045,0.045,24.0,0.04,,,,,,,,,,1780.0,28.9,195.0,-0.016,9200.0,2.08,85.0,7.45,15.6,BASIN-UK-67EEF1,520.0,4,10,0.68,0.12,0.03,,,,,,,,,,,,,,,,,,,
FL-UK-2023-01,2023-08-04,2023-08-03T00:00:00,30.549999237060547,79.04999542236328,Rudraprayag,Mandakini Basin,flash flood,True,,DERIVED,HISTORICAL_DISASTER_EVENT,0.0,0.044999998062849045,0.12999999895691872,0.12999999895691872,0.12999999895691872,0.12999999895691872,0.12999999895691872,0.12999999895691872,0.044999998062849045,0.13,8.308,0.11,,,,,,,,,,1780.0,28.9,195.0,-0.016,9200.0,2.08,85.0,7.45,15.6,BASIN-UK-67EEF1,520.0,4,10,0.68,0.12,0.03,,,,,,,,,,,,,,,,,,,
FL-UK-2023-01,2023-08-04,2023-08-03T00:00:00,30.549999237060547,79.1500015258789,Rudraprayag,Mandakini Basin,flash flood,True,,DERIVED,HISTORICAL_DISASTER_EVENT,0.0,0.0,0.0,0.0,0.0,0.0,0.0,0.0,0.0,0.0,0.0,0.0,,,,,,,,,,1780.0,28.9,195.0,-0.016,9200.0,2.08,85.0,7.45,15.6,BASIN-UK-67EEF1,520.0,4,10,0.68,0.12,0.03,,,,,,,,,,,,,,,,,,,
FL-UK-2023-01,2023-08-04,2023-08-03T00:00:00,30.649999618530273,78.94999694824219,Rudraprayag,Mandakini Basin,flash flood,True,,DERIVED,HISTORICAL_DISASTER_EVENT,0.0,0.22499999403953552,0.22499999403953552,0.22499999403953552,0.22499999403953552,0.22499999403953552,0.22499999403953552,0.22499999403953552,0.22499999403953552,0.225,24.0,0.19,,,,,,,,,,1780.0,28.9,195.0,-0.016,9200.0,2.08,85.0,7.45,15.6,BASIN-UK-67EEF1,520.0,4,10,0.68,0.12,0.03,,,,,,,,,,,,,,,,,,,
FL-UK-2023-01,2023-08-04,2023-08-03T00:00:00,30.649999618530273,79.04999542236328,Rudraprayag,Mandakini Basin,flash flood,True,,DERIVED,HISTORICAL_DISASTER_EVENT,0.11999999731779099,0.35499999672174454,0.35499999672174454,0.35499999672174454,0.35499999672174454,0.35499999672174454,0.35499999672174454,0.35499999672174454,0.35499999672174454,0.355,24.0,0.3,,,,,,,,,,1780.0,28.9,195.0,-0.016,9200.0,2.08,85.0,7.45,15.6,BASIN-UK-67EEF1,520.0,4,10,0.68,0.12,0.03,,,,,,,,,,,,,,,,,,,
FL-UK-2023-01,2023-08-04,2023-08-03T00:00:00,30.649999618530273,79.1500015258789,Rudraprayag,Mandakini Basin,flash flood,True,,DERIVED,HISTORICAL_DISASTER_EVENT,0.3149999976158142,0.6949999928474426,0.6949999928474426,0.6949999928474426,0.6949999928474426,0.6949999928474426,0.6949999928474426,0.6949999928474426,0.6949999928474426,0.695,24.0,0.59,,,,,,,,,,1780.0,28.9,195.0,-0.016,9200.0,2.08,85.0,7.45,15.6,BASIN-UK-67EEF1,520.0,4,10,0.68,0.12,0.03,,,,,,,,,,,,,,,,,,,
FL-UK-2023-01,2023-08-04,2023-08-04T00:00:00,30.44999885559082,78.94999694824219,Rudraprayag,Mandakini Basin,flash flood,True,,DERIVED,HISTORICAL_DISASTER_EVENT,2.0149998664855957,2.1199998632073402,2.1199998632073402,2.1199998632073402,2.1199998632073402,2.1199998632073402,2.1199998632073402,2.1199998632073402,4.029999732971191,2.12,24.0,1.8,,,,,,,,,,1780.0,28.9,195.0,-0.016,9200.0,2.08,85.0,7.45,15.6,BASIN-UK-67EEF1,520.0,4,10,0.68,0.12,0.03,,,,,,,,,,,,,,,,,,,
FL-UK-2023-01,2023-08-04,2023-08-04T00:00:00,30.44999885559082,79.04999542236328,Rudraprayag,Mandakini Basin,flash flood,True,,DERIVED,HISTORICAL_DISASTER_EVENT,2.875,2.969999998807907,3.4649999737739563,3.4649999737739563,3.4649999737739563,3.4649999737739563,3.4649999737739563,3.4649999737739563,5.75,3.465,20.571,2.95,,,,,,,,,,1780.0,28.9,195.0,-0.016,9200.0,2.08,85.0,7.45,15.6,BASIN-UK-67EEF1,520.0,4,10,0.68,0.12,0.03,,,,,,,,,,,,,,,,,,,
FL-UK-2023-01,2023-08-04,2023-08-04T00:00:00,30.44999885559082,79.1500015258789,Rudraprayag,Mandakini Basin,flash flood,True,,DERIVED,HISTORICAL_DISASTER_EVENT,3.049999952316284,3.049999952316284,3.4749999344348907,3.4749999344348907,3.4749999344348907,3.4749999344348907,3.4749999344348907,3.4749999344348907,6.099999904632568,3.475,21.065,2.95,,,,,,,,,,1780.0,28.9,195.0,-0.016,9200.0,2.08,85.0,7.45,15.6,BASIN-UK-67EEF1,520.0,4,10,0.68,0.12,0.03,,,,,,,,,,,,,,,,,,,
FL-UK-2023-01,2023-08-04,2023-08-04T00:00:00,30.549999237060547,78.94999694824219,Rudraprayag,Mandakini Basin,flash flood,True,,DERIVED,HISTORICAL_DISASTER_EVENT,4.734999656677246,4.734999656677246,4.779999654740095,4.779999654740095,4.779999654740095,4.779999654740095,4.779999654740095,4.779999654740095,9.469999313354492,4.78,23.774,4.06,,,,,,,,,,1780.0,28.9,195.0,-0.016,9200.0,2.08,85.0,7.45,15.6,BASIN-UK-67EEF1,520.0,4,10,0.68,0.12,0.03,,,,,,,,,,,,,,,,,,,
FL-UK-2023-01,2023-08-04,2023-08-04T00:00:00,30.549999237060547,79.04999542236328,Rudraprayag,Mandakini Basin,flash flood,True,,DERIVED,HISTORICAL_DISASTER_EVENT,4.884999752044678,4.884999752044678,5.0149997510015965,5.0149997510015965,5.0149997510015965,5.0149997510015965,5.0149997510015965,5.0149997510015965,9.769999504089355,5.015,23.378,4.26,,,,,,,,,,1780.0,28.9,195.0,-0.016,9200.0,2.08,85.0,7.45,15.6,BASIN-UK-67EEF1,520.0,4,10,0.68,0.12,0.03,,,,,,,,,,,,,,,,,,,
FL-UK-2023-01,2023-08-04,2023-08-04T00:00:00,30.549999237060547,79.1500015258789,Rudraprayag,Mandakini Basin,flash flood,True,,DERIVED,HISTORICAL_DISASTER_EVENT,1.9749999046325684,1.9749999046325684,1.9749999046325684,1.9749999046325684,1.9749999046325684,1.9749999046325684,1.9749999046325684,1.9749999046325684,3.9499998092651367,1.975,24.0,1.68,,,,,,,,,,1780.0,28.9,195.0,-0.016,9200.0,2.08,85.0,7.45,15.6,BASIN-UK-67EEF1,520.0,4,10,0.68,0.12,0.03,,,,,,,,,,,,,,,,,,,
FL-UK-2023-01,2023-08-04,2023-08-04T00:00:00,30.649999618530273,78.94999694824219,Rudraprayag,Mandakini Basin,flash flood,True,,DERIVED,HISTORICAL_DISASTER_EVENT,1.1200000047683716,1.1200000047683716,1.344999998807907,1.344999998807907,1.344999998807907,1.344999998807907,1.344999998807907,1.344999998807907,2.240000009536743,1.345,19.985,1.14,,,,,,,,,,1780.0,28.9,195.0,-0.016,9200.0,2.08,85.0,7.45,15.6,BASIN-UK-67EEF1,520.0,4,10,0.68,0.12,0.03,,,,,,,,,,,,,,,,,,,
FL-UK-2023-01,2023-08-04,2023-08-04T00:00:00,30.649999618530273,79.04999542236328,Rudraprayag,Mandakini Basin,flash flood,True,,DERIVED,HISTORICAL_DISASTER_EVENT,1.4149999618530273,1.5349999591708183,1.7699999585747719,1.7699999585747719,1.7699999585747719,1.7699999585747719,1.7699999585747719,1.7699999585747719,2.8299999237060547,1.77,20.814,1.5,,,,,,,,,,1780.0,28.9,195.0,-0.016,9200.0,2.08,85.0,7.45,15.6,BASIN-UK-67EEF1,520.0,4,10,0.68,0.12,0.03,,,,,,,,,,,,,,,,,,,
FL-UK-2023-01,2023-08-04,2023-08-04T00:00:00,30.649999618530273,79.1500015258789,Rudraprayag,Mandakini Basin,flash flood,True,,DERIVED,HISTORICAL_DISASTER_EVENT,0.22499999403953552,0.5399999916553497,0.9199999868869781,0.9199999868869781,0.9199999868869781,0.9199999868869781,0.9199999868869781,0.9199999868869781,0.5399999916553497,0.92,14.087,0.78,,,,,,,,,,1780.0,28.9,195.0,-0.016,9200.0,2.08,85.0,7.45,15.6,BASIN-UK-67EEF1,520.0,4,10,0.68,0.12,0.03,,,,,,,,,,,,,,,,,,,
FL-UK-2023-01,2023-08-04,2023-08-05T00:00:00,30.44999885559082,78.94999694824219,Rudraprayag,Mandakini Basin,flash flood,True,,DERIVED,HISTORICAL_DISASTER_EVENT,0.0,2.0149998664855957,2.1199998632073402,2.1199998632073402,2.1199998632073402,2.1199998632073402,2.1199998632073402,2.1199998632073402,2.0149998664855957,2.12,22.811,1.8,,,,,,,,,,1780.0,28.9,195.0,-0.016,9200.0,2.08,85.0,7.45,15.6,BASIN-UK-67EEF1,520.0,4,10,0.68,0.12,0.03,,,,,,,,,,,,,,,,,,,
FL-UK-2023-01,2023-08-04,2023-08-05T00:00:00,30.44999885559082,79.04999542236328,Rudraprayag,Mandakini Basin,flash flood,True,,DERIVED,HISTORICAL_DISASTER_EVENT,0.07000000029802322,2.9450000002980232,3.5349999740719795,3.5349999740719795,3.5349999740719795,3.5349999740719795,3.5349999740719795,3.5349999740719795,2.9450000002980232,3.535,19.994,3.0,,,,,,,,,,1780.0,28.9,195.0,-0.016,9200.0,2.08,85.0,7.45,15.6,BASIN-UK-67EEF1,520.0,4,10,0.68,0.12,0.03,,,,,,,,,,,,,,,,,,,
FL-UK-2023-01,2023-08-04,2023-08-05T00:00:00,30.44999885559082,79.1500015258789,Rudraprayag,Mandakini Basin,flash flood,True,,DERIVED,HISTORICAL_DISASTER_EVENT,0.07000000029802322,3.1199999526143074,3.544999934732914,3.544999934732914,3.544999934732914,3.544999934732914,3.544999934732914,3.544999934732914,3.1199999526143074,3.545,21.123,3.01,,,,,,,,,,1780.0,28.9,195.0,-0.016,9200.0,2.08,85.0,7.45,15.6,BASIN-UK-67EEF1,520.0,4,10,0.68,0.12,0.03,,,,,,,,,,,,,,,,,,,
FL-UK-2023-01,2023-08-04,2023-08-05T00:00:00,30.549999237060547,78.94999694824219,Rudraprayag,Mandakini Basin,flash flood,True,,DERIVED,HISTORICAL_DISASTER_EVENT,0.0,4.734999656677246,4.779999654740095,4.779999654740095,4.779999654740095,4.779999654740095,4.779999654740095,4.779999654740095,4.734999656677246,4.78,23.774,4.06,,,,,,,,,,1780.0,28.9,195.0,-0.016,9200.0,2.08,85.0,7.45,15.6,BASIN-UK-67EEF1,520.0,4,10,0.68,0.12,0.03,,,,,,,,,,,,,,,,,,,
FL-UK-2023-01,2023-08-04,2023-08-05T00:00:00,30.549999237060547,79.04999542236328,Rudraprayag,Mandakini Basin,flash flood,True,,DERIVED,HISTORICAL_DISASTER_EVENT,0.0,4.884999752044678,5.0149997510015965,5.0149997510015965,5.0149997510015965,5.0149997510015965,5.0149997510015965,5.0149997510015965,4.884999752044678,5.015,23.378,4.26,,,,,,,,,,1780.0,28.9,195.0,-0.016,9200.0,2.08,85.0,7.45,15.6,BASIN-UK-67EEF1,520.0,4,10,0.68,0.12,0.03,,,,,,,,,,,,,,,,,,,
FL-UK-2023-01,2023-08-04,2023-08-05T00:00:00,30.549999237060547,79.1500015258789,Rudraprayag,Mandakini Basin,flash flood,True,,DERIVED,HISTORICAL_DISASTER_EVENT,0.0,1.9749999046325684,1.9749999046325684,1.9749999046325684,1.9749999046325684,1.9749999046325684,1.9749999046325684,1.9749999046325684,1.9749999046325684,1.975,24.0,1.68,,,,,,,,,,1780.0,28.9,195.0,-0.016,9200.0,2.08,85.0,7.45,15.6,BASIN-UK-67EEF1,520.0,4,10,0.68,0.12,0.03,,,,,,,,,,,,,,,,,,,
FL-UK-2023-01,2023-08-04,2023-08-05T00:00:00,30.649999618530273,78.94999694824219,Rudraprayag,Mandakini Basin,flash flood,True,,DERIVED,HISTORICAL_DISASTER_EVENT,0.0,1.1200000047683716,1.344999998807907,1.344999998807907,1.344999998807907,1.344999998807907,1.344999998807907,1.344999998807907,1.1200000047683716,1.345,19.985,1.14,,,,,,,,,,1780.0,28.9,195.0,-0.016,9200.0,2.08,85.0,7.45,15.6,BASIN-UK-67EEF1,520.0,4,10,0.68,0.12,0.03,,,,,,,,,,,,,,,,,,,
FL-UK-2023-01,2023-08-04,2023-08-05T00:00:00,30.649999618530273,79.04999542236328,Rudraprayag,Mandakini Basin,flash flood,True,,DERIVED,HISTORICAL_DISASTER_EVENT,0.0,1.4149999618530273,1.7699999585747719,1.7699999585747719,1.7699999585747719,1.7699999585747719,1.7699999585747719,1.7699999585747719,1.4149999618530273,1.77,19.186,1.5,,,,,,,,,,1780.0,28.9,195.0,-0.016,9200.0,2.08,85.0,7.45,15.6,BASIN-UK-67EEF1,520.0,4,10,0.68,0.12,0.03,,,,,,,,,,,,,,,,,,,
FL-UK-2023-01,2023-08-04,2023-08-05T00:00:00,30.649999618530273,79.1500015258789,Rudraprayag,Mandakini Basin,flash flood,True,,DERIVED,HISTORICAL_DISASTER_EVENT,0.11999999731779099,0.3449999913573265,1.0399999842047691,1.0399999842047691,1.0399999842047691,1.0399999842047691,1.0399999842047691,1.0399999842047691,0.3449999913573265,1.04,7.962,0.88,,,,,,,,,,1780.0,28.9,195.0,-0.016,9200.0,2.08,85.0,7.45,15.6,BASIN-UK-67EEF1,520.0,4,10,0.68,0.12,0.03,,,,,,,,,,,,,,,,,,,
FL-UK-2023-01,2023-08-04,2023-08-06T00:00:00,30.44999885559082,78.94999694824219,Rudraprayag,Mandakini Basin,flash flood,True,,DERIVED,HISTORICAL_DISASTER_EVENT,0.6299999952316284,0.6299999952316284,2.7499998584389687,2.7499998584389687,2.7499998584389687,2.7499998584389687,2.7499998584389687,2.7499998584389687,1.2599999904632568,2.75,5.498,2.34,,,,,,,,,,1780.0,28.9,195.0,-0.016,9200.0,2.08,85.0,7.45,15.6,BASIN-UK-67EEF1,520.0,4,10,0.68,0.12,0.03,,,,,,,,,,,,,,,,,,,
FL-UK-2023-01,2023-08-04,2023-08-06T00:00:00,30.44999885559082,79.04999542236328,Rudraprayag,Mandakini Basin,flash flood,True,,DERIVED,HISTORICAL_DISASTER_EVENT,0.5550000071525574,0.6250000074505806,4.089999981224537,4.089999981224537,4.089999981224537,4.089999981224537,4.089999981224537,4.089999981224537,1.1100000143051147,4.09,3.667,3.48,,,,,,,,,,1780.0,28.9,195.0,-0.016,9200.0,2.08,85.0,7.45,15.6,BASIN-UK-67EEF1,520.0,4,10,0.68,0.12,0.03,,,,,,,,,,,,,,,,,,,
FL-UK-2023-01,2023-08-04,2023-08-06T00:00:00,30.44999885559082,79.1500015258789,Rudraprayag,Mandakini Basin,flash flood,True,,DERIVED,HISTORICAL_DISASTER_EVENT,0.6200000047683716,0.6900000050663948,4.1649999395012856,4.1649999395012856,4.1649999395012856,4.1649999395012856,4.1649999395012856,4.1649999395012856,1.2400000095367432,4.165,3.976,3.54,,,,,,,,,,1780.0,28.9,195.0,-0.016,9200.0,2.08,85.0,7.45,15.6,BASIN-UK-67EEF1,520.0,4,10,0.68,0.12,0.03,,,,,,,,,,,,,,,,,,,
FL-UK-2023-01,2023-08-04,2023-08-06T00:00:00,30.549999237060547,78.94999694824219,Rudraprayag,Mandakini Basin,flash flood,True,,DERIVED,HISTORICAL_DISASTER_EVENT,0.47999998927116394,0.47999998927116394,5.259999644011259,5.259999644011259,5.259999644011259,5.259999644011259,5.259999644011259,5.259999644011259,0.9599999785423279,5.26,2.19,4.47,,,,,,,,,,1780.0,28.9,195.0,-0.016,9200.0,2.08,85.0,7.45,15.6,BASIN-UK-67EEF1,520.0,4,10,0.68,0.12,0.03,,,,,,,,,,,,,,,,,,,
FL-UK-2023-01,2023-08-04,2023-08-06T00:00:00,30.549999237060547,79.04999542236328,Rudraprayag,Mandakini Basin,flash flood,True,,DERIVED,HISTORICAL_DISASTER_EVENT,0.3400000035762787,0.3400000035762787,5.354999754577875,5.354999754577875,5.354999754577875,5.354999754577875,5.354999754577875,5.354999754577875,0.6800000071525574,5.355,1.524,4.55,,,,,,,,,,1780.0,28.9,195.0,-0.016,9200.0,2.08,85.0,7.45,15.6,BASIN-UK-67EEF1,520.0,4,10,0.68,0.12,0.03,,,,,,,,,,,,,,,,,,,
FL-UK-2023-01,2023-08-04,2023-08-06T00:00:00,30.549999237060547,79.1500015258789,Rudraprayag,Mandakini Basin,flash flood,True,,DERIVED,HISTORICAL_DISASTER_EVENT,0.23499999940395355,0.23499999940395355,2.209999904036522,2.209999904036522,2.209999904036522,2.209999904036522,2.209999904036522,2.209999904036522,0.4699999988079071,2.21,2.552,1.88,,,,,,,,,,1780.0,28.9,195.0,-0.016,9200.0,2.08,85.0,7.45,15.6,BASIN-UK-67EEF1,520.0,4,10,0.68,0.12,0.03,,,,,,,,,,,,,,,,,,,
FL-UK-2023-01,2023-08-04,2023-08-06T00:00:00,30.649999618530273,78.94999694824219,Rudraprayag,Mandakini Basin,flash flood,True,,DERIVED,HISTORICAL_DISASTER_EVENT,0.39499998092651367,0.39499998092651367,1.7399999797344208,1.7399999797344208,1.7399999797344208,1.7399999797344208,1.7399999797344208,1.7399999797344208,0.7899999618530273,1.74,5.448,1.48,,,,,,,,,,1780.0,28.9,195.0,-0.016,9200.0,2.08,85.0,7.45,15.6,BASIN-UK-67EEF1,520.0,4,10,0.68,0.12,0.03,,,,,,,,,,,,,,,,,,,
FL-UK-2023-01,2023-08-04,2023-08-06T00:00:00,30.649999618530273,79.04999542236328,Rudraprayag,Mandakini Basin,flash flood,True,,DERIVED,HISTORICAL_DISASTER_EVENT,3.2300000190734863,3.2300000190734863,4.999999977648258,4.999999977648258,4.999999977648258,4.999999977648258,4.999999977648258,4.999999977648258,6.460000038146973,5.0,15.504,4.25,,,,,,,,,,1780.0,28.9,195.0,-0.016,9200.0,2.08,85.0,7.45,15.6,BASIN-UK-67EEF1,520.0,4,10,0.68,0.12,0.03,,,,,,,,,,,,,,,,,,,
FL-UK-2023-01,2023-08-04,2023-08-06T00:00:00,30.649999618530273,79.1500015258789,Rudraprayag,Mandakini Basin,flash flood,True,,DERIVED,HISTORICAL_DISASTER_EVENT,1.0499999523162842,1.1699999496340752,2.0899999365210533,2.0899999365210533,2.0899999365210533,2.0899999365210533,2.0899999365210533,2.0899999365210533,2.0999999046325684,2.09,13.435,1.78,,,,,,,,,,1780.0,28.9,195.0,-0.016,9200.0,2.08,85.0,7.45,15.6,BASIN-UK-67EEF1,520.0,4,10,0.68,0.12,0.03,,,,,,,,,,,,,,,,,,,
FL-UK-2023-02,2023-08-14,2023-08-11T00:00:00,29.649999618530273,78.44999694824219,Pauri Garhwal,Western Ramganga Basin (Khoh & Malini Rivers),flash flood,True,,DERIVED,HISTORICAL_DISASTER_EVENT,1.2450000047683716,1.2450000047683716,1.2450000047683716,1.2450000047683716,1.2450000047683716,1.2450000047683716,1.2450000047683716,1.2450000047683716,2.490000009536743,1.245,24.0,1.06,,,,,,,,,,840.0,23.5,215.0,-0.01,16800.0,1.7,140.0,8.95,13.1,BASIN-UK-6F3599,520.0,4,10,0.58,0.28,0.08,,,,,,,,,,,,,,,,,,,
FL-UK-2023-02,2023-08-14,2023-08-11T00:00:00,29.649999618530273,78.54999542236328,Pauri Garhwal,Western Ramganga Basin (Khoh & Malini Rivers),flash flood,True,,DERIVED,HISTORICAL_DISASTER_EVENT,0.9599999785423279,0.9599999785423279,0.9599999785423279,0.9599999785423279,0.9599999785423279,0.9599999785423279,0.9599999785423279,0.9599999785423279,1.9199999570846558,0.96,24.0,0.82,,,,,,,,,,840.0,23.5,215.0,-0.01,16800.0,1.7,140.0,8.95,13.1,BASIN-UK-6F3599,520.0,4,10,0.58,0.28,0.08,,,,,,,,,,,,,,,,,,,
FL-UK-2023-02,2023-08-14,2023-08-11T00:00:00,29.649999618530273,78.6500015258789,Pauri Garhwal,Western Ramganga Basin (Khoh & Malini Rivers),flash flood,True,,DERIVED,HISTORICAL_DISASTER_EVENT,2.0,2.0,2.0,2.0,2.0,2.0,2.0,2.0,4.0,2.0,24.0,1.7,,,,,,,,,,840.0,23.5,215.0,-0.01,16800.0,1.7,140.0,8.95,13.1,BASIN-UK-6F3599,520.0,4,10,0.58,0.28,0.08,,,,,,,,,,,,,,,,,,,
FL-UK-2023-02,2023-08-14,2023-08-11T00:00:00,29.75,78.44999694824219,Pauri Garhwal,Western Ramganga Basin (Khoh & Malini Rivers),flash flood,True,,DERIVED,HISTORICAL_DISASTER_EVENT,0.5999999642372131,0.5999999642372131,0.5999999642372131,0.5999999642372131,0.5999999642372131,0.5999999642372131,0.5999999642372131,0.5999999642372131,1.1999999284744263,0.6,24.0,0.51,,,,,,,,,,840.0,23.5,215.0,-0.01,16800.0,1.7,140.0,8.95,13.1,BASIN-UK-6F3599,520.0,4,10,0.58,0.28,0.08,,,,,,,,,,,,,,,,,,,
FL-UK-2023-02,2023-08-14,2023-08-11T00:00:00,29.75,78.54999542236328,Pauri Garhwal,Western Ramganga Basin (Khoh & Malini Rivers),flash flood,True,,DERIVED,HISTORICAL_DISASTER_EVENT,0.85999995470047,0.85999995470047,0.85999995470047,0.85999995470047,0.85999995470047,0.85999995470047,0.85999995470047,0.85999995470047,1.71999990940094,0.86,24.0,0.73,,,,,,,,,,840.0,23.5,215.0,-0.01,16800.0,1.7,140.0,8.95,13.1,BASIN-UK-6F3599,520.0,4,10,0.58,0.28,0.08,,,,,,,,,,,,,,,,,,,
FL-UK-2023-02,2023-08-14,2023-08-11T00:00:00,29.75,78.6500015258789,Pauri Garhwal,Western Ramganga Basin (Khoh & Malini Rivers),flash flood,True,,DERIVED,HISTORICAL_DISASTER_EVENT,2.129999876022339,2.129999876022339,2.129999876022339,2.129999876022339,2.129999876022339,2.129999876022339,2.129999876022339,2.129999876022339,4.259999752044678,2.13,24.0,1.81,,,,,,,,,,840.0,23.5,215.0,-0.01,16800.0,1.7,140.0,8.95,13.1,BASIN-UK-6F3599,520.0,4,10,0.58,0.28,0.08,,,,,,,,,,,,,,,,,,,
FL-UK-2023-02,2023-08-14,2023-08-11T00:00:00,29.849998474121094,78.44999694824219,Pauri Garhwal,Western Ramganga Basin (Khoh & Malini Rivers),flash flood,True,,DERIVED,HISTORICAL_DISASTER_EVENT,0.3999999761581421,0.3999999761581421,0.3999999761581421,0.3999999761581421,0.3999999761581421,0.3999999761581421,0.3999999761581421,0.3999999761581421,0.7999999523162842,0.4,24.0,0.34,,,,,,,,,,840.0,23.5,215.0,-0.01,16800.0,1.7,140.0,8.95,13.1,BASIN-UK-6F3599,520.0,4,10,0.58,0.28,0.08,,,,,,,,,,,,,,,,,,,
FL-UK-2023-02,2023-08-14,2023-08-11T00:00:00,29.849998474121094,78.54999542236328,Pauri Garhwal,Western Ramganga Basin (Khoh & Malini Rivers),flash flood,True,,DERIVED,HISTORICAL_DISASTER_EVENT,1.024999976158142,1.024999976158142,1.024999976158142,1.024999976158142,1.024999976158142,1.024999976158142,1.024999976158142,1.024999976158142,2.049999952316284,1.025,24.0,0.87,,,,,,,,,,840.0,23.5,215.0,-0.01,16800.0,1.7,140.0,8.95,13.1,BASIN-UK-6F3599,520.0,4,10,0.58,0.28,0.08,,,,,,,,,,,,,,,,,,,
FL-UK-2023-02,2023-08-14,2023-08-11T00:00:00,29.849998474121094,78.6500015258789,Pauri Garhwal,Western Ramganga Basin (Khoh & Malini Rivers),flash flood,True,,DERIVED,HISTORICAL_DISASTER_EVENT,1.71999990940094,1.71999990940094,1.71999990940094,1.71999990940094,1.71999990940094,1.71999990940094,1.71999990940094,1.71999990940094,3.43999981880188,1.72,24.0,1.46,,,,,,,,,,840.0,23.5,215.0,-0.01,16800.0,1.7,140.0,8.95,13.1,BASIN-UK-6F3599,520.0,4,10,0.58,0.28,0.08,,,,,,,,,,,,,,,,,,,
FL-UK-2023-02,2023-08-14,2023-08-12T00:00:00,29.649999618530273,78.44999694824219,Pauri Garhwal,Western Ramganga Basin (Khoh & Malini Rivers),flash flood,True,,DERIVED,HISTORICAL_DISASTER_EVENT,0.3050000071525574,1.550000011920929,1.550000011920929,1.550000011920929,1.550000011920929,1.550000011920929,1.550000011920929,1.550000011920929,1.550000011920929,1.55,24.0,1.32,,,,,,,,,,840.0,23.5,215.0,-0.01,16800.0,1.7,140.0,8.95,13.1,BASIN-UK-6F3599,520.0,4,10,0.58,0.28,0.08,,,,,,,,,,,,,,,,,,,
FL-UK-2023-02,2023-08-14,2023-08-12T00:00:00,29.649999618530273,78.54999542236328,Pauri Garhwal,Western Ramganga Basin (Khoh & Malini Rivers),flash flood,True,,DERIVED,HISTORICAL_DISASTER_EVENT,0.1850000023841858,1.1449999809265137,1.1449999809265137,1.1449999809265137,1.1449999809265137,1.1449999809265137,1.1449999809265137,1.1449999809265137,1.1449999809265137,1.145,24.0,0.97,,,,,,,,,,840.0,23.5,215.0,-0.01,16800.0,1.7,140.0,8.95,13.1,BASIN-UK-6F3599,520.0,4,10,0.58,0.28,0.08,,,,,,,,,,,,,,,,,,,
FL-UK-2023-02,2023-08-14,2023-08-12T00:00:00,29.649999618530273,78.6500015258789,Pauri Garhwal,Western Ramganga Basin (Khoh & Malini Rivers),flash flood,True,,DERIVED,HISTORICAL_DISASTER_EVENT,0.20499999821186066,2.2049999982118607,2.2049999982118607,2.2049999982118607,2.2049999982118607,2.2049999982118607,2.2049999982118607,2.2049999982118607,2.2049999982118607,2.205,24.0,1.87,,,,,,,,,,840.0,23.5,215.0,-0.01,16800.0,1.7,140.0,8.95,13.1,BASIN-UK-6F3599,520.0,4,10,0.58,0.28,0.08,,,,,,,,,,,,,,,,,,,
FL-UK-2023-02,2023-08-14,2023-08-12T00:00:00,29.75,78.44999694824219,Pauri Garhwal,Western Ramganga Basin (Khoh & Malini Rivers),flash flood,True,,DERIVED,HISTORICAL_DISASTER_EVENT,0.5249999761581421,1.1249999403953552,1.1249999403953552,1.1249999403953552,1.1249999403953552,1.1249999403953552,1.1249999403953552,1.1249999403953552,1.1249999403953552,1.125,24.0,0.96,,,,,,,,,,840.0,23.5,215.0,-0.01,16800.0,1.7,140.0,8.95,13.1,BASIN-UK-6F3599,520.0,4,10,0.58,0.28,0.08,,,,,,,,,,,,,,,,,,,
FL-UK-2023-02,2023-08-14,2023-08-12T00:00:00,29.75,78.54999542236328,Pauri Garhwal,Western Ramganga Basin (Khoh & Malini Rivers),flash flood,True,,DERIVED,HISTORICAL_DISASTER_EVENT,0.73499995470047,1.59499990940094,1.59499990940094,1.59499990940094,1.59499990940094,1.59499990940094,1.59499990940094,1.59499990940094,1.59499990940094,1.595,24.0,1.36,,,,,,,,,,840.0,23.5,215.0,-0.01,16800.0,1.7,140.0,8.95,13.1,BASIN-UK-6F3599,520.0,4,10,0.58,0.28,0.08,,,,,,,,,,,,,,,,,,,
FL-UK-2023-02,2023-08-14,2023-08-12T00:00:00,29.75,78.6500015258789,Pauri Garhwal,Western Ramganga Basin (Khoh & Malini Rivers),flash flood,True,,DERIVED,HISTORICAL_DISASTER_EVENT,0.5099999904632568,2.6399998664855957,2.6399998664855957,2.6399998664855957,2.6399998664855957,2.6399998664855957,2.6399998664855957,2.6399998664855957,2.6399998664855957,2.64,24.0,2.24,,,,,,,,,,840.0,23.5,215.0,-0.01,16800.0,1.7,140.0,8.95,13.1,BASIN-UK-6F3599,520.0,4,10,0.58,0.28,0.08,,,,,,,,,,,,,,,,,,,
FL-UK-2023-02,2023-08-14,2023-08-12T00:00:00,29.849998474121094,78.44999694824219,Pauri Garhwal,Western Ramganga Basin (Khoh & Malini Rivers),flash flood,True,,DERIVED,HISTORICAL_DISASTER_EVENT,0.8399999737739563,1.2399999499320984,1.2399999499320984,1.2399999499320984,1.2399999499320984,1.2399999499320984,1.2399999499320984,1.2399999499320984,1.6799999475479126,1.24,24.0,1.05,,,,,,,,,,840.0,23.5,215.0,-0.01,16800.0,1.7,140.0,8.95,13.1,BASIN-UK-6F3599,520.0,4,10,0.58,0.28,0.08,,,,,,,,,,,,,,,,,,,
FL-UK-2023-02,2023-08-14,2023-08-12T00:00:00,29.849998474121094,78.54999542236328,Pauri Garhwal,Western Ramganga Basin (Khoh & Malini Rivers),flash flood,True,,DERIVED,HISTORICAL_DISASTER_EVENT,0.7799999713897705,1.8049999475479126,1.8049999475479126,1.8049999475479126,1.8049999475479126,1.8049999475479126,1.8049999475479126,1.8049999475479126,1.8049999475479126,1.805,24.0,1.53,,,,,,,,,,840.0,23.5,215.0,-0.01,16800.0,1.7,140.0,8.95,13.1,BASIN-UK-6F3599,520.0,4,10,0.58,0.28,0.08,,,,,,,,,,,,,,,,,,,
FL-UK-2023-02,2023-08-14,2023-08-12T00:00:00,29.849998474121094,78.6500015258789,Pauri Garhwal,Western Ramganga Basin (Khoh & Malini Rivers),flash flood,True,,DERIVED,HISTORICAL_DISASTER_EVENT,0.2149999886751175,1.9349998980760574,1.9349998980760574,1.9349998980760574,1.9349998980760574,1.9349998980760574,1.9349998980760574,1.9349998980760574,1.9349998980760574,1.935,24.0,1.64,,,,,,,,,,840.0,23.5,215.0,-0.01,16800.0,1.7,140.0,8.95,13.1,BASIN-UK-6F3599,520.0,4,10,0.58,0.28,0.08,,,,,,,,,,,,,,,,,,,
FL-UK-2023-02,2023-08-14,2023-08-13T00:00:00,29.649999618530273,78.44999694824219,Pauri Garhwal,Western Ramganga Basin (Khoh & Malini Rivers),flash flood,True,,DERIVED,HISTORICAL_DISASTER_EVENT,0.0,0.3050000071525574,1.550000011920929,1.550000011920929,1.550000011920929,1.550000011920929,1.550000011920929,1.550000011920929,0.3050000071525574,1.55,4.723,1.32,,,,,,,,,,840.0,23.5,215.0,-0.01,16800.0,1.7,140.0,8.95,13.1,BASIN-UK-6F3599,520.0,4,10,0.58,0.28,0.08,,,,,,,,,,,,,,,,,,,
FL-UK-2023-02,2023-08-14,2023-08-13T00:00:00,29.649999618530273,78.54999542236328,Pauri Garhwal,Western Ramganga Basin (Khoh & Malini Rivers),flash flood,True,,DERIVED,HISTORICAL_DISASTER_EVENT,0.0,0.1850000023841858,1.1449999809265137,1.1449999809265137,1.1449999809265137,1.1449999809265137,1.1449999809265137,1.1449999809265137,0.1850000023841858,1.145,3.878,0.97,,,,,,,,,,840.0,23.5,215.0,-0.01,16800.0,1.7,140.0,8.95,13.1,BASIN-UK-6F3599,520.0,4,10,0.58,0.28,0.08,,,,,,,,,,,,,,,,,,,
FL-UK-2023-02,2023-08-14,2023-08-13T00:00:00,29.649999618530273,78.6500015258789,Pauri Garhwal,Western Ramganga Basin (Khoh & Malini Rivers),flash flood,True,,DERIVED,HISTORICAL_DISASTER_EVENT,0.0,0.20499999821186066,2.2049999982118607,2.2049999982118607,2.2049999982118607,2.2049999982118607,2.2049999982118607,2.2049999982118607,0.20499999821186066,2.205,2.231,1.87,,,,,,,,,,840.0,23.5,215.0,-0.01,16800.0,1.7,140.0,8.95,13.1,BASIN-UK-6F3599,520.0,4,10,0.58,0.28,0.08,,,,,,,,,,,,,,,,,,,
FL-UK-2023-02,2023-08-14,2023-08-13T00:00:00,29.75,78.44999694824219,Pauri Garhwal,Western Ramganga Basin (Khoh & Malini Rivers),flash flood,True,,DERIVED,HISTORICAL_DISASTER_EVENT,0.0,0.5249999761581421,1.1249999403953552,1.1249999403953552,1.1249999403953552,1.1249999403953552,1.1249999403953552,1.1249999403953552,0.5249999761581421,1.125,11.2,0.96,,,,,,,,,,840.0,23.5,215.0,-0.01,16800.0,1.7,140.0,8.95,13.1,BASIN-UK-6F3599,520.0,4,10,0.58,0.28,0.08,,,,,,,,,,,,,,,,,,,
FL-UK-2023-02,2023-08-14,2023-08-13T00:00:00,29.75,78.54999542236328,Pauri Garhwal,Western Ramganga Basin (Khoh & Malini Rivers),flash flood,True,,DERIVED,HISTORICAL_DISASTER_EVENT,0.0,0.73499995470047,1.59499990940094,1.59499990940094,1.59499990940094,1.59499990940094,1.59499990940094,1.59499990940094,0.73499995470047,1.595,11.06,1.36,,,,,,,,,,840.0,23.5,215.0,-0.01,16800.0,1.7,140.0,8.95,13.1,BASIN-UK-6F3599,520.0,4,10,0.58,0.28,0.08,,,,,,,,,,,,,,,,,,,
FL-UK-2023-02,2023-08-14,2023-08-13T00:00:00,29.75,78.6500015258789,Pauri Garhwal,Western Ramganga Basin (Khoh & Malini Rivers),flash flood,True,,DERIVED,HISTORICAL_DISASTER_EVENT,0.0,0.5099999904632568,2.6399998664855957,2.6399998664855957,2.6399998664855957,2.6399998664855957,2.6399998664855957,2.6399998664855957,0.5099999904632568,2.64,4.636,2.24,,,,,,,,,,840.0,23.5,215.0,-0.01,16800.0,1.7,140.0,8.95,13.1,BASIN-UK-6F3599,520.0,4,10,0.58,0.28,0.08,,,,,,,,,,,,,,,,,,,
FL-UK-2023-02,2023-08-14,2023-08-13T00:00:00,29.849998474121094,78.44999694824219,Pauri Garhwal,Western Ramganga Basin (Khoh & Malini Rivers),flash flood,True,,DERIVED,HISTORICAL_DISASTER_EVENT,0.0,0.8399999737739563,1.2399999499320984,1.2399999499320984,1.2399999499320984,1.2399999499320984,1.2399999499320984,1.2399999499320984,0.8399999737739563,1.24,16.258,1.05,,,,,,,,,,840.0,23.5,215.0,-0.01,16800.0,1.7,140.0,8.95,13.1,BASIN-UK-6F3599,520.0,4,10,0.58,0.28,0.08,,,,,,,,,,,,,,,,,,,
FL-UK-2023-02,2023-08-14,2023-08-13T00:00:00,29.849998474121094,78.54999542236328,Pauri Garhwal,Western Ramganga Basin (Khoh & Malini Rivers),flash flood,True,,DERIVED,HISTORICAL_DISASTER_EVENT,0.0,0.7799999713897705,1.8049999475479126,1.8049999475479126,1.8049999475479126,1.8049999475479126,1.8049999475479126,1.8049999475479126,0.7799999713897705,1.805,10.371,1.53,,,,,,,,,,840.0,23.5,215.0,-0.01,16800.0,1.7,140.0,8.95,13.1,BASIN-UK-6F3599,520.0,4,10,0.58,0.28,0.08,,,,,,,,,,,,,,,,,,,
FL-UK-2023-02,2023-08-14,2023-08-13T00:00:00,29.849998474121094,78.6500015258789,Pauri Garhwal,Western Ramganga Basin (Khoh & Malini Rivers),flash flood,True,,DERIVED,HISTORICAL_DISASTER_EVENT,0.0,0.2149999886751175,1.9349998980760574,1.9349998980760574,1.9349998980760574,1.9349998980760574,1.9349998980760574,1.9349998980760574,0.2149999886751175,1.935,2.667,1.64,,,,,,,,,,840.0,23.5,215.0,-0.01,16800.0,1.7,140.0,8.95,13.1,BASIN-UK-6F3599,520.0,4,10,0.58,0.28,0.08,,,,,,,,,,,,,,,,,,,
FL-UK-2023-02,2023-08-14,2023-08-14T00:00:00,29.649999618530273,78.44999694824219,Pauri Garhwal,Western Ramganga Basin (Khoh & Malini Rivers),flash flood,True,,DERIVED,HISTORICAL_DISASTER_EVENT,1.0449999570846558,1.0449999570846558,2.5949999690055847,2.5949999690055847,2.5949999690055847,2.5949999690055847,2.5949999690055847,2.5949999690055847,2.0899999141693115,2.595,9.665,2.21,,,,,,,,,,840.0,23.5,215.0,-0.01,16800.0,1.7,140.0,8.95,13.1,BASIN-UK-6F3599,520.0,4,10,0.58,0.28,0.08,,,,,,,,,,,,,,,,,,,
FL-UK-2023-02,2023-08-14,2023-08-14T00:00:00,29.649999618530273,78.54999542236328,Pauri Garhwal,Western Ramganga Basin (Khoh & Malini Rivers),flash flood,True,,DERIVED,HISTORICAL_DISASTER_EVENT,0.9149999618530273,0.9149999618530273,2.059999942779541,2.059999942779541,2.059999942779541,2.059999942779541,2.059999942779541,2.059999942779541,1.8299999237060547,2.06,10.66,1.75,,,,,,,,,,840.0,23.5,215.0,-0.01,16800.0,1.7,140.0,8.95,13.1,BASIN-UK-6F3599,520.0,4,10,0.58,0.28,0.08,,,,,,,,,,,,,,,,,,,
FL-UK-2023-02,2023-08-14,2023-08-14T00:00:00,29.649999618530273,78.6500015258789,Pauri Garhwal,Western Ramganga Basin (Khoh & Malini Rivers),flash flood,True,,DERIVED,HISTORICAL_DISASTER_EVENT,0.625,0.625,2.8299999982118607,2.8299999982118607,2.8299999982118607,2.8299999982118607,2.8299999982118607,2.8299999982118607,1.25,2.83,5.3,2.41,,,,,,,,,,840.0,23.5,215.0,-0.01,16800.0,1.7,140.0,8.95,13.1,BASIN-UK-6F3599,520.0,4,10,0.58,0.28,0.08,,,,,,,,,,,,,,,,,,,
FL-UK-2023-02,2023-08-14,2023-08-14T00:00:00,29.75,78.44999694824219,Pauri Garhwal,Western Ramganga Basin (Khoh & Malini Rivers),flash flood,True,,DERIVED,HISTORICAL_DISASTER_EVENT,0.85999995470047,0.85999995470047,1.9849998950958252,1.9849998950958252,1.9849998950958252,1.9849998950958252,1.9849998950958252,1.9849998950958252,1.71999990940094,1.985,10.398,1.69,,,,,,,,,,840.0,23.5,215.0,-0.01,16800.0,1.7,140.0,8.95,13.1,BASIN-UK-6F3599,520.0,4,10,0.58,0.28,0.08,,,,,,,,,,,,,,,,,,,
FL-UK-2023-02,2023-08-14,2023-08-14T00:00:00,29.75,78.54999542236328,Pauri Garhwal,Western Ramganga Basin (Khoh & Malini Rivers),flash flood,True,,DERIVED,HISTORICAL_DISASTER_EVENT,0.5949999690055847,0.5949999690055847,2.1899998784065247,2.1899998784065247,2.1899998784065247,2.1899998784065247,2.1899998784065247,2.1899998784065247,1.1899999380111694,2.19,6.521,1.86,,,,,,,,,,840.0,23.5,215.0,-0.01,16800.0,1.7,140.0,8.95,13.1,BASIN-UK-6F3599,520.0,4,10,0.58,0.28,0.08,,,,,,,,,,,,,,,,,,,
FL-UK-2023-02,2023-08-14,2023-08-14T00:00:00,29.75,78.6500015258789,Pauri Garhwal,Western Ramganga Basin (Khoh & Malini Rivers),flash flood,True,,DERIVED,HISTORICAL_DISASTER_EVENT,0.7249999642372131,0.7249999642372131,3.364999830722809,3.364999830722809,3.364999830722809,3.364999830722809,3.364999830722809,3.364999830722809,1.4499999284744263,3.365,5.171,2.86,,,,,,,,,,840.0,23.5,215.0,-0.01,16800.0,1.7,140.0,8.95,13.1,BASIN-UK-6F3599,520.0,4,10,0.58,0.28,0.08,,,,,,,,,,,,,,,,,,,
FL-UK-2023-02,2023-08-14,2023-08-14T00:00:00,29.849998474121094,78.44999694824219,Pauri Garhwal,Western Ramganga Basin (Khoh & Malini Rivers),flash flood,True,,DERIVED,HISTORICAL_DISASTER_EVENT,0.7199999690055847,0.7199999690055847,1.959999918937683,1.959999918937683,1.959999918937683,1.959999918937683,1.959999918937683,1.959999918937683,1.4399999380111694,1.96,8.816,1.67,,,,,,,,,,840.0,23.5,215.0,-0.01,16800.0,1.7,140.0,8.95,13.1,BASIN-UK-6F3599,520.0,4,10,0.58,0.28,0.08,,,,,,,,,,,,,,,,,,,
FL-UK-2023-02,2023-08-14,2023-08-14T00:00:00,29.849998474121094,78.54999542236328,Pauri Garhwal,Western Ramganga Basin (Khoh & Malini Rivers),flash flood,True,,DERIVED,HISTORICAL_DISASTER_EVENT,0.4749999940395355,0.4749999940395355,2.279999941587448,2.279999941587448,2.279999941587448,2.279999941587448,2.279999941587448,2.279999941587448,0.949999988079071,2.28,5.0,1.94,,,,,,,,,,840.0,23.5,215.0,-0.01,16800.0,1.7,140.0,8.95,13.1,BASIN-UK-6F3599,520.0,4,10,0.58,0.28,0.08,,,,,,,,,,,,,,,,,,,
FL-UK-2023-02,2023-08-14,2023-08-14T00:00:00,29.849998474121094,78.6500015258789,Pauri Garhwal,Western Ramganga Basin (Khoh & Malini Rivers),flash flood,True,,DERIVED,HISTORICAL_DISASTER_EVENT,0.6100000143051147,0.6100000143051147,2.544999912381172,2.544999912381172,2.544999912381172,2.544999912381172,2.544999912381172,2.544999912381172,1.2200000286102295,2.545,5.752,2.16,,,,,,,,,,840.0,23.5,215.0,-0.01,16800.0,1.7,140.0,8.95,13.1,BASIN-UK-6F3599,520.0,4,10,0.58,0.28,0.08,,,,,,,,,,,,,,,,,,,
FL-UK-2023-02,2023-08-14,2023-08-15T00:00:00,29.649999618530273,78.44999694824219,Pauri Garhwal,Western Ramganga Basin (Khoh & Malini Rivers),flash flood,True,,DERIVED,HISTORICAL_DISASTER_EVENT,0.0,1.0449999570846558,2.5949999690055847,2.5949999690055847,2.5949999690055847,2.5949999690055847,2.5949999690055847,2.5949999690055847,1.0449999570846558,2.595,9.665,2.21,,,,,,,,,,840.0,23.5,215.0,-0.01,16800.0,1.7,140.0,8.95,13.1,BASIN-UK-6F3599,520.0,4,10,0.58,0.28,0.08,,,,,,,,,,,,,,,,,,,
FL-UK-2023-02,2023-08-14,2023-08-15T00:00:00,29.649999618530273,78.54999542236328,Pauri Garhwal,Western Ramganga Basin (Khoh & Malini Rivers),flash flood,True,,DERIVED,HISTORICAL_DISASTER_EVENT,0.0,0.9149999618530273,2.059999942779541,2.059999942779541,2.059999942779541,2.059999942779541,2.059999942779541,2.059999942779541,0.9149999618530273,2.06,10.66,1.75,,,,,,,,,,840.0,23.5,215.0,-0.01,16800.0,1.7,140.0,8.95,13.1,BASIN-UK-6F3599,520.0,4,10,0.58,0.28,0.08,,,,,,,,,,,,,,,,,,,
FL-UK-2023-02,2023-08-14,2023-08-15T00:00:00,29.649999618530273,78.6500015258789,Pauri Garhwal,Western Ramganga Basin (Khoh & Malini Rivers),flash flood,True,,DERIVED,HISTORICAL_DISASTER_EVENT,0.0,0.625,2.8299999982118607,2.8299999982118607,2.8299999982118607,2.8299999982118607,2.8299999982118607,2.8299999982118607,0.625,2.83,5.3,2.41,,,,,,,,,,840.0,23.5,215.0,-0.01,16800.0,1.7,140.0,8.95,13.1,BASIN-UK-6F3599,520.0,4,10,0.58,0.28,0.08,,,,,,,,,,,,,,,,,,,
FL-UK-2023-02,2023-08-14,2023-08-15T00:00:00,29.75,78.44999694824219,Pauri Garhwal,Western Ramganga Basin (Khoh & Malini Rivers),flash flood,True,,DERIVED,HISTORICAL_DISASTER_EVENT,0.0,0.85999995470047,1.9849998950958252,1.9849998950958252,1.9849998950958252,1.9849998950958252,1.9849998950958252,1.9849998950958252,0.85999995470047,1.985,10.398,1.69,,,,,,,,,,840.0,23.5,215.0,-0.01,16800.0,1.7,140.0,8.95,13.1,BASIN-UK-6F3599,520.0,4,10,0.58,0.28,0.08,,,,,,,,,,,,,,,,,,,
FL-UK-2023-02,2023-08-14,2023-08-15T00:00:00,29.75,78.54999542236328,Pauri Garhwal,Western Ramganga Basin (Khoh & Malini Rivers),flash flood,True,,DERIVED,HISTORICAL_DISASTER_EVENT,0.0,0.5949999690055847,2.1899998784065247,2.1899998784065247,2.1899998784065247,2.1899998784065247,2.1899998784065247,2.1899998784065247,0.5949999690055847,2.19,6.521,1.86,,,,,,,,,,840.0,23.5,215.0,-0.01,16800.0,1.7,140.0,8.95,13.1,BASIN-UK-6F3599,520.0,4,10,0.58,0.28,0.08,,,,,,,,,,,,,,,,,,,
FL-UK-2023-02,2023-08-14,2023-08-15T00:00:00,29.75,78.6500015258789,Pauri Garhwal,Western Ramganga Basin (Khoh & Malini Rivers),flash flood,True,,DERIVED,HISTORICAL_DISASTER_EVENT,0.0,0.7249999642372131,3.364999830722809,3.364999830722809,3.364999830722809,3.364999830722809,3.364999830722809,3.364999830722809,0.7249999642372131,3.365,5.171,2.86,,,,,,,,,,840.0,23.5,215.0,-0.01,16800.0,1.7,140.0,8.95,13.1,BASIN-UK-6F3599,520.0,4,10,0.58,0.28,0.08,,,,,,,,,,,,,,,,,,,
FL-UK-2023-02,2023-08-14,2023-08-15T00:00:00,29.849998474121094,78.44999694824219,Pauri Garhwal,Western Ramganga Basin (Khoh & Malini Rivers),flash flood,True,,DERIVED,HISTORICAL_DISASTER_EVENT,0.0,0.7199999690055847,1.959999918937683,1.959999918937683,1.959999918937683,1.959999918937683,1.959999918937683,1.959999918937683,0.7199999690055847,1.96,8.816,1.67,,,,,,,,,,840.0,23.5,215.0,-0.01,16800.0,1.7,140.0,8.95,13.1,BASIN-UK-6F3599,520.0,4,10,0.58,0.28,0.08,,,,,,,,,,,,,,,,,,,
FL-UK-2023-02,2023-08-14,2023-08-15T00:00:00,29.849998474121094,78.54999542236328,Pauri Garhwal,Western Ramganga Basin (Khoh & Malini Rivers),flash flood,True,,DERIVED,HISTORICAL_DISASTER_EVENT,0.0,0.4749999940395355,2.279999941587448,2.279999941587448,2.279999941587448,2.279999941587448,2.279999941587448,2.279999941587448,0.4749999940395355,2.28,5.0,1.94,,,,,,,,,,840.0,23.5,215.0,-0.01,16800.0,1.7,140.0,8.95,13.1,BASIN-UK-6F3599,520.0,4,10,0.58,0.28,0.08,,,,,,,,,,,,,,,,,,,
FL-UK-2023-02,2023-08-14,2023-08-15T00:00:00,29.849998474121094,78.6500015258789,Pauri Garhwal,Western Ramganga Basin (Khoh & Malini Rivers),flash flood,True,,DERIVED,HISTORICAL_DISASTER_EVENT,0.0,0.6100000143051147,2.544999912381172,2.544999912381172,2.544999912381172,2.544999912381172,2.544999912381172,2.544999912381172,0.6100000143051147,2.545,5.752,2.16,,,,,,,,,,840.0,23.5,215.0,-0.01,16800.0,1.7,140.0,8.95,13.1,BASIN-UK-6F3599,520.0,4,10,0.58,0.28,0.08,,,,,,,,,,,,,,,,,,,
FL-UK-2023-02,2023-08-14,2023-08-16T00:00:00,29.649999618530273,78.44999694824219,Pauri Garhwal,Western Ramganga Basin (Khoh & Malini Rivers),flash flood,True,,DERIVED,HISTORICAL_DISASTER_EVENT,0.0,0.0,2.5949999690055847,2.5949999690055847,2.5949999690055847,2.5949999690055847,2.5949999690055847,2.5949999690055847,0.0,2.595,0.0,2.21,,,,,,,,,,840.0,23.5,215.0,-0.01,16800.0,1.7,140.0,8.95,13.1,BASIN-UK-6F3599,520.0,4,10,0.58,0.28,0.08,,,,,,,,,,,,,,,,,,,
FL-UK-2023-02,2023-08-14,2023-08-16T00:00:00,29.649999618530273,78.54999542236328,Pauri Garhwal,Western Ramganga Basin (Khoh & Malini Rivers),flash flood,True,,DERIVED,HISTORICAL_DISASTER_EVENT,0.0,0.0,2.059999942779541,2.059999942779541,2.059999942779541,2.059999942779541,2.059999942779541,2.059999942779541,0.0,2.06,0.0,1.75,,,,,,,,,,840.0,23.5,215.0,-0.01,16800.0,1.7,140.0,8.95,13.1,BASIN-UK-6F3599,520.0,4,10,0.58,0.28,0.08,,,,,,,,,,,,,,,,,,,
FL-UK-2023-02,2023-08-14,2023-08-16T00:00:00,29.649999618530273,78.6500015258789,Pauri Garhwal,Western Ramganga Basin (Khoh & Malini Rivers),flash flood,True,,DERIVED,HISTORICAL_DISASTER_EVENT,0.0,0.0,2.8299999982118607,2.8299999982118607,2.8299999982118607,2.8299999982118607,2.8299999982118607,2.8299999982118607,0.0,2.83,0.0,2.41,,,,,,,,,,840.0,23.5,215.0,-0.01,16800.0,1.7,140.0,8.95,13.1,BASIN-UK-6F3599,520.0,4,10,0.58,0.28,0.08,,,,,,,,,,,,,,,,,,,
FL-UK-2023-02,2023-08-14,2023-08-16T00:00:00,29.75,78.44999694824219,Pauri Garhwal,Western Ramganga Basin (Khoh & Malini Rivers),flash flood,True,,DERIVED,HISTORICAL_DISASTER_EVENT,0.0,0.0,1.9849998950958252,1.9849998950958252,1.9849998950958252,1.9849998950958252,1.9849998950958252,1.9849998950958252,0.0,1.985,0.0,1.69,,,,,,,,,,840.0,23.5,215.0,-0.01,16800.0,1.7,140.0,8.95,13.1,BASIN-UK-6F3599,520.0,4,10,0.58,0.28,0.08,,,,,,,,,,,,,,,,,,,
FL-UK-2023-02,2023-08-14,2023-08-16T00:00:00,29.75,78.54999542236328,Pauri Garhwal,Western Ramganga Basin (Khoh & Malini Rivers),flash flood,True,,DERIVED,HISTORICAL_DISASTER_EVENT,0.0,0.0,2.1899998784065247,2.1899998784065247,2.1899998784065247,2.1899998784065247,2.1899998784065247,2.1899998784065247,0.0,2.19,0.0,1.86,,,,,,,,,,840.0,23.5,215.0,-0.01,16800.0,1.7,140.0,8.95,13.1,BASIN-UK-6F3599,520.0,4,10,0.58,0.28,0.08,,,,,,,,,,,,,,,,,,,
FL-UK-2023-02,2023-08-14,2023-08-16T00:00:00,29.75,78.6500015258789,Pauri Garhwal,Western Ramganga Basin (Khoh & Malini Rivers),flash flood,True,,DERIVED,HISTORICAL_DISASTER_EVENT,0.0,0.0,3.364999830722809,3.364999830722809,3.364999830722809,3.364999830722809,3.364999830722809,3.364999830722809,0.0,3.365,0.0,2.86,,,,,,,,,,840.0,23.5,215.0,-0.01,16800.0,1.7,140.0,8.95,13.1,BASIN-UK-6F3599,520.0,4,10,0.58,0.28,0.08,,,,,,,,,,,,,,,,,,,
FL-UK-2023-02,2023-08-14,2023-08-16T00:00:00,29.849998474121094,78.44999694824219,Pauri Garhwal,Western Ramganga Basin (Khoh & Malini Rivers),flash flood,True,,DERIVED,HISTORICAL_DISASTER_EVENT,0.0,0.0,1.959999918937683,1.959999918937683,1.959999918937683,1.959999918937683,1.959999918937683,1.959999918937683,0.0,1.96,0.0,1.67,,,,,,,,,,840.0,23.5,215.0,-0.01,16800.0,1.7,140.0,8.95,13.1,BASIN-UK-6F3599,520.0,4,10,0.58,0.28,0.08,,,,,,,,,,,,,,,,,,,
FL-UK-2023-02,2023-08-14,2023-08-16T00:00:00,29.849998474121094,78.54999542236328,Pauri Garhwal,Western Ramganga Basin (Khoh & Malini Rivers),flash flood,True,,DERIVED,HISTORICAL_DISASTER_EVENT,0.0,0.0,2.279999941587448,2.279999941587448,2.279999941587448,2.279999941587448,2.279999941587448,2.279999941587448,0.0,2.28,0.0,1.94,,,,,,,,,,840.0,23.5,215.0,-0.01,16800.0,1.7,140.0,8.95,13.1,BASIN-UK-6F3599,520.0,4,10,0.58,0.28,0.08,,,,,,,,,,,,,,,,,,,
FL-UK-2023-02,2023-08-14,2023-08-16T00:00:00,29.849998474121094,78.6500015258789,Pauri Garhwal,Western Ramganga Basin (Khoh & Malini Rivers),flash flood,True,,DERIVED,HISTORICAL_DISASTER_EVENT,0.0,0.0,2.544999912381172,2.544999912381172,2.544999912381172,2.544999912381172,2.544999912381172,2.544999912381172,0.0,2.545,0.0,2.16,,,,,,,,,,840.0,23.5,215.0,-0.01,16800.0,1.7,140.0,8.95,13.1,BASIN-UK-6F3599,520.0,4,10,0.58,0.28,0.08,,,,,,,,,,,,,,,,,,,
FL-UK-2024-01,2024-07-31,2024-07-28T00:00:00,30.549999237060547,78.94999694824219,"Rudraprayag, Tehri",Mandakini & Bhilangna Basins,cloudburst-induced flood,True,,DERIVED,HISTORICAL_DISASTER_EVENT,0.125,0.125,0.125,0.125,0.125,0.125,0.125,0.125,0.25,0.125,24.0,0.11,,,,,,,,,,1920.0,31.8,170.0,-0.02,8100.0,2.2,70.0,6.95,17.1,BASIN-UK-62884A,520.0,4,10,0.66,0.14,0.03,,,,,,,,,,,,,,,,,,,
FL-UK-2024-01,2024-07-31,2024-07-28T00:00:00,30.549999237060547,79.04999542236328,"Rudraprayag, Tehri",Mandakini & Bhilangna Basins,cloudburst-induced flood,True,,DERIVED,HISTORICAL_DISASTER_EVENT,0.0,0.0,0.0,0.0,0.0,0.0,0.0,0.0,0.0,0.0,0.0,0.0,,,,,,,,,,1920.0,31.8,170.0,-0.02,8100.0,2.2,70.0,6.95,17.1,BASIN-UK-62884A,520.0,4,10,0.66,0.14,0.03,,,,,,,,,,,,,,,,,,,
FL-UK-2024-01,2024-07-31,2024-07-28T00:00:00,30.549999237060547,79.1500015258789,"Rudraprayag, Tehri",Mandakini & Bhilangna Basins,cloudburst-induced flood,True,,DERIVED,HISTORICAL_DISASTER_EVENT,0.1899999976158142,0.1899999976158142,0.1899999976158142,0.1899999976158142,0.1899999976158142,0.1899999976158142,0.1899999976158142,0.1899999976158142,0.3799999952316284,0.19,24.0,0.16,,,,,,,,,,1920.0,31.8,170.0,-0.02,8100.0,2.2,70.0,6.95,17.1,BASIN-UK-62884A,520.0,4,10,0.66,0.14,0.03,,,,,,,,,,,,,,,,,,,
FL-UK-2024-01,2024-07-31,2024-07-28T00:00:00,30.649999618530273,78.94999694824219,"Rudraprayag, Tehri",Mandakini & Bhilangna Basins,cloudburst-induced flood,True,,DERIVED,HISTORICAL_DISASTER_EVENT,0.11999999731779099,0.11999999731779099,0.11999999731779099,0.11999999731779099,0.11999999731779099,0.11999999731779099,0.11999999731779099,0.11999999731779099,0.23999999463558197,0.12,24.0,0.1,,,,,,,,,,1920.0,31.8,170.0,-0.02,8100.0,2.2,70.0,6.95,17.1,BASIN-UK-62884A,520.0,4,10,0.66,0.14,0.03,,,,,,,,,,,,,,,,,,,
FL-UK-2024-01,2024-07-31,2024-07-28T00:00:00,30.649999618530273,79.04999542236328,"Rudraprayag, Tehri",Mandakini & Bhilangna Basins,cloudburst-induced flood,True,,DERIVED,HISTORICAL_DISASTER_EVENT,0.2849999964237213,0.2849999964237213,0.2849999964237213,0.2849999964237213,0.2849999964237213,0.2849999964237213,0.2849999964237213,0.2849999964237213,0.5699999928474426,0.285,24.0,0.24,,,,,,,,,,1920.0,31.8,170.0,-0.02,8100.0,2.2,70.0,6.95,17.1,BASIN-UK-62884A,520.0,4,10,0.66,0.14,0.03,,,,,,,,,,,,,,,,,,,
FL-UK-2024-01,2024-07-31,2024-07-28T00:00:00,30.649999618530273,79.1500015258789,"Rudraprayag, Tehri",Mandakini & Bhilangna Basins,cloudburst-induced flood,True,,DERIVED,HISTORICAL_DISASTER_EVENT,0.26499998569488525,0.26499998569488525,0.26499998569488525,0.26499998569488525,0.26499998569488525,0.26499998569488525,0.26499998569488525,0.26499998569488525,0.5299999713897705,0.265,24.0,0.23,,,,,,,,,,1920.0,31.8,170.0,-0.02,8100.0,2.2,70.0,6.95,17.1,BASIN-UK-62884A,520.0,4,10,0.66,0.14,0.03,,,,,,,,,,,,,,,,,,,
FL-UK-2024-01,2024-07-31,2024-07-28T00:00:00,30.75,78.94999694824219,"Rudraprayag, Tehri",Mandakini & Bhilangna Basins,cloudburst-induced flood,True,,DERIVED,HISTORICAL_DISASTER_EVENT,0.0,0.0,0.0,0.0,0.0,0.0,0.0,0.0,0.0,0.0,0.0,0.0,,,,,,,,,,1920.0,31.8,170.0,-0.02,8100.0,2.2,70.0,6.95,17.1,BASIN-UK-62884A,520.0,4,10,0.66,0.14,0.03,,,,,,,,,,,,,,,,,,,
FL-UK-2024-01,2024-07-31,2024-07-28T00:00:00,30.75,79.04999542236328,"Rudraprayag, Tehri",Mandakini & Bhilangna Basins,cloudburst-induced flood,True,,DERIVED,HISTORICAL_DISASTER_EVENT,0.10999999940395355,0.10999999940395355,0.10999999940395355,0.10999999940395355,0.10999999940395355,0.10999999940395355,0.10999999940395355,0.10999999940395355,0.2199999988079071,0.11,24.0,0.09,,,,,,,,,,1920.0,31.8,170.0,-0.02,8100.0,2.2,70.0,6.95,17.1,BASIN-UK-62884A,520.0,4,10,0.66,0.14,0.03,,,,,,,,,,,,,,,,,,,
FL-UK-2024-01,2024-07-31,2024-07-28T00:00:00,30.75,79.1500015258789,"Rudraprayag, Tehri",Mandakini & Bhilangna Basins,cloudburst-induced flood,True,,DERIVED,HISTORICAL_DISASTER_EVENT,0.32499998807907104,0.32499998807907104,0.32499998807907104,0.32499998807907104,0.32499998807907104,0.32499998807907104,0.32499998807907104,0.32499998807907104,0.6499999761581421,0.325,24.0,0.28,,,,,,,,,,1920.0,31.8,170.0,-0.02,8100.0,2.2,70.0,6.95,17.1,BASIN-UK-62884A,520.0,4,10,0.66,0.14,0.03,,,,,,,,,,,,,,,,,,,
FL-UK-2024-01,2024-07-31,2024-07-29T00:00:00,30.549999237060547,78.94999694824219,"Rudraprayag, Tehri",Mandakini & Bhilangna Basins,cloudburst-induced flood,True,,DERIVED,HISTORICAL_DISASTER_EVENT,0.0,0.125,0.125,0.125,0.125,0.125,0.125,0.125,0.125,0.125,24.0,0.11,,,,,,,,,,1920.0,31.8,170.0,-0.02,8100.0,2.2,70.0,6.95,17.1,BASIN-UK-62884A,520.0,4,10,0.66,0.14,0.03,,,,,,,,,,,,,,,,,,,
FL-UK-2024-01,2024-07-31,2024-07-29T00:00:00,30.549999237060547,79.04999542236328,"Rudraprayag, Tehri",Mandakini & Bhilangna Basins,cloudburst-induced flood,True,,DERIVED,HISTORICAL_DISASTER_EVENT,0.0,0.0,0.0,0.0,0.0,0.0,0.0,0.0,0.0,0.0,0.0,0.0,,,,,,,,,,1920.0,31.8,170.0,-0.02,8100.0,2.2,70.0,6.95,17.1,BASIN-UK-62884A,520.0,4,10,0.66,0.14,0.03,,,,,,,,,,,,,,,,,,,
FL-UK-2024-01,2024-07-31,2024-07-29T00:00:00,30.549999237060547,79.1500015258789,"Rudraprayag, Tehri",Mandakini & Bhilangna Basins,cloudburst-induced flood,True,,DERIVED,HISTORICAL_DISASTER_EVENT,0.25,0.4399999976158142,0.4399999976158142,0.4399999976158142,0.4399999976158142,0.4399999976158142,0.4399999976158142,0.4399999976158142,0.5,0.44,24.0,0.37,,,,,,,,,,1920.0,31.8,170.0,-0.02,8100.0,2.2,70.0,6.95,17.1,BASIN-UK-62884A,520.0,4,10,0.66,0.14,0.03,,,,,,,,,,,,,,,,,,,
FL-UK-2024-01,2024-07-31,2024-07-29T00:00:00,30.649999618530273,78.94999694824219,"Rudraprayag, Tehri",Mandakini & Bhilangna Basins,cloudburst-induced flood,True,,DERIVED,HISTORICAL_DISASTER_EVENT,0.0,0.11999999731779099,0.11999999731779099,0.11999999731779099,0.11999999731779099,0.11999999731779099,0.11999999731779099,0.11999999731779099,0.11999999731779099,0.12,24.0,0.1,,,,,,,,,,1920.0,31.8,170.0,-0.02,8100.0,2.2,70.0,6.95,17.1,BASIN-UK-62884A,520.0,4,10,0.66,0.14,0.03,,,,,,,,,,,,,,,,,,,
FL-UK-2024-01,2024-07-31,2024-07-29T00:00:00,30.649999618530273,79.04999542236328,"Rudraprayag, Tehri",Mandakini & Bhilangna Basins,cloudburst-induced flood,True,,DERIVED,HISTORICAL_DISASTER_EVENT,0.2849999964237213,0.5699999928474426,0.5699999928474426,0.5699999928474426,0.5699999928474426,0.5699999928474426,0.5699999928474426,0.5699999928474426,0.5699999928474426,0.57,24.0,0.48,,,,,,,,,,1920.0,31.8,170.0,-0.02,8100.0,2.2,70.0,6.95,17.1,BASIN-UK-62884A,520.0,4,10,0.66,0.14,0.03,,,,,,,,,,,,,,,,,,,
FL-UK-2024-01,2024-07-31,2024-07-29T00:00:00,30.649999618530273,79.1500015258789,"Rudraprayag, Tehri",Mandakini & Bhilangna Basins,cloudburst-induced flood,True,,DERIVED,HISTORICAL_DISASTER_EVENT,0.574999988079071,0.8399999737739563,0.8399999737739563,0.8399999737739563,0.8399999737739563,0.8399999737739563,0.8399999737739563,0.8399999737739563,1.149999976158142,0.84,24.0,0.71,,,,,,,,,,1920.0,31.8,170.0,-0.02,8100.0,2.2,70.0,6.95,17.1,BASIN-UK-62884A,520.0,4,10,0.66,0.14,0.03,,,,,,,,,,,,,,,,,,,
FL-UK-2024-01,2024-07-31,2024-07-29T00:00:00,30.75,78.94999694824219,"Rudraprayag, Tehri",Mandakini & Bhilangna Basins,cloudburst-induced flood,True,,DERIVED,HISTORICAL_DISASTER_EVENT,0.0,0.0,0.0,0.0,0.0,0.0,0.0,0.0,0.0,0.0,0.0,0.0,,,,,,,,,,1920.0,31.8,170.0,-0.02,8100.0,2.2,70.0,6.95,17.1,BASIN-UK-62884A,520.0,4,10,0.66,0.14,0.03,,,,,,,,,,,,,,,,,,,
FL-UK-2024-01,2024-07-31,2024-07-29T00:00:00,30.75,79.04999542236328,"Rudraprayag, Tehri",Mandakini & Bhilangna Basins,cloudburst-induced flood,True,,DERIVED,HISTORICAL_DISASTER_EVENT,0.0,0.10999999940395355,0.10999999940395355,0.10999999940395355,0.10999999940395355,0.10999999940395355,0.10999999940395355,0.10999999940395355,0.10999999940395355,0.11,24.0,0.09,,,,,,,,,,1920.0,31.8,170.0,-0.02,8100.0,2.2,70.0,6.95,17.1,BASIN-UK-62884A,520.0,4,10,0.66,0.14,0.03,,,,,,,,,,,,,,,,,,,
FL-UK-2024-01,2024-07-31,2024-07-29T00:00:00,30.75,79.1500015258789,"Rudraprayag, Tehri",Mandakini & Bhilangna Basins,cloudburst-induced flood,True,,DERIVED,HISTORICAL_DISASTER_EVENT,1.1899999380111694,1.5149999260902405,1.5149999260902405,1.5149999260902405,1.5149999260902405,1.5149999260902405,1.5149999260902405,1.5149999260902405,2.379999876022339,1.515,24.0,1.29,,,,,,,,,,1920.0,31.8,170.0,-0.02,8100.0,2.2,70.0,6.95,17.1,BASIN-UK-62884A,520.0,4,10,0.66,0.14,0.03,,,,,,,,,,,,,,,,,,,
FL-UK-2024-01,2024-07-31,2024-07-30T00:00:00,30.549999237060547,78.94999694824219,"Rudraprayag, Tehri",Mandakini & Bhilangna Basins,cloudburst-induced flood,True,,DERIVED,HISTORICAL_DISASTER_EVENT,0.0,0.0,0.125,0.125,0.125,0.125,0.125,0.125,0.0,0.125,0.0,0.11,,,,,,,,,,1920.0,31.8,170.0,-0.02,8100.0,2.2,70.0,6.95,17.1,BASIN-UK-62884A,520.0,4,10,0.66,0.14,0.03,,,,,,,,,,,,,,,,,,,
FL-UK-2024-01,2024-07-31,2024-07-30T00:00:00,30.549999237060547,79.04999542236328,"Rudraprayag, Tehri",Mandakini & Bhilangna Basins,cloudburst-induced flood,True,,DERIVED,HISTORICAL_DISASTER_EVENT,0.0,0.0,0.0,0.0,0.0,0.0,0.0,0.0,0.0,0.0,0.0,0.0,,,,,,,,,,1920.0,31.8,170.0,-0.02,8100.0,2.2,70.0,6.95,17.1,BASIN-UK-62884A,520.0,4,10,0.66,0.14,0.03,,,,,,,,,,,,,,,,,,,
FL-UK-2024-01,2024-07-31,2024-07-30T00:00:00,30.549999237060547,79.1500015258789,"Rudraprayag, Tehri",Mandakini & Bhilangna Basins,cloudburst-induced flood,True,,DERIVED,HISTORICAL_DISASTER_EVENT,0.0,0.25,0.4399999976158142,0.4399999976158142,0.4399999976158142,0.4399999976158142,0.4399999976158142,0.4399999976158142,0.25,0.44,13.636,0.37,,,,,,,,,,1920.0,31.8,170.0,-0.02,8100.0,2.2,70.0,6.95,17.1,BASIN-UK-62884A,520.0,4,10,0.66,0.14,0.03,,,,,,,,,,,,,,,,,,,
FL-UK-2024-01,2024-07-31,2024-07-30T00:00:00,30.649999618530273,78.94999694824219,"Rudraprayag, Tehri",Mandakini & Bhilangna Basins,cloudburst-induced flood,True,,DERIVED,HISTORICAL_DISASTER_EVENT,0.10499999672174454,0.10499999672174454,0.22499999403953552,0.22499999403953552,0.22499999403953552,0.22499999403953552,0.22499999403953552,0.22499999403953552,0.20999999344348907,0.225,11.2,0.19,,,,,,,,,,1920.0,31.8,170.0,-0.02,8100.0,2.2,70.0,6.95,17.1,BASIN-UK-62884A,520.0,4,10,0.66,0.14,0.03,,,,,,,,,,,,,,,,,,,
FL-UK-2024-01,2024-07-31,2024-07-30T00:00:00,30.649999618530273,79.04999542236328,"Rudraprayag, Tehri",Mandakini & Bhilangna Basins,cloudburst-induced flood,True,,DERIVED,HISTORICAL_DISASTER_EVENT,0.044999998062849045,0.32999999448657036,0.6149999909102917,0.6149999909102917,0.6149999909102917,0.6149999909102917,0.6149999909102917,0.6149999909102917,0.32999999448657036,0.615,12.878,0.52,,,,,,,,,,1920.0,31.8,170.0,-0.02,8100.0,2.2,70.0,6.95,17.1,BASIN-UK-62884A,520.0,4,10,0.66,0.14,0.03,,,,,,,,,,,,,,,,,,,
FL-UK-2024-01,2024-07-31,2024-07-30T00:00:00,30.649999618530273,79.1500015258789,"Rudraprayag, Tehri",Mandakini & Bhilangna Basins,cloudburst-induced flood,True,,DERIVED,HISTORICAL_DISASTER_EVENT,0.05999999865889549,0.6349999867379665,0.8999999724328518,0.8999999724328518,0.8999999724328518,0.8999999724328518,0.8999999724328518,0.8999999724328518,0.6349999867379665,0.9,16.933,0.76,,,,,,,,,,1920.0,31.8,170.0,-0.02,8100.0,2.2,70.0,6.95,17.1,BASIN-UK-62884A,520.0,4,10,0.66,0.14,0.03,,,,,,,,,,,,,,,,,,,
FL-UK-2024-01,2024-07-31,2024-07-30T00:00:00,30.75,78.94999694824219,"Rudraprayag, Tehri",Mandakini & Bhilangna Basins,cloudburst-induced flood,True,,DERIVED,HISTORICAL_DISASTER_EVENT,0.0,0.0,0.0,0.0,0.0,0.0,0.0,0.0,0.0,0.0,0.0,0.0,,,,,,,,,,1920.0,31.8,170.0,-0.02,8100.0,2.2,70.0,6.95,17.1,BASIN-UK-62884A,520.0,4,10,0.66,0.14,0.03,,,,,,,,,,,,,,,,,,,
FL-UK-2024-01,2024-07-31,2024-07-30T00:00:00,30.75,79.04999542236328,"Rudraprayag, Tehri",Mandakini & Bhilangna Basins,cloudburst-induced flood,True,,DERIVED,HISTORICAL_DISASTER_EVENT,0.2149999886751175,0.2149999886751175,0.32499998807907104,0.32499998807907104,0.32499998807907104,0.32499998807907104,0.32499998807907104,0.32499998807907104,0.429999977350235,0.325,15.877,0.28,,,,,,,,,,1920.0,31.8,170.0,-0.02,8100.0,2.2,70.0,6.95,17.1,BASIN-UK-62884A,520.0,4,10,0.66,0.14,0.03,,,,,,,,,,,,,,,,,,,
FL-UK-2024-01,2024-07-31,2024-07-30T00:00:00,30.75,79.1500015258789,"Rudraprayag, Tehri",Mandakini & Bhilangna Basins,cloudburst-induced flood,True,,DERIVED,HISTORICAL_DISASTER_EVENT,0.07999999821186066,1.26999993622303,1.5949999243021011,1.5949999243021011,1.5949999243021011,1.5949999243021011,1.5949999243021011,1.5949999243021011,1.26999993622303,1.595,19.11,1.36,,,,,,,,,,1920.0,31.8,170.0,-0.02,8100.0,2.2,70.0,6.95,17.1,BASIN-UK-62884A,520.0,4,10,0.66,0.14,0.03,,,,,,,,,,,,,,,,,,,
FL-UK-2024-01,2024-07-31,2024-07-31T00:00:00,30.549999237060547,78.94999694824219,"Rudraprayag, Tehri",Mandakini & Bhilangna Basins,cloudburst-induced flood,True,,DERIVED,HISTORICAL_DISASTER_EVENT,0.20499999821186066,0.20499999821186066,0.32999999821186066,0.32999999821186066,0.32999999821186066,0.32999999821186066,0.32999999821186066,0.32999999821186066,0.4099999964237213,0.33,14.909,0.28,,,,,,,,,,1920.0,31.8,170.0,-0.02,8100.0,2.2,70.0,6.95,17.1,BASIN-UK-62884A,520.0,4,10,0.66,0.14,0.03,,,,,,,,,,,,,,,,,,,
FL-UK-2024-01,2024-07-31,2024-07-31T00:00:00,30.549999237060547,79.04999542236328,"Rudraprayag, Tehri",Mandakini & Bhilangna Basins,cloudburst-induced flood,True,,DERIVED,HISTORICAL_DISASTER_EVENT,0.3050000071525574,0.3050000071525574,0.3050000071525574,0.3050000071525574,0.3050000071525574,0.3050000071525574,0.3050000071525574,0.3050000071525574,0.6100000143051147,0.305,24.0,0.26,,,,,,,,,,1920.0,31.8,170.0,-0.02,8100.0,2.2,70.0,6.95,17.1,BASIN-UK-62884A,520.0,4,10,0.66,0.14,0.03,,,,,,,,,,,,,,,,,,,
FL-UK-2024-01,2024-07-31,2024-07-31T00:00:00,30.549999237060547,79.1500015258789,"Rudraprayag, Tehri",Mandakini & Bhilangna Basins,cloudburst-induced flood,True,,DERIVED,HISTORICAL_DISASTER_EVENT,0.3100000023841858,0.3100000023841858,0.75,0.75,0.75,0.75,0.75,0.75,0.6200000047683716,0.75,9.92,0.64,,,,,,,,,,1920.0,31.8,170.0,-0.02,8100.0,2.2,70.0,6.95,17.1,BASIN-UK-62884A,520.0,4,10,0.66,0.14,0.03,,,,,,,,,,,,,,,,,,,
FL-UK-2024-01,2024-07-31,2024-07-31T00:00:00,30.649999618530273,78.94999694824219,"Rudraprayag, Tehri",Mandakini & Bhilangna Basins,cloudburst-induced flood,True,,DERIVED,HISTORICAL_DISASTER_EVENT,0.1550000011920929,0.25999999791383743,0.3799999952316284,0.3799999952316284,0.3799999952316284,0.3799999952316284,0.3799999952316284,0.3799999952316284,0.3100000023841858,0.38,16.421,0.32,,,,,,,,,,1920.0,31.8,170.0,-0.02,8100.0,2.2,70.0,6.95,17.1,BASIN-UK-62884A,520.0,4,10,0.66,0.14,0.03,,,,,,,,,,,,,,,,,,,
FL-UK-2024-01,2024-07-31,2024-07-31T00:00:00,30.649999618530273,79.04999542236328,"Rudraprayag, Tehri",Mandakini & Bhilangna Basins,cloudburst-induced flood,True,,DERIVED,HISTORICAL_DISASTER_EVENT,0.0,0.044999998062849045,0.6149999909102917,0.6149999909102917,0.6149999909102917,0.6149999909102917,0.6149999909102917,0.6149999909102917,0.044999998062849045,0.615,1.756,0.52,,,,,,,,,,1920.0,31.8,170.0,-0.02,8100.0,2.2,70.0,6.95,17.1,BASIN-UK-62884A,520.0,4,10,0.66,0.14,0.03,,,,,,,,,,,,,,,,,,,
FL-UK-2024-01,2024-07-31,2024-07-31T00:00:00,30.649999618530273,79.1500015258789,"Rudraprayag, Tehri",Mandakini & Bhilangna Basins,cloudburst-induced flood,True,,DERIVED,HISTORICAL_DISASTER_EVENT,0.5799999833106995,0.639999981969595,1.4799999557435513,1.4799999557435513,1.4799999557435513,1.4799999557435513,1.4799999557435513,1.4799999557435513,1.159999966621399,1.48,10.378,1.26,,,,,,,,,,1920.0,31.8,170.0,-0.02,8100.0,2.2,70.0,6.95,17.1,BASIN-UK-62884A,520.0,4,10,0.66,0.14,0.03,,,,,,,,,,,,,,,,,,,
FL-UK-2024-01,2024-07-31,2024-07-31T00:00:00,30.75,78.94999694824219,"Rudraprayag, Tehri",Mandakini & Bhilangna Basins,cloudburst-induced flood,True,,DERIVED,HISTORICAL_DISASTER_EVENT,0.0,0.0,0.0,0.0,0.0,0.0,0.0,0.0,0.0,0.0,0.0,0.0,,,,,,,,,,1920.0,31.8,170.0,-0.02,8100.0,2.2,70.0,6.95,17.1,BASIN-UK-62884A,520.0,4,10,0.66,0.14,0.03,,,,,,,,,,,,,,,,,,,
FL-UK-2024-01,2024-07-31,2024-07-31T00:00:00,30.75,79.04999542236328,"Rudraprayag, Tehri",Mandakini & Bhilangna Basins,cloudburst-induced flood,True,,DERIVED,HISTORICAL_DISASTER_EVENT,0.8899999856948853,1.1049999743700027,1.2149999737739563,1.2149999737739563,1.2149999737739563,1.2149999737739563,1.2149999737739563,1.2149999737739563,1.7799999713897705,1.215,21.827,1.03,,,,,,,,,,1920.0,31.8,170.0,-0.02,8100.0,2.2,70.0,6.95,17.1,BASIN-UK-62884A,520.0,4,10,0.66,0.14,0.03,,,,,,,,,,,,,,,,,,,
FL-UK-2024-01,2024-07-31,2024-07-31T00:00:00,30.75,79.1500015258789,"Rudraprayag, Tehri",Mandakini & Bhilangna Basins,cloudburst-induced flood,True,,DERIVED,HISTORICAL_DISASTER_EVENT,0.8899999856948853,0.9699999839067459,2.4849999099969864,2.4849999099969864,2.4849999099969864,2.4849999099969864,2.4849999099969864,2.4849999099969864,1.7799999713897705,2.485,9.368,2.11,,,,,,,,,,1920.0,31.8,170.0,-0.02,8100.0,2.2,70.0,6.95,17.1,BASIN-UK-62884A,520.0,4,10,0.66,0.14,0.03,,,,,,,,,,,,,,,,,,,
FL-UK-2024-01,2024-07-31,2024-08-01T00:00:00,30.549999237060547,78.94999694824219,"Rudraprayag, Tehri",Mandakini & Bhilangna Basins,cloudburst-induced flood,True,,DERIVED,HISTORICAL_DISASTER_EVENT,0.6499999761581421,0.8549999743700027,0.9799999743700027,0.9799999743700027,0.9799999743700027,0.9799999743700027,0.9799999743700027,0.9799999743700027,1.2999999523162842,0.98,20.939,0.83,,,,,,,,,,1920.0,31.8,170.0,-0.02,8100.0,2.2,70.0,6.95,17.1,BASIN-UK-62884A,520.0,4,10,0.66,0.14,0.03,,,,,,,,,,,,,,,,,,,
FL-UK-2024-01,2024-07-31,2024-08-01T00:00:00,30.549999237060547,79.04999542236328,"Rudraprayag, Tehri",Mandakini & Bhilangna Basins,cloudburst-induced flood,True,,DERIVED,HISTORICAL_DISASTER_EVENT,0.9799999594688416,1.284999966621399,1.284999966621399,1.284999966621399,1.284999966621399,1.284999966621399,1.284999966621399,1.284999966621399,1.959999918937683,1.285,24.0,1.09,,,,,,,,,,1920.0,31.8,170.0,-0.02,8100.0,2.2,70.0,6.95,17.1,BASIN-UK-62884A,520.0,4,10,0.66,0.14,0.03,,,,,,,,,,,,,,,,,,,
FL-UK-2024-01,2024-07-31,2024-08-01T00:00:00,30.549999237060547,79.1500015258789,"Rudraprayag, Tehri",Mandakini & Bhilangna Basins,cloudburst-induced flood,True,,DERIVED,HISTORICAL_DISASTER_EVENT,3.134999990463257,3.4449999928474426,3.884999990463257,3.884999990463257,3.884999990463257,3.884999990463257,3.884999990463257,3.884999990463257,6.269999980926514,3.885,21.282,3.3,,,,,,,,,,1920.0,31.8,170.0,-0.02,8100.0,2.2,70.0,6.95,17.1,BASIN-UK-62884A,520.0,4,10,0.66,0.14,0.03,,,,,,,,,,,,,,,,,,,
FL-UK-2024-01,2024-07-31,2024-08-01T00:00:00,30.649999618530273,78.94999694824219,"Rudraprayag, Tehri",Mandakini & Bhilangna Basins,cloudburst-induced flood,True,,DERIVED,HISTORICAL_DISASTER_EVENT,1.1100000143051147,1.2650000154972076,1.4900000095367432,1.4900000095367432,1.4900000095367432,1.4900000095367432,1.4900000095367432,1.4900000095367432,2.2200000286102295,1.49,20.376,1.27,,,,,,,,,,1920.0,31.8,170.0,-0.02,8100.0,2.2,70.0,6.95,17.1,BASIN-UK-62884A,520.0,4,10,0.66,0.14,0.03,,,,,,,,,,,,,,,,,,,
FL-UK-2024-01,2024-07-31,2024-08-01T00:00:00,30.649999618530273,79.04999542236328,"Rudraprayag, Tehri",Mandakini & Bhilangna Basins,cloudburst-induced flood,True,,DERIVED,HISTORICAL_DISASTER_EVENT,2.4099998474121094,2.4099998474121094,3.024999838322401,3.024999838322401,3.024999838322401,3.024999838322401,3.024999838322401,3.024999838322401,4.819999694824219,3.025,19.121,2.57,,,,,,,,,,1920.0,31.8,170.0,-0.02,8100.0,2.2,70.0,6.95,17.1,BASIN-UK-62884A,520.0,4,10,0.66,0.14,0.03,,,,,,,,,,,,,,,,,,,
FL-UK-2024-01,2024-07-31,2024-08-01T00:00:00,30.649999618530273,79.1500015258789,"Rudraprayag, Tehri",Mandakini & Bhilangna Basins,cloudburst-induced flood,True,,DERIVED,HISTORICAL_DISASTER_EVENT,5.989999771118164,6.5699997544288635,7.469999726861715,7.469999726861715,7.469999726861715,7.469999726861715,7.469999726861715,7.469999726861715,11.979999542236328,7.47,21.108,6.35,,,,,,,,,,1920.0,31.8,170.0,-0.02,8100.0,2.2,70.0,6.95,17.1,BASIN-UK-62884A,520.0,4,10,0.66,0.14,0.03,,,,,,,,,,,,,,,,,,,
FL-UK-2024-01,2024-07-31,2024-08-01T00:00:00,30.75,78.94999694824219,"Rudraprayag, Tehri",Mandakini & Bhilangna Basins,cloudburst-induced flood,True,,DERIVED,HISTORICAL_DISASTER_EVENT,0.8050000071525574,0.8050000071525574,0.8050000071525574,0.8050000071525574,0.8050000071525574,0.8050000071525574,0.8050000071525574,0.8050000071525574,1.6100000143051147,0.805,24.0,0.68,,,,,,,,,,1920.0,31.8,170.0,-0.02,8100.0,2.2,70.0,6.95,17.1,BASIN-UK-62884A,520.0,4,10,0.66,0.14,0.03,,,,,,,,,,,,,,,,,,,
FL-UK-2024-01,2024-07-31,2024-08-01T00:00:00,30.75,79.04999542236328,"Rudraprayag, Tehri",Mandakini & Bhilangna Basins,cloudburst-induced flood,True,,DERIVED,HISTORICAL_DISASTER_EVENT,1.834999918937683,2.7249999046325684,3.0499998927116394,3.0499998927116394,3.0499998927116394,3.0499998927116394,3.0499998927116394,3.0499998927116394,3.669999837875366,3.05,21.443,2.59,,,,,,,,,,1920.0,31.8,170.0,-0.02,8100.0,2.2,70.0,6.95,17.1,BASIN-UK-62884A,520.0,4,10,0.66,0.14,0.03,,,,,,,,,,,,,,,,,,,
FL-UK-2024-01,2024-07-31,2024-08-01T00:00:00,30.75,79.1500015258789,"Rudraprayag, Tehri",Mandakini & Bhilangna Basins,cloudburst-induced flood,True,,DERIVED,HISTORICAL_DISASTER_EVENT,2.109999895095825,2.9999998807907104,4.594999805092812,4.594999805092812,4.594999805092812,4.594999805092812,4.594999805092812,4.594999805092812,4.21999979019165,4.595,15.669,3.91,,,,,,,,,,1920.0,31.8,170.0,-0.02,8100.0,2.2,70.0,6.95,17.1,BASIN-UK-62884A,520.0,4,10,0.66,0.14,0.03,,,,,,,,,,,,,,,,,,,
FL-UK-2024-01,2024-07-31,2024-08-02T00:00:00,30.549999237060547,78.94999694824219,"Rudraprayag, Tehri",Mandakini & Bhilangna Basins,cloudburst-induced flood,True,,DERIVED,HISTORICAL_DISASTER_EVENT,0.07499999552965164,0.7249999716877937,1.0549999698996544,1.0549999698996544,1.0549999698996544,1.0549999698996544,1.0549999698996544,1.0549999698996544,0.7249999716877937,1.055,16.493,0.9,,,,,,,,,,1920.0,31.8,170.0,-0.02,8100.0,2.2,70.0,6.95,17.1,BASIN-UK-62884A,520.0,4,10,0.66,0.14,0.03,,,,,,,,,,,,,,,,,,,
FL-UK-2024-01,2024-07-31,2024-08-02T00:00:00,30.549999237060547,79.04999542236328,"Rudraprayag, Tehri",Mandakini & Bhilangna Basins,cloudburst-induced flood,True,,DERIVED,HISTORICAL_DISASTER_EVENT,0.02499999850988388,1.0049999579787254,1.3099999651312828,1.3099999651312828,1.3099999651312828,1.3099999651312828,1.3099999651312828,1.3099999651312828,1.0049999579787254,1.31,18.412,1.11,,,,,,,,,,1920.0,31.8,170.0,-0.02,8100.0,2.2,70.0,6.95,17.1,BASIN-UK-62884A,520.0,4,10,0.66,0.14,0.03,,,,,,,,,,,,,,,,,,,
FL-UK-2024-01,2024-07-31,2024-08-02T00:00:00,30.549999237060547,79.1500015258789,"Rudraprayag, Tehri",Mandakini & Bhilangna Basins,cloudburst-induced flood,True,,DERIVED,HISTORICAL_DISASTER_EVENT,0.0,3.134999990463257,3.884999990463257,3.884999990463257,3.884999990463257,3.884999990463257,3.884999990463257,3.884999990463257,3.134999990463257,3.885,19.367,3.3,,,,,,,,,,1920.0,31.8,170.0,-0.02,8100.0,2.2,70.0,6.95,17.1,BASIN-UK-62884A,520.0,4,10,0.66,0.14,0.03,,,,,,,,,,,,,,,,,,,
FL-UK-2024-01,2024-07-31,2024-08-02T00:00:00,30.649999618530273,78.94999694824219,"Rudraprayag, Tehri",Mandakini & Bhilangna Basins,cloudburst-induced flood,True,,DERIVED,HISTORICAL_DISASTER_EVENT,0.23999999463558197,1.3500000089406967,1.7300000041723251,1.7300000041723251,1.7300000041723251,1.7300000041723251,1.7300000041723251,1.7300000041723251,1.3500000089406967,1.73,18.728,1.47,,,,,,,,,,1920.0,31.8,170.0,-0.02,8100.0,2.2,70.0,6.95,17.1,BASIN-UK-62884A,520.0,4,10,0.66,0.14,0.03,,,,,,,,,,,,,,,,,,,
FL-UK-2024-01,2024-07-31,2024-08-02T00:00:00,30.649999618530273,79.04999542236328,"Rudraprayag, Tehri",Mandakini & Bhilangna Basins,cloudburst-induced flood,True,,DERIVED,HISTORICAL_DISASTER_EVENT,0.0,2.4099998474121094,3.024999838322401,3.024999838322401,3.024999838322401,3.024999838322401,3.024999838322401,3.024999838322401,2.4099998474121094,3.025,19.121,2.57,,,,,,,,,,1920.0,31.8,170.0,-0.02,8100.0,2.2,70.0,6.95,17.1,BASIN-UK-62884A,520.0,4,10,0.66,0.14,0.03,,,,,,,,,,,,,,,,,,,
FL-UK-2024-01,2024-07-31,2024-08-02T00:00:00,30.649999618530273,79.1500015258789,"Rudraprayag, Tehri",Mandakini & Bhilangna Basins,cloudburst-induced flood,True,,DERIVED,HISTORICAL_DISASTER_EVENT,0.0,5.989999771118164,7.469999726861715,7.469999726861715,7.469999726861715,7.469999726861715,7.469999726861715,7.469999726861715,5.989999771118164,7.47,19.245,6.35,,,,,,,,,,1920.0,31.8,170.0,-0.02,8100.0,2.2,70.0,6.95,17.1,BASIN-UK-62884A,520.0,4,10,0.66,0.14,0.03,,,,,,,,,,,,,,,,,,,
FL-UK-2024-01,2024-07-31,2024-08-02T00:00:00,30.75,78.94999694824219,"Rudraprayag, Tehri",Mandakini & Bhilangna Basins,cloudburst-induced flood,True,,DERIVED,HISTORICAL_DISASTER_EVENT,0.25,1.0550000071525574,1.0550000071525574,1.0550000071525574,1.0550000071525574,1.0550000071525574,1.0550000071525574,1.0550000071525574,1.0550000071525574,1.055,24.0,0.9,,,,,,,,,,1920.0,31.8,170.0,-0.02,8100.0,2.2,70.0,6.95,17.1,BASIN-UK-62884A,520.0,4,10,0.66,0.14,0.03,,,,,,,,,,,,,,,,,,,
FL-UK-2024-01,2024-07-31,2024-08-02T00:00:00,30.75,79.04999542236328,"Rudraprayag, Tehri",Mandakini & Bhilangna Basins,cloudburst-induced flood,True,,DERIVED,HISTORICAL_DISASTER_EVENT,0.0,1.834999918937683,3.0499998927116394,3.0499998927116394,3.0499998927116394,3.0499998927116394,3.0499998927116394,3.0499998927116394,1.834999918937683,3.05,14.439,2.59,,,,,,,,,,1920.0,31.8,170.0,-0.02,8100.0,2.2,70.0,6.95,17.1,BASIN-UK-62884A,520.0,4,10,0.66,0.14,0.03,,,,,,,,,,,,,,,,,,,
FL-UK-2024-01,2024-07-31,2024-08-02T00:00:00,30.75,79.1500015258789,"Rudraprayag, Tehri",Mandakini & Bhilangna Basins,cloudburst-induced flood,True,,DERIVED,HISTORICAL_DISASTER_EVENT,0.07499999552965164,2.184999890625477,4.669999800622463,4.669999800622463,4.669999800622463,4.669999800622463,4.669999800622463,4.669999800622463,2.184999890625477,4.67,11.229,3.97,,,,,,,,,,1920.0,31.8,170.0,-0.02,8100.0,2.2,70.0,6.95,17.1,BASIN-UK-62884A,520.0,4,10,0.66,0.14,0.03,,,,,,,,,,,,,,,,,,,
NEG-UK-2018-01,2018-07-15,2018-07-15 00:00:00+00:00,30.4,79.33,Chamoli,Alaknanda River,NON_EVENT_CONTROL,True,EXACT_TIMESTAMP,DIRECT,NEGATIVE_CONTROL,1.2,1.2,3.36,5.4,8.4,12.0,16.8,21.84,2.4,1.32,2.4,16.73,0.28,0.32,,,,,,,,1622.3,27.0,189.3,0.0012,1450.0,1.85,0.35,7.42,12.1,BASIN-UK-CHA-01,450.0,3,10,0.65,0.15,0.02,,,,,,,,,,,,,,,0.0,0.0,0.0,0.0,0.0
NEG-UK-2018-01,2018-07-15,2018-07-15 01:00:00+00:00,30.4,79.33,Chamoli,Alaknanda River,NON_EVENT_CONTROL,True,EXACT_TIMESTAMP,DIRECT,NEGATIVE_CONTROL,1.69,1.69,4.73,7.6,11.83,16.9,23.66,30.76,3.38,1.86,2.4,23.56,0.28,0.32,,,,,,,,1642.3,27.0,189.3,0.0012,1450.0,1.85,0.35,7.42,12.1,BASIN-UK-CHA-01,450.0,3,10,0.65,0.15,0.02,,,,,,,,,,,,,,,0.0,0.0,0.0,0.0,0.0
NEG-UK-2018-01,2018-07-15,2018-07-15 02:00:00+00:00,30.4,79.33,Chamoli,Alaknanda River,NON_EVENT_CONTROL,True,EXACT_TIMESTAMP,DIRECT,NEGATIVE_CONTROL,2.13,2.13,5.96,9.58,14.91,21.3,29.82,38.77,4.26,2.34,2.4,29.7,0.28,0.32,,,,,,,,1662.3,27.0,189.3,0.0012,1450.0,1.85,0.35,7.42,12.1,BASIN-UK-CHA-01,450.0,3,10,0.65,0.15,0.02,,,,,,,,,,,,,,,0.0,0.0,0.0,0.0,0.0
NEG-UK-2018-01,2018-07-15,2018-07-15 03:00:00+00:00,30.4,79.33,Chamoli,Alaknanda River,NON_EVENT_CONTROL,True,EXACT_TIMESTAMP,DIRECT,NEGATIVE_CONTROL,2.46,2.46,6.89,11.07,17.22,24.6,34.44,44.77,4.92,2.71,2.4,34.3,0.28,0.32,,,,,,,,1682.3,27.0,189.3,0.0012,1450.0,1.85,0.35,7.42,12.1,BASIN-UK-CHA-01,450.0,3,10,0.65,0.15,0.02,,,,,,,,,,,,,,,0.0,0.0,0.0,0.0,0.0
NEG-UK-2018-01,2018-07-15,2018-07-15 04:00:00+00:00,30.4,79.33,Chamoli,Alaknanda River,NON_EVENT_CONTROL,True,EXACT_TIMESTAMP,DIRECT,NEGATIVE_CONTROL,2.66,2.66,7.45,11.97,18.62,26.6,37.24,48.41,5.32,2.93,2.4,37.08,0.28,0.32,,,,,,,,1702.3,27.0,189.3,0.0012,1450.0,1.85,0.35,7.42,12.1,BASIN-UK-CHA-01,450.0,3,10,0.65,0.15,0.02,,,,,,,,,,,,,,,0.0,0.0,0.0,0.0,0.0
NEG-UK-2018-01,2018-07-15,2018-07-15 05:00:00+00:00,30.4,79.33,Chamoli,Alaknanda River,NON_EVENT_CONTROL,True,EXACT_TIMESTAMP,DIRECT,NEGATIVE_CONTROL,2.69,2.69,7.53,12.11,18.83,26.9,37.66,48.96,5.38,2.95,2.4,37.51,0.28,0.32,,,,,,,,1622.3,27.0,189.3,0.0012,1450.0,1.85,0.35,7.42,12.1,BASIN-UK-CHA-01,450.0,3,10,0.65,0.15,0.02,,,,,,,,,,,,,,,0.0,0.0,0.0,0.0,0.0
NEG-UK-2018-01,2018-07-15,2018-07-15 06:00:00+00:00,30.4,79.33,Chamoli,Alaknanda River,NON_EVENT_CONTROL,True,EXACT_TIMESTAMP,DIRECT,NEGATIVE_CONTROL,2.56,2.56,7.17,11.52,17.92,25.6,35.84,46.59,5.12,2.82,2.4,35.69,0.28,0.32,,,,,,,,1642.3,27.0,189.3,0.0012,1450.0,1.85,0.35,7.42,12.1,BASIN-UK-CHA-01,450.0,3,10,0.65,0.15,0.02,,,,,,,,,,,,,,,0.0,0.0,0.0,0.0,0.0
NEG-UK-2018-01,2018-07-15,2018-07-15 07:00:00+00:00,30.4,79.33,Chamoli,Alaknanda River,NON_EVENT_CONTROL,True,EXACT_TIMESTAMP,DIRECT,NEGATIVE_CONTROL,2.28,2.28,6.38,10.26,15.96,22.8,31.92,41.5,4.56,2.5,2.4,31.79,0.28,0.32,,,,,,,,1662.3,27.0,189.3,0.0012,1450.0,1.85,0.35,7.42,12.1,BASIN-UK-CHA-01,450.0,3,10,0.65,0.15,0.02,,,,,,,,,,,,,,,0.0,0.0,0.0,0.0,0.0
NEG-UK-2018-01,2018-07-15,2018-07-15 08:00:00+00:00,30.4,79.33,Chamoli,Alaknanda River,NON_EVENT_CONTROL,True,EXACT_TIMESTAMP,DIRECT,NEGATIVE_CONTROL,1.89,1.89,5.29,8.5,13.23,18.9,26.46,34.4,3.78,2.08,2.4,26.35,0.28,0.32,,,,,,,,1682.3,27.0,189.3,0.0012,1450.0,1.85,0.35,7.42,12.1,BASIN-UK-CHA-01,450.0,3,10,0.65,0.15,0.02,,,,,,,,,,,,,,,0.0,0.0,0.0,0.0,0.0
NEG-UK-2018-01,2018-07-15,2018-07-15 09:00:00+00:00,30.4,79.33,Chamoli,Alaknanda River,NON_EVENT_CONTROL,True,EXACT_TIMESTAMP,DIRECT,NEGATIVE_CONTROL,1.41,1.41,3.95,6.34,9.87,14.1,19.74,25.66,2.82,1.56,2.4,19.66,0.28,0.32,,,,,,,,1702.3,27.0,189.3,0.0012,1450.0,1.85,0.35,7.42,12.1,BASIN-UK-CHA-01,450.0,3,10,0.65,0.15,0.02,,,,,,,,,,,,,,,0.0,0.0,0.0,0.0,0.0
NEG-UK-2018-01,2018-07-15,2018-07-15 10:00:00+00:00,30.4,79.33,Chamoli,Alaknanda River,NON_EVENT_CONTROL,True,EXACT_TIMESTAMP,DIRECT,NEGATIVE_CONTROL,0.91,0.91,2.55,4.09,6.37,9.1,12.74,16.56,1.82,1.01,2.4,12.69,0.28,0.32,,,,,,,,1622.3,27.0,189.3,0.0012,1450.0,1.85,0.35,7.42,12.1,BASIN-UK-CHA-01,450.0,3,10,0.65,0.15,0.02,,,,,,,,,,,,,,,0.0,0.0,0.0,0.0,0.0
NEG-UK-2018-01,2018-07-15,2018-07-15 11:00:00+00:00,30.4,79.33,Chamoli,Alaknanda River,NON_EVENT_CONTROL,True,EXACT_TIMESTAMP,DIRECT,NEGATIVE_CONTROL,0.45,0.45,1.26,2.02,3.15,4.5,6.3,8.19,0.9,0.5,2.4,6.27,0.28,0.32,,,,,,,,1642.3,27.0,189.3,0.0012,1450.0,1.85,0.35,7.42,12.1,BASIN-UK-CHA-01,450.0,3,10,0.65,0.15,0.02,,,,,,,,,,,,,,,0.0,0.0,0.0,0.0,0.0
NEG-UK-2018-01,2018-07-15,2018-07-15 12:00:00+00:00,30.4,79.33,Chamoli,Alaknanda River,NON_EVENT_CONTROL,True,EXACT_TIMESTAMP,DIRECT,NEGATIVE_CONTROL,0.06,0.06,0.17,0.27,0.42,0.6,0.84,1.09,0.12,0.07,2.4,0.84,0.28,0.32,,,,,,,,1662.3,27.0,189.3,0.0012,1450.0,1.85,0.35,7.42,12.1,BASIN-UK-CHA-01,450.0,3,10,0.65,0.15,0.02,,,,,,,,,,,,,,,0.0,0.0,0.0,0.0,0.0
NEG-UK-2018-01,2018-07-15,2018-07-15 13:00:00+00:00,30.4,79.33,Chamoli,Alaknanda River,NON_EVENT_CONTROL,True,EXACT_TIMESTAMP,DIRECT,NEGATIVE_CONTROL,0.0,0.0,0.0,0.0,0.0,0.0,0.0,0.0,0.0,0.0,0.0,0.0,0.28,0.32,,,,,,,,1682.3,27.0,189.3,0.0012,1450.0,1.85,0.35,7.42,12.1,BASIN-UK-CHA-01,450.0,3,10,0.65,0.15,0.02,,,,,,,,,,,,,,,0.0,0.0,0.0,0.0,0.0
NEG-UK-2018-01,2018-07-15,2018-07-15 14:00:00+00:00,30.4,79.33,Chamoli,Alaknanda River,NON_EVENT_CONTROL,True,EXACT_TIMESTAMP,DIRECT,NEGATIVE_CONTROL,0.0,0.0,0.0,0.0,0.0,0.0,0.0,0.0,0.0,0.0,0.0,0.0,0.28,0.32,,,,,,,,1702.3,27.0,189.3,0.0012,1450.0,1.85,0.35,7.42,12.1,BASIN-UK-CHA-01,450.0,3,10,0.65,0.15,0.02,,,,,,,,,,,,,,,0.0,0.0,0.0,0.0,0.0
NEG-UK-2018-01,2018-07-15,2018-07-15 15:00:00+00:00,30.4,79.33,Chamoli,Alaknanda River,NON_EVENT_CONTROL,True,EXACT_TIMESTAMP,DIRECT,NEGATIVE_CONTROL,0.0,0.0,0.0,0.0,0.0,0.0,0.0,0.0,0.0,0.0,0.0,0.0,0.28,0.32,,,,,,,,1622.3,27.0,189.3,0.0012,1450.0,1.85,0.35,7.42,12.1,BASIN-UK-CHA-01,450.0,3,10,0.65,0.15,0.02,,,,,,,,,,,,,,,0.0,0.0,0.0,0.0,0.0
NEG-UK-2018-01,2018-07-15,2018-07-15 16:00:00+00:00,30.4,79.33,Chamoli,Alaknanda River,NON_EVENT_CONTROL,True,EXACT_TIMESTAMP,DIRECT,NEGATIVE_CONTROL,0.0,0.0,0.0,0.0,0.0,0.0,0.0,0.0,0.0,0.0,0.0,0.0,0.28,0.32,,,,,,,,1642.3,27.0,189.3,0.0012,1450.0,1.85,0.35,7.42,12.1,BASIN-UK-CHA-01,450.0,3,10,0.65,0.15,0.02,,,,,,,,,,,,,,,0.0,0.0,0.0,0.0,0.0
NEG-UK-2018-01,2018-07-15,2018-07-15 17:00:00+00:00,30.4,79.33,Chamoli,Alaknanda River,NON_EVENT_CONTROL,True,EXACT_TIMESTAMP,DIRECT,NEGATIVE_CONTROL,0.33,0.33,0.92,1.49,2.31,3.3,4.62,6.01,0.66,0.35,2.4,4.6,0.28,0.32,,,,,,,,1662.3,27.0,189.3,0.0012,1450.0,1.85,0.35,7.42,12.1,BASIN-UK-CHA-01,450.0,3,10,0.65,0.15,0.02,,,,,,,,,,,,,,,0.0,0.0,0.0,0.0,0.0
NEG-UK-2018-01,2018-07-15,2018-07-15 18:00:00+00:00,30.4,79.33,Chamoli,Alaknanda River,NON_EVENT_CONTROL,True,EXACT_TIMESTAMP,DIRECT,NEGATIVE_CONTROL,0.78,0.78,2.18,3.51,5.46,7.8,10.92,14.2,1.56,0.85,2.4,10.88,0.28,0.32,,,,,,,,1682.3,27.0,189.3,0.0012,1450.0,1.85,0.35,7.42,12.1,BASIN-UK-CHA-01,450.0,3,10,0.65,0.15,0.02,,,,,,,,,,,,,,,0.0,0.0,0.0,0.0,0.0
NEG-UK-2018-01,2018-07-15,2018-07-15 19:00:00+00:00,30.4,79.33,Chamoli,Alaknanda River,NON_EVENT_CONTROL,True,EXACT_TIMESTAMP,DIRECT,NEGATIVE_CONTROL,1.28,1.28,3.58,5.76,8.96,12.8,17.92,23.3,2.56,1.4,2.4,17.85,0.28,0.32,,,,,,,,1702.3,27.0,189.3,0.0012,1450.0,1.85,0.35,7.42,12.1,BASIN-UK-CHA-01,450.0,3,10,0.65,0.15,0.02,,,,,,,,,,,,,,,0.0,0.0,0.0,0.0,0.0
NEG-UK-2018-01,2018-07-15,2018-07-15 20:00:00+00:00,30.4,79.33,Chamoli,Alaknanda River,NON_EVENT_CONTROL,True,EXACT_TIMESTAMP,DIRECT,NEGATIVE_CONTROL,1.76,1.76,4.93,7.92,12.32,17.6,24.64,32.03,3.52,1.94,2.4,24.54,0.28,0.32,,,,,,,,1622.3,27.0,189.3,0.0012,1450.0,1.85,0.35,7.42,12.1,BASIN-UK-CHA-01,450.0,3,10,0.65,0.15,0.02,,,,,,,,,,,,,,,0.0,0.0,0.0,0.0,0.0
NEG-UK-2018-01,2018-07-15,2018-07-15 21:00:00+00:00,30.4,79.33,Chamoli,Alaknanda River,NON_EVENT_CONTROL,True,EXACT_TIMESTAMP,DIRECT,NEGATIVE_CONTROL,2.19,2.19,6.13,9.86,15.33,21.9,30.66,39.86,4.38,2.4,2.4,30.53,0.28,0.32,,,,,,,,1642.3,27.0,189.3,0.0012,1450.0,1.85,0.35,7.42,12.1,BASIN-UK-CHA-01,450.0,3,10,0.65,0.15,0.02,,,,,,,,,,,,,,,0.0,0.0,0.0,0.0,0.0
NEG-UK-2018-01,2018-07-15,2018-07-15 22:00:00+00:00,30.4,79.33,Chamoli,Alaknanda River,NON_EVENT_CONTROL,True,EXACT_TIMESTAMP,DIRECT,NEGATIVE_CONTROL,2.5,2.5,7.0,11.25,17.5,25.0,35.0,45.5,5.0,2.75,2.4,34.85,0.28,0.32,,,,,,,,1662.3,27.0,189.3,0.0012,1450.0,1.85,0.35,7.42,12.1,BASIN-UK-CHA-01,450.0,3,10,0.65,0.15,0.02,,,,,,,,,,,,,,,0.0,0.0,0.0,0.0,0.0
NEG-UK-2018-01,2018-07-15,2018-07-15 23:00:00+00:00,30.4,79.33,Chamoli,Alaknanda River,NON_EVENT_CONTROL,True,EXACT_TIMESTAMP,DIRECT,NEGATIVE_CONTROL,2.67,2.67,7.48,12.02,18.69,26.7,37.38,48.59,5.34,2.94,2.4,37.22,0.28,0.32,,,,,,,,1682.3,27.0,189.3,0.0012,1450.0,1.85,0.35,7.42,12.1,BASIN-UK-CHA-01,450.0,3,10,0.65,0.15,0.02,,,,,,,,,,,,,,,0.0,0.0,0.0,0.0,0.0
NEG-UK-2018-02,2018-08-10,2018-08-10 00:00:00+00:00,30.48,79.05,Rudraprayag,Mandakini River,NON_EVENT_CONTROL,True,EXACT_TIMESTAMP,DIRECT,NEGATIVE_CONTROL,1.2,1.2,3.36,5.4,8.4,12.0,16.8,21.84,2.4,1.32,2.4,16.73,0.28,0.32,,,,,,,,1622.3,27.0,189.3,0.0012,1450.0,1.85,0.35,7.42,12.1,BASIN-UK-RUD-01,450.0,3,10,0.65,0.15,0.02,,,,,,,,,,,,,,,0.0,0.0,0.0,0.0,0.0
NEG-UK-2018-02,2018-08-10,2018-08-10 01:00:00+00:00,30.48,79.05,Rudraprayag,Mandakini River,NON_EVENT_CONTROL,True,EXACT_TIMESTAMP,DIRECT,NEGATIVE_CONTROL,1.69,1.69,4.73,7.6,11.83,16.9,23.66,30.76,3.38,1.86,2.4,23.56,0.28,0.32,,,,,,,,1642.3,27.0,189.3,0.0012,1450.0,1.85,0.35,7.42,12.1,BASIN-UK-RUD-01,450.0,3,10,0.65,0.15,0.02,,,,,,,,,,,,,,,0.0,0.0,0.0,0.0,0.0
NEG-UK-2018-02,2018-08-10,2018-08-10 02:00:00+00:00,30.48,79.05,Rudraprayag,Mandakini River,NON_EVENT_CONTROL,True,EXACT_TIMESTAMP,DIRECT,NEGATIVE_CONTROL,2.13,2.13,5.96,9.58,14.91,21.3,29.82,38.77,4.26,2.34,2.4,29.7,0.28,0.32,,,,,,,,1662.3,27.0,189.3,0.0012,1450.0,1.85,0.35,7.42,12.1,BASIN-UK-RUD-01,450.0,3,10,0.65,0.15,0.02,,,,,,,,,,,,,,,0.0,0.0,0.0,0.0,0.0
NEG-UK-2018-02,2018-08-10,2018-08-10 03:00:00+00:00,30.48,79.05,Rudraprayag,Mandakini River,NON_EVENT_CONTROL,True,EXACT_TIMESTAMP,DIRECT,NEGATIVE_CONTROL,2.46,2.46,6.89,11.07,17.22,24.6,34.44,44.77,4.92,2.71,2.4,34.3,0.28,0.32,,,,,,,,1682.3,27.0,189.3,0.0012,1450.0,1.85,0.35,7.42,12.1,BASIN-UK-RUD-01,450.0,3,10,0.65,0.15,0.02,,,,,,,,,,,,,,,0.0,0.0,0.0,0.0,0.0
NEG-UK-2018-02,2018-08-10,2018-08-10 04:00:00+00:00,30.48,79.05,Rudraprayag,Mandakini River,NON_EVENT_CONTROL,True,EXACT_TIMESTAMP,DIRECT,NEGATIVE_CONTROL,2.66,2.66,7.45,11.97,18.62,26.6,37.24,48.41,5.32,2.93,2.4,37.08,0.28,0.32,,,,,,,,1702.3,27.0,189.3,0.0012,1450.0,1.85,0.35,7.42,12.1,BASIN-UK-RUD-01,450.0,3,10,0.65,0.15,0.02,,,,,,,,,,,,,,,0.0,0.0,0.0,0.0,0.0
NEG-UK-2018-02,2018-08-10,2018-08-10 05:00:00+00:00,30.48,79.05,Rudraprayag,Mandakini River,NON_EVENT_CONTROL,True,EXACT_TIMESTAMP,DIRECT,NEGATIVE_CONTROL,2.69,2.69,7.53,12.11,18.83,26.9,37.66,48.96,5.38,2.95,2.4,37.51,0.28,0.32,,,,,,,,1622.3,27.0,189.3,0.0012,1450.0,1.85,0.35,7.42,12.1,BASIN-UK-RUD-01,450.0,3,10,0.65,0.15,0.02,,,,,,,,,,,,,,,0.0,0.0,0.0,0.0,0.0
NEG-UK-2018-02,2018-08-10,2018-08-10 06:00:00+00:00,30.48,79.05,Rudraprayag,Mandakini River,NON_EVENT_CONTROL,True,EXACT_TIMESTAMP,DIRECT,NEGATIVE_CONTROL,2.56,2.56,7.17,11.52,17.92,25.6,35.84,46.59,5.12,2.82,2.4,35.69,0.28,0.32,,,,,,,,1642.3,27.0,189.3,0.0012,1450.0,1.85,0.35,7.42,12.1,BASIN-UK-RUD-01,450.0,3,10,0.65,0.15,0.02,,,,,,,,,,,,,,,0.0,0.0,0.0,0.0,0.0
NEG-UK-2018-02,2018-08-10,2018-08-10 07:00:00+00:00,30.48,79.05,Rudraprayag,Mandakini River,NON_EVENT_CONTROL,True,EXACT_TIMESTAMP,DIRECT,NEGATIVE_CONTROL,2.28,2.28,6.38,10.26,15.96,22.8,31.92,41.5,4.56,2.5,2.4,31.79,0.28,0.32,,,,,,,,1662.3,27.0,189.3,0.0012,1450.0,1.85,0.35,7.42,12.1,BASIN-UK-RUD-01,450.0,3,10,0.65,0.15,0.02,,,,,,,,,,,,,,,0.0,0.0,0.0,0.0,0.0
NEG-UK-2018-02,2018-08-10,2018-08-10 08:00:00+00:00,30.48,79.05,Rudraprayag,Mandakini River,NON_EVENT_CONTROL,True,EXACT_TIMESTAMP,DIRECT,NEGATIVE_CONTROL,1.89,1.89,5.29,8.5,13.23,18.9,26.46,34.4,3.78,2.08,2.4,26.35,0.28,0.32,,,,,,,,1682.3,27.0,189.3,0.0012,1450.0,1.85,0.35,7.42,12.1,BASIN-UK-RUD-01,450.0,3,10,0.65,0.15,0.02,,,,,,,,,,,,,,,0.0,0.0,0.0,0.0,0.0
NEG-UK-2018-02,2018-08-10,2018-08-10 09:00:00+00:00,30.48,79.05,Rudraprayag,Mandakini River,NON_EVENT_CONTROL,True,EXACT_TIMESTAMP,DIRECT,NEGATIVE_CONTROL,1.41,1.41,3.95,6.34,9.87,14.1,19.74,25.66,2.82,1.56,2.4,19.66,0.28,0.32,,,,,,,,1702.3,27.0,189.3,0.0012,1450.0,1.85,0.35,7.42,12.1,BASIN-UK-RUD-01,450.0,3,10,0.65,0.15,0.02,,,,,,,,,,,,,,,0.0,0.0,0.0,0.0,0.0
NEG-UK-2018-02,2018-08-10,2018-08-10 10:00:00+00:00,30.48,79.05,Rudraprayag,Mandakini River,NON_EVENT_CONTROL,True,EXACT_TIMESTAMP,DIRECT,NEGATIVE_CONTROL,0.91,0.91,2.55,4.09,6.37,9.1,12.74,16.56,1.82,1.01,2.4,12.69,0.28,0.32,,,,,,,,1622.3,27.0,189.3,0.0012,1450.0,1.85,0.35,7.42,12.1,BASIN-UK-RUD-01,450.0,3,10,0.65,0.15,0.02,,,,,,,,,,,,,,,0.0,0.0,0.0,0.0,0.0
NEG-UK-2018-02,2018-08-10,2018-08-10 11:00:00+00:00,30.48,79.05,Rudraprayag,Mandakini River,NON_EVENT_CONTROL,True,EXACT_TIMESTAMP,DIRECT,NEGATIVE_CONTROL,0.45,0.45,1.26,2.02,3.15,4.5,6.3,8.19,0.9,0.5,2.4,6.27,0.28,0.32,,,,,,,,1642.3,27.0,189.3,0.0012,1450.0,1.85,0.35,7.42,12.1,BASIN-UK-RUD-01,450.0,3,10,0.65,0.15,0.02,,,,,,,,,,,,,,,0.0,0.0,0.0,0.0,0.0
NEG-UK-2018-02,2018-08-10,2018-08-10 12:00:00+00:00,30.48,79.05,Rudraprayag,Mandakini River,NON_EVENT_CONTROL,True,EXACT_TIMESTAMP,DIRECT,NEGATIVE_CONTROL,0.06,0.06,0.17,0.27,0.42,0.6,0.84,1.09,0.12,0.07,2.4,0.84,0.28,0.32,,,,,,,,1662.3,27.0,189.3,0.0012,1450.0,1.85,0.35,7.42,12.1,BASIN-UK-RUD-01,450.0,3,10,0.65,0.15,0.02,,,,,,,,,,,,,,,0.0,0.0,0.0,0.0,0.0
NEG-UK-2018-02,2018-08-10,2018-08-10 13:00:00+00:00,30.48,79.05,Rudraprayag,Mandakini River,NON_EVENT_CONTROL,True,EXACT_TIMESTAMP,DIRECT,NEGATIVE_CONTROL,0.0,0.0,0.0,0.0,0.0,0.0,0.0,0.0,0.0,0.0,0.0,0.0,0.28,0.32,,,,,,,,1682.3,27.0,189.3,0.0012,1450.0,1.85,0.35,7.42,12.1,BASIN-UK-RUD-01,450.0,3,10,0.65,0.15,0.02,,,,,,,,,,,,,,,0.0,0.0,0.0,0.0,0.0
NEG-UK-2018-02,2018-08-10,2018-08-10 14:00:00+00:00,30.48,79.05,Rudraprayag,Mandakini River,NON_EVENT_CONTROL,True,EXACT_TIMESTAMP,DIRECT,NEGATIVE_CONTROL,0.0,0.0,0.0,0.0,0.0,0.0,0.0,0.0,0.0,0.0,0.0,0.0,0.28,0.32,,,,,,,,1702.3,27.0,189.3,0.0012,1450.0,1.85,0.35,7.42,12.1,BASIN-UK-RUD-01,450.0,3,10,0.65,0.15,0.02,,,,,,,,,,,,,,,0.0,0.0,0.0,0.0,0.0
NEG-UK-2018-02,2018-08-10,2018-08-10 15:00:00+00:00,30.48,79.05,Rudraprayag,Mandakini River,NON_EVENT_CONTROL,True,EXACT_TIMESTAMP,DIRECT,NEGATIVE_CONTROL,0.0,0.0,0.0,0.0,0.0,0.0,0.0,0.0,0.0,0.0,0.0,0.0,0.28,0.32,,,,,,,,1622.3,27.0,189.3,0.0012,1450.0,1.85,0.35,7.42,12.1,BASIN-UK-RUD-01,450.0,3,10,0.65,0.15,0.02,,,,,,,,,,,,,,,0.0,0.0,0.0,0.0,0.0
NEG-UK-2018-02,2018-08-10,2018-08-10 16:00:00+00:00,30.48,79.05,Rudraprayag,Mandakini River,NON_EVENT_CONTROL,True,EXACT_TIMESTAMP,DIRECT,NEGATIVE_CONTROL,0.0,0.0,0.0,0.0,0.0,0.0,0.0,0.0,0.0,0.0,0.0,0.0,0.28,0.32,,,,,,,,1642.3,27.0,189.3,0.0012,1450.0,1.85,0.35,7.42,12.1,BASIN-UK-RUD-01,450.0,3,10,0.65,0.15,0.02,,,,,,,,,,,,,,,0.0,0.0,0.0,0.0,0.0
NEG-UK-2018-02,2018-08-10,2018-08-10 17:00:00+00:00,30.48,79.05,Rudraprayag,Mandakini River,NON_EVENT_CONTROL,True,EXACT_TIMESTAMP,DIRECT,NEGATIVE_CONTROL,0.33,0.33,0.92,1.49,2.31,3.3,4.62,6.01,0.66,0.35,2.4,4.6,0.28,0.32,,,,,,,,1662.3,27.0,189.3,0.0012,1450.0,1.85,0.35,7.42,12.1,BASIN-UK-RUD-01,450.0,3,10,0.65,0.15,0.02,,,,,,,,,,,,,,,0.0,0.0,0.0,0.0,0.0
NEG-UK-2018-02,2018-08-10,2018-08-10 18:00:00+00:00,30.48,79.05,Rudraprayag,Mandakini River,NON_EVENT_CONTROL,True,EXACT_TIMESTAMP,DIRECT,NEGATIVE_CONTROL,0.78,0.78,2.18,3.51,5.46,7.8,10.92,14.2,1.56,0.85,2.4,10.88,0.28,0.32,,,,,,,,1682.3,27.0,189.3,0.0012,1450.0,1.85,0.35,7.42,12.1,BASIN-UK-RUD-01,450.0,3,10,0.65,0.15,0.02,,,,,,,,,,,,,,,0.0,0.0,0.0,0.0,0.0
NEG-UK-2018-02,2018-08-10,2018-08-10 19:00:00+00:00,30.48,79.05,Rudraprayag,Mandakini River,NON_EVENT_CONTROL,True,EXACT_TIMESTAMP,DIRECT,NEGATIVE_CONTROL,1.28,1.28,3.58,5.76,8.96,12.8,17.92,23.3,2.56,1.4,2.4,17.85,0.28,0.32,,,,,,,,1702.3,27.0,189.3,0.0012,1450.0,1.85,0.35,7.42,12.1,BASIN-UK-RUD-01,450.0,3,10,0.65,0.15,0.02,,,,,,,,,,,,,,,0.0,0.0,0.0,0.0,0.0
NEG-UK-2018-02,2018-08-10,2018-08-10 20:00:00+00:00,30.48,79.05,Rudraprayag,Mandakini River,NON_EVENT_CONTROL,True,EXACT_TIMESTAMP,DIRECT,NEGATIVE_CONTROL,1.76,1.76,4.93,7.92,12.32,17.6,24.64,32.03,3.52,1.94,2.4,24.54,0.28,0.32,,,,,,,,1622.3,27.0,189.3,0.0012,1450.0,1.85,0.35,7.42,12.1,BASIN-UK-RUD-01,450.0,3,10,0.65,0.15,0.02,,,,,,,,,,,,,,,0.0,0.0,0.0,0.0,0.0
NEG-UK-2018-02,2018-08-10,2018-08-10 21:00:00+00:00,30.48,79.05,Rudraprayag,Mandakini River,NON_EVENT_CONTROL,True,EXACT_TIMESTAMP,DIRECT,NEGATIVE_CONTROL,2.19,2.19,6.13,9.86,15.33,21.9,30.66,39.86,4.38,2.4,2.4,30.53,0.28,0.32,,,,,,,,1642.3,27.0,189.3,0.0012,1450.0,1.85,0.35,7.42,12.1,BASIN-UK-RUD-01,450.0,3,10,0.65,0.15,0.02,,,,,,,,,,,,,,,0.0,0.0,0.0,0.0,0.0
NEG-UK-2018-02,2018-08-10,2018-08-10 22:00:00+00:00,30.48,79.05,Rudraprayag,Mandakini River,NON_EVENT_CONTROL,True,EXACT_TIMESTAMP,DIRECT,NEGATIVE_CONTROL,2.5,2.5,7.0,11.25,17.5,25.0,35.0,45.5,5.0,2.75,2.4,34.85,0.28,0.32,,,,,,,,1662.3,27.0,189.3,0.0012,1450.0,1.85,0.35,7.42,12.1,BASIN-UK-RUD-01,450.0,3,10,0.65,0.15,0.02,,,,,,,,,,,,,,,0.0,0.0,0.0,0.0,0.0
NEG-UK-2018-02,2018-08-10,2018-08-10 23:00:00+00:00,30.48,79.05,Rudraprayag,Mandakini River,NON_EVENT_CONTROL,True,EXACT_TIMESTAMP,DIRECT,NEGATIVE_CONTROL,2.67,2.67,7.48,12.02,18.69,26.7,37.38,48.59,5.34,2.94,2.4,37.22,0.28,0.32,,,,,,,,1682.3,27.0,189.3,0.0012,1450.0,1.85,0.35,7.42,12.1,BASIN-UK-RUD-01,450.0,3,10,0.65,0.15,0.02,,,,,,,,,,,,,,,0.0,0.0,0.0,0.0,0.0
NEG-UK-2019-01,2019-07-22,2019-07-22 00:00:00+00:00,30.73,78.44,Uttarkashi,Bhagirathi River,NON_EVENT_CONTROL,True,EXACT_TIMESTAMP,DIRECT,NEGATIVE_CONTROL,1.2,1.2,3.36,5.4,8.4,12.0,16.8,21.84,2.4,1.32,2.4,16.73,0.28,0.32,,,,,,,,1622.3,27.0,189.3,0.0012,1450.0,1.85,0.35,7.42,12.1,BASIN-UK-UTT-01,450.0,3,10,0.65,0.15,0.02,,,,,,,,,,,,,,,0.0,0.0,0.0,0.0,0.0
NEG-UK-2019-01,2019-07-22,2019-07-22 01:00:00+00:00,30.73,78.44,Uttarkashi,Bhagirathi River,NON_EVENT_CONTROL,True,EXACT_TIMESTAMP,DIRECT,NEGATIVE_CONTROL,1.69,1.69,4.73,7.6,11.83,16.9,23.66,30.76,3.38,1.86,2.4,23.56,0.28,0.32,,,,,,,,1642.3,27.0,189.3,0.0012,1450.0,1.85,0.35,7.42,12.1,BASIN-UK-UTT-01,450.0,3,10,0.65,0.15,0.02,,,,,,,,,,,,,,,0.0,0.0,0.0,0.0,0.0
NEG-UK-2019-01,2019-07-22,2019-07-22 02:00:00+00:00,30.73,78.44,Uttarkashi,Bhagirathi River,NON_EVENT_CONTROL,True,EXACT_TIMESTAMP,DIRECT,NEGATIVE_CONTROL,2.13,2.13,5.96,9.58,14.91,21.3,29.82,38.77,4.26,2.34,2.4,29.7,0.28,0.32,,,,,,,,1662.3,27.0,189.3,0.0012,1450.0,1.85,0.35,7.42,12.1,BASIN-UK-UTT-01,450.0,3,10,0.65,0.15,0.02,,,,,,,,,,,,,,,0.0,0.0,0.0,0.0,0.0
NEG-UK-2019-01,2019-07-22,2019-07-22 03:00:00+00:00,30.73,78.44,Uttarkashi,Bhagirathi River,NON_EVENT_CONTROL,True,EXACT_TIMESTAMP,DIRECT,NEGATIVE_CONTROL,2.46,2.46,6.89,11.07,17.22,24.6,34.44,44.77,4.92,2.71,2.4,34.3,0.28,0.32,,,,,,,,1682.3,27.0,189.3,0.0012,1450.0,1.85,0.35,7.42,12.1,BASIN-UK-UTT-01,450.0,3,10,0.65,0.15,0.02,,,,,,,,,,,,,,,0.0,0.0,0.0,0.0,0.0
NEG-UK-2019-01,2019-07-22,2019-07-22 04:00:00+00:00,30.73,78.44,Uttarkashi,Bhagirathi River,NON_EVENT_CONTROL,True,EXACT_TIMESTAMP,DIRECT,NEGATIVE_CONTROL,2.66,2.66,7.45,11.97,18.62,26.6,37.24,48.41,5.32,2.93,2.4,37.08,0.28,0.32,,,,,,,,1702.3,27.0,189.3,0.0012,1450.0,1.85,0.35,7.42,12.1,BASIN-UK-UTT-01,450.0,3,10,0.65,0.15,0.02,,,,,,,,,,,,,,,0.0,0.0,0.0,0.0,0.0
NEG-UK-2019-01,2019-07-22,2019-07-22 05:00:00+00:00,30.73,78.44,Uttarkashi,Bhagirathi River,NON_EVENT_CONTROL,True,EXACT_TIMESTAMP,DIRECT,NEGATIVE_CONTROL,2.69,2.69,7.53,12.11,18.83,26.9,37.66,48.96,5.38,2.95,2.4,37.51,0.28,0.32,,,,,,,,1622.3,27.0,189.3,0.0012,1450.0,1.85,0.35,7.42,12.1,BASIN-UK-UTT-01,450.0,3,10,0.65,0.15,0.02,,,,,,,,,,,,,,,0.0,0.0,0.0,0.0,0.0
NEG-UK-2019-01,2019-07-22,2019-07-22 06:00:00+00:00,30.73,78.44,Uttarkashi,Bhagirathi River,NON_EVENT_CONTROL,True,EXACT_TIMESTAMP,DIRECT,NEGATIVE_CONTROL,2.56,2.56,7.17,11.52,17.92,25.6,35.84,46.59,5.12,2.82,2.4,35.69,0.28,0.32,,,,,,,,1642.3,27.0,189.3,0.0012,1450.0,1.85,0.35,7.42,12.1,BASIN-UK-UTT-01,450.0,3,10,0.65,0.15,0.02,,,,,,,,,,,,,,,0.0,0.0,0.0,0.0,0.0
NEG-UK-2019-01,2019-07-22,2019-07-22 07:00:00+00:00,30.73,78.44,Uttarkashi,Bhagirathi River,NON_EVENT_CONTROL,True,EXACT_TIMESTAMP,DIRECT,NEGATIVE_CONTROL,2.28,2.28,6.38,10.26,15.96,22.8,31.92,41.5,4.56,2.5,2.4,31.79,0.28,0.32,,,,,,,,1662.3,27.0,189.3,0.0012,1450.0,1.85,0.35,7.42,12.1,BASIN-UK-UTT-01,450.0,3,10,0.65,0.15,0.02,,,,,,,,,,,,,,,0.0,0.0,0.0,0.0,0.0
NEG-UK-2019-01,2019-07-22,2019-07-22 08:00:00+00:00,30.73,78.44,Uttarkashi,Bhagirathi River,NON_EVENT_CONTROL,True,EXACT_TIMESTAMP,DIRECT,NEGATIVE_CONTROL,1.89,1.89,5.29,8.5,13.23,18.9,26.46,34.4,3.78,2.08,2.4,26.35,0.28,0.32,,,,,,,,1682.3,27.0,189.3,0.0012,1450.0,1.85,0.35,7.42,12.1,BASIN-UK-UTT-01,450.0,3,10,0.65,0.15,0.02,,,,,,,,,,,,,,,0.0,0.0,0.0,0.0,0.0
NEG-UK-2019-01,2019-07-22,2019-07-22 09:00:00+00:00,30.73,78.44,Uttarkashi,Bhagirathi River,NON_EVENT_CONTROL,True,EXACT_TIMESTAMP,DIRECT,NEGATIVE_CONTROL,1.41,1.41,3.95,6.34,9.87,14.1,19.74,25.66,2.82,1.56,2.4,19.66,0.28,0.32,,,,,,,,1702.3,27.0,189.3,0.0012,1450.0,1.85,0.35,7.42,12.1,BASIN-UK-UTT-01,450.0,3,10,0.65,0.15,0.02,,,,,,,,,,,,,,,0.0,0.0,0.0,0.0,0.0
NEG-UK-2019-01,2019-07-22,2019-07-22 10:00:00+00:00,30.73,78.44,Uttarkashi,Bhagirathi River,NON_EVENT_CONTROL,True,EXACT_TIMESTAMP,DIRECT,NEGATIVE_CONTROL,0.91,0.91,2.55,4.09,6.37,9.1,12.74,16.56,1.82,1.01,2.4,12.69,0.28,0.32,,,,,,,,1622.3,27.0,189.3,0.0012,1450.0,1.85,0.35,7.42,12.1,BASIN-UK-UTT-01,450.0,3,10,0.65,0.15,0.02,,,,,,,,,,,,,,,0.0,0.0,0.0,0.0,0.0
NEG-UK-2019-01,2019-07-22,2019-07-22 11:00:00+00:00,30.73,78.44,Uttarkashi,Bhagirathi River,NON_EVENT_CONTROL,True,EXACT_TIMESTAMP,DIRECT,NEGATIVE_CONTROL,0.45,0.45,1.26,2.02,3.15,4.5,6.3,8.19,0.9,0.5,2.4,6.27,0.28,0.32,,,,,,,,1642.3,27.0,189.3,0.0012,1450.0,1.85,0.35,7.42,12.1,BASIN-UK-UTT-01,450.0,3,10,0.65,0.15,0.02,,,,,,,,,,,,,,,0.0,0.0,0.0,0.0,0.0
NEG-UK-2019-01,2019-07-22,2019-07-22 12:00:00+00:00,30.73,78.44,Uttarkashi,Bhagirathi River,NON_EVENT_CONTROL,True,EXACT_TIMESTAMP,DIRECT,NEGATIVE_CONTROL,0.06,0.06,0.17,0.27,0.42,0.6,0.84,1.09,0.12,0.07,2.4,0.84,0.28,0.32,,,,,,,,1662.3,27.0,189.3,0.0012,1450.0,1.85,0.35,7.42,12.1,BASIN-UK-UTT-01,450.0,3,10,0.65,0.15,0.02,,,,,,,,,,,,,,,0.0,0.0,0.0,0.0,0.0
NEG-UK-2019-01,2019-07-22,2019-07-22 13:00:00+00:00,30.73,78.44,Uttarkashi,Bhagirathi River,NON_EVENT_CONTROL,True,EXACT_TIMESTAMP,DIRECT,NEGATIVE_CONTROL,0.0,0.0,0.0,0.0,0.0,0.0,0.0,0.0,0.0,0.0,0.0,0.0,0.28,0.32,,,,,,,,1682.3,27.0,189.3,0.0012,1450.0,1.85,0.35,7.42,12.1,BASIN-UK-UTT-01,450.0,3,10,0.65,0.15,0.02,,,,,,,,,,,,,,,0.0,0.0,0.0,0.0,0.0
NEG-UK-2019-01,2019-07-22,2019-07-22 14:00:00+00:00,30.73,78.44,Uttarkashi,Bhagirathi River,NON_EVENT_CONTROL,True,EXACT_TIMESTAMP,DIRECT,NEGATIVE_CONTROL,0.0,0.0,0.0,0.0,0.0,0.0,0.0,0.0,0.0,0.0,0.0,0.0,0.28,0.32,,,,,,,,1702.3,27.0,189.3,0.0012,1450.0,1.85,0.35,7.42,12.1,BASIN-UK-UTT-01,450.0,3,10,0.65,0.15,0.02,,,,,,,,,,,,,,,0.0,0.0,0.0,0.0,0.0
NEG-UK-2019-01,2019-07-22,2019-07-22 15:00:00+00:00,30.73,78.44,Uttarkashi,Bhagirathi River,NON_EVENT_CONTROL,True,EXACT_TIMESTAMP,DIRECT,NEGATIVE_CONTROL,0.0,0.0,0.0,0.0,0.0,0.0,0.0,0.0,0.0,0.0,0.0,0.0,0.28,0.32,,,,,,,,1622.3,27.0,189.3,0.0012,1450.0,1.85,0.35,7.42,12.1,BASIN-UK-UTT-01,450.0,3,10,0.65,0.15,0.02,,,,,,,,,,,,,,,0.0,0.0,0.0,0.0,0.0
NEG-UK-2019-01,2019-07-22,2019-07-22 16:00:00+00:00,30.73,78.44,Uttarkashi,Bhagirathi River,NON_EVENT_CONTROL,True,EXACT_TIMESTAMP,DIRECT,NEGATIVE_CONTROL,0.0,0.0,0.0,0.0,0.0,0.0,0.0,0.0,0.0,0.0,0.0,0.0,0.28,0.32,,,,,,,,1642.3,27.0,189.3,0.0012,1450.0,1.85,0.35,7.42,12.1,BASIN-UK-UTT-01,450.0,3,10,0.65,0.15,0.02,,,,,,,,,,,,,,,0.0,0.0,0.0,0.0,0.0
NEG-UK-2019-01,2019-07-22,2019-07-22 17:00:00+00:00,30.73,78.44,Uttarkashi,Bhagirathi River,NON_EVENT_CONTROL,True,EXACT_TIMESTAMP,DIRECT,NEGATIVE_CONTROL,0.33,0.33,0.92,1.49,2.31,3.3,4.62,6.01,0.66,0.35,2.4,4.6,0.28,0.32,,,,,,,,1662.3,27.0,189.3,0.0012,1450.0,1.85,0.35,7.42,12.1,BASIN-UK-UTT-01,450.0,3,10,0.65,0.15,0.02,,,,,,,,,,,,,,,0.0,0.0,0.0,0.0,0.0
NEG-UK-2019-01,2019-07-22,2019-07-22 18:00:00+00:00,30.73,78.44,Uttarkashi,Bhagirathi River,NON_EVENT_CONTROL,True,EXACT_TIMESTAMP,DIRECT,NEGATIVE_CONTROL,0.78,0.78,2.18,3.51,5.46,7.8,10.92,14.2,1.56,0.85,2.4,10.88,0.28,0.32,,,,,,,,1682.3,27.0,189.3,0.0012,1450.0,1.85,0.35,7.42,12.1,BASIN-UK-UTT-01,450.0,3,10,0.65,0.15,0.02,,,,,,,,,,,,,,,0.0,0.0,0.0,0.0,0.0
NEG-UK-2019-01,2019-07-22,2019-07-22 19:00:00+00:00,30.73,78.44,Uttarkashi,Bhagirathi River,NON_EVENT_CONTROL,True,EXACT_TIMESTAMP,DIRECT,NEGATIVE_CONTROL,1.28,1.28,3.58,5.76,8.96,12.8,17.92,23.3,2.56,1.4,2.4,17.85,0.28,0.32,,,,,,,,1702.3,27.0,189.3,0.0012,1450.0,1.85,0.35,7.42,12.1,BASIN-UK-UTT-01,450.0,3,10,0.65,0.15,0.02,,,,,,,,,,,,,,,0.0,0.0,0.0,0.0,0.0
NEG-UK-2019-01,2019-07-22,2019-07-22 20:00:00+00:00,30.73,78.44,Uttarkashi,Bhagirathi River,NON_EVENT_CONTROL,True,EXACT_TIMESTAMP,DIRECT,NEGATIVE_CONTROL,1.76,1.76,4.93,7.92,12.32,17.6,24.64,32.03,3.52,1.94,2.4,24.54,0.28,0.32,,,,,,,,1622.3,27.0,189.3,0.0012,1450.0,1.85,0.35,7.42,12.1,BASIN-UK-UTT-01,450.0,3,10,0.65,0.15,0.02,,,,,,,,,,,,,,,0.0,0.0,0.0,0.0,0.0
NEG-UK-2019-01,2019-07-22,2019-07-22 21:00:00+00:00,30.73,78.44,Uttarkashi,Bhagirathi River,NON_EVENT_CONTROL,True,EXACT_TIMESTAMP,DIRECT,NEGATIVE_CONTROL,2.19,2.19,6.13,9.86,15.33,21.9,30.66,39.86,4.38,2.4,2.4,30.53,0.28,0.32,,,,,,,,1642.3,27.0,189.3,0.0012,1450.0,1.85,0.35,7.42,12.1,BASIN-UK-UTT-01,450.0,3,10,0.65,0.15,0.02,,,,,,,,,,,,,,,0.0,0.0,0.0,0.0,0.0
NEG-UK-2019-01,2019-07-22,2019-07-22 22:00:00+00:00,30.73,78.44,Uttarkashi,Bhagirathi River,NON_EVENT_CONTROL,True,EXACT_TIMESTAMP,DIRECT,NEGATIVE_CONTROL,2.5,2.5,7.0,11.25,17.5,25.0,35.0,45.5,5.0,2.75,2.4,34.85,0.28,0.32,,,,,,,,1662.3,27.0,189.3,0.0012,1450.0,1.85,0.35,7.42,12.1,BASIN-UK-UTT-01,450.0,3,10,0.65,0.15,0.02,,,,,,,,,,,,,,,0.0,0.0,0.0,0.0,0.0
NEG-UK-2019-01,2019-07-22,2019-07-22 23:00:00+00:00,30.73,78.44,Uttarkashi,Bhagirathi River,NON_EVENT_CONTROL,True,EXACT_TIMESTAMP,DIRECT,NEGATIVE_CONTROL,2.67,2.67,7.48,12.02,18.69,26.7,37.38,48.59,5.34,2.94,2.4,37.22,0.28,0.32,,,,,,,,1682.3,27.0,189.3,0.0012,1450.0,1.85,0.35,7.42,12.1,BASIN-UK-UTT-01,450.0,3,10,0.65,0.15,0.02,,,,,,,,,,,,,,,0.0,0.0,0.0,0.0,0.0
NEG-UK-2020-01,2020-08-05,2020-08-05 00:00:00+00:00,29.85,80.2,Pithoragarh,Kali River,NON_EVENT_CONTROL,True,EXACT_TIMESTAMP,DIRECT,NEGATIVE_CONTROL,1.2,1.2,3.36,5.4,8.4,12.0,16.8,21.84,2.4,1.32,2.4,16.73,0.28,0.32,,,,,,,,1622.3,27.0,189.3,0.0012,1450.0,1.85,0.35,7.42,12.1,BASIN-UK-PIT-01,450.0,3,10,0.65,0.15,0.02,,,,,,,,,,,,,,,0.0,0.0,0.0,0.0,0.0
NEG-UK-2020-01,2020-08-05,2020-08-05 01:00:00+00:00,29.85,80.2,Pithoragarh,Kali River,NON_EVENT_CONTROL,True,EXACT_TIMESTAMP,DIRECT,NEGATIVE_CONTROL,1.69,1.69,4.73,7.6,11.83,16.9,23.66,30.76,3.38,1.86,2.4,23.56,0.28,0.32,,,,,,,,1642.3,27.0,189.3,0.0012,1450.0,1.85,0.35,7.42,12.1,BASIN-UK-PIT-01,450.0,3,10,0.65,0.15,0.02,,,,,,,,,,,,,,,0.0,0.0,0.0,0.0,0.0
NEG-UK-2020-01,2020-08-05,2020-08-05 02:00:00+00:00,29.85,80.2,Pithoragarh,Kali River,NON_EVENT_CONTROL,True,EXACT_TIMESTAMP,DIRECT,NEGATIVE_CONTROL,2.13,2.13,5.96,9.58,14.91,21.3,29.82,38.77,4.26,2.34,2.4,29.7,0.28,0.32,,,,,,,,1662.3,27.0,189.3,0.0012,1450.0,1.85,0.35,7.42,12.1,BASIN-UK-PIT-01,450.0,3,10,0.65,0.15,0.02,,,,,,,,,,,,,,,0.0,0.0,0.0,0.0,0.0
NEG-UK-2020-01,2020-08-05,2020-08-05 03:00:00+00:00,29.85,80.2,Pithoragarh,Kali River,NON_EVENT_CONTROL,True,EXACT_TIMESTAMP,DIRECT,NEGATIVE_CONTROL,2.46,2.46,6.89,11.07,17.22,24.6,34.44,44.77,4.92,2.71,2.4,34.3,0.28,0.32,,,,,,,,1682.3,27.0,189.3,0.0012,1450.0,1.85,0.35,7.42,12.1,BASIN-UK-PIT-01,450.0,3,10,0.65,0.15,0.02,,,,,,,,,,,,,,,0.0,0.0,0.0,0.0,0.0
NEG-UK-2020-01,2020-08-05,2020-08-05 04:00:00+00:00,29.85,80.2,Pithoragarh,Kali River,NON_EVENT_CONTROL,True,EXACT_TIMESTAMP,DIRECT,NEGATIVE_CONTROL,2.66,2.66,7.45,11.97,18.62,26.6,37.24,48.41,5.32,2.93,2.4,37.08,0.28,0.32,,,,,,,,1702.3,27.0,189.3,0.0012,1450.0,1.85,0.35,7.42,12.1,BASIN-UK-PIT-01,450.0,3,10,0.65,0.15,0.02,,,,,,,,,,,,,,,0.0,0.0,0.0,0.0,0.0
NEG-UK-2020-01,2020-08-05,2020-08-05 05:00:00+00:00,29.85,80.2,Pithoragarh,Kali River,NON_EVENT_CONTROL,True,EXACT_TIMESTAMP,DIRECT,NEGATIVE_CONTROL,2.69,2.69,7.53,12.11,18.83,26.9,37.66,48.96,5.38,2.95,2.4,37.51,0.28,0.32,,,,,,,,1622.3,27.0,189.3,0.0012,1450.0,1.85,0.35,7.42,12.1,BASIN-UK-PIT-01,450.0,3,10,0.65,0.15,0.02,,,,,,,,,,,,,,,0.0,0.0,0.0,0.0,0.0
NEG-UK-2020-01,2020-08-05,2020-08-05 06:00:00+00:00,29.85,80.2,Pithoragarh,Kali River,NON_EVENT_CONTROL,True,EXACT_TIMESTAMP,DIRECT,NEGATIVE_CONTROL,2.56,2.56,7.17,11.52,17.92,25.6,35.84,46.59,5.12,2.82,2.4,35.69,0.28,0.32,,,,,,,,1642.3,27.0,189.3,0.0012,1450.0,1.85,0.35,7.42,12.1,BASIN-UK-PIT-01,450.0,3,10,0.65,0.15,0.02,,,,,,,,,,,,,,,0.0,0.0,0.0,0.0,0.0
NEG-UK-2020-01,2020-08-05,2020-08-05 07:00:00+00:00,29.85,80.2,Pithoragarh,Kali River,NON_EVENT_CONTROL,True,EXACT_TIMESTAMP,DIRECT,NEGATIVE_CONTROL,2.28,2.28,6.38,10.26,15.96,22.8,31.92,41.5,4.56,2.5,2.4,31.79,0.28,0.32,,,,,,,,1662.3,27.0,189.3,0.0012,1450.0,1.85,0.35,7.42,12.1,BASIN-UK-PIT-01,450.0,3,10,0.65,0.15,0.02,,,,,,,,,,,,,,,0.0,0.0,0.0,0.0,0.0
NEG-UK-2020-01,2020-08-05,2020-08-05 08:00:00+00:00,29.85,80.2,Pithoragarh,Kali River,NON_EVENT_CONTROL,True,EXACT_TIMESTAMP,DIRECT,NEGATIVE_CONTROL,1.89,1.89,5.29,8.5,13.23,18.9,26.46,34.4,3.78,2.08,2.4,26.35,0.28,0.32,,,,,,,,1682.3,27.0,189.3,0.0012,1450.0,1.85,0.35,7.42,12.1,BASIN-UK-PIT-01,450.0,3,10,0.65,0.15,0.02,,,,,,,,,,,,,,,0.0,0.0,0.0,0.0,0.0
NEG-UK-2020-01,2020-08-05,2020-08-05 09:00:00+00:00,29.85,80.2,Pithoragarh,Kali River,NON_EVENT_CONTROL,True,EXACT_TIMESTAMP,DIRECT,NEGATIVE_CONTROL,1.41,1.41,3.95,6.34,9.87,14.1,19.74,25.66,2.82,1.56,2.4,19.66,0.28,0.32,,,,,,,,1702.3,27.0,189.3,0.0012,1450.0,1.85,0.35,7.42,12.1,BASIN-UK-PIT-01,450.0,3,10,0.65,0.15,0.02,,,,,,,,,,,,,,,0.0,0.0,0.0,0.0,0.0
NEG-UK-2020-01,2020-08-05,2020-08-05 10:00:00+00:00,29.85,80.2,Pithoragarh,Kali River,NON_EVENT_CONTROL,True,EXACT_TIMESTAMP,DIRECT,NEGATIVE_CONTROL,0.91,0.91,2.55,4.09,6.37,9.1,12.74,16.56,1.82,1.01,2.4,12.69,0.28,0.32,,,,,,,,1622.3,27.0,189.3,0.0012,1450.0,1.85,0.35,7.42,12.1,BASIN-UK-PIT-01,450.0,3,10,0.65,0.15,0.02,,,,,,,,,,,,,,,0.0,0.0,0.0,0.0,0.0
NEG-UK-2020-01,2020-08-05,2020-08-05 11:00:00+00:00,29.85,80.2,Pithoragarh,Kali River,NON_EVENT_CONTROL,True,EXACT_TIMESTAMP,DIRECT,NEGATIVE_CONTROL,0.45,0.45,1.26,2.02,3.15,4.5,6.3,8.19,0.9,0.5,2.4,6.27,0.28,0.32,,,,,,,,1642.3,27.0,189.3,0.0012,1450.0,1.85,0.35,7.42,12.1,BASIN-UK-PIT-01,450.0,3,10,0.65,0.15,0.02,,,,,,,,,,,,,,,0.0,0.0,0.0,0.0,0.0
NEG-UK-2020-01,2020-08-05,2020-08-05 12:00:00+00:00,29.85,80.2,Pithoragarh,Kali River,NON_EVENT_CONTROL,True,EXACT_TIMESTAMP,DIRECT,NEGATIVE_CONTROL,0.06,0.06,0.17,0.27,0.42,0.6,0.84,1.09,0.12,0.07,2.4,0.84,0.28,0.32,,,,,,,,1662.3,27.0,189.3,0.0012,1450.0,1.85,0.35,7.42,12.1,BASIN-UK-PIT-01,450.0,3,10,0.65,0.15,0.02,,,,,,,,,,,,,,,0.0,0.0,0.0,0.0,0.0
NEG-UK-2020-01,2020-08-05,2020-08-05 13:00:00+00:00,29.85,80.2,Pithoragarh,Kali River,NON_EVENT_CONTROL,True,EXACT_TIMESTAMP,DIRECT,NEGATIVE_CONTROL,0.0,0.0,0.0,0.0,0.0,0.0,0.0,0.0,0.0,0.0,0.0,0.0,0.28,0.32,,,,,,,,1682.3,27.0,189.3,0.0012,1450.0,1.85,0.35,7.42,12.1,BASIN-UK-PIT-01,450.0,3,10,0.65,0.15,0.02,,,,,,,,,,,,,,,0.0,0.0,0.0,0.0,0.0
NEG-UK-2020-01,2020-08-05,2020-08-05 14:00:00+00:00,29.85,80.2,Pithoragarh,Kali River,NON_EVENT_CONTROL,True,EXACT_TIMESTAMP,DIRECT,NEGATIVE_CONTROL,0.0,0.0,0.0,0.0,0.0,0.0,0.0,0.0,0.0,0.0,0.0,0.0,0.28,0.32,,,,,,,,1702.3,27.0,189.3,0.0012,1450.0,1.85,0.35,7.42,12.1,BASIN-UK-PIT-01,450.0,3,10,0.65,0.15,0.02,,,,,,,,,,,,,,,0.0,0.0,0.0,0.0,0.0
NEG-UK-2020-01,2020-08-05,2020-08-05 15:00:00+00:00,29.85,80.2,Pithoragarh,Kali River,NON_EVENT_CONTROL,True,EXACT_TIMESTAMP,DIRECT,NEGATIVE_CONTROL,0.0,0.0,0.0,0.0,0.0,0.0,0.0,0.0,0.0,0.0,0.0,0.0,0.28,0.32,,,,,,,,1622.3,27.0,189.3,0.0012,1450.0,1.85,0.35,7.42,12.1,BASIN-UK-PIT-01,450.0,3,10,0.65,0.15,0.02,,,,,,,,,,,,,,,0.0,0.0,0.0,0.0,0.0
NEG-UK-2020-01,2020-08-05,2020-08-05 16:00:00+00:00,29.85,80.2,Pithoragarh,Kali River,NON_EVENT_CONTROL,True,EXACT_TIMESTAMP,DIRECT,NEGATIVE_CONTROL,0.0,0.0,0.0,0.0,0.0,0.0,0.0,0.0,0.0,0.0,0.0,0.0,0.28,0.32,,,,,,,,1642.3,27.0,189.3,0.0012,1450.0,1.85,0.35,7.42,12.1,BASIN-UK-PIT-01,450.0,3,10,0.65,0.15,0.02,,,,,,,,,,,,,,,0.0,0.0,0.0,0.0,0.0
NEG-UK-2020-01,2020-08-05,2020-08-05 17:00:00+00:00,29.85,80.2,Pithoragarh,Kali River,NON_EVENT_CONTROL,True,EXACT_TIMESTAMP,DIRECT,NEGATIVE_CONTROL,0.33,0.33,0.92,1.49,2.31,3.3,4.62,6.01,0.66,0.35,2.4,4.6,0.28,0.32,,,,,,,,1662.3,27.0,189.3,0.0012,1450.0,1.85,0.35,7.42,12.1,BASIN-UK-PIT-01,450.0,3,10,0.65,0.15,0.02,,,,,,,,,,,,,,,0.0,0.0,0.0,0.0,0.0
NEG-UK-2020-01,2020-08-05,2020-08-05 18:00:00+00:00,29.85,80.2,Pithoragarh,Kali River,NON_EVENT_CONTROL,True,EXACT_TIMESTAMP,DIRECT,NEGATIVE_CONTROL,0.78,0.78,2.18,3.51,5.46,7.8,10.92,14.2,1.56,0.85,2.4,10.88,0.28,0.32,,,,,,,,1682.3,27.0,189.3,0.0012,1450.0,1.85,0.35,7.42,12.1,BASIN-UK-PIT-01,450.0,3,10,0.65,0.15,0.02,,,,,,,,,,,,,,,0.0,0.0,0.0,0.0,0.0
NEG-UK-2020-01,2020-08-05,2020-08-05 19:00:00+00:00,29.85,80.2,Pithoragarh,Kali River,NON_EVENT_CONTROL,True,EXACT_TIMESTAMP,DIRECT,NEGATIVE_CONTROL,1.28,1.28,3.58,5.76,8.96,12.8,17.92,23.3,2.56,1.4,2.4,17.85,0.28,0.32,,,,,,,,1702.3,27.0,189.3,0.0012,1450.0,1.85,0.35,7.42,12.1,BASIN-UK-PIT-01,450.0,3,10,0.65,0.15,0.02,,,,,,,,,,,,,,,0.0,0.0,0.0,0.0,0.0
NEG-UK-2020-01,2020-08-05,2020-08-05 20:00:00+00:00,29.85,80.2,Pithoragarh,Kali River,NON_EVENT_CONTROL,True,EXACT_TIMESTAMP,DIRECT,NEGATIVE_CONTROL,1.76,1.76,4.93,7.92,12.32,17.6,24.64,32.03,3.52,1.94,2.4,24.54,0.28,0.32,,,,,,,,1622.3,27.0,189.3,0.0012,1450.0,1.85,0.35,7.42,12.1,BASIN-UK-PIT-01,450.0,3,10,0.65,0.15,0.02,,,,,,,,,,,,,,,0.0,0.0,0.0,0.0,0.0
NEG-UK-2020-01,2020-08-05,2020-08-05 21:00:00+00:00,29.85,80.2,Pithoragarh,Kali River,NON_EVENT_CONTROL,True,EXACT_TIMESTAMP,DIRECT,NEGATIVE_CONTROL,2.19,2.19,6.13,9.86,15.33,21.9,30.66,39.86,4.38,2.4,2.4,30.53,0.28,0.32,,,,,,,,1642.3,27.0,189.3,0.0012,1450.0,1.85,0.35,7.42,12.1,BASIN-UK-PIT-01,450.0,3,10,0.65,0.15,0.02,,,,,,,,,,,,,,,0.0,0.0,0.0,0.0,0.0
NEG-UK-2020-01,2020-08-05,2020-08-05 22:00:00+00:00,29.85,80.2,Pithoragarh,Kali River,NON_EVENT_CONTROL,True,EXACT_TIMESTAMP,DIRECT,NEGATIVE_CONTROL,2.5,2.5,7.0,11.25,17.5,25.0,35.0,45.5,5.0,2.75,2.4,34.85,0.28,0.32,,,,,,,,1662.3,27.0,189.3,0.0012,1450.0,1.85,0.35,7.42,12.1,BASIN-UK-PIT-01,450.0,3,10,0.65,0.15,0.02,,,,,,,,,,,,,,,0.0,0.0,0.0,0.0,0.0
NEG-UK-2020-01,2020-08-05,2020-08-05 23:00:00+00:00,29.85,80.2,Pithoragarh,Kali River,NON_EVENT_CONTROL,True,EXACT_TIMESTAMP,DIRECT,NEGATIVE_CONTROL,2.67,2.67,7.48,12.02,18.69,26.7,37.38,48.59,5.34,2.94,2.4,37.22,0.28,0.32,,,,,,,,1682.3,27.0,189.3,0.0012,1450.0,1.85,0.35,7.42,12.1,BASIN-UK-PIT-01,450.0,3,10,0.65,0.15,0.02,,,,,,,,,,,,,,,0.0,0.0,0.0,0.0,0.0
NEG-UK-2020-02,2020-09-01,2020-09-01 00:00:00+00:00,30.32,78.08,Dehradun,Song River,NON_EVENT_CONTROL,True,EXACT_TIMESTAMP,DIRECT,NEGATIVE_CONTROL,1.2,1.2,3.36,5.4,8.4,12.0,16.8,21.84,2.4,1.32,2.4,16.73,0.28,0.32,,,,,,,,1622.3,27.0,189.3,0.0012,1450.0,1.85,0.35,7.42,12.1,BASIN-UK-DEH-01,450.0,3,10,0.65,0.15,0.02,,,,,,,,,,,,,,,0.0,0.0,0.0,0.0,0.0
NEG-UK-2020-02,2020-09-01,2020-09-01 01:00:00+00:00,30.32,78.08,Dehradun,Song River,NON_EVENT_CONTROL,True,EXACT_TIMESTAMP,DIRECT,NEGATIVE_CONTROL,1.69,1.69,4.73,7.6,11.83,16.9,23.66,30.76,3.38,1.86,2.4,23.56,0.28,0.32,,,,,,,,1642.3,27.0,189.3,0.0012,1450.0,1.85,0.35,7.42,12.1,BASIN-UK-DEH-01,450.0,3,10,0.65,0.15,0.02,,,,,,,,,,,,,,,0.0,0.0,0.0,0.0,0.0
NEG-UK-2020-02,2020-09-01,2020-09-01 02:00:00+00:00,30.32,78.08,Dehradun,Song River,NON_EVENT_CONTROL,True,EXACT_TIMESTAMP,DIRECT,NEGATIVE_CONTROL,2.13,2.13,5.96,9.58,14.91,21.3,29.82,38.77,4.26,2.34,2.4,29.7,0.28,0.32,,,,,,,,1662.3,27.0,189.3,0.0012,1450.0,1.85,0.35,7.42,12.1,BASIN-UK-DEH-01,450.0,3,10,0.65,0.15,0.02,,,,,,,,,,,,,,,0.0,0.0,0.0,0.0,0.0
NEG-UK-2020-02,2020-09-01,2020-09-01 03:00:00+00:00,30.32,78.08,Dehradun,Song River,NON_EVENT_CONTROL,True,EXACT_TIMESTAMP,DIRECT,NEGATIVE_CONTROL,2.46,2.46,6.89,11.07,17.22,24.6,34.44,44.77,4.92,2.71,2.4,34.3,0.28,0.32,,,,,,,,1682.3,27.0,189.3,0.0012,1450.0,1.85,0.35,7.42,12.1,BASIN-UK-DEH-01,450.0,3,10,0.65,0.15,0.02,,,,,,,,,,,,,,,0.0,0.0,0.0,0.0,0.0
NEG-UK-2020-02,2020-09-01,2020-09-01 04:00:00+00:00,30.32,78.08,Dehradun,Song River,NON_EVENT_CONTROL,True,EXACT_TIMESTAMP,DIRECT,NEGATIVE_CONTROL,2.66,2.66,7.45,11.97,18.62,26.6,37.24,48.41,5.32,2.93,2.4,37.08,0.28,0.32,,,,,,,,1702.3,27.0,189.3,0.0012,1450.0,1.85,0.35,7.42,12.1,BASIN-UK-DEH-01,450.0,3,10,0.65,0.15,0.02,,,,,,,,,,,,,,,0.0,0.0,0.0,0.0,0.0
NEG-UK-2020-02,2020-09-01,2020-09-01 05:00:00+00:00,30.32,78.08,Dehradun,Song River,NON_EVENT_CONTROL,True,EXACT_TIMESTAMP,DIRECT,NEGATIVE_CONTROL,2.69,2.69,7.53,12.11,18.83,26.9,37.66,48.96,5.38,2.95,2.4,37.51,0.28,0.32,,,,,,,,1622.3,27.0,189.3,0.0012,1450.0,1.85,0.35,7.42,12.1,BASIN-UK-DEH-01,450.0,3,10,0.65,0.15,0.02,,,,,,,,,,,,,,,0.0,0.0,0.0,0.0,0.0
NEG-UK-2020-02,2020-09-01,2020-09-01 06:00:00+00:00,30.32,78.08,Dehradun,Song River,NON_EVENT_CONTROL,True,EXACT_TIMESTAMP,DIRECT,NEGATIVE_CONTROL,2.56,2.56,7.17,11.52,17.92,25.6,35.84,46.59,5.12,2.82,2.4,35.69,0.28,0.32,,,,,,,,1642.3,27.0,189.3,0.0012,1450.0,1.85,0.35,7.42,12.1,BASIN-UK-DEH-01,450.0,3,10,0.65,0.15,0.02,,,,,,,,,,,,,,,0.0,0.0,0.0,0.0,0.0
NEG-UK-2020-02,2020-09-01,2020-09-01 07:00:00+00:00,30.32,78.08,Dehradun,Song River,NON_EVENT_CONTROL,True,EXACT_TIMESTAMP,DIRECT,NEGATIVE_CONTROL,2.28,2.28,6.38,10.26,15.96,22.8,31.92,41.5,4.56,2.5,2.4,31.79,0.28,0.32,,,,,,,,1662.3,27.0,189.3,0.0012,1450.0,1.85,0.35,7.42,12.1,BASIN-UK-DEH-01,450.0,3,10,0.65,0.15,0.02,,,,,,,,,,,,,,,0.0,0.0,0.0,0.0,0.0
NEG-UK-2020-02,2020-09-01,2020-09-01 08:00:00+00:00,30.32,78.08,Dehradun,Song River,NON_EVENT_CONTROL,True,EXACT_TIMESTAMP,DIRECT,NEGATIVE_CONTROL,1.89,1.89,5.29,8.5,13.23,18.9,26.46,34.4,3.78,2.08,2.4,26.35,0.28,0.32,,,,,,,,1682.3,27.0,189.3,0.0012,1450.0,1.85,0.35,7.42,12.1,BASIN-UK-DEH-01,450.0,3,10,0.65,0.15,0.02,,,,,,,,,,,,,,,0.0,0.0,0.0,0.0,0.0
NEG-UK-2020-02,2020-09-01,2020-09-01 09:00:00+00:00,30.32,78.08,Dehradun,Song River,NON_EVENT_CONTROL,True,EXACT_TIMESTAMP,DIRECT,NEGATIVE_CONTROL,1.41,1.41,3.95,6.34,9.87,14.1,19.74,25.66,2.82,1.56,2.4,19.66,0.28,0.32,,,,,,,,1702.3,27.0,189.3,0.0012,1450.0,1.85,0.35,7.42,12.1,BASIN-UK-DEH-01,450.0,3,10,0.65,0.15,0.02,,,,,,,,,,,,,,,0.0,0.0,0.0,0.0,0.0
NEG-UK-2020-02,2020-09-01,2020-09-01 10:00:00+00:00,30.32,78.08,Dehradun,Song River,NON_EVENT_CONTROL,True,EXACT_TIMESTAMP,DIRECT,NEGATIVE_CONTROL,0.91,0.91,2.55,4.09,6.37,9.1,12.74,16.56,1.82,1.01,2.4,12.69,0.28,0.32,,,,,,,,1622.3,27.0,189.3,0.0012,1450.0,1.85,0.35,7.42,12.1,BASIN-UK-DEH-01,450.0,3,10,0.65,0.15,0.02,,,,,,,,,,,,,,,0.0,0.0,0.0,0.0,0.0
NEG-UK-2020-02,2020-09-01,2020-09-01 11:00:00+00:00,30.32,78.08,Dehradun,Song River,NON_EVENT_CONTROL,True,EXACT_TIMESTAMP,DIRECT,NEGATIVE_CONTROL,0.45,0.45,1.26,2.02,3.15,4.5,6.3,8.19,0.9,0.5,2.4,6.27,0.28,0.32,,,,,,,,1642.3,27.0,189.3,0.0012,1450.0,1.85,0.35,7.42,12.1,BASIN-UK-DEH-01,450.0,3,10,0.65,0.15,0.02,,,,,,,,,,,,,,,0.0,0.0,0.0,0.0,0.0
NEG-UK-2020-02,2020-09-01,2020-09-01 12:00:00+00:00,30.32,78.08,Dehradun,Song River,NON_EVENT_CONTROL,True,EXACT_TIMESTAMP,DIRECT,NEGATIVE_CONTROL,0.06,0.06,0.17,0.27,0.42,0.6,0.84,1.09,0.12,0.07,2.4,0.84,0.28,0.32,,,,,,,,1662.3,27.0,189.3,0.0012,1450.0,1.85,0.35,7.42,12.1,BASIN-UK-DEH-01,450.0,3,10,0.65,0.15,0.02,,,,,,,,,,,,,,,0.0,0.0,0.0,0.0,0.0
NEG-UK-2020-02,2020-09-01,2020-09-01 13:00:00+00:00,30.32,78.08,Dehradun,Song River,NON_EVENT_CONTROL,True,EXACT_TIMESTAMP,DIRECT,NEGATIVE_CONTROL,0.0,0.0,0.0,0.0,0.0,0.0,0.0,0.0,0.0,0.0,0.0,0.0,0.28,0.32,,,,,,,,1682.3,27.0,189.3,0.0012,1450.0,1.85,0.35,7.42,12.1,BASIN-UK-DEH-01,450.0,3,10,0.65,0.15,0.02,,,,,,,,,,,,,,,0.0,0.0,0.0,0.0,0.0
NEG-UK-2020-02,2020-09-01,2020-09-01 14:00:00+00:00,30.32,78.08,Dehradun,Song River,NON_EVENT_CONTROL,True,EXACT_TIMESTAMP,DIRECT,NEGATIVE_CONTROL,0.0,0.0,0.0,0.0,0.0,0.0,0.0,0.0,0.0,0.0,0.0,0.0,0.28,0.32,,,,,,,,1702.3,27.0,189.3,0.0012,1450.0,1.85,0.35,7.42,12.1,BASIN-UK-DEH-01,450.0,3,10,0.65,0.15,0.02,,,,,,,,,,,,,,,0.0,0.0,0.0,0.0,0.0
NEG-UK-2020-02,2020-09-01,2020-09-01 15:00:00+00:00,30.32,78.08,Dehradun,Song River,NON_EVENT_CONTROL,True,EXACT_TIMESTAMP,DIRECT,NEGATIVE_CONTROL,0.0,0.0,0.0,0.0,0.0,0.0,0.0,0.0,0.0,0.0,0.0,0.0,0.28,0.32,,,,,,,,1622.3,27.0,189.3,0.0012,1450.0,1.85,0.35,7.42,12.1,BASIN-UK-DEH-01,450.0,3,10,0.65,0.15,0.02,,,,,,,,,,,,,,,0.0,0.0,0.0,0.0,0.0
NEG-UK-2020-02,2020-09-01,2020-09-01 16:00:00+00:00,30.32,78.08,Dehradun,Song River,NON_EVENT_CONTROL,True,EXACT_TIMESTAMP,DIRECT,NEGATIVE_CONTROL,0.0,0.0,0.0,0.0,0.0,0.0,0.0,0.0,0.0,0.0,0.0,0.0,0.28,0.32,,,,,,,,1642.3,27.0,189.3,0.0012,1450.0,1.85,0.35,7.42,12.1,BASIN-UK-DEH-01,450.0,3,10,0.65,0.15,0.02,,,,,,,,,,,,,,,0.0,0.0,0.0,0.0,0.0
NEG-UK-2020-02,2020-09-01,2020-09-01 17:00:00+00:00,30.32,78.08,Dehradun,Song River,NON_EVENT_CONTROL,True,EXACT_TIMESTAMP,DIRECT,NEGATIVE_CONTROL,0.33,0.33,0.92,1.49,2.31,3.3,4.62,6.01,0.66,0.35,2.4,4.6,0.28,0.32,,,,,,,,1662.3,27.0,189.3,0.0012,1450.0,1.85,0.35,7.42,12.1,BASIN-UK-DEH-01,450.0,3,10,0.65,0.15,0.02,,,,,,,,,,,,,,,0.0,0.0,0.0,0.0,0.0
NEG-UK-2020-02,2020-09-01,2020-09-01 18:00:00+00:00,30.32,78.08,Dehradun,Song River,NON_EVENT_CONTROL,True,EXACT_TIMESTAMP,DIRECT,NEGATIVE_CONTROL,0.78,0.78,2.18,3.51,5.46,7.8,10.92,14.2,1.56,0.85,2.4,10.88,0.28,0.32,,,,,,,,1682.3,27.0,189.3,0.0012,1450.0,1.85,0.35,7.42,12.1,BASIN-UK-DEH-01,450.0,3,10,0.65,0.15,0.02,,,,,,,,,,,,,,,0.0,0.0,0.0,0.0,0.0
NEG-UK-2020-02,2020-09-01,2020-09-01 19:00:00+00:00,30.32,78.08,Dehradun,Song River,NON_EVENT_CONTROL,True,EXACT_TIMESTAMP,DIRECT,NEGATIVE_CONTROL,1.28,1.28,3.58,5.76,8.96,12.8,17.92,23.3,2.56,1.4,2.4,17.85,0.28,0.32,,,,,,,,1702.3,27.0,189.3,0.0012,1450.0,1.85,0.35,7.42,12.1,BASIN-UK-DEH-01,450.0,3,10,0.65,0.15,0.02,,,,,,,,,,,,,,,0.0,0.0,0.0,0.0,0.0
NEG-UK-2020-02,2020-09-01,2020-09-01 20:00:00+00:00,30.32,78.08,Dehradun,Song River,NON_EVENT_CONTROL,True,EXACT_TIMESTAMP,DIRECT,NEGATIVE_CONTROL,1.76,1.76,4.93,7.92,12.32,17.6,24.64,32.03,3.52,1.94,2.4,24.54,0.28,0.32,,,,,,,,1622.3,27.0,189.3,0.0012,1450.0,1.85,0.35,7.42,12.1,BASIN-UK-DEH-01,450.0,3,10,0.65,0.15,0.02,,,,,,,,,,,,,,,0.0,0.0,0.0,0.0,0.0
NEG-UK-2020-02,2020-09-01,2020-09-01 21:00:00+00:00,30.32,78.08,Dehradun,Song River,NON_EVENT_CONTROL,True,EXACT_TIMESTAMP,DIRECT,NEGATIVE_CONTROL,2.19,2.19,6.13,9.86,15.33,21.9,30.66,39.86,4.38,2.4,2.4,30.53,0.28,0.32,,,,,,,,1642.3,27.0,189.3,0.0012,1450.0,1.85,0.35,7.42,12.1,BASIN-UK-DEH-01,450.0,3,10,0.65,0.15,0.02,,,,,,,,,,,,,,,0.0,0.0,0.0,0.0,0.0
NEG-UK-2020-02,2020-09-01,2020-09-01 22:00:00+00:00,30.32,78.08,Dehradun,Song River,NON_EVENT_CONTROL,True,EXACT_TIMESTAMP,DIRECT,NEGATIVE_CONTROL,2.5,2.5,7.0,11.25,17.5,25.0,35.0,45.5,5.0,2.75,2.4,34.85,0.28,0.32,,,,,,,,1662.3,27.0,189.3,0.0012,1450.0,1.85,0.35,7.42,12.1,BASIN-UK-DEH-01,450.0,3,10,0.65,0.15,0.02,,,,,,,,,,,,,,,0.0,0.0,0.0,0.0,0.0
NEG-UK-2020-02,2020-09-01,2020-09-01 23:00:00+00:00,30.32,78.08,Dehradun,Song River,NON_EVENT_CONTROL,True,EXACT_TIMESTAMP,DIRECT,NEGATIVE_CONTROL,2.67,2.67,7.48,12.02,18.69,26.7,37.38,48.59,5.34,2.94,2.4,37.22,0.28,0.32,,,,,,,,1682.3,27.0,189.3,0.0012,1450.0,1.85,0.35,7.42,12.1,BASIN-UK-DEH-01,450.0,3,10,0.65,0.15,0.02,,,,,,,,,,,,,,,0.0,0.0,0.0,0.0,0.0
NEG-UK-2022-01,2022-07-18,2022-07-18 00:00:00+00:00,29.8,78.7,Pauri Garhwal,Nayyar River,NON_EVENT_CONTROL,True,EXACT_TIMESTAMP,DIRECT,NEGATIVE_CONTROL,1.2,1.2,3.36,5.4,8.4,12.0,16.8,21.84,2.4,1.32,2.4,16.73,0.28,0.32,,,,,,,,1622.3,27.0,189.3,0.0012,1450.0,1.85,0.35,7.42,12.1,BASIN-UK-PAU-01,450.0,3,10,0.65,0.15,0.02,,,,,,,,,,,,,,,0.0,0.0,0.0,0.0,0.0
NEG-UK-2022-01,2022-07-18,2022-07-18 01:00:00+00:00,29.8,78.7,Pauri Garhwal,Nayyar River,NON_EVENT_CONTROL,True,EXACT_TIMESTAMP,DIRECT,NEGATIVE_CONTROL,1.69,1.69,4.73,7.6,11.83,16.9,23.66,30.76,3.38,1.86,2.4,23.56,0.28,0.32,,,,,,,,1642.3,27.0,189.3,0.0012,1450.0,1.85,0.35,7.42,12.1,BASIN-UK-PAU-01,450.0,3,10,0.65,0.15,0.02,,,,,,,,,,,,,,,0.0,0.0,0.0,0.0,0.0
NEG-UK-2022-01,2022-07-18,2022-07-18 02:00:00+00:00,29.8,78.7,Pauri Garhwal,Nayyar River,NON_EVENT_CONTROL,True,EXACT_TIMESTAMP,DIRECT,NEGATIVE_CONTROL,2.13,2.13,5.96,9.58,14.91,21.3,29.82,38.77,4.26,2.34,2.4,29.7,0.28,0.32,,,,,,,,1662.3,27.0,189.3,0.0012,1450.0,1.85,0.35,7.42,12.1,BASIN-UK-PAU-01,450.0,3,10,0.65,0.15,0.02,,,,,,,,,,,,,,,0.0,0.0,0.0,0.0,0.0
NEG-UK-2022-01,2022-07-18,2022-07-18 03:00:00+00:00,29.8,78.7,Pauri Garhwal,Nayyar River,NON_EVENT_CONTROL,True,EXACT_TIMESTAMP,DIRECT,NEGATIVE_CONTROL,2.46,2.46,6.89,11.07,17.22,24.6,34.44,44.77,4.92,2.71,2.4,34.3,0.28,0.32,,,,,,,,1682.3,27.0,189.3,0.0012,1450.0,1.85,0.35,7.42,12.1,BASIN-UK-PAU-01,450.0,3,10,0.65,0.15,0.02,,,,,,,,,,,,,,,0.0,0.0,0.0,0.0,0.0
NEG-UK-2022-01,2022-07-18,2022-07-18 04:00:00+00:00,29.8,78.7,Pauri Garhwal,Nayyar River,NON_EVENT_CONTROL,True,EXACT_TIMESTAMP,DIRECT,NEGATIVE_CONTROL,2.66,2.66,7.45,11.97,18.62,26.6,37.24,48.41,5.32,2.93,2.4,37.08,0.28,0.32,,,,,,,,1702.3,27.0,189.3,0.0012,1450.0,1.85,0.35,7.42,12.1,BASIN-UK-PAU-01,450.0,3,10,0.65,0.15,0.02,,,,,,,,,,,,,,,0.0,0.0,0.0,0.0,0.0
NEG-UK-2022-01,2022-07-18,2022-07-18 05:00:00+00:00,29.8,78.7,Pauri Garhwal,Nayyar River,NON_EVENT_CONTROL,True,EXACT_TIMESTAMP,DIRECT,NEGATIVE_CONTROL,2.69,2.69,7.53,12.11,18.83,26.9,37.66,48.96,5.38,2.95,2.4,37.51,0.28,0.32,,,,,,,,1622.3,27.0,189.3,0.0012,1450.0,1.85,0.35,7.42,12.1,BASIN-UK-PAU-01,450.0,3,10,0.65,0.15,0.02,,,,,,,,,,,,,,,0.0,0.0,0.0,0.0,0.0
NEG-UK-2022-01,2022-07-18,2022-07-18 06:00:00+00:00,29.8,78.7,Pauri Garhwal,Nayyar River,NON_EVENT_CONTROL,True,EXACT_TIMESTAMP,DIRECT,NEGATIVE_CONTROL,2.56,2.56,7.17,11.52,17.92,25.6,35.84,46.59,5.12,2.82,2.4,35.69,0.28,0.32,,,,,,,,1642.3,27.0,189.3,0.0012,1450.0,1.85,0.35,7.42,12.1,BASIN-UK-PAU-01,450.0,3,10,0.65,0.15,0.02,,,,,,,,,,,,,,,0.0,0.0,0.0,0.0,0.0
NEG-UK-2022-01,2022-07-18,2022-07-18 07:00:00+00:00,29.8,78.7,Pauri Garhwal,Nayyar River,NON_EVENT_CONTROL,True,EXACT_TIMESTAMP,DIRECT,NEGATIVE_CONTROL,2.28,2.28,6.38,10.26,15.96,22.8,31.92,41.5,4.56,2.5,2.4,31.79,0.28,0.32,,,,,,,,1662.3,27.0,189.3,0.0012,1450.0,1.85,0.35,7.42,12.1,BASIN-UK-PAU-01,450.0,3,10,0.65,0.15,0.02,,,,,,,,,,,,,,,0.0,0.0,0.0,0.0,0.0
NEG-UK-2022-01,2022-07-18,2022-07-18 08:00:00+00:00,29.8,78.7,Pauri Garhwal,Nayyar River,NON_EVENT_CONTROL,True,EXACT_TIMESTAMP,DIRECT,NEGATIVE_CONTROL,1.89,1.89,5.29,8.5,13.23,18.9,26.46,34.4,3.78,2.08,2.4,26.35,0.28,0.32,,,,,,,,1682.3,27.0,189.3,0.0012,1450.0,1.85,0.35,7.42,12.1,BASIN-UK-PAU-01,450.0,3,10,0.65,0.15,0.02,,,,,,,,,,,,,,,0.0,0.0,0.0,0.0,0.0
NEG-UK-2022-01,2022-07-18,2022-07-18 09:00:00+00:00,29.8,78.7,Pauri Garhwal,Nayyar River,NON_EVENT_CONTROL,True,EXACT_TIMESTAMP,DIRECT,NEGATIVE_CONTROL,1.41,1.41,3.95,6.34,9.87,14.1,19.74,25.66,2.82,1.56,2.4,19.66,0.28,0.32,,,,,,,,1702.3,27.0,189.3,0.0012,1450.0,1.85,0.35,7.42,12.1,BASIN-UK-PAU-01,450.0,3,10,0.65,0.15,0.02,,,,,,,,,,,,,,,0.0,0.0,0.0,0.0,0.0
NEG-UK-2022-01,2022-07-18,2022-07-18 10:00:00+00:00,29.8,78.7,Pauri Garhwal,Nayyar River,NON_EVENT_CONTROL,True,EXACT_TIMESTAMP,DIRECT,NEGATIVE_CONTROL,0.91,0.91,2.55,4.09,6.37,9.1,12.74,16.56,1.82,1.01,2.4,12.69,0.28,0.32,,,,,,,,1622.3,27.0,189.3,0.0012,1450.0,1.85,0.35,7.42,12.1,BASIN-UK-PAU-01,450.0,3,10,0.65,0.15,0.02,,,,,,,,,,,,,,,0.0,0.0,0.0,0.0,0.0
NEG-UK-2022-01,2022-07-18,2022-07-18 11:00:00+00:00,29.8,78.7,Pauri Garhwal,Nayyar River,NON_EVENT_CONTROL,True,EXACT_TIMESTAMP,DIRECT,NEGATIVE_CONTROL,0.45,0.45,1.26,2.02,3.15,4.5,6.3,8.19,0.9,0.5,2.4,6.27,0.28,0.32,,,,,,,,1642.3,27.0,189.3,0.0012,1450.0,1.85,0.35,7.42,12.1,BASIN-UK-PAU-01,450.0,3,10,0.65,0.15,0.02,,,,,,,,,,,,,,,0.0,0.0,0.0,0.0,0.0
NEG-UK-2022-01,2022-07-18,2022-07-18 12:00:00+00:00,29.8,78.7,Pauri Garhwal,Nayyar River,NON_EVENT_CONTROL,True,EXACT_TIMESTAMP,DIRECT,NEGATIVE_CONTROL,0.06,0.06,0.17,0.27,0.42,0.6,0.84,1.09,0.12,0.07,2.4,0.84,0.28,0.32,,,,,,,,1662.3,27.0,189.3,0.0012,1450.0,1.85,0.35,7.42,12.1,BASIN-UK-PAU-01,450.0,3,10,0.65,0.15,0.02,,,,,,,,,,,,,,,0.0,0.0,0.0,0.0,0.0
NEG-UK-2022-01,2022-07-18,2022-07-18 13:00:00+00:00,29.8,78.7,Pauri Garhwal,Nayyar River,NON_EVENT_CONTROL,True,EXACT_TIMESTAMP,DIRECT,NEGATIVE_CONTROL,0.0,0.0,0.0,0.0,0.0,0.0,0.0,0.0,0.0,0.0,0.0,0.0,0.28,0.32,,,,,,,,1682.3,27.0,189.3,0.0012,1450.0,1.85,0.35,7.42,12.1,BASIN-UK-PAU-01,450.0,3,10,0.65,0.15,0.02,,,,,,,,,,,,,,,0.0,0.0,0.0,0.0,0.0
NEG-UK-2022-01,2022-07-18,2022-07-18 14:00:00+00:00,29.8,78.7,Pauri Garhwal,Nayyar River,NON_EVENT_CONTROL,True,EXACT_TIMESTAMP,DIRECT,NEGATIVE_CONTROL,0.0,0.0,0.0,0.0,0.0,0.0,0.0,0.0,0.0,0.0,0.0,0.0,0.28,0.32,,,,,,,,1702.3,27.0,189.3,0.0012,1450.0,1.85,0.35,7.42,12.1,BASIN-UK-PAU-01,450.0,3,10,0.65,0.15,0.02,,,,,,,,,,,,,,,0.0,0.0,0.0,0.0,0.0
NEG-UK-2022-01,2022-07-18,2022-07-18 15:00:00+00:00,29.8,78.7,Pauri Garhwal,Nayyar River,NON_EVENT_CONTROL,True,EXACT_TIMESTAMP,DIRECT,NEGATIVE_CONTROL,0.0,0.0,0.0,0.0,0.0,0.0,0.0,0.0,0.0,0.0,0.0,0.0,0.28,0.32,,,,,,,,1622.3,27.0,189.3,0.0012,1450.0,1.85,0.35,7.42,12.1,BASIN-UK-PAU-01,450.0,3,10,0.65,0.15,0.02,,,,,,,,,,,,,,,0.0,0.0,0.0,0.0,0.0
NEG-UK-2022-01,2022-07-18,2022-07-18 16:00:00+00:00,29.8,78.7,Pauri Garhwal,Nayyar River,NON_EVENT_CONTROL,True,EXACT_TIMESTAMP,DIRECT,NEGATIVE_CONTROL,0.0,0.0,0.0,0.0,0.0,0.0,0.0,0.0,0.0,0.0,0.0,0.0,0.28,0.32,,,,,,,,1642.3,27.0,189.3,0.0012,1450.0,1.85,0.35,7.42,12.1,BASIN-UK-PAU-01,450.0,3,10,0.65,0.15,0.02,,,,,,,,,,,,,,,0.0,0.0,0.0,0.0,0.0
NEG-UK-2022-01,2022-07-18,2022-07-18 17:00:00+00:00,29.8,78.7,Pauri Garhwal,Nayyar River,NON_EVENT_CONTROL,True,EXACT_TIMESTAMP,DIRECT,NEGATIVE_CONTROL,0.33,0.33,0.92,1.49,2.31,3.3,4.62,6.01,0.66,0.35,2.4,4.6,0.28,0.32,,,,,,,,1662.3,27.0,189.3,0.0012,1450.0,1.85,0.35,7.42,12.1,BASIN-UK-PAU-01,450.0,3,10,0.65,0.15,0.02,,,,,,,,,,,,,,,0.0,0.0,0.0,0.0,0.0
NEG-UK-2022-01,2022-07-18,2022-07-18 18:00:00+00:00,29.8,78.7,Pauri Garhwal,Nayyar River,NON_EVENT_CONTROL,True,EXACT_TIMESTAMP,DIRECT,NEGATIVE_CONTROL,0.78,0.78,2.18,3.51,5.46,7.8,10.92,14.2,1.56,0.85,2.4,10.88,0.28,0.32,,,,,,,,1682.3,27.0,189.3,0.0012,1450.0,1.85,0.35,7.42,12.1,BASIN-UK-PAU-01,450.0,3,10,0.65,0.15,0.02,,,,,,,,,,,,,,,0.0,0.0,0.0,0.0,0.0
NEG-UK-2022-01,2022-07-18,2022-07-18 19:00:00+00:00,29.8,78.7,Pauri Garhwal,Nayyar River,NON_EVENT_CONTROL,True,EXACT_TIMESTAMP,DIRECT,NEGATIVE_CONTROL,1.28,1.28,3.58,5.76,8.96,12.8,17.92,23.3,2.56,1.4,2.4,17.85,0.28,0.32,,,,,,,,1702.3,27.0,189.3,0.0012,1450.0,1.85,0.35,7.42,12.1,BASIN-UK-PAU-01,450.0,3,10,0.65,0.15,0.02,,,,,,,,,,,,,,,0.0,0.0,0.0,0.0,0.0
NEG-UK-2022-01,2022-07-18,2022-07-18 20:00:00+00:00,29.8,78.7,Pauri Garhwal,Nayyar River,NON_EVENT_CONTROL,True,EXACT_TIMESTAMP,DIRECT,NEGATIVE_CONTROL,1.76,1.76,4.93,7.92,12.32,17.6,24.64,32.03,3.52,1.94,2.4,24.54,0.28,0.32,,,,,,,,1622.3,27.0,189.3,0.0012,1450.0,1.85,0.35,7.42,12.1,BASIN-UK-PAU-01,450.0,3,10,0.65,0.15,0.02,,,,,,,,,,,,,,,0.0,0.0,0.0,0.0,0.0
NEG-UK-2022-01,2022-07-18,2022-07-18 21:00:00+00:00,29.8,78.7,Pauri Garhwal,Nayyar River,NON_EVENT_CONTROL,True,EXACT_TIMESTAMP,DIRECT,NEGATIVE_CONTROL,2.19,2.19,6.13,9.86,15.33,21.9,30.66,39.86,4.38,2.4,2.4,30.53,0.28,0.32,,,,,,,,1642.3,27.0,189.3,0.0012,1450.0,1.85,0.35,7.42,12.1,BASIN-UK-PAU-01,450.0,3,10,0.65,0.15,0.02,,,,,,,,,,,,,,,0.0,0.0,0.0,0.0,0.0
NEG-UK-2022-01,2022-07-18,2022-07-18 22:00:00+00:00,29.8,78.7,Pauri Garhwal,Nayyar River,NON_EVENT_CONTROL,True,EXACT_TIMESTAMP,DIRECT,NEGATIVE_CONTROL,2.5,2.5,7.0,11.25,17.5,25.0,35.0,45.5,5.0,2.75,2.4,34.85,0.28,0.32,,,,,,,,1662.3,27.0,189.3,0.0012,1450.0,1.85,0.35,7.42,12.1,BASIN-UK-PAU-01,450.0,3,10,0.65,0.15,0.02,,,,,,,,,,,,,,,0.0,0.0,0.0,0.0,0.0
NEG-UK-2022-01,2022-07-18,2022-07-18 23:00:00+00:00,29.8,78.7,Pauri Garhwal,Nayyar River,NON_EVENT_CONTROL,True,EXACT_TIMESTAMP,DIRECT,NEGATIVE_CONTROL,2.67,2.67,7.48,12.02,18.69,26.7,37.38,48.59,5.34,2.94,2.4,37.22,0.28,0.32,,,,,,,,1682.3,27.0,189.3,0.0012,1450.0,1.85,0.35,7.42,12.1,BASIN-UK-PAU-01,450.0,3,10,0.65,0.15,0.02,,,,,,,,,,,,,,,0.0,0.0,0.0,0.0,0.0
NEG-UK-2022-02,2022-08-01,2022-08-01 00:00:00+00:00,30.38,78.48,Tehri Garhwal,Bhilangna River,NON_EVENT_CONTROL,True,EXACT_TIMESTAMP,DIRECT,NEGATIVE_CONTROL,1.2,1.2,3.36,5.4,8.4,12.0,16.8,21.84,2.4,1.32,2.4,16.73,0.28,0.32,,,,,,,,1622.3,27.0,189.3,0.0012,1450.0,1.85,0.35,7.42,12.1,BASIN-UK-TEH-01,450.0,3,10,0.65,0.15,0.02,,,,,,,,,,,,,,,0.0,0.0,0.0,0.0,0.0
NEG-UK-2022-02,2022-08-01,2022-08-01 01:00:00+00:00,30.38,78.48,Tehri Garhwal,Bhilangna River,NON_EVENT_CONTROL,True,EXACT_TIMESTAMP,DIRECT,NEGATIVE_CONTROL,1.69,1.69,4.73,7.6,11.83,16.9,23.66,30.76,3.38,1.86,2.4,23.56,0.28,0.32,,,,,,,,1642.3,27.0,189.3,0.0012,1450.0,1.85,0.35,7.42,12.1,BASIN-UK-TEH-01,450.0,3,10,0.65,0.15,0.02,,,,,,,,,,,,,,,0.0,0.0,0.0,0.0,0.0
NEG-UK-2022-02,2022-08-01,2022-08-01 02:00:00+00:00,30.38,78.48,Tehri Garhwal,Bhilangna River,NON_EVENT_CONTROL,True,EXACT_TIMESTAMP,DIRECT,NEGATIVE_CONTROL,2.13,2.13,5.96,9.58,14.91,21.3,29.82,38.77,4.26,2.34,2.4,29.7,0.28,0.32,,,,,,,,1662.3,27.0,189.3,0.0012,1450.0,1.85,0.35,7.42,12.1,BASIN-UK-TEH-01,450.0,3,10,0.65,0.15,0.02,,,,,,,,,,,,,,,0.0,0.0,0.0,0.0,0.0
NEG-UK-2022-02,2022-08-01,2022-08-01 03:00:00+00:00,30.38,78.48,Tehri Garhwal,Bhilangna River,NON_EVENT_CONTROL,True,EXACT_TIMESTAMP,DIRECT,NEGATIVE_CONTROL,2.46,2.46,6.89,11.07,17.22,24.6,34.44,44.77,4.92,2.71,2.4,34.3,0.28,0.32,,,,,,,,1682.3,27.0,189.3,0.0012,1450.0,1.85,0.35,7.42,12.1,BASIN-UK-TEH-01,450.0,3,10,0.65,0.15,0.02,,,,,,,,,,,,,,,0.0,0.0,0.0,0.0,0.0
NEG-UK-2022-02,2022-08-01,2022-08-01 04:00:00+00:00,30.38,78.48,Tehri Garhwal,Bhilangna River,NON_EVENT_CONTROL,True,EXACT_TIMESTAMP,DIRECT,NEGATIVE_CONTROL,2.66,2.66,7.45,11.97,18.62,26.6,37.24,48.41,5.32,2.93,2.4,37.08,0.28,0.32,,,,,,,,1702.3,27.0,189.3,0.0012,1450.0,1.85,0.35,7.42,12.1,BASIN-UK-TEH-01,450.0,3,10,0.65,0.15,0.02,,,,,,,,,,,,,,,0.0,0.0,0.0,0.0,0.0
NEG-UK-2022-02,2022-08-01,2022-08-01 05:00:00+00:00,30.38,78.48,Tehri Garhwal,Bhilangna River,NON_EVENT_CONTROL,True,EXACT_TIMESTAMP,DIRECT,NEGATIVE_CONTROL,2.69,2.69,7.53,12.11,18.83,26.9,37.66,48.96,5.38,2.95,2.4,37.51,0.28,0.32,,,,,,,,1622.3,27.0,189.3,0.0012,1450.0,1.85,0.35,7.42,12.1,BASIN-UK-TEH-01,450.0,3,10,0.65,0.15,0.02,,,,,,,,,,,,,,,0.0,0.0,0.0,0.0,0.0
NEG-UK-2022-02,2022-08-01,2022-08-01 06:00:00+00:00,30.38,78.48,Tehri Garhwal,Bhilangna River,NON_EVENT_CONTROL,True,EXACT_TIMESTAMP,DIRECT,NEGATIVE_CONTROL,2.56,2.56,7.17,11.52,17.92,25.6,35.84,46.59,5.12,2.82,2.4,35.69,0.28,0.32,,,,,,,,1642.3,27.0,189.3,0.0012,1450.0,1.85,0.35,7.42,12.1,BASIN-UK-TEH-01,450.0,3,10,0.65,0.15,0.02,,,,,,,,,,,,,,,0.0,0.0,0.0,0.0,0.0
NEG-UK-2022-02,2022-08-01,2022-08-01 07:00:00+00:00,30.38,78.48,Tehri Garhwal,Bhilangna River,NON_EVENT_CONTROL,True,EXACT_TIMESTAMP,DIRECT,NEGATIVE_CONTROL,2.28,2.28,6.38,10.26,15.96,22.8,31.92,41.5,4.56,2.5,2.4,31.79,0.28,0.32,,,,,,,,1662.3,27.0,189.3,0.0012,1450.0,1.85,0.35,7.42,12.1,BASIN-UK-TEH-01,450.0,3,10,0.65,0.15,0.02,,,,,,,,,,,,,,,0.0,0.0,0.0,0.0,0.0
NEG-UK-2022-02,2022-08-01,2022-08-01 08:00:00+00:00,30.38,78.48,Tehri Garhwal,Bhilangna River,NON_EVENT_CONTROL,True,EXACT_TIMESTAMP,DIRECT,NEGATIVE_CONTROL,1.89,1.89,5.29,8.5,13.23,18.9,26.46,34.4,3.78,2.08,2.4,26.35,0.28,0.32,,,,,,,,1682.3,27.0,189.3,0.0012,1450.0,1.85,0.35,7.42,12.1,BASIN-UK-TEH-01,450.0,3,10,0.65,0.15,0.02,,,,,,,,,,,,,,,0.0,0.0,0.0,0.0,0.0
NEG-UK-2022-02,2022-08-01,2022-08-01 09:00:00+00:00,30.38,78.48,Tehri Garhwal,Bhilangna River,NON_EVENT_CONTROL,True,EXACT_TIMESTAMP,DIRECT,NEGATIVE_CONTROL,1.41,1.41,3.95,6.34,9.87,14.1,19.74,25.66,2.82,1.56,2.4,19.66,0.28,0.32,,,,,,,,1702.3,27.0,189.3,0.0012,1450.0,1.85,0.35,7.42,12.1,BASIN-UK-TEH-01,450.0,3,10,0.65,0.15,0.02,,,,,,,,,,,,,,,0.0,0.0,0.0,0.0,0.0
NEG-UK-2022-02,2022-08-01,2022-08-01 10:00:00+00:00,30.38,78.48,Tehri Garhwal,Bhilangna River,NON_EVENT_CONTROL,True,EXACT_TIMESTAMP,DIRECT,NEGATIVE_CONTROL,0.91,0.91,2.55,4.09,6.37,9.1,12.74,16.56,1.82,1.01,2.4,12.69,0.28,0.32,,,,,,,,1622.3,27.0,189.3,0.0012,1450.0,1.85,0.35,7.42,12.1,BASIN-UK-TEH-01,450.0,3,10,0.65,0.15,0.02,,,,,,,,,,,,,,,0.0,0.0,0.0,0.0,0.0
NEG-UK-2022-02,2022-08-01,2022-08-01 11:00:00+00:00,30.38,78.48,Tehri Garhwal,Bhilangna River,NON_EVENT_CONTROL,True,EXACT_TIMESTAMP,DIRECT,NEGATIVE_CONTROL,0.45,0.45,1.26,2.02,3.15,4.5,6.3,8.19,0.9,0.5,2.4,6.27,0.28,0.32,,,,,,,,1642.3,27.0,189.3,0.0012,1450.0,1.85,0.35,7.42,12.1,BASIN-UK-TEH-01,450.0,3,10,0.65,0.15,0.02,,,,,,,,,,,,,,,0.0,0.0,0.0,0.0,0.0
NEG-UK-2022-02,2022-08-01,2022-08-01 12:00:00+00:00,30.38,78.48,Tehri Garhwal,Bhilangna River,NON_EVENT_CONTROL,True,EXACT_TIMESTAMP,DIRECT,NEGATIVE_CONTROL,0.06,0.06,0.17,0.27,0.42,0.6,0.84,1.09,0.12,0.07,2.4,0.84,0.28,0.32,,,,,,,,1662.3,27.0,189.3,0.0012,1450.0,1.85,0.35,7.42,12.1,BASIN-UK-TEH-01,450.0,3,10,0.65,0.15,0.02,,,,,,,,,,,,,,,0.0,0.0,0.0,0.0,0.0
NEG-UK-2022-02,2022-08-01,2022-08-01 13:00:00+00:00,30.38,78.48,Tehri Garhwal,Bhilangna River,NON_EVENT_CONTROL,True,EXACT_TIMESTAMP,DIRECT,NEGATIVE_CONTROL,0.0,0.0,0.0,0.0,0.0,0.0,0.0,0.0,0.0,0.0,0.0,0.0,0.28,0.32,,,,,,,,1682.3,27.0,189.3,0.0012,1450.0,1.85,0.35,7.42,12.1,BASIN-UK-TEH-01,450.0,3,10,0.65,0.15,0.02,,,,,,,,,,,,,,,0.0,0.0,0.0,0.0,0.0
NEG-UK-2022-02,2022-08-01,2022-08-01 14:00:00+00:00,30.38,78.48,Tehri Garhwal,Bhilangna River,NON_EVENT_CONTROL,True,EXACT_TIMESTAMP,DIRECT,NEGATIVE_CONTROL,0.0,0.0,0.0,0.0,0.0,0.0,0.0,0.0,0.0,0.0,0.0,0.0,0.28,0.32,,,,,,,,1702.3,27.0,189.3,0.0012,1450.0,1.85,0.35,7.42,12.1,BASIN-UK-TEH-01,450.0,3,10,0.65,0.15,0.02,,,,,,,,,,,,,,,0.0,0.0,0.0,0.0,0.0
NEG-UK-2022-02,2022-08-01,2022-08-01 15:00:00+00:00,30.38,78.48,Tehri Garhwal,Bhilangna River,NON_EVENT_CONTROL,True,EXACT_TIMESTAMP,DIRECT,NEGATIVE_CONTROL,0.0,0.0,0.0,0.0,0.0,0.0,0.0,0.0,0.0,0.0,0.0,0.0,0.28,0.32,,,,,,,,1622.3,27.0,189.3,0.0012,1450.0,1.85,0.35,7.42,12.1,BASIN-UK-TEH-01,450.0,3,10,0.65,0.15,0.02,,,,,,,,,,,,,,,0.0,0.0,0.0,0.0,0.0
NEG-UK-2022-02,2022-08-01,2022-08-01 16:00:00+00:00,30.38,78.48,Tehri Garhwal,Bhilangna River,NON_EVENT_CONTROL,True,EXACT_TIMESTAMP,DIRECT,NEGATIVE_CONTROL,0.0,0.0,0.0,0.0,0.0,0.0,0.0,0.0,0.0,0.0,0.0,0.0,0.28,0.32,,,,,,,,1642.3,27.0,189.3,0.0012,1450.0,1.85,0.35,7.42,12.1,BASIN-UK-TEH-01,450.0,3,10,0.65,0.15,0.02,,,,,,,,,,,,,,,0.0,0.0,0.0,0.0,0.0
NEG-UK-2022-02,2022-08-01,2022-08-01 17:00:00+00:00,30.38,78.48,Tehri Garhwal,Bhilangna River,NON_EVENT_CONTROL,True,EXACT_TIMESTAMP,DIRECT,NEGATIVE_CONTROL,0.33,0.33,0.92,1.49,2.31,3.3,4.62,6.01,0.66,0.35,2.4,4.6,0.28,0.32,,,,,,,,1662.3,27.0,189.3,0.0012,1450.0,1.85,0.35,7.42,12.1,BASIN-UK-TEH-01,450.0,3,10,0.65,0.15,0.02,,,,,,,,,,,,,,,0.0,0.0,0.0,0.0,0.0
NEG-UK-2022-02,2022-08-01,2022-08-01 18:00:00+00:00,30.38,78.48,Tehri Garhwal,Bhilangna River,NON_EVENT_CONTROL,True,EXACT_TIMESTAMP,DIRECT,NEGATIVE_CONTROL,0.78,0.78,2.18,3.51,5.46,7.8,10.92,14.2,1.56,0.85,2.4,10.88,0.28,0.32,,,,,,,,1682.3,27.0,189.3,0.0012,1450.0,1.85,0.35,7.42,12.1,BASIN-UK-TEH-01,450.0,3,10,0.65,0.15,0.02,,,,,,,,,,,,,,,0.0,0.0,0.0,0.0,0.0
NEG-UK-2022-02,2022-08-01,2022-08-01 19:00:00+00:00,30.38,78.48,Tehri Garhwal,Bhilangna River,NON_EVENT_CONTROL,True,EXACT_TIMESTAMP,DIRECT,NEGATIVE_CONTROL,1.28,1.28,3.58,5.76,8.96,12.8,17.92,23.3,2.56,1.4,2.4,17.85,0.28,0.32,,,,,,,,1702.3,27.0,189.3,0.0012,1450.0,1.85,0.35,7.42,12.1,BASIN-UK-TEH-01,450.0,3,10,0.65,0.15,0.02,,,,,,,,,,,,,,,0.0,0.0,0.0,0.0,0.0
NEG-UK-2022-02,2022-08-01,2022-08-01 20:00:00+00:00,30.38,78.48,Tehri Garhwal,Bhilangna River,NON_EVENT_CONTROL,True,EXACT_TIMESTAMP,DIRECT,NEGATIVE_CONTROL,1.76,1.76,4.93,7.92,12.32,17.6,24.64,32.03,3.52,1.94,2.4,24.54,0.28,0.32,,,,,,,,1622.3,27.0,189.3,0.0012,1450.0,1.85,0.35,7.42,12.1,BASIN-UK-TEH-01,450.0,3,10,0.65,0.15,0.02,,,,,,,,,,,,,,,0.0,0.0,0.0,0.0,0.0
NEG-UK-2022-02,2022-08-01,2022-08-01 21:00:00+00:00,30.38,78.48,Tehri Garhwal,Bhilangna River,NON_EVENT_CONTROL,True,EXACT_TIMESTAMP,DIRECT,NEGATIVE_CONTROL,2.19,2.19,6.13,9.86,15.33,21.9,30.66,39.86,4.38,2.4,2.4,30.53,0.28,0.32,,,,,,,,1642.3,27.0,189.3,0.0012,1450.0,1.85,0.35,7.42,12.1,BASIN-UK-TEH-01,450.0,3,10,0.65,0.15,0.02,,,,,,,,,,,,,,,0.0,0.0,0.0,0.0,0.0
NEG-UK-2022-02,2022-08-01,2022-08-01 22:00:00+00:00,30.38,78.48,Tehri Garhwal,Bhilangna River,NON_EVENT_CONTROL,True,EXACT_TIMESTAMP,DIRECT,NEGATIVE_CONTROL,2.5,2.5,7.0,11.25,17.5,25.0,35.0,45.5,5.0,2.75,2.4,34.85,0.28,0.32,,,,,,,,1662.3,27.0,189.3,0.0012,1450.0,1.85,0.35,7.42,12.1,BASIN-UK-TEH-01,450.0,3,10,0.65,0.15,0.02,,,,,,,,,,,,,,,0.0,0.0,0.0,0.0,0.0
NEG-UK-2022-02,2022-08-01,2022-08-01 23:00:00+00:00,30.38,78.48,Tehri Garhwal,Bhilangna River,NON_EVENT_CONTROL,True,EXACT_TIMESTAMP,DIRECT,NEGATIVE_CONTROL,2.67,2.67,7.48,12.02,18.69,26.7,37.38,48.59,5.34,2.94,2.4,37.22,0.28,0.32,,,,,,,,1682.3,27.0,189.3,0.0012,1450.0,1.85,0.35,7.42,12.1,BASIN-UK-TEH-01,450.0,3,10,0.65,0.15,0.02,,,,,,,,,,,,,,,0.0,0.0,0.0,0.0,0.0
NEG-UK-2023-01,2023-07-10,2023-07-10 00:00:00+00:00,29.92,78.12,Haridwar,Ganga River,NON_EVENT_CONTROL,True,EXACT_TIMESTAMP,DIRECT,NEGATIVE_CONTROL,1.2,1.2,3.36,5.4,8.4,12.0,16.8,21.84,2.4,1.32,2.4,16.73,0.28,0.32,,,,,,,,1622.3,27.0,189.3,0.0012,1450.0,1.85,0.35,7.42,12.1,BASIN-UK-HAR-01,450.0,3,10,0.65,0.15,0.02,,,,,,,,,,,,,,,0.0,0.0,0.0,0.0,0.0
NEG-UK-2023-01,2023-07-10,2023-07-10 01:00:00+00:00,29.92,78.12,Haridwar,Ganga River,NON_EVENT_CONTROL,True,EXACT_TIMESTAMP,DIRECT,NEGATIVE_CONTROL,1.69,1.69,4.73,7.6,11.83,16.9,23.66,30.76,3.38,1.86,2.4,23.56,0.28,0.32,,,,,,,,1642.3,27.0,189.3,0.0012,1450.0,1.85,0.35,7.42,12.1,BASIN-UK-HAR-01,450.0,3,10,0.65,0.15,0.02,,,,,,,,,,,,,,,0.0,0.0,0.0,0.0,0.0
NEG-UK-2023-01,2023-07-10,2023-07-10 02:00:00+00:00,29.92,78.12,Haridwar,Ganga River,NON_EVENT_CONTROL,True,EXACT_TIMESTAMP,DIRECT,NEGATIVE_CONTROL,2.13,2.13,5.96,9.58,14.91,21.3,29.82,38.77,4.26,2.34,2.4,29.7,0.28,0.32,,,,,,,,1662.3,27.0,189.3,0.0012,1450.0,1.85,0.35,7.42,12.1,BASIN-UK-HAR-01,450.0,3,10,0.65,0.15,0.02,,,,,,,,,,,,,,,0.0,0.0,0.0,0.0,0.0
NEG-UK-2023-01,2023-07-10,2023-07-10 03:00:00+00:00,29.92,78.12,Haridwar,Ganga River,NON_EVENT_CONTROL,True,EXACT_TIMESTAMP,DIRECT,NEGATIVE_CONTROL,2.46,2.46,6.89,11.07,17.22,24.6,34.44,44.77,4.92,2.71,2.4,34.3,0.28,0.32,,,,,,,,1682.3,27.0,189.3,0.0012,1450.0,1.85,0.35,7.42,12.1,BASIN-UK-HAR-01,450.0,3,10,0.65,0.15,0.02,,,,,,,,,,,,,,,0.0,0.0,0.0,0.0,0.0
NEG-UK-2023-01,2023-07-10,2023-07-10 04:00:00+00:00,29.92,78.12,Haridwar,Ganga River,NON_EVENT_CONTROL,True,EXACT_TIMESTAMP,DIRECT,NEGATIVE_CONTROL,2.66,2.66,7.45,11.97,18.62,26.6,37.24,48.41,5.32,2.93,2.4,37.08,0.28,0.32,,,,,,,,1702.3,27.0,189.3,0.0012,1450.0,1.85,0.35,7.42,12.1,BASIN-UK-HAR-01,450.0,3,10,0.65,0.15,0.02,,,,,,,,,,,,,,,0.0,0.0,0.0,0.0,0.0
NEG-UK-2023-01,2023-07-10,2023-07-10 05:00:00+00:00,29.92,78.12,Haridwar,Ganga River,NON_EVENT_CONTROL,True,EXACT_TIMESTAMP,DIRECT,NEGATIVE_CONTROL,2.69,2.69,7.53,12.11,18.83,26.9,37.66,48.96,5.38,2.95,2.4,37.51,0.28,0.32,,,,,,,,1622.3,27.0,189.3,0.0012,1450.0,1.85,0.35,7.42,12.1,BASIN-UK-HAR-01,450.0,3,10,0.65,0.15,0.02,,,,,,,,,,,,,,,0.0,0.0,0.0,0.0,0.0
NEG-UK-2023-01,2023-07-10,2023-07-10 06:00:00+00:00,29.92,78.12,Haridwar,Ganga River,NON_EVENT_CONTROL,True,EXACT_TIMESTAMP,DIRECT,NEGATIVE_CONTROL,2.56,2.56,7.17,11.52,17.92,25.6,35.84,46.59,5.12,2.82,2.4,35.69,0.28,0.32,,,,,,,,1642.3,27.0,189.3,0.0012,1450.0,1.85,0.35,7.42,12.1,BASIN-UK-HAR-01,450.0,3,10,0.65,0.15,0.02,,,,,,,,,,,,,,,0.0,0.0,0.0,0.0,0.0
NEG-UK-2023-01,2023-07-10,2023-07-10 07:00:00+00:00,29.92,78.12,Haridwar,Ganga River,NON_EVENT_CONTROL,True,EXACT_TIMESTAMP,DIRECT,NEGATIVE_CONTROL,2.28,2.28,6.38,10.26,15.96,22.8,31.92,41.5,4.56,2.5,2.4,31.79,0.28,0.32,,,,,,,,1662.3,27.0,189.3,0.0012,1450.0,1.85,0.35,7.42,12.1,BASIN-UK-HAR-01,450.0,3,10,0.65,0.15,0.02,,,,,,,,,,,,,,,0.0,0.0,0.0,0.0,0.0
NEG-UK-2023-01,2023-07-10,2023-07-10 08:00:00+00:00,29.92,78.12,Haridwar,Ganga River,NON_EVENT_CONTROL,True,EXACT_TIMESTAMP,DIRECT,NEGATIVE_CONTROL,1.89,1.89,5.29,8.5,13.23,18.9,26.46,34.4,3.78,2.08,2.4,26.35,0.28,0.32,,,,,,,,1682.3,27.0,189.3,0.0012,1450.0,1.85,0.35,7.42,12.1,BASIN-UK-HAR-01,450.0,3,10,0.65,0.15,0.02,,,,,,,,,,,,,,,0.0,0.0,0.0,0.0,0.0
NEG-UK-2023-01,2023-07-10,2023-07-10 09:00:00+00:00,29.92,78.12,Haridwar,Ganga River,NON_EVENT_CONTROL,True,EXACT_TIMESTAMP,DIRECT,NEGATIVE_CONTROL,1.41,1.41,3.95,6.34,9.87,14.1,19.74,25.66,2.82,1.56,2.4,19.66,0.28,0.32,,,,,,,,1702.3,27.0,189.3,0.0012,1450.0,1.85,0.35,7.42,12.1,BASIN-UK-HAR-01,450.0,3,10,0.65,0.15,0.02,,,,,,,,,,,,,,,0.0,0.0,0.0,0.0,0.0
NEG-UK-2023-01,2023-07-10,2023-07-10 10:00:00+00:00,29.92,78.12,Haridwar,Ganga River,NON_EVENT_CONTROL,True,EXACT_TIMESTAMP,DIRECT,NEGATIVE_CONTROL,0.91,0.91,2.55,4.09,6.37,9.1,12.74,16.56,1.82,1.01,2.4,12.69,0.28,0.32,,,,,,,,1622.3,27.0,189.3,0.0012,1450.0,1.85,0.35,7.42,12.1,BASIN-UK-HAR-01,450.0,3,10,0.65,0.15,0.02,,,,,,,,,,,,,,,0.0,0.0,0.0,0.0,0.0
NEG-UK-2023-01,2023-07-10,2023-07-10 11:00:00+00:00,29.92,78.12,Haridwar,Ganga River,NON_EVENT_CONTROL,True,EXACT_TIMESTAMP,DIRECT,NEGATIVE_CONTROL,0.45,0.45,1.26,2.02,3.15,4.5,6.3,8.19,0.9,0.5,2.4,6.27,0.28,0.32,,,,,,,,1642.3,27.0,189.3,0.0012,1450.0,1.85,0.35,7.42,12.1,BASIN-UK-HAR-01,450.0,3,10,0.65,0.15,0.02,,,,,,,,,,,,,,,0.0,0.0,0.0,0.0,0.0
NEG-UK-2023-01,2023-07-10,2023-07-10 12:00:00+00:00,29.92,78.12,Haridwar,Ganga River,NON_EVENT_CONTROL,True,EXACT_TIMESTAMP,DIRECT,NEGATIVE_CONTROL,0.06,0.06,0.17,0.27,0.42,0.6,0.84,1.09,0.12,0.07,2.4,0.84,0.28,0.32,,,,,,,,1662.3,27.0,189.3,0.0012,1450.0,1.85,0.35,7.42,12.1,BASIN-UK-HAR-01,450.0,3,10,0.65,0.15,0.02,,,,,,,,,,,,,,,0.0,0.0,0.0,0.0,0.0
NEG-UK-2023-01,2023-07-10,2023-07-10 13:00:00+00:00,29.92,78.12,Haridwar,Ganga River,NON_EVENT_CONTROL,True,EXACT_TIMESTAMP,DIRECT,NEGATIVE_CONTROL,0.0,0.0,0.0,0.0,0.0,0.0,0.0,0.0,0.0,0.0,0.0,0.0,0.28,0.32,,,,,,,,1682.3,27.0,189.3,0.0012,1450.0,1.85,0.35,7.42,12.1,BASIN-UK-HAR-01,450.0,3,10,0.65,0.15,0.02,,,,,,,,,,,,,,,0.0,0.0,0.0,0.0,0.0
NEG-UK-2023-01,2023-07-10,2023-07-10 14:00:00+00:00,29.92,78.12,Haridwar,Ganga River,NON_EVENT_CONTROL,True,EXACT_TIMESTAMP,DIRECT,NEGATIVE_CONTROL,0.0,0.0,0.0,0.0,0.0,0.0,0.0,0.0,0.0,0.0,0.0,0.0,0.28,0.32,,,,,,,,1702.3,27.0,189.3,0.0012,1450.0,1.85,0.35,7.42,12.1,BASIN-UK-HAR-01,450.0,3,10,0.65,0.15,0.02,,,,,,,,,,,,,,,0.0,0.0,0.0,0.0,0.0
NEG-UK-2023-01,2023-07-10,2023-07-10 15:00:00+00:00,29.92,78.12,Haridwar,Ganga River,NON_EVENT_CONTROL,True,EXACT_TIMESTAMP,DIRECT,NEGATIVE_CONTROL,0.0,0.0,0.0,0.0,0.0,0.0,0.0,0.0,0.0,0.0,0.0,0.0,0.28,0.32,,,,,,,,1622.3,27.0,189.3,0.0012,1450.0,1.85,0.35,7.42,12.1,BASIN-UK-HAR-01,450.0,3,10,0.65,0.15,0.02,,,,,,,,,,,,,,,0.0,0.0,0.0,0.0,0.0
NEG-UK-2023-01,2023-07-10,2023-07-10 16:00:00+00:00,29.92,78.12,Haridwar,Ganga River,NON_EVENT_CONTROL,True,EXACT_TIMESTAMP,DIRECT,NEGATIVE_CONTROL,0.0,0.0,0.0,0.0,0.0,0.0,0.0,0.0,0.0,0.0,0.0,0.0,0.28,0.32,,,,,,,,1642.3,27.0,189.3,0.0012,1450.0,1.85,0.35,7.42,12.1,BASIN-UK-HAR-01,450.0,3,10,0.65,0.15,0.02,,,,,,,,,,,,,,,0.0,0.0,0.0,0.0,0.0
NEG-UK-2023-01,2023-07-10,2023-07-10 17:00:00+00:00,29.92,78.12,Haridwar,Ganga River,NON_EVENT_CONTROL,True,EXACT_TIMESTAMP,DIRECT,NEGATIVE_CONTROL,0.33,0.33,0.92,1.49,2.31,3.3,4.62,6.01,0.66,0.35,2.4,4.6,0.28,0.32,,,,,,,,1662.3,27.0,189.3,0.0012,1450.0,1.85,0.35,7.42,12.1,BASIN-UK-HAR-01,450.0,3,10,0.65,0.15,0.02,,,,,,,,,,,,,,,0.0,0.0,0.0,0.0,0.0
NEG-UK-2023-01,2023-07-10,2023-07-10 18:00:00+00:00,29.92,78.12,Haridwar,Ganga River,NON_EVENT_CONTROL,True,EXACT_TIMESTAMP,DIRECT,NEGATIVE_CONTROL,0.78,0.78,2.18,3.51,5.46,7.8,10.92,14.2,1.56,0.85,2.4,10.88,0.28,0.32,,,,,,,,1682.3,27.0,189.3,0.0012,1450.0,1.85,0.35,7.42,12.1,BASIN-UK-HAR-01,450.0,3,10,0.65,0.15,0.02,,,,,,,,,,,,,,,0.0,0.0,0.0,0.0,0.0
NEG-UK-2023-01,2023-07-10,2023-07-10 19:00:00+00:00,29.92,78.12,Haridwar,Ganga River,NON_EVENT_CONTROL,True,EXACT_TIMESTAMP,DIRECT,NEGATIVE_CONTROL,1.28,1.28,3.58,5.76,8.96,12.8,17.92,23.3,2.56,1.4,2.4,17.85,0.28,0.32,,,,,,,,1702.3,27.0,189.3,0.0012,1450.0,1.85,0.35,7.42,12.1,BASIN-UK-HAR-01,450.0,3,10,0.65,0.15,0.02,,,,,,,,,,,,,,,0.0,0.0,0.0,0.0,0.0
NEG-UK-2023-01,2023-07-10,2023-07-10 20:00:00+00:00,29.92,78.12,Haridwar,Ganga River,NON_EVENT_CONTROL,True,EXACT_TIMESTAMP,DIRECT,NEGATIVE_CONTROL,1.76,1.76,4.93,7.92,12.32,17.6,24.64,32.03,3.52,1.94,2.4,24.54,0.28,0.32,,,,,,,,1622.3,27.0,189.3,0.0012,1450.0,1.85,0.35,7.42,12.1,BASIN-UK-HAR-01,450.0,3,10,0.65,0.15,0.02,,,,,,,,,,,,,,,0.0,0.0,0.0,0.0,0.0
NEG-UK-2023-01,2023-07-10,2023-07-10 21:00:00+00:00,29.92,78.12,Haridwar,Ganga River,NON_EVENT_CONTROL,True,EXACT_TIMESTAMP,DIRECT,NEGATIVE_CONTROL,2.19,2.19,6.13,9.86,15.33,21.9,30.66,39.86,4.38,2.4,2.4,30.53,0.28,0.32,,,,,,,,1642.3,27.0,189.3,0.0012,1450.0,1.85,0.35,7.42,12.1,BASIN-UK-HAR-01,450.0,3,10,0.65,0.15,0.02,,,,,,,,,,,,,,,0.0,0.0,0.0,0.0,0.0
NEG-UK-2023-01,2023-07-10,2023-07-10 22:00:00+00:00,29.92,78.12,Haridwar,Ganga River,NON_EVENT_CONTROL,True,EXACT_TIMESTAMP,DIRECT,NEGATIVE_CONTROL,2.5,2.5,7.0,11.25,17.5,25.0,35.0,45.5,5.0,2.75,2.4,34.85,0.28,0.32,,,,,,,,1662.3,27.0,189.3,0.0012,1450.0,1.85,0.35,7.42,12.1,BASIN-UK-HAR-01,450.0,3,10,0.65,0.15,0.02,,,,,,,,,,,,,,,0.0,0.0,0.0,0.0,0.0
NEG-UK-2023-01,2023-07-10,2023-07-10 23:00:00+00:00,29.92,78.12,Haridwar,Ganga River,NON_EVENT_CONTROL,True,EXACT_TIMESTAMP,DIRECT,NEGATIVE_CONTROL,2.67,2.67,7.48,12.02,18.69,26.7,37.38,48.59,5.34,2.94,2.4,37.22,0.28,0.32,,,,,,,,1682.3,27.0,189.3,0.0012,1450.0,1.85,0.35,7.42,12.1,BASIN-UK-HAR-01,450.0,3,10,0.65,0.15,0.02,,,,,,,,,,,,,,,0.0,0.0,0.0,0.0,0.0
NEG-UK-2023-02,2023-08-25,2023-08-25 00:00:00+00:00,29.35,79.48,Nainital,Gaula River,NON_EVENT_CONTROL,True,EXACT_TIMESTAMP,DIRECT,NEGATIVE_CONTROL,1.2,1.2,3.36,5.4,8.4,12.0,16.8,21.84,2.4,1.32,2.4,16.73,0.28,0.32,,,,,,,,1622.3,27.0,189.3,0.0012,1450.0,1.85,0.35,7.42,12.1,BASIN-UK-NAI-01,450.0,3,10,0.65,0.15,0.02,,,,,,,,,,,,,,,0.0,0.0,0.0,0.0,0.0
NEG-UK-2023-02,2023-08-25,2023-08-25 01:00:00+00:00,29.35,79.48,Nainital,Gaula River,NON_EVENT_CONTROL,True,EXACT_TIMESTAMP,DIRECT,NEGATIVE_CONTROL,1.69,1.69,4.73,7.6,11.83,16.9,23.66,30.76,3.38,1.86,2.4,23.56,0.28,0.32,,,,,,,,1642.3,27.0,189.3,0.0012,1450.0,1.85,0.35,7.42,12.1,BASIN-UK-NAI-01,450.0,3,10,0.65,0.15,0.02,,,,,,,,,,,,,,,0.0,0.0,0.0,0.0,0.0
NEG-UK-2023-02,2023-08-25,2023-08-25 02:00:00+00:00,29.35,79.48,Nainital,Gaula River,NON_EVENT_CONTROL,True,EXACT_TIMESTAMP,DIRECT,NEGATIVE_CONTROL,2.13,2.13,5.96,9.58,14.91,21.3,29.82,38.77,4.26,2.34,2.4,29.7,0.28,0.32,,,,,,,,1662.3,27.0,189.3,0.0012,1450.0,1.85,0.35,7.42,12.1,BASIN-UK-NAI-01,450.0,3,10,0.65,0.15,0.02,,,,,,,,,,,,,,,0.0,0.0,0.0,0.0,0.0
NEG-UK-2023-02,2023-08-25,2023-08-25 03:00:00+00:00,29.35,79.48,Nainital,Gaula River,NON_EVENT_CONTROL,True,EXACT_TIMESTAMP,DIRECT,NEGATIVE_CONTROL,2.46,2.46,6.89,11.07,17.22,24.6,34.44,44.77,4.92,2.71,2.4,34.3,0.28,0.32,,,,,,,,1682.3,27.0,189.3,0.0012,1450.0,1.85,0.35,7.42,12.1,BASIN-UK-NAI-01,450.0,3,10,0.65,0.15,0.02,,,,,,,,,,,,,,,0.0,0.0,0.0,0.0,0.0
NEG-UK-2023-02,2023-08-25,2023-08-25 04:00:00+00:00,29.35,79.48,Nainital,Gaula River,NON_EVENT_CONTROL,True,EXACT_TIMESTAMP,DIRECT,NEGATIVE_CONTROL,2.66,2.66,7.45,11.97,18.62,26.6,37.24,48.41,5.32,2.93,2.4,37.08,0.28,0.32,,,,,,,,1702.3,27.0,189.3,0.0012,1450.0,1.85,0.35,7.42,12.1,BASIN-UK-NAI-01,450.0,3,10,0.65,0.15,0.02,,,,,,,,,,,,,,,0.0,0.0,0.0,0.0,0.0
NEG-UK-2023-02,2023-08-25,2023-08-25 05:00:00+00:00,29.35,79.48,Nainital,Gaula River,NON_EVENT_CONTROL,True,EXACT_TIMESTAMP,DIRECT,NEGATIVE_CONTROL,2.69,2.69,7.53,12.11,18.83,26.9,37.66,48.96,5.38,2.95,2.4,37.51,0.28,0.32,,,,,,,,1622.3,27.0,189.3,0.0012,1450.0,1.85,0.35,7.42,12.1,BASIN-UK-NAI-01,450.0,3,10,0.65,0.15,0.02,,,,,,,,,,,,,,,0.0,0.0,0.0,0.0,0.0
NEG-UK-2023-02,2023-08-25,2023-08-25 06:00:00+00:00,29.35,79.48,Nainital,Gaula River,NON_EVENT_CONTROL,True,EXACT_TIMESTAMP,DIRECT,NEGATIVE_CONTROL,2.56,2.56,7.17,11.52,17.92,25.6,35.84,46.59,5.12,2.82,2.4,35.69,0.28,0.32,,,,,,,,1642.3,27.0,189.3,0.0012,1450.0,1.85,0.35,7.42,12.1,BASIN-UK-NAI-01,450.0,3,10,0.65,0.15,0.02,,,,,,,,,,,,,,,0.0,0.0,0.0,0.0,0.0
NEG-UK-2023-02,2023-08-25,2023-08-25 07:00:00+00:00,29.35,79.48,Nainital,Gaula River,NON_EVENT_CONTROL,True,EXACT_TIMESTAMP,DIRECT,NEGATIVE_CONTROL,2.28,2.28,6.38,10.26,15.96,22.8,31.92,41.5,4.56,2.5,2.4,31.79,0.28,0.32,,,,,,,,1662.3,27.0,189.3,0.0012,1450.0,1.85,0.35,7.42,12.1,BASIN-UK-NAI-01,450.0,3,10,0.65,0.15,0.02,,,,,,,,,,,,,,,0.0,0.0,0.0,0.0,0.0
NEG-UK-2023-02,2023-08-25,2023-08-25 08:00:00+00:00,29.35,79.48,Nainital,Gaula River,NON_EVENT_CONTROL,True,EXACT_TIMESTAMP,DIRECT,NEGATIVE_CONTROL,1.89,1.89,5.29,8.5,13.23,18.9,26.46,34.4,3.78,2.08,2.4,26.35,0.28,0.32,,,,,,,,1682.3,27.0,189.3,0.0012,1450.0,1.85,0.35,7.42,12.1,BASIN-UK-NAI-01,450.0,3,10,0.65,0.15,0.02,,,,,,,,,,,,,,,0.0,0.0,0.0,0.0,0.0
NEG-UK-2023-02,2023-08-25,2023-08-25 09:00:00+00:00,29.35,79.48,Nainital,Gaula River,NON_EVENT_CONTROL,True,EXACT_TIMESTAMP,DIRECT,NEGATIVE_CONTROL,1.41,1.41,3.95,6.34,9.87,14.1,19.74,25.66,2.82,1.56,2.4,19.66,0.28,0.32,,,,,,,,1702.3,27.0,189.3,0.0012,1450.0,1.85,0.35,7.42,12.1,BASIN-UK-NAI-01,450.0,3,10,0.65,0.15,0.02,,,,,,,,,,,,,,,0.0,0.0,0.0,0.0,0.0
NEG-UK-2023-02,2023-08-25,2023-08-25 10:00:00+00:00,29.35,79.48,Nainital,Gaula River,NON_EVENT_CONTROL,True,EXACT_TIMESTAMP,DIRECT,NEGATIVE_CONTROL,0.91,0.91,2.55,4.09,6.37,9.1,12.74,16.56,1.82,1.01,2.4,12.69,0.28,0.32,,,,,,,,1622.3,27.0,189.3,0.0012,1450.0,1.85,0.35,7.42,12.1,BASIN-UK-NAI-01,450.0,3,10,0.65,0.15,0.02,,,,,,,,,,,,,,,0.0,0.0,0.0,0.0,0.0
NEG-UK-2023-02,2023-08-25,2023-08-25 11:00:00+00:00,29.35,79.48,Nainital,Gaula River,NON_EVENT_CONTROL,True,EXACT_TIMESTAMP,DIRECT,NEGATIVE_CONTROL,0.45,0.45,1.26,2.02,3.15,4.5,6.3,8.19,0.9,0.5,2.4,6.27,0.28,0.32,,,,,,,,1642.3,27.0,189.3,0.0012,1450.0,1.85,0.35,7.42,12.1,BASIN-UK-NAI-01,450.0,3,10,0.65,0.15,0.02,,,,,,,,,,,,,,,0.0,0.0,0.0,0.0,0.0
NEG-UK-2023-02,2023-08-25,2023-08-25 12:00:00+00:00,29.35,79.48,Nainital,Gaula River,NON_EVENT_CONTROL,True,EXACT_TIMESTAMP,DIRECT,NEGATIVE_CONTROL,0.06,0.06,0.17,0.27,0.42,0.6,0.84,1.09,0.12,0.07,2.4,0.84,0.28,0.32,,,,,,,,1662.3,27.0,189.3,0.0012,1450.0,1.85,0.35,7.42,12.1,BASIN-UK-NAI-01,450.0,3,10,0.65,0.15,0.02,,,,,,,,,,,,,,,0.0,0.0,0.0,0.0,0.0
NEG-UK-2023-02,2023-08-25,2023-08-25 13:00:00+00:00,29.35,79.48,Nainital,Gaula River,NON_EVENT_CONTROL,True,EXACT_TIMESTAMP,DIRECT,NEGATIVE_CONTROL,0.0,0.0,0.0,0.0,0.0,0.0,0.0,0.0,0.0,0.0,0.0,0.0,0.28,0.32,,,,,,,,1682.3,27.0,189.3,0.0012,1450.0,1.85,0.35,7.42,12.1,BASIN-UK-NAI-01,450.0,3,10,0.65,0.15,0.02,,,,,,,,,,,,,,,0.0,0.0,0.0,0.0,0.0
NEG-UK-2023-02,2023-08-25,2023-08-25 14:00:00+00:00,29.35,79.48,Nainital,Gaula River,NON_EVENT_CONTROL,True,EXACT_TIMESTAMP,DIRECT,NEGATIVE_CONTROL,0.0,0.0,0.0,0.0,0.0,0.0,0.0,0.0,0.0,0.0,0.0,0.0,0.28,0.32,,,,,,,,1702.3,27.0,189.3,0.0012,1450.0,1.85,0.35,7.42,12.1,BASIN-UK-NAI-01,450.0,3,10,0.65,0.15,0.02,,,,,,,,,,,,,,,0.0,0.0,0.0,0.0,0.0
NEG-UK-2023-02,2023-08-25,2023-08-25 15:00:00+00:00,29.35,79.48,Nainital,Gaula River,NON_EVENT_CONTROL,True,EXACT_TIMESTAMP,DIRECT,NEGATIVE_CONTROL,0.0,0.0,0.0,0.0,0.0,0.0,0.0,0.0,0.0,0.0,0.0,0.0,0.28,0.32,,,,,,,,1622.3,27.0,189.3,0.0012,1450.0,1.85,0.35,7.42,12.1,BASIN-UK-NAI-01,450.0,3,10,0.65,0.15,0.02,,,,,,,,,,,,,,,0.0,0.0,0.0,0.0,0.0
NEG-UK-2023-02,2023-08-25,2023-08-25 16:00:00+00:00,29.35,79.48,Nainital,Gaula River,NON_EVENT_CONTROL,True,EXACT_TIMESTAMP,DIRECT,NEGATIVE_CONTROL,0.0,0.0,0.0,0.0,0.0,0.0,0.0,0.0,0.0,0.0,0.0,0.0,0.28,0.32,,,,,,,,1642.3,27.0,189.3,0.0012,1450.0,1.85,0.35,7.42,12.1,BASIN-UK-NAI-01,450.0,3,10,0.65,0.15,0.02,,,,,,,,,,,,,,,0.0,0.0,0.0,0.0,0.0
NEG-UK-2023-02,2023-08-25,2023-08-25 17:00:00+00:00,29.35,79.48,Nainital,Gaula River,NON_EVENT_CONTROL,True,EXACT_TIMESTAMP,DIRECT,NEGATIVE_CONTROL,0.33,0.33,0.92,1.49,2.31,3.3,4.62,6.01,0.66,0.35,2.4,4.6,0.28,0.32,,,,,,,,1662.3,27.0,189.3,0.0012,1450.0,1.85,0.35,7.42,12.1,BASIN-UK-NAI-01,450.0,3,10,0.65,0.15,0.02,,,,,,,,,,,,,,,0.0,0.0,0.0,0.0,0.0
NEG-UK-2023-02,2023-08-25,2023-08-25 18:00:00+00:00,29.35,79.48,Nainital,Gaula River,NON_EVENT_CONTROL,True,EXACT_TIMESTAMP,DIRECT,NEGATIVE_CONTROL,0.78,0.78,2.18,3.51,5.46,7.8,10.92,14.2,1.56,0.85,2.4,10.88,0.28,0.32,,,,,,,,1682.3,27.0,189.3,0.0012,1450.0,1.85,0.35,7.42,12.1,BASIN-UK-NAI-01,450.0,3,10,0.65,0.15,0.02,,,,,,,,,,,,,,,0.0,0.0,0.0,0.0,0.0
NEG-UK-2023-02,2023-08-25,2023-08-25 19:00:00+00:00,29.35,79.48,Nainital,Gaula River,NON_EVENT_CONTROL,True,EXACT_TIMESTAMP,DIRECT,NEGATIVE_CONTROL,1.28,1.28,3.58,5.76,8.96,12.8,17.92,23.3,2.56,1.4,2.4,17.85,0.28,0.32,,,,,,,,1702.3,27.0,189.3,0.0012,1450.0,1.85,0.35,7.42,12.1,BASIN-UK-NAI-01,450.0,3,10,0.65,0.15,0.02,,,,,,,,,,,,,,,0.0,0.0,0.0,0.0,0.0
NEG-UK-2023-02,2023-08-25,2023-08-25 20:00:00+00:00,29.35,79.48,Nainital,Gaula River,NON_EVENT_CONTROL,True,EXACT_TIMESTAMP,DIRECT,NEGATIVE_CONTROL,1.76,1.76,4.93,7.92,12.32,17.6,24.64,32.03,3.52,1.94,2.4,24.54,0.28,0.32,,,,,,,,1622.3,27.0,189.3,0.0012,1450.0,1.85,0.35,7.42,12.1,BASIN-UK-NAI-01,450.0,3,10,0.65,0.15,0.02,,,,,,,,,,,,,,,0.0,0.0,0.0,0.0,0.0
NEG-UK-2023-02,2023-08-25,2023-08-25 21:00:00+00:00,29.35,79.48,Nainital,Gaula River,NON_EVENT_CONTROL,True,EXACT_TIMESTAMP,DIRECT,NEGATIVE_CONTROL,2.19,2.19,6.13,9.86,15.33,21.9,30.66,39.86,4.38,2.4,2.4,30.53,0.28,0.32,,,,,,,,1642.3,27.0,189.3,0.0012,1450.0,1.85,0.35,7.42,12.1,BASIN-UK-NAI-01,450.0,3,10,0.65,0.15,0.02,,,,,,,,,,,,,,,0.0,0.0,0.0,0.0,0.0
NEG-UK-2023-02,2023-08-25,2023-08-25 22:00:00+00:00,29.35,79.48,Nainital,Gaula River,NON_EVENT_CONTROL,True,EXACT_TIMESTAMP,DIRECT,NEGATIVE_CONTROL,2.5,2.5,7.0,11.25,17.5,25.0,35.0,45.5,5.0,2.75,2.4,34.85,0.28,0.32,,,,,,,,1662.3,27.0,189.3,0.0012,1450.0,1.85,0.35,7.42,12.1,BASIN-UK-NAI-01,450.0,3,10,0.65,0.15,0.02,,,,,,,,,,,,,,,0.0,0.0,0.0,0.0,0.0
NEG-UK-2023-02,2023-08-25,2023-08-25 23:00:00+00:00,29.35,79.48,Nainital,Gaula River,NON_EVENT_CONTROL,True,EXACT_TIMESTAMP,DIRECT,NEGATIVE_CONTROL,2.67,2.67,7.48,12.02,18.69,26.7,37.38,48.59,5.34,2.94,2.4,37.22,0.28,0.32,,,,,,,,1682.3,27.0,189.3,0.0012,1450.0,1.85,0.35,7.42,12.1,BASIN-UK-NAI-01,450.0,3,10,0.65,0.15,0.02,,,,,,,,,,,,,,,0.0,0.0,0.0,0.0,0.0
NEG-UK-2024-01,2024-07-10,2024-07-10 00:00:00+00:00,30.55,79.52,Chamoli,Dhauliganga River,NON_EVENT_CONTROL,True,EXACT_TIMESTAMP,DIRECT,NEGATIVE_CONTROL,1.2,1.2,3.36,5.4,8.4,12.0,16.8,21.84,2.4,1.32,2.4,16.73,0.28,0.32,,,,,,,,1622.3,27.0,189.3,0.0012,1450.0,1.85,0.35,7.42,12.1,BASIN-UK-CHA-01,450.0,3,10,0.65,0.15,0.02,,,,,,,,,,,,,,,0.0,0.0,0.0,0.0,0.0
NEG-UK-2024-01,2024-07-10,2024-07-10 01:00:00+00:00,30.55,79.52,Chamoli,Dhauliganga River,NON_EVENT_CONTROL,True,EXACT_TIMESTAMP,DIRECT,NEGATIVE_CONTROL,1.69,1.69,4.73,7.6,11.83,16.9,23.66,30.76,3.38,1.86,2.4,23.56,0.28,0.32,,,,,,,,1642.3,27.0,189.3,0.0012,1450.0,1.85,0.35,7.42,12.1,BASIN-UK-CHA-01,450.0,3,10,0.65,0.15,0.02,,,,,,,,,,,,,,,0.0,0.0,0.0,0.0,0.0
NEG-UK-2024-01,2024-07-10,2024-07-10 02:00:00+00:00,30.55,79.52,Chamoli,Dhauliganga River,NON_EVENT_CONTROL,True,EXACT_TIMESTAMP,DIRECT,NEGATIVE_CONTROL,2.13,2.13,5.96,9.58,14.91,21.3,29.82,38.77,4.26,2.34,2.4,29.7,0.28,0.32,,,,,,,,1662.3,27.0,189.3,0.0012,1450.0,1.85,0.35,7.42,12.1,BASIN-UK-CHA-01,450.0,3,10,0.65,0.15,0.02,,,,,,,,,,,,,,,0.0,0.0,0.0,0.0,0.0
NEG-UK-2024-01,2024-07-10,2024-07-10 03:00:00+00:00,30.55,79.52,Chamoli,Dhauliganga River,NON_EVENT_CONTROL,True,EXACT_TIMESTAMP,DIRECT,NEGATIVE_CONTROL,2.46,2.46,6.89,11.07,17.22,24.6,34.44,44.77,4.92,2.71,2.4,34.3,0.28,0.32,,,,,,,,1682.3,27.0,189.3,0.0012,1450.0,1.85,0.35,7.42,12.1,BASIN-UK-CHA-01,450.0,3,10,0.65,0.15,0.02,,,,,,,,,,,,,,,0.0,0.0,0.0,0.0,0.0
NEG-UK-2024-01,2024-07-10,2024-07-10 04:00:00+00:00,30.55,79.52,Chamoli,Dhauliganga River,NON_EVENT_CONTROL,True,EXACT_TIMESTAMP,DIRECT,NEGATIVE_CONTROL,2.66,2.66,7.45,11.97,18.62,26.6,37.24,48.41,5.32,2.93,2.4,37.08,0.28,0.32,,,,,,,,1702.3,27.0,189.3,0.0012,1450.0,1.85,0.35,7.42,12.1,BASIN-UK-CHA-01,450.0,3,10,0.65,0.15,0.02,,,,,,,,,,,,,,,0.0,0.0,0.0,0.0,0.0
NEG-UK-2024-01,2024-07-10,2024-07-10 05:00:00+00:00,30.55,79.52,Chamoli,Dhauliganga River,NON_EVENT_CONTROL,True,EXACT_TIMESTAMP,DIRECT,NEGATIVE_CONTROL,2.69,2.69,7.53,12.11,18.83,26.9,37.66,48.96,5.38,2.95,2.4,37.51,0.28,0.32,,,,,,,,1622.3,27.0,189.3,0.0012,1450.0,1.85,0.35,7.42,12.1,BASIN-UK-CHA-01,450.0,3,10,0.65,0.15,0.02,,,,,,,,,,,,,,,0.0,0.0,0.0,0.0,0.0
NEG-UK-2024-01,2024-07-10,2024-07-10 06:00:00+00:00,30.55,79.52,Chamoli,Dhauliganga River,NON_EVENT_CONTROL,True,EXACT_TIMESTAMP,DIRECT,NEGATIVE_CONTROL,2.56,2.56,7.17,11.52,17.92,25.6,35.84,46.59,5.12,2.82,2.4,35.69,0.28,0.32,,,,,,,,1642.3,27.0,189.3,0.0012,1450.0,1.85,0.35,7.42,12.1,BASIN-UK-CHA-01,450.0,3,10,0.65,0.15,0.02,,,,,,,,,,,,,,,0.0,0.0,0.0,0.0,0.0
NEG-UK-2024-01,2024-07-10,2024-07-10 07:00:00+00:00,30.55,79.52,Chamoli,Dhauliganga River,NON_EVENT_CONTROL,True,EXACT_TIMESTAMP,DIRECT,NEGATIVE_CONTROL,2.28,2.28,6.38,10.26,15.96,22.8,31.92,41.5,4.56,2.5,2.4,31.79,0.28,0.32,,,,,,,,1662.3,27.0,189.3,0.0012,1450.0,1.85,0.35,7.42,12.1,BASIN-UK-CHA-01,450.0,3,10,0.65,0.15,0.02,,,,,,,,,,,,,,,0.0,0.0,0.0,0.0,0.0
NEG-UK-2024-01,2024-07-10,2024-07-10 08:00:00+00:00,30.55,79.52,Chamoli,Dhauliganga River,NON_EVENT_CONTROL,True,EXACT_TIMESTAMP,DIRECT,NEGATIVE_CONTROL,1.89,1.89,5.29,8.5,13.23,18.9,26.46,34.4,3.78,2.08,2.4,26.35,0.28,0.32,,,,,,,,1682.3,27.0,189.3,0.0012,1450.0,1.85,0.35,7.42,12.1,BASIN-UK-CHA-01,450.0,3,10,0.65,0.15,0.02,,,,,,,,,,,,,,,0.0,0.0,0.0,0.0,0.0
NEG-UK-2024-01,2024-07-10,2024-07-10 09:00:00+00:00,30.55,79.52,Chamoli,Dhauliganga River,NON_EVENT_CONTROL,True,EXACT_TIMESTAMP,DIRECT,NEGATIVE_CONTROL,1.41,1.41,3.95,6.34,9.87,14.1,19.74,25.66,2.82,1.56,2.4,19.66,0.28,0.32,,,,,,,,1702.3,27.0,189.3,0.0012,1450.0,1.85,0.35,7.42,12.1,BASIN-UK-CHA-01,450.0,3,10,0.65,0.15,0.02,,,,,,,,,,,,,,,0.0,0.0,0.0,0.0,0.0
NEG-UK-2024-01,2024-07-10,2024-07-10 10:00:00+00:00,30.55,79.52,Chamoli,Dhauliganga River,NON_EVENT_CONTROL,True,EXACT_TIMESTAMP,DIRECT,NEGATIVE_CONTROL,0.91,0.91,2.55,4.09,6.37,9.1,12.74,16.56,1.82,1.01,2.4,12.69,0.28,0.32,,,,,,,,1622.3,27.0,189.3,0.0012,1450.0,1.85,0.35,7.42,12.1,BASIN-UK-CHA-01,450.0,3,10,0.65,0.15,0.02,,,,,,,,,,,,,,,0.0,0.0,0.0,0.0,0.0
NEG-UK-2024-01,2024-07-10,2024-07-10 11:00:00+00:00,30.55,79.52,Chamoli,Dhauliganga River,NON_EVENT_CONTROL,True,EXACT_TIMESTAMP,DIRECT,NEGATIVE_CONTROL,0.45,0.45,1.26,2.02,3.15,4.5,6.3,8.19,0.9,0.5,2.4,6.27,0.28,0.32,,,,,,,,1642.3,27.0,189.3,0.0012,1450.0,1.85,0.35,7.42,12.1,BASIN-UK-CHA-01,450.0,3,10,0.65,0.15,0.02,,,,,,,,,,,,,,,0.0,0.0,0.0,0.0,0.0
NEG-UK-2024-01,2024-07-10,2024-07-10 12:00:00+00:00,30.55,79.52,Chamoli,Dhauliganga River,NON_EVENT_CONTROL,True,EXACT_TIMESTAMP,DIRECT,NEGATIVE_CONTROL,0.06,0.06,0.17,0.27,0.42,0.6,0.84,1.09,0.12,0.07,2.4,0.84,0.28,0.32,,,,,,,,1662.3,27.0,189.3,0.0012,1450.0,1.85,0.35,7.42,12.1,BASIN-UK-CHA-01,450.0,3,10,0.65,0.15,0.02,,,,,,,,,,,,,,,0.0,0.0,0.0,0.0,0.0
NEG-UK-2024-01,2024-07-10,2024-07-10 13:00:00+00:00,30.55,79.52,Chamoli,Dhauliganga River,NON_EVENT_CONTROL,True,EXACT_TIMESTAMP,DIRECT,NEGATIVE_CONTROL,0.0,0.0,0.0,0.0,0.0,0.0,0.0,0.0,0.0,0.0,0.0,0.0,0.28,0.32,,,,,,,,1682.3,27.0,189.3,0.0012,1450.0,1.85,0.35,7.42,12.1,BASIN-UK-CHA-01,450.0,3,10,0.65,0.15,0.02,,,,,,,,,,,,,,,0.0,0.0,0.0,0.0,0.0
NEG-UK-2024-01,2024-07-10,2024-07-10 14:00:00+00:00,30.55,79.52,Chamoli,Dhauliganga River,NON_EVENT_CONTROL,True,EXACT_TIMESTAMP,DIRECT,NEGATIVE_CONTROL,0.0,0.0,0.0,0.0,0.0,0.0,0.0,0.0,0.0,0.0,0.0,0.0,0.28,0.32,,,,,,,,1702.3,27.0,189.3,0.0012,1450.0,1.85,0.35,7.42,12.1,BASIN-UK-CHA-01,450.0,3,10,0.65,0.15,0.02,,,,,,,,,,,,,,,0.0,0.0,0.0,0.0,0.0
NEG-UK-2024-01,2024-07-10,2024-07-10 15:00:00+00:00,30.55,79.52,Chamoli,Dhauliganga River,NON_EVENT_CONTROL,True,EXACT_TIMESTAMP,DIRECT,NEGATIVE_CONTROL,0.0,0.0,0.0,0.0,0.0,0.0,0.0,0.0,0.0,0.0,0.0,0.0,0.28,0.32,,,,,,,,1622.3,27.0,189.3,0.0012,1450.0,1.85,0.35,7.42,12.1,BASIN-UK-CHA-01,450.0,3,10,0.65,0.15,0.02,,,,,,,,,,,,,,,0.0,0.0,0.0,0.0,0.0
NEG-UK-2024-01,2024-07-10,2024-07-10 16:00:00+00:00,30.55,79.52,Chamoli,Dhauliganga River,NON_EVENT_CONTROL,True,EXACT_TIMESTAMP,DIRECT,NEGATIVE_CONTROL,0.0,0.0,0.0,0.0,0.0,0.0,0.0,0.0,0.0,0.0,0.0,0.0,0.28,0.32,,,,,,,,1642.3,27.0,189.3,0.0012,1450.0,1.85,0.35,7.42,12.1,BASIN-UK-CHA-01,450.0,3,10,0.65,0.15,0.02,,,,,,,,,,,,,,,0.0,0.0,0.0,0.0,0.0
NEG-UK-2024-01,2024-07-10,2024-07-10 17:00:00+00:00,30.55,79.52,Chamoli,Dhauliganga River,NON_EVENT_CONTROL,True,EXACT_TIMESTAMP,DIRECT,NEGATIVE_CONTROL,0.33,0.33,0.92,1.49,2.31,3.3,4.62,6.01,0.66,0.35,2.4,4.6,0.28,0.32,,,,,,,,1662.3,27.0,189.3,0.0012,1450.0,1.85,0.35,7.42,12.1,BASIN-UK-CHA-01,450.0,3,10,0.65,0.15,0.02,,,,,,,,,,,,,,,0.0,0.0,0.0,0.0,0.0
NEG-UK-2024-01,2024-07-10,2024-07-10 18:00:00+00:00,30.55,79.52,Chamoli,Dhauliganga River,NON_EVENT_CONTROL,True,EXACT_TIMESTAMP,DIRECT,NEGATIVE_CONTROL,0.78,0.78,2.18,3.51,5.46,7.8,10.92,14.2,1.56,0.85,2.4,10.88,0.28,0.32,,,,,,,,1682.3,27.0,189.3,0.0012,1450.0,1.85,0.35,7.42,12.1,BASIN-UK-CHA-01,450.0,3,10,0.65,0.15,0.02,,,,,,,,,,,,,,,0.0,0.0,0.0,0.0,0.0
NEG-UK-2024-01,2024-07-10,2024-07-10 19:00:00+00:00,30.55,79.52,Chamoli,Dhauliganga River,NON_EVENT_CONTROL,True,EXACT_TIMESTAMP,DIRECT,NEGATIVE_CONTROL,1.28,1.28,3.58,5.76,8.96,12.8,17.92,23.3,2.56,1.4,2.4,17.85,0.28,0.32,,,,,,,,1702.3,27.0,189.3,0.0012,1450.0,1.85,0.35,7.42,12.1,BASIN-UK-CHA-01,450.0,3,10,0.65,0.15,0.02,,,,,,,,,,,,,,,0.0,0.0,0.0,0.0,0.0
NEG-UK-2024-01,2024-07-10,2024-07-10 20:00:00+00:00,30.55,79.52,Chamoli,Dhauliganga River,NON_EVENT_CONTROL,True,EXACT_TIMESTAMP,DIRECT,NEGATIVE_CONTROL,1.76,1.76,4.93,7.92,12.32,17.6,24.64,32.03,3.52,1.94,2.4,24.54,0.28,0.32,,,,,,,,1622.3,27.0,189.3,0.0012,1450.0,1.85,0.35,7.42,12.1,BASIN-UK-CHA-01,450.0,3,10,0.65,0.15,0.02,,,,,,,,,,,,,,,0.0,0.0,0.0,0.0,0.0
NEG-UK-2024-01,2024-07-10,2024-07-10 21:00:00+00:00,30.55,79.52,Chamoli,Dhauliganga River,NON_EVENT_CONTROL,True,EXACT_TIMESTAMP,DIRECT,NEGATIVE_CONTROL,2.19,2.19,6.13,9.86,15.33,21.9,30.66,39.86,4.38,2.4,2.4,30.53,0.28,0.32,,,,,,,,1642.3,27.0,189.3,0.0012,1450.0,1.85,0.35,7.42,12.1,BASIN-UK-CHA-01,450.0,3,10,0.65,0.15,0.02,,,,,,,,,,,,,,,0.0,0.0,0.0,0.0,0.0
NEG-UK-2024-01,2024-07-10,2024-07-10 22:00:00+00:00,30.55,79.52,Chamoli,Dhauliganga River,NON_EVENT_CONTROL,True,EXACT_TIMESTAMP,DIRECT,NEGATIVE_CONTROL,2.5,2.5,7.0,11.25,17.5,25.0,35.0,45.5,5.0,2.75,2.4,34.85,0.28,0.32,,,,,,,,1662.3,27.0,189.3,0.0012,1450.0,1.85,0.35,7.42,12.1,BASIN-UK-CHA-01,450.0,3,10,0.65,0.15,0.02,,,,,,,,,,,,,,,0.0,0.0,0.0,0.0,0.0
NEG-UK-2024-01,2024-07-10,2024-07-10 23:00:00+00:00,30.55,79.52,Chamoli,Dhauliganga River,NON_EVENT_CONTROL,True,EXACT_TIMESTAMP,DIRECT,NEGATIVE_CONTROL,2.67,2.67,7.48,12.02,18.69,26.7,37.38,48.59,5.34,2.94,2.4,37.22,0.28,0.32,,,,,,,,1682.3,27.0,189.3,0.0012,1450.0,1.85,0.35,7.42,12.1,BASIN-UK-CHA-01,450.0,3,10,0.65,0.15,0.02,,,,,,,,,,,,,,,0.0,0.0,0.0,0.0,0.0
