event_id,event_date,timestamp,latitude,longitude,gpm_precipitation_rate_mm_hr,gpm_precipitation_mm,source_product,source_version,source_granule,source_timestamp,download_timestamp,coord_class,event_type,flash_flood_target_eligible,event_time_precision,rainfall_30min_mm,rainfall_1h_mm,rainfall_3h_mm,rainfall_6h_mm,rainfall_12h_mm,rainfall_24h_mm,rainfall_48h_mm,rainfall_72h_mm,max_rainfall_intensity,rainfall_accumulation,rainfall_trend,rainfall_surge_ratio,antecedent_precipitation_index
FL-UK-1998-01,1998-08-11,1998-08-11T00:00:00,30.44999885559082,78.94999694824219,0.3100000023841858,0.1550000011920929,GPM_3IMERGHH_07,V07B,3B-HHR.MS.MRG.3IMERG.19980811-S000000-E002959.0000.V07B.HDF5,1998-08-11T00:00:00,2026-09-14T18:31:54.934900+00:00,DERIVED,debris-flow/flood event,False,DATE_ONLY,0.1550000011920929,0.1550000011920929,0.1550000011920929,0.1550000011920929,0.1550000011920929,0.1550000011920929,,,0.3100000023841858,0.1550000011920929,,5.976863753390621,
FL-UK-1998-01,1998-08-11,1998-08-11T04:00:00,30.44999885559082,78.94999694824219,0.4899999797344208,0.2449999898672104,GPM_3IMERGHH_07,V07B,3B-HHR.MS.MRG.3IMERG.19980811-S040000-E042959.0240.V07B.HDF5,1998-08-11T04:00:00,2026-09-14T18:31:54.934900+00:00,DERIVED,debris-flow/flood event,False,DATE_ONLY,0.2449999898672104,0.3999999910593033,0.3999999910593033,0.3999999910593033,0.3999999910593033,0.3999999910593033,,,0.4899999797344208,0.3999999910593033,,5.991013479579765,
FL-UK-1998-01,1998-08-11,1998-08-11T08:00:00,30.44999885559082,78.94999694824219,0.4899999797344208,0.2449999898672104,GPM_3IMERGHH_07,V07B,3B-HHR.MS.MRG.3IMERG.19980811-S080000-E082959.0480.V07B.HDF5,1998-08-11T08:00:00,2026-09-14T18:31:54.934900+00:00,DERIVED,debris-flow/flood event,False,DATE_ONLY,0.2449999898672104,0.4899999797344208,0.6449999809265137,0.6449999809265137,0.6449999809265137,0.6449999809265137,,,0.4899999797344208,0.6449999809265137,0.3349999785423279,4.553903291922764,
FL-UK-1998-01,1998-08-11,1998-08-11T12:00:00,30.44999885559082,78.94999694824219,0.7400000095367432,0.3700000047683716,GPM_3IMERGHH_07,V07B,3B-HHR.MS.MRG.3IMERG.19980811-S120000-E122959.0720.V07B.HDF5,1998-08-11T12:00:00,2026-09-14T18:31:54.934900+00:00,DERIVED,debris-flow/flood event,False,DATE_ONLY,0.3700000047683716,0.614999994635582,1.0149999856948853,1.0149999856948853,1.0149999856948853,1.0149999856948853,,,0.7400000095367432,1.0149999856948853,0.2150000035762787,3.6333202242896365,
FL-UK-1998-01,1998-08-11,1998-08-11T16:00:00,30.44999885559082,78.94999694824219,0.0,0.0,GPM_3IMERGHH_07,V07B,3B-HHR.MS.MRG.3IMERG.19980811-S160000-E162959.0960.V07B.HDF5,1998-08-11T16:00:00,2026-09-14T18:31:54.934900+00:00,DERIVED,debris-flow/flood event,False,DATE_ONLY,0.0,0.3700000047683716,1.0149999856948853,1.0149999856948853,1.0149999856948853,1.0149999856948853,,,0.7400000095367432,1.0149999856948853,-0.1199999749660492,2.1859000195744196,
FL-UK-1998-01,1998-08-11,1998-08-11T20:00:00,30.44999885559082,78.94999694824219,3.5,1.75,GPM_3IMERGHH_07,V07B,3B-HHR.MS.MRG.3IMERG.19980811-S200000-E202959.1200.V07B.HDF5,1998-08-11T20:00:00,2026-09-14T18:31:54.934900+00:00,DERIVED,debris-flow/flood event,False,DATE_ONLY,1.75,1.75,2.7649999856948853,2.7649999856948853,2.7649999856948853,2.7649999856948853,,,3.5,2.7649999856948853,1.135000005364418,3.7966445090799232,
FL-UK-1998-01,1998-08-11,1998-08-11T00:00:00,30.44999885559082,79.04999542236328,0.8299999833106995,0.41499999165534973,GPM_3IMERGHH_07,V07B,3B-HHR.MS.MRG.3IMERG.19980811-S000000-E002959.0000.V07B.HDF5,1998-08-11T00:00:00,2026-09-14T18:31:54.934900+00:00,DERIVED,debris-flow/flood event,False,DATE_ONLY,0.41499999165534973,0.41499999165534973,0.41499999165534973,0.41499999165534973,0.41499999165534973,0.41499999165534973,,,0.8299999833106995,0.41499999165534973,,5.991337824657645,
FL-UK-1998-01,1998-08-11,1998-08-11T04:00:00,30.44999885559082,79.04999542236328,3.509999990463257,1.7549999952316284,GPM_3IMERGHH_07,V07B,3B-HHR.MS.MRG.3IMERG.19980811-S040000-E042959.0240.V07B.HDF5,1998-08-11T04:00:00,2026-09-14T18:31:54.934900+00:00,DERIVED,debris-flow/flood event,False,DATE_ONLY,1.7549999952316284,2.169999986886978,2.169999986886978,2.169999986886978,2.169999986886978,2.169999986886978,,,3.509999990463257,2.169999986886978,,5.998341472393924,
FL-UK-1998-01,1998-08-11,1998-08-11T08:00:00,30.44999885559082,79.04999542236328,0.9399999976158142,0.4699999988079071,GPM_3IMERGHH_07,V07B,3B-HHR.MS.MRG.3IMERG.19980811-S080000-E082959.0480.V07B.HDF5,1998-08-11T08:00:00,2026-09-14T18:31:54.934900+00:00,DERIVED,debris-flow/flood event,False,DATE_ONLY,0.4699999988079071,2.2249999940395355,2.6399999856948853,2.6399999856948853,2.6399999856948853,2.6399999856948853,,,3.509999990463257,2.6399999856948853,1.8100000023841858,5.055669179943627,
FL-UK-1998-01,1998-08-11,1998-08-11T12:00:00,30.44999885559082,79.04999542236328,0.5899999737739563,0.29499998688697815,GPM_3IMERGHH_07,V07B,3B-HHR.MS.MRG.3IMERG.19980811-S120000-E122959.0720.V07B.HDF5,1998-08-11T12:00:00,2026-09-14T18:31:54.934900+00:00,DERIVED,debris-flow/flood event,False,DATE_ONLY,0.29499998688697815,0.7649999856948853,2.9349999725818634,2.9349999725818634,2.9349999725818634,2.9349999725818634,,,3.509999990463257,2.9349999725818634,-1.405000001192093,1.5635645036923753,
FL-UK-1998-01,1998-08-11,1998-08-11T16:00:00,30.44999885559082,79.04999542236328,0.0,0.0,GPM_3IMERGHH_07,V07B,3B-HHR.MS.MRG.3IMERG.19980811-S160000-E162959.0960.V07B.HDF5,1998-08-11T16:00:00,2026-09-14T18:31:54.934900+00:00,DERIVED,debris-flow/flood event,False,DATE_ONLY,0.0,0.29499998688697815,2.9349999725818634,2.9349999725818634,2.9349999725818634,2.9349999725818634,,,3.509999990463257,2.9349999725818634,-1.9300000071525574,0.6029431590998252,
FL-UK-1998-01,1998-08-11,1998-08-11T20:00:00,30.44999885559082,79.04999542236328,2.5,1.25,GPM_3IMERGHH_07,V07B,3B-HHR.MS.MRG.3IMERG.19980811-S200000-E202959.1200.V07B.HDF5,1998-08-11T20:00:00,2026-09-14T18:31:54.934900+00:00,DERIVED,debris-flow/flood event,False,DATE_ONLY,1.25,1.25,4.184999972581863,4.184999972581863,4.184999972581863,4.184999972581863,,,3.509999990463257,4.184999972581863,0.48500001430511475,1.791857809902858,
FL-UK-1998-01,1998-08-11,1998-08-11T00:00:00,30.44999885559082,79.1500015258789,0.3999999761581421,0.19999998807907104,GPM_3IMERGHH_07,V07B,3B-HHR.MS.MRG.3IMERG.19980811-S000000-E002959.0000.V07B.HDF5,1998-08-11T00:00:00,2026-09-14T18:31:54.934900+00:00,DERIVED,debris-flow/flood event,False,DATE_ONLY,0.19999998807907104,0.19999998807907104,0.19999998807907104,0.19999998807907104,0.19999998807907104,0.19999998807907104,,,0.3999999761581421,0.19999998807907104,,5.9820538374180705,
FL-UK-1998-01,1998-08-11,1998-08-11T04:00:00,30.44999885559082,79.1500015258789,2.7200000286102295,1.3600000143051147,GPM_3IMERGHH_07,V07B,3B-HHR.MS.MRG.3IMERG.19980811-S040000-E042959.0240.V07B.HDF5,1998-08-11T04:00:00,2026-09-14T18:31:54.934900+00:00,DERIVED,debris-flow/flood event,False,DATE_ONLY,1.3600000143051147,1.5600000023841858,1.5600000023841858,1.5600000023841858,1.5600000023841858,1.5600000023841858,,,2.7200000286102295,1.5600000023841858,,5.997693194928553,
FL-UK-1998-01,1998-08-11,1998-08-11T08:00:00,30.44999885559082,79.1500015258789,1.090000033378601,0.5450000166893005,GPM_3IMERGHH_07,V07B,3B-HHR.MS.MRG.3IMERG.19980811-S080000-E082959.0480.V07B.HDF5,1998-08-11T08:00:00,2026-09-14T18:31:54.934900+00:00,DERIVED,debris-flow/flood event,False,DATE_ONLY,0.5450000166893005,1.9050000309944153,2.1050000190734863,2.1050000190734863,2.1050000190734863,2.1050000190734863,,,2.7200000286102295,2.1050000190734863,1.7050000429153442,5.428381498113759,
FL-UK-1998-01,1998-08-11,1998-08-11T12:00:00,30.44999885559082,79.1500015258789,0.699999988079071,0.3499999940395355,GPM_3IMERGHH_07,V07B,3B-HHR.MS.MRG.3IMERG.19980811-S120000-E122959.0720.V07B.HDF5,1998-08-11T12:00:00,2026-09-14T18:31:54.934900+00:00,DERIVED,debris-flow/flood event,False,DATE_ONLY,0.3499999940395355,0.8950000107288361,2.455000013113022,2.455000013113022,2.455000013113022,2.455000013113022,,,2.7200000286102295,2.455000013113022,-0.6649999916553497,2.1868382618085027,
FL-UK-1998-01,1998-08-11,1998-08-11T16:00:00,30.44999885559082,79.1500015258789,0.0,0.0,GPM_3IMERGHH_07,V07B,3B-HHR.MS.MRG.3IMERG.19980811-S160000-E162959.0960.V07B.HDF5,1998-08-11T16:00:00,2026-09-14T18:31:54.934900+00:00,DERIVED,debris-flow/flood event,False,DATE_ONLY,0.0,0.3499999940395355,2.455000013113022,2.455000013113022,2.455000013113022,2.455000013113022,,,2.7200000286102295,2.455000013113022,-1.5550000369548798,0.8551881222605933,
FL-UK-1998-01,1998-08-11,1998-08-11T20:00:00,30.44999885559082,79.1500015258789,2.0399999618530273,1.0199999809265137,GPM_3IMERGHH_07,V07B,3B-HHR.MS.MRG.3IMERG.19980811-S200000-E202959.1200.V07B.HDF5,1998-08-11T20:00:00,2026-09-14T18:31:54.934900+00:00,DERIVED,debris-flow/flood event,False,DATE_ONLY,1.0199999809265137,1.0199999809265137,3.4749999940395355,3.4749999940395355,3.4749999940395355,3.4749999940395355,,,2.7200000286102295,3.4749999940395355,0.12499997019767761,1.7608470180845173,
FL-UK-1998-01,1998-08-11,1998-08-11T00:00:00,30.549999237060547,78.94999694824219,0.0,0.0,GPM_3IMERGHH_07,V07B,3B-HHR.MS.MRG.3IMERG.19980811-S000000-E002959.0000.V07B.HDF5,1998-08-11T00:00:00,2026-09-14T18:31:54.934900+00:00,DERIVED,debris-flow/flood event,False,DATE_ONLY,0.0,0.0,0.0,0.0,0.0,0.0,,,0.0,0.0,,0.0,
FL-UK-1998-01,1998-08-11,1998-08-11T04:00:00,30.549999237060547,78.94999694824219,0.4699999988079071,0.23499999940395355,GPM_3IMERGHH_07,V07B,3B-HHR.MS.MRG.3IMERG.19980811-S040000-E042959.0240.V07B.HDF5,1998-08-11T04:00:00,2026-09-14T18:31:54.934900+00:00,DERIVED,debris-flow/flood event,False,DATE_ONLY,0.23499999940395355,0.23499999940395355,0.23499999940395355,0.23499999940395355,0.23499999940395355,0.23499999940395355,,,0.4699999988079071,0.23499999940395355,,5.9847198641379125,
FL-UK-1998-01,1998-08-11,1998-08-11T08:00:00,30.549999237060547,78.94999694824219,0.0,0.0,GPM_3IMERGHH_07,V07B,3B-HHR.MS.MRG.3IMERG.19980811-S080000-E082959.0480.V07B.HDF5,1998-08-11T08:00:00,2026-09-14T18:31:54.934900+00:00,DERIVED,debris-flow/flood event,False,DATE_ONLY,0.0,0.23499999940395355,0.23499999940395355,0.23499999940395355,0.23499999940395355,0.23499999940395355,,,0.4699999988079071,0.23499999940395355,0.23499999940395355,5.9847198641379125,
FL-UK-1998-01,1998-08-11,1998-08-11T12:00:00,30.549999237060547,78.94999694824219,0.0,0.0,GPM_3IMERGHH_07,V07B,3B-HHR.MS.MRG.3IMERG.19980811-S120000-E122959.0720.V07B.HDF5,1998-08-11T12:00:00,2026-09-14T18:31:54.934900+00:00,DERIVED,debris-flow/flood event,False,DATE_ONLY,0.0,0.0,0.23499999940395355,0.23499999940395355,0.23499999940395355,0.23499999940395355,,,0.4699999988079071,0.23499999940395355,-0.23499999940395355,0.0,
FL-UK-1998-01,1998-08-11,1998-08-11T16:00:00,30.549999237060547,78.94999694824219,0.0,0.0,GPM_3IMERGHH_07,V07B,3B-HHR.MS.MRG.3IMERG.19980811-S160000-E162959.0960.V07B.HDF5,1998-08-11T16:00:00,2026-09-14T18:31:54.934900+00:00,DERIVED,debris-flow/flood event,False,DATE_ONLY,0.0,0.0,0.23499999940395355,0.23499999940395355,0.23499999940395355,0.23499999940395355,,,0.4699999988079071,0.23499999940395355,-0.23499999940395355,0.0,
FL-UK-1998-01,1998-08-11,1998-08-11T20:00:00,30.549999237060547,78.94999694824219,2.619999885559082,1.309999942779541,GPM_3IMERGHH_07,V07B,3B-HHR.MS.MRG.3IMERG.19980811-S200000-E202959.1200.V07B.HDF5,1998-08-11T20:00:00,2026-09-14T18:31:54.934900+00:00,DERIVED,debris-flow/flood event,False,DATE_ONLY,1.309999942779541,1.309999942779541,1.5449999421834946,1.5449999421834946,1.5449999421834946,1.5449999421834946,,,2.619999885559082,1.5449999421834946,1.309999942779541,5.085403694809471,
FL-UK-1998-01,1998-08-11,1998-08-11T00:00:00,30.549999237060547,79.04999542236328,0.5,0.25,GPM_3IMERGHH_07,V07B,3B-HHR.MS.MRG.3IMERG.19980811-S000000-E002959.0000.V07B.HDF5,1998-08-11T00:00:00,2026-09-14T18:31:54.934900+00:00,DERIVED,debris-flow/flood event,False,DATE_ONLY,0.25,0.25,0.25,0.25,0.25,0.25,,,0.5,0.25,,5.985634477254589,
FL-UK-1998-01,1998-08-11,1998-08-11T04:00:00,30.549999237060547,79.04999542236328,0.6599999666213989,0.32999998331069946,GPM_3IMERGHH_07,V07B,3B-HHR.MS.MRG.3IMERG.19980811-S040000-E042959.0240.V07B.HDF5,1998-08-11T04:00:00,2026-09-14T18:31:54.934900+00:00,DERIVED,debris-flow/flood event,False,DATE_ONLY,0.32999998331069946,0.5799999833106995,0.5799999833106995,0.5799999833106995,0.5799999833106995,0.5799999833106995,,,0.6599999666213989,0.5799999833106995,,5.993799517562036,
FL-UK-1998-01,1998-08-11,1998-08-11T08:00:00,30.549999237060547,79.04999542236328,0.0,0.0,GPM_3IMERGHH_07,V07B,3B-HHR.MS.MRG.3IMERG.19980811-S080000-E082959.0480.V07B.HDF5,1998-08-11T08:00:00,2026-09-14T18:31:54.934900+00:00,DERIVED,debris-flow/flood event,False,DATE_ONLY,0.0,0.32999998331069946,0.5799999833106995,0.5799999833106995,0.5799999833106995,0.5799999833106995,,,0.6599999666213989,0.5799999833106995,0.07999998331069946,3.4102651684105014,
FL-UK-1998-01,1998-08-11,1998-08-11T12:00:00,30.549999237060547,79.04999542236328,0.0,0.0,GPM_3IMERGHH_07,V07B,3B-HHR.MS.MRG.3IMERG.19980811-S120000-E122959.0720.V07B.HDF5,1998-08-11T12:00:00,2026-09-14T18:31:54.934900+00:00,DERIVED,debris-flow/flood event,False,DATE_ONLY,0.0,0.0,0.5799999833106995,0.5799999833106995,0.5799999833106995,0.5799999833106995,,,0.6599999666213989,0.5799999833106995,-0.5799999833106995,0.0,
FL-UK-1998-01,1998-08-11,1998-08-11T16:00:00,30.549999237060547,79.04999542236328,0.0,0.0,GPM_3IMERGHH_07,V07B,3B-HHR.MS.MRG.3IMERG.19980811-S160000-E162959.0960.V07B.HDF5,1998-08-11T16:00:00,2026-09-14T18:31:54.934900+00:00,DERIVED,debris-flow/flood event,False,DATE_ONLY,0.0,0.0,0.5799999833106995,0.5799999833106995,0.5799999833106995,0.5799999833106995,,,0.6599999666213989,0.5799999833106995,-0.32999998331069946,0.0,
FL-UK-1998-01,1998-08-11,1998-08-11T20:00:00,30.549999237060547,79.04999542236328,2.109999895095825,1.0549999475479126,GPM_3IMERGHH_07,V07B,3B-HHR.MS.MRG.3IMERG.19980811-S200000-E202959.1200.V07B.HDF5,1998-08-11T20:00:00,2026-09-14T18:31:54.934900+00:00,DERIVED,debris-flow/flood event,False,DATE_ONLY,1.0549999475479126,1.0549999475479126,1.634999930858612,1.634999930858612,1.634999930858612,1.634999930858612,,,2.109999895095825,1.634999930858612,1.0549999475479126,3.870139369573418,
FL-UK-1998-01,1998-08-11,1998-08-11T00:00:00,30.549999237060547,79.1500015258789,0.0,0.0,GPM_3IMERGHH_07,V07B,3B-HHR.MS.MRG.3IMERG.19980811-S000000-E002959.0000.V07B.HDF5,1998-08-11T00:00:00,2026-09-14T18:31:54.934900+00:00,DERIVED,debris-flow/flood event,False,DATE_ONLY,0.0,0.0,0.0,0.0,0.0,0.0,,,0.0,0.0,,0.0,
FL-UK-1998-01,1998-08-11,1998-08-11T04:00:00,30.549999237060547,79.1500015258789,0.4099999964237213,0.20499999821186066,GPM_3IMERGHH_07,V07B,3B-HHR.MS.MRG.3IMERG.19980811-S040000-E042959.0240.V07B.HDF5,1998-08-11T04:00:00,2026-09-14T18:31:54.934900+00:00,DERIVED,debris-flow/flood event,False,DATE_ONLY,0.20499999821186066,0.20499999821186066,0.20499999821186066,0.20499999821186066,0.20499999821186066,0.20499999821186066,,,0.4099999964237213,0.20499999821186066,,5.982490272221256,
FL-UK-1998-01,1998-08-11,1998-08-11T08:00:00,30.549999237060547,79.1500015258789,0.0,0.0,GPM_3IMERGHH_07,V07B,3B-HHR.MS.MRG.3IMERG.19980811-S080000-E082959.0480.V07B.HDF5,1998-08-11T08:00:00,2026-09-14T18:31:54.934900+00:00,DERIVED,debris-flow/flood event,False,DATE_ONLY,0.0,0.20499999821186066,0.20499999821186066,0.20499999821186066,0.20499999821186066,0.20499999821186066,,,0.4099999964237213,0.20499999821186066,0.20499999821186066,5.982490272221256,
FL-UK-1998-01,1998-08-11,1998-08-11T12:00:00,30.549999237060547,79.1500015258789,0.0,0.0,GPM_3IMERGHH_07,V07B,3B-HHR.MS.MRG.3IMERG.19980811-S120000-E122959.0720.V07B.HDF5,1998-08-11T12:00:00,2026-09-14T18:31:54.934900+00:00,DERIVED,debris-flow/flood event,False,DATE_ONLY,0.0,0.0,0.20499999821186066,0.20499999821186066,0.20499999821186066,0.20499999821186066,,,0.4099999964237213,0.20499999821186066,-0.20499999821186066,0.0,
FL-UK-1998-01,1998-08-11,1998-08-11T16:00:00,30.549999237060547,79.1500015258789,0.0,0.0,GPM_3IMERGHH_07,V07B,3B-HHR.MS.MRG.3IMERG.19980811-S160000-E162959.0960.V07B.HDF5,1998-08-11T16:00:00,2026-09-14T18:31:54.934900+00:00,DERIVED,debris-flow/flood event,False,DATE_ONLY,0.0,0.0,0.20499999821186066,0.20499999821186066,0.20499999821186066,0.20499999821186066,,,0.4099999964237213,0.20499999821186066,-0.20499999821186066,0.0,
FL-UK-1998-01,1998-08-11,1998-08-11T20:00:00,30.549999237060547,79.1500015258789,1.4499999284744263,0.7249999642372131,GPM_3IMERGHH_07,V07B,3B-HHR.MS.MRG.3IMERG.19980811-S200000-E202959.1200.V07B.HDF5,1998-08-11T20:00:00,2026-09-14T18:31:54.934900+00:00,DERIVED,debris-flow/flood event,False,DATE_ONLY,0.7249999642372131,0.7249999642372131,0.9299999624490738,0.9299999624490738,0.9299999624490738,0.9299999624490738,,,1.4499999284744263,0.9299999624490738,0.7249999642372131,4.67440356861322,
FL-UK-1998-01,1998-08-11,1998-08-11T00:00:00,30.649999618530273,78.94999694824219,0.429999977350235,0.2149999886751175,GPM_3IMERGHH_07,V07B,3B-HHR.MS.MRG.3IMERG.19980811-S000000-E002959.0000.V07B.HDF5,1998-08-11T00:00:00,2026-09-14T18:31:54.934900+00:00,DERIVED,debris-flow/flood event,False,DATE_ONLY,0.2149999886751175,0.2149999886751175,0.2149999886751175,0.2149999886751175,0.2149999886751175,0.2149999886751175,,,0.429999977350235,0.2149999886751175,,5.983302410996761,
FL-UK-1998-01,1998-08-11,1998-08-11T04:00:00,30.649999618530273,78.94999694824219,0.9099999666213989,0.45499998331069946,GPM_3IMERGHH_07,V07B,3B-HHR.MS.MRG.3IMERG.19980811-S040000-E042959.0240.V07B.HDF5,1998-08-11T04:00:00,2026-09-14T18:31:54.934900+00:00,DERIVED,debris-flow/flood event,False,DATE_ONLY,0.45499998331069946,0.669999971985817,0.669999971985817,0.669999971985817,0.669999971985817,0.669999971985817,,,0.9099999666213989,0.669999971985817,,5.994631672904281,
FL-UK-1998-01,1998-08-11,1998-08-11T08:00:00,30.649999618530273,78.94999694824219,1.3600000143051147,0.6800000071525574,GPM_3IMERGHH_07,V07B,3B-HHR.MS.MRG.3IMERG.19980811-S080000-E082959.0480.V07B.HDF5,1998-08-11T08:00:00,2026-09-14T18:31:54.934900+00:00,DERIVED,debris-flow/flood event,False,DATE_ONLY,0.6800000071525574,1.1349999904632568,1.3499999791383743,1.3499999791383743,1.3499999791383743,1.3499999791383743,,,1.3600000143051147,1.3499999791383743,0.9200000017881393,5.042203500642754,
FL-UK-1998-01,1998-08-11,1998-08-11T12:00:00,30.649999618530273,78.94999694824219,0.0,0.0,GPM_3IMERGHH_07,V07B,3B-HHR.MS.MRG.3IMERG.19980811-S120000-E122959.0720.V07B.HDF5,1998-08-11T12:00:00,2026-09-14T18:31:54.934900+00:00,DERIVED,debris-flow/flood event,False,DATE_ONLY,0.0,0.6800000071525574,1.3499999791383743,1.3499999791383743,1.3499999791383743,1.3499999791383743,,,1.3600000143051147,1.3499999791383743,0.010000035166740417,3.020879687498746,
FL-UK-1998-01,1998-08-11,1998-08-11T16:00:00,30.649999618530273,78.94999694824219,0.0,0.0,GPM_3IMERGHH_07,V07B,3B-HHR.MS.MRG.3IMERG.19980811-S160000-E162959.0960.V07B.HDF5,1998-08-11T16:00:00,2026-09-14T18:31:54.934900+00:00,DERIVED,debris-flow/flood event,False,DATE_ONLY,0.0,0.0,1.3499999791383743,1.3499999791383743,1.3499999791383743,1.3499999791383743,,,1.3600000143051147,1.3499999791383743,-1.1349999904632568,0.0,
FL-UK-1998-01,1998-08-11,1998-08-11T20:00:00,30.649999618530273,78.94999694824219,0.29999998211860657,0.14999999105930328,GPM_3IMERGHH_07,V07B,3B-HHR.MS.MRG.3IMERG.19980811-S200000-E202959.1200.V07B.HDF5,1998-08-11T20:00:00,2026-09-14T18:31:54.934900+00:00,DERIVED,debris-flow/flood event,False,DATE_ONLY,0.14999999105930328,0.14999999105930328,1.4999999701976776,1.4999999701976776,1.4999999701976776,1.4999999701976776,,,1.3600000143051147,1.4999999701976776,-0.5300000160932541,0.5997600721245253,
FL-UK-1998-01,1998-08-11,1998-08-11T00:00:00,30.649999618530273,79.04999542236328,0.32999998331069946,0.16499999165534973,GPM_3IMERGHH_07,V07B,3B-HHR.MS.MRG.3IMERG.19980811-S000000-E002959.0000.V07B.HDF5,1998-08-11T00:00:00,2026-09-14T18:31:54.934900+00:00,DERIVED,debris-flow/flood event,False,DATE_ONLY,0.16499999165534973,0.16499999165534973,0.16499999165534973,0.16499999165534973,0.16499999165534973,0.16499999165534973,,,0.32999998331069946,0.16499999165534973,,5.978260868469774,
FL-UK-1998-01,1998-08-11,1998-08-11T04:00:00,30.649999618530273,79.04999542236328,0.5600000023841858,0.2800000011920929,GPM_3IMERGHH_07,V07B,3B-HHR.MS.MRG.3IMERG.19980811-S040000-E042959.0240.V07B.HDF5,1998-08-11T04:00:00,2026-09-14T18:31:54.934900+00:00,DERIVED,debris-flow/flood event,False,DATE_ONLY,0.2800000011920929,0.4449999928474426,0.4449999928474426,0.4449999928474426,0.4449999928474426,0.4449999928474426,,,0.5600000023841858,0.4449999928474426,,5.991921005256316,
FL-UK-1998-01,1998-08-11,1998-08-11T08:00:00,30.649999618530273,79.04999542236328,4.859999656677246,2.429999828338623,GPM_3IMERGHH_07,V07B,3B-HHR.MS.MRG.3IMERG.19980811-S080000-E082959.0480.V07B.HDF5,1998-08-11T08:00:00,2026-09-14T18:31:54.934900+00:00,DERIVED,debris-flow/flood event,False,DATE_ONLY,2.429999828338623,2.709999829530716,2.8749998211860657,2.8749998211860657,2.8749998211860657,2.8749998211860657,,,4.859999656677246,2.8749998211860657,2.544999837875366,5.65447210609358,
FL-UK-1998-01,1998-08-11,1998-08-11T12:00:00,30.649999618530273,79.04999542236328,0.0,0.0,GPM_3IMERGHH_07,V07B,3B-HHR.MS.MRG.3IMERG.19980811-S120000-E122959.0720.V07B.HDF5,1998-08-11T12:00:00,2026-09-14T18:31:54.934900+00:00,DERIVED,debris-flow/flood event,False,DATE_ONLY,0.0,2.429999828338623,2.8749998211860657,2.8749998211860657,2.8749998211860657,2.8749998211860657,,,4.859999656677246,2.8749998211860657,1.9849998354911804,5.070246166595633,
FL-UK-1998-01,1998-08-11,1998-08-11T16:00:00,30.649999618530273,79.04999542236328,0.0,0.0,GPM_3IMERGHH_07,V07B,3B-HHR.MS.MRG.3IMERG.19980811-S160000-E162959.0960.V07B.HDF5,1998-08-11T16:00:00,2026-09-14T18:31:54.934900+00:00,DERIVED,debris-flow/flood event,False,DATE_ONLY,0.0,0.0,2.8749998211860657,2.8749998211860657,2.8749998211860657,2.8749998211860657,,,4.859999656677246,2.8749998211860657,-2.709999829530716,0.0,
FL-UK-1998-01,1998-08-11,1998-08-11T20:00:00,30.649999618530273,79.04999542236328,0.2199999988079071,0.10999999940395355,GPM_3IMERGHH_07,V07B,3B-HHR.MS.MRG.3IMERG.19980811-S200000-E202959.1200.V07B.HDF5,1998-08-11T20:00:00,2026-09-14T18:31:54.934900+00:00,DERIVED,debris-flow/flood event,False,DATE_ONLY,0.10999999940395355,0.10999999940395355,2.9849998205900192,2.9849998205900192,2.9849998205900192,2.9849998205900192,,,4.859999656677246,2.9849998205900192,-2.3199998289346695,0.2210611053336984,
FL-UK-1998-01,1998-08-11,1998-08-11T00:00:00,30.649999618530273,79.1500015258789,1.8799999952316284,0.9399999976158142,GPM_3IMERGHH_07,V07B,3B-HHR.MS.MRG.3IMERG.19980811-S000000-E002959.0000.V07B.HDF5,1998-08-11T00:00:00,2026-09-14T18:31:54.934900+00:00,DERIVED,debris-flow/flood event,False,DATE_ONLY,0.9399999976158142,0.9399999976158142,0.9399999976158142,0.9399999976158142,0.9399999976158142,0.9399999976158142,,,1.8799999952316284,0.9399999976158142,,5.996172655741947,
FL-UK-1998-01,1998-08-11,1998-08-11T04:00:00,30.649999618530273,79.1500015258789,1.1799999475479126,0.5899999737739563,GPM_3IMERGHH_07,V07B,3B-HHR.MS.MRG.3IMERG.19980811-S040000-E042959.0240.V07B.HDF5,1998-08-11T04:00:00,2026-09-14T18:31:54.934900+00:00,DERIVED,debris-flow/flood event,False,DATE_ONLY,0.5899999737739563,1.5299999713897705,1.5299999713897705,1.5299999713897705,1.5299999713897705,1.5299999713897705,,,1.8799999952316284,1.5299999713897705,,5.9976479811398855,
FL-UK-1998-01,1998-08-11,1998-08-11T08:00:00,30.649999618530273,79.1500015258789,2.2699999809265137,1.1349999904632568,GPM_3IMERGHH_07,V07B,3B-HHR.MS.MRG.3IMERG.19980811-S080000-E082959.0480.V07B.HDF5,1998-08-11T08:00:00,2026-09-14T18:31:54.934900+00:00,DERIVED,debris-flow/flood event,False,DATE_ONLY,1.1349999904632568,1.7249999642372131,2.6649999618530273,2.6649999618530273,2.6649999618530273,2.6649999618530273,,,2.2699999809265137,2.6649999618530273,0.7849999666213989,3.8828030963162,
FL-UK-1998-01,1998-08-11,1998-08-11T12:00:00,30.649999618530273,79.1500015258789,0.0,0.0,GPM_3IMERGHH_07,V07B,3B-HHR.MS.MRG.3IMERG.19980811-S120000-E122959.0720.V07B.HDF5,1998-08-11T12:00:00,2026-09-14T18:31:54.934900+00:00,DERIVED,debris-flow/flood event,False,DATE_ONLY,0.0,1.1349999904632568,2.6649999618530273,2.6649999618530273,2.6649999618530273,2.6649999618530273,,,2.2699999809265137,2.6649999618530273,-0.39499998092651367,2.5547719238581768,
FL-UK-1998-01,1998-08-11,1998-08-11T16:00:00,30.649999618530273,79.1500015258789,0.0,0.0,GPM_3IMERGHH_07,V07B,3B-HHR.MS.MRG.3IMERG.19980811-S160000-E162959.0960.V07B.HDF5,1998-08-11T16:00:00,2026-09-14T18:31:54.934900+00:00,DERIVED,debris-flow/flood event,False,DATE_ONLY,0.0,0.0,2.6649999618530273,2.6649999618530273,2.6649999618530273,2.6649999618530273,,,2.2699999809265137,2.6649999618530273,-1.7249999642372131,0.0,
FL-UK-1998-01,1998-08-11,1998-08-11T20:00:00,30.649999618530273,79.1500015258789,0.14999999105930328,0.07499999552965164,GPM_3IMERGHH_07,V07B,3B-HHR.MS.MRG.3IMERG.19980811-S200000-E202959.1200.V07B.HDF5,1998-08-11T20:00:00,2026-09-14T18:31:54.934900+00:00,DERIVED,debris-flow/flood event,False,DATE_ONLY,0.07499999552965164,0.07499999552965164,2.739999957382679,2.739999957382679,2.739999957382679,2.739999957382679,,,2.2699999809265137,2.739999957382679,-1.0599999949336052,0.1641976137253055,
FL-UK-1998-02,1998-08-18,1998-08-18T00:00:00,29.849998474121094,80.6500015258789,0.0,0.0,GPM_3IMERGHH_07,V07B,3B-HHR.MS.MRG.3IMERG.19980818-S000000-E002959.0000.V07B.HDF5,1998-08-18T00:00:00,2026-09-14T18:31:54.934900+00:00,DIRECT,debris-flow/flood event,False,DATE_ONLY,0.0,0.0,0.0,0.0,0.0,0.0,,,0.0,0.0,,0.0,
FL-UK-1998-02,1998-08-18,1998-08-18T04:00:00,29.849998474121094,80.6500015258789,0.0,0.0,GPM_3IMERGHH_07,V07B,3B-HHR.MS.MRG.3IMERG.19980818-S040000-E042959.0240.V07B.HDF5,1998-08-18T04:00:00,2026-09-14T18:31:54.934900+00:00,DIRECT,debris-flow/flood event,False,DATE_ONLY,0.0,0.0,0.0,0.0,0.0,0.0,,,0.0,0.0,,0.0,
FL-UK-1998-02,1998-08-18,1998-08-18T08:00:00,29.849998474121094,80.6500015258789,0.5399999618530273,0.26999998092651367,GPM_3IMERGHH_07,V07B,3B-HHR.MS.MRG.3IMERG.19980818-S080000-E082959.0480.V07B.HDF5,1998-08-18T08:00:00,2026-09-14T18:31:54.934900+00:00,DIRECT,debris-flow/flood event,False,DATE_ONLY,0.26999998092651367,0.26999998092651367,0.26999998092651367,0.26999998092651367,0.26999998092651367,0.26999998092651367,,,0.5399999618530273,0.26999998092651367,0.26999998092651367,5.986696229660941,
FL-UK-1998-02,1998-08-18,1998-08-18T12:00:00,29.849998474121094,80.6500015258789,1.399999976158142,0.699999988079071,GPM_3IMERGHH_07,V07B,3B-HHR.MS.MRG.3IMERG.19980818-S120000-E122959.0720.V07B.HDF5,1998-08-18T12:00:00,2026-09-14T18:31:54.934900+00:00,DIRECT,debris-flow/flood event,False,DATE_ONLY,0.699999988079071,0.9699999690055847,0.9699999690055847,0.9699999690055847,0.9699999690055847,0.9699999690055847,,,1.399999976158142,0.9699999690055847,0.9699999690055847,5.9962909539306,
FL-UK-1998-02,1998-08-18,1998-08-18T16:00:00,29.849998474121094,80.6500015258789,0.0,0.0,GPM_3IMERGHH_07,V07B,3B-HHR.MS.MRG.3IMERG.19980818-S160000-E162959.0960.V07B.HDF5,1998-08-18T16:00:00,2026-09-14T18:31:54.934900+00:00,DIRECT,debris-flow/flood event,False,DATE_ONLY,0.0,0.699999988079071,0.9699999690055847,0.9699999690055847,0.9699999690055847,0.9699999690055847,,,1.399999976158142,0.9699999690055847,0.4300000071525574,4.327220340607965,
FL-UK-1998-02,1998-08-18,1998-08-18T20:00:00,29.849998474121094,80.6500015258789,0.0,0.0,GPM_3IMERGHH_07,V07B,3B-HHR.MS.MRG.3IMERG.19980818-S200000-E202959.1200.V07B.HDF5,1998-08-18T20:00:00,2026-09-14T18:31:54.934900+00:00,DIRECT,debris-flow/flood event,False,DATE_ONLY,0.0,0.0,0.9699999690055847,0.9699999690055847,0.9699999690055847,0.9699999690055847,,,1.399999976158142,0.9699999690055847,-0.9699999690055847,0.0,
FL-UK-1998-02,1998-08-18,1998-08-18T00:00:00,29.849998474121094,80.75,1.3799999952316284,0.6899999976158142,GPM_3IMERGHH_07,V07B,3B-HHR.MS.MRG.3IMERG.19980818-S000000-E002959.0000.V07B.HDF5,1998-08-18T00:00:00,2026-09-14T18:31:54.934900+00:00,DIRECT,debris-flow/flood event,False,DATE_ONLY,0.6899999976158142,0.6899999976158142,0.6899999976158142,0.6899999976158142,0.6899999976158142,0.6899999976158142,,,1.3799999952316284,0.6899999976158142,,5.99478714159799,
FL-UK-1998-02,1998-08-18,1998-08-18T04:00:00,29.849998474121094,80.75,0.4399999976158142,0.2199999988079071,GPM_3IMERGHH_07,V07B,3B-HHR.MS.MRG.3IMERG.19980818-S040000-E042959.0240.V07B.HDF5,1998-08-18T04:00:00,2026-09-14T18:31:54.934900+00:00,DIRECT,debris-flow/flood event,False,DATE_ONLY,0.2199999988079071,0.9099999964237213,0.9099999964237213,0.9099999964237213,0.9099999964237213,0.9099999964237213,,,1.3799999952316284,0.9099999964237213,,5.996046562690382,
FL-UK-1998-02,1998-08-18,1998-08-18T08:00:00,29.849998474121094,80.75,1.2699999809265137,0.6349999904632568,GPM_3IMERGHH_07,V07B,3B-HHR.MS.MRG.3IMERG.19980818-S080000-E082959.0480.V07B.HDF5,1998-08-18T08:00:00,2026-09-14T18:31:54.934900+00:00,DIRECT,debris-flow/flood event,False,DATE_ONLY,0.6349999904632568,0.8549999892711639,1.5449999868869781,1.5449999868869781,1.5449999868869781,1.5449999868869781,,,1.3799999952316284,1.5449999868869781,0.16499999165534973,3.319099365392344,
FL-UK-1998-02,1998-08-18,1998-08-18T12:00:00,29.849998474121094,80.75,0.47999998927116394,0.23999999463558197,GPM_3IMERGHH_07,V07B,3B-HHR.MS.MRG.3IMERG.19980818-S120000-E122959.0720.V07B.HDF5,1998-08-18T12:00:00,2026-09-14T18:31:54.934900+00:00,DIRECT,debris-flow/flood event,False,DATE_ONLY,0.23999999463558197,0.8749999850988388,1.7849999815225601,1.7849999815225601,1.7849999815225601,1.7849999815225601,,,1.3799999952316284,1.7849999815225601,-0.03500001132488251,2.940188152397056,
FL-UK-1998-02,1998-08-18,1998-08-18T16:00:00,29.849998474121094,80.75,0.0,0.0,GPM_3IMERGHH_07,V07B,3B-HHR.MS.MRG.3IMERG.19980818-S160000-E162959.0960.V07B.HDF5,1998-08-18T16:00:00,2026-09-14T18:31:54.934900+00:00,DIRECT,debris-flow/flood event,False,DATE_ONLY,0.0,0.23999999463558197,1.7849999815225601,1.7849999815225601,1.7849999815225601,1.7849999815225601,,,1.3799999952316284,1.7849999815225601,-0.614999994635582,0.806451603222812,
FL-UK-1998-02,1998-08-18,1998-08-18T20:00:00,29.849998474121094,80.75,0.0,0.0,GPM_3IMERGHH_07,V07B,3B-HHR.MS.MRG.3IMERG.19980818-S200000-E202959.1200.V07B.HDF5,1998-08-18T20:00:00,2026-09-14T18:31:54.934900+00:00,DIRECT,debris-flow/flood event,False,DATE_ONLY,0.0,0.0,1.7849999815225601,1.7849999815225601,1.7849999815225601,1.7849999815225601,,,1.3799999952316284,1.7849999815225601,-0.8749999850988388,0.0,
FL-UK-1998-02,1998-08-18,1998-08-18T00:00:00,29.849998474121094,80.8499984741211,0.6599999666213989,0.32999998331069946,GPM_3IMERGHH_07,V07B,3B-HHR.MS.MRG.3IMERG.19980818-S000000-E002959.0000.V07B.HDF5,1998-08-18T00:00:00,2026-09-14T18:31:54.934900+00:00,DIRECT,debris-flow/flood event,False,DATE_ONLY,0.32999998331069946,0.32999998331069946,0.32999998331069946,0.32999998331069946,0.32999998331069946,0.32999998331069946,,,0.6599999666213989,0.32999998331069946,,5.98911070725428,
FL-UK-1998-02,1998-08-18,1998-08-18T04:00:00,29.849998474121094,80.8499984741211,0.38999998569488525,0.19499999284744263,GPM_3IMERGHH_07,V07B,3B-HHR.MS.MRG.3IMERG.19980818-S040000-E042959.0240.V07B.HDF5,1998-08-18T04:00:00,2026-09-14T18:31:54.934900+00:00,DIRECT,debris-flow/flood event,False,DATE_ONLY,0.19499999284744263,0.5249999761581421,0.5249999761581421,0.5249999761581421,0.5249999761581421,0.5249999761581421,,,0.6599999666213989,0.5249999761581421,,5.993150684620813,
FL-UK-1998-02,1998-08-18,1998-08-18T08:00:00,29.849998474121094,80.8499984741211,0.0,0.0,GPM_3IMERGHH_07,V07B,3B-HHR.MS.MRG.3IMERG.19980818-S080000-E082959.0480.V07B.HDF5,1998-08-18T08:00:00,2026-09-14T18:31:54.934900+00:00,DIRECT,debris-flow/flood event,False,DATE_ONLY,0.0,0.19499999284744263,0.5249999761581421,0.5249999761581421,0.5249999761581421,0.5249999761581421,,,0.6599999666213989,0.5249999761581421,-0.13499999046325684,2.226027416585398,
FL-UK-1998-02,1998-08-18,1998-08-18T12:00:00,29.849998474121094,80.8499984741211,0.0,0.0,GPM_3IMERGHH_07,V07B,3B-HHR.MS.MRG.3IMERG.19980818-S120000-E122959.0720.V07B.HDF5,1998-08-18T12:00:00,2026-09-14T18:31:54.934900+00:00,DIRECT,debris-flow/flood event,False,DATE_ONLY,0.0,0.0,0.5249999761581421,0.5249999761581421,0.5249999761581421,0.5249999761581421,,,0.6599999666213989,0.5249999761581421,-0.5249999761581421,0.0,
FL-UK-1998-02,1998-08-18,1998-08-18T16:00:00,29.849998474121094,80.8499984741211,0.0,0.0,GPM_3IMERGHH_07,V07B,3B-HHR.MS.MRG.3IMERG.19980818-S160000-E162959.0960.V07B.HDF5,1998-08-18T16:00:00,2026-09-14T18:31:54.934900+00:00,DIRECT,debris-flow/flood event,False,DATE_ONLY,0.0,0.0,0.5249999761581421,0.5249999761581421,0.5249999761581421,0.5249999761581421,,,0.6599999666213989,0.5249999761581421,-0.19499999284744263,0.0,
FL-UK-1998-02,1998-08-18,1998-08-18T20:00:00,29.849998474121094,80.8499984741211,0.0,0.0,GPM_3IMERGHH_07,V07B,3B-HHR.MS.MRG.3IMERG.19980818-S200000-E202959.1200.V07B.HDF5,1998-08-18T20:00:00,2026-09-14T18:31:54.934900+00:00,DIRECT,debris-flow/flood event,False,DATE_ONLY,0.0,0.0,0.5249999761581421,0.5249999761581421,0.5249999761581421,0.5249999761581421,,,0.6599999666213989,0.5249999761581421,0.0,0.0,
FL-UK-1998-02,1998-08-18,1998-08-18T00:00:00,29.94999885559082,80.6500015258789,0.0,0.0,GPM_3IMERGHH_07,V07B,3B-HHR.MS.MRG.3IMERG.19980818-S000000-E002959.0000.V07B.HDF5,1998-08-18T00:00:00,2026-09-14T18:31:54.934900+00:00,DIRECT,debris-flow/flood event,False,DATE_ONLY,0.0,0.0,0.0,0.0,0.0,0.0,,,0.0,0.0,,0.0,
FL-UK-1998-02,1998-08-18,1998-08-18T04:00:00,29.94999885559082,80.6500015258789,0.7999999523162842,0.3999999761581421,GPM_3IMERGHH_07,V07B,3B-HHR.MS.MRG.3IMERG.19980818-S040000-E042959.0240.V07B.HDF5,1998-08-18T04:00:00,2026-09-14T18:31:54.934900+00:00,DIRECT,debris-flow/flood event,False,DATE_ONLY,0.3999999761581421,0.3999999761581421,0.3999999761581421,0.3999999761581421,0.3999999761581421,0.3999999761581421,,,0.7999999523162842,0.3999999761581421,,5.991013479245493,
FL-UK-1998-02,1998-08-18,1998-08-18T08:00:00,29.94999885559082,80.6500015258789,1.7899999618530273,0.8949999809265137,GPM_3IMERGHH_07,V07B,3B-HHR.MS.MRG.3IMERG.19980818-S080000-E082959.0480.V07B.HDF5,1998-08-18T08:00:00,2026-09-14T18:31:54.934900+00:00,DIRECT,debris-flow/flood event,False,DATE_ONLY,0.8949999809265137,1.2949999570846558,1.2949999570846558,1.2949999570846558,1.2949999570846558,1.2949999570846558,,,1.7899999618530273,1.2949999570846558,1.2949999570846558,5.99722136452667,
FL-UK-1998-02,1998-08-18,1998-08-18T12:00:00,29.94999885559082,80.6500015258789,0.9899999499320984,0.4949999749660492,GPM_3IMERGHH_07,V07B,3B-HHR.MS.MRG.3IMERG.19980818-S120000-E122959.0720.V07B.HDF5,1998-08-18T12:00:00,2026-09-14T18:31:54.934900+00:00,DIRECT,debris-flow/flood event,False,DATE_ONLY,0.4949999749660492,1.3899999558925629,1.789999932050705,1.789999932050705,1.789999932050705,1.789999932050705,,,1.7899999618530273,1.789999932050705,0.9899999797344208,4.657656680352879,
FL-UK-1998-02,1998-08-18,1998-08-18T16:00:00,29.94999885559082,80.6500015258789,0.0,0.0,GPM_3IMERGHH_07,V07B,3B-HHR.MS.MRG.3IMERG.19980818-S160000-E162959.0960.V07B.HDF5,1998-08-18T16:00:00,2026-09-14T18:31:54.934900+00:00,DIRECT,debris-flow/flood event,False,DATE_ONLY,0.0,0.4949999749660492,1.789999932050705,1.789999932050705,1.789999932050705,1.789999932050705,,,1.7899999618530273,1.789999932050705,-0.7999999821186066,1.6586618800967279,
FL-UK-1998-02,1998-08-18,1998-08-18T20:00:00,29.94999885559082,80.6500015258789,0.0,0.0,GPM_3IMERGHH_07,V07B,3B-HHR.MS.MRG.3IMERG.19980818-S200000-E202959.1200.V07B.HDF5,1998-08-18T20:00:00,2026-09-14T18:31:54.934900+00:00,DIRECT,debris-flow/flood event,False,DATE_ONLY,0.0,0.0,1.789999932050705,1.789999932050705,1.789999932050705,1.789999932050705,,,1.7899999618530273,1.789999932050705,-1.3899999558925629,0.0,
FL-UK-1998-02,1998-08-18,1998-08-18T00:00:00,29.94999885559082,80.75,1.8499999046325684,0.9249999523162842,GPM_3IMERGHH_07,V07B,3B-HHR.MS.MRG.3IMERG.19980818-S000000-E002959.0000.V07B.HDF5,1998-08-18T00:00:00,2026-09-14T18:31:54.934900+00:00,DIRECT,debris-flow/flood event,False,DATE_ONLY,0.9249999523162842,0.9249999523162842,0.9249999523162842,0.9249999523162842,0.9249999523162842,0.9249999523162842,,,1.8499999046325684,0.9249999523162842,,5.9961106307417245,
FL-UK-1998-02,1998-08-18,1998-08-18T04:00:00,29.94999885559082,80.75,0.7799999713897705,0.38999998569488525,GPM_3IMERGHH_07,V07B,3B-HHR.MS.MRG.3IMERG.19980818-S040000-E042959.0240.V07B.HDF5,1998-08-18T04:00:00,2026-09-14T18:31:54.934900+00:00,DIRECT,debris-flow/flood event,False,DATE_ONLY,0.38999998569488525,1.3149999380111694,1.3149999380111694,1.3149999380111694,1.3149999380111694,1.3149999380111694,,,1.8499999046325684,1.3149999380111694,,5.997263605830324,
FL-UK-1998-02,1998-08-18,1998-08-18T08:00:00,29.94999885559082,80.75,1.2400000095367432,0.6200000047683716,GPM_3IMERGHH_07,V07B,3B-HHR.MS.MRG.3IMERG.19980818-S080000-E082959.0480.V07B.HDF5,1998-08-18T08:00:00,2026-09-14T18:31:54.934900+00:00,DIRECT,debris-flow/flood event,False,DATE_ONLY,0.6200000047683716,1.0099999904632568,1.934999942779541,1.934999942779541,1.934999942779541,1.934999942779541,,,1.8499999046325684,1.934999942779541,0.08500003814697266,3.1308122142622716,
FL-UK-1998-02,1998-08-18,1998-08-18T12:00:00,29.94999885559082,80.75,0.41999998688697815,0.20999999344348907,GPM_3IMERGHH_07,V07B,3B-HHR.MS.MRG.3IMERG.19980818-S120000-E122959.0720.V07B.HDF5,1998-08-18T12:00:00,2026-09-14T18:31:54.934900+00:00,DIRECT,debris-flow/flood event,False,DATE_ONLY,0.20999999344348907,0.8299999982118607,2.14499993622303,2.14499993622303,2.14499993622303,2.14499993622303,,,1.8499999046325684,2.14499993622303,-0.4849999397993088,2.32102914676518,
FL-UK-1998-02,1998-08-18,1998-08-18T16:00:00,29.94999885559082,80.75,0.0,0.0,GPM_3IMERGHH_07,V07B,3B-HHR.MS.MRG.3IMERG.19980818-S160000-E162959.0960.V07B.HDF5,1998-08-18T16:00:00,2026-09-14T18:31:54.934900+00:00,DIRECT,debris-flow/flood event,False,DATE_ONLY,0.0,0.20999999344348907,2.14499993622303,2.14499993622303,2.14499993622303,2.14499993622303,,,1.8499999046325684,2.14499993622303,-0.7999999970197678,0.5872483212685743,
FL-UK-1998-02,1998-08-18,1998-08-18T20:00:00,29.94999885559082,80.75,0.0,0.0,GPM_3IMERGHH_07,V07B,3B-HHR.MS.MRG.3IMERG.19980818-S200000-E202959.1200.V07B.HDF5,1998-08-18T20:00:00,2026-09-14T18:31:54.934900+00:00,DIRECT,debris-flow/flood event,False,DATE_ONLY,0.0,0.0,2.14499993622303,2.14499993622303,2.14499993622303,2.14499993622303,,,1.8499999046325684,2.14499993622303,-0.8299999982118607,0.0,
FL-UK-1998-02,1998-08-18,1998-08-18T00:00:00,29.94999885559082,80.8499984741211,1.5999999046325684,0.7999999523162842,GPM_3IMERGHH_07,V07B,3B-HHR.MS.MRG.3IMERG.19980818-S000000-E002959.0000.V07B.HDF5,1998-08-18T00:00:00,2026-09-14T18:31:54.934900+00:00,DIRECT,debris-flow/flood event,False,DATE_ONLY,0.7999999523162842,0.7999999523162842,0.7999999523162842,0.7999999523162842,0.7999999523162842,0.7999999523162842,,,1.5999999046325684,0.7999999523162842,,5.995503372202829,
FL-UK-1998-02,1998-08-18,1998-08-18T04:00:00,29.94999885559082,80.8499984741211,0.5600000023841858,0.2800000011920929,GPM_3IMERGHH_07,V07B,3B-HHR.MS.MRG.3IMERG.19980818-S040000-E042959.0240.V07B.HDF5,1998-08-18T04:00:00,2026-09-14T18:31:54.934900+00:00,DIRECT,debris-flow/flood event,False,DATE_ONLY,0.2800000011920929,1.079999953508377,1.079999953508377,1.079999953508377,1.079999953508377,1.079999953508377,,,1.5999999046325684,1.079999953508377,,5.99666851734695,
FL-UK-1998-02,1998-08-18,1998-08-18T08:00:00,29.94999885559082,80.8499984741211,0.0,0.0,GPM_3IMERGHH_07,V07B,3B-HHR.MS.MRG.3IMERG.19980818-S080000-E082959.0480.V07B.HDF5,1998-08-18T08:00:00,2026-09-14T18:31:54.934900+00:00,DIRECT,debris-flow/flood event,False,DATE_ONLY,0.0,0.2800000011920929,1.079999953508377,1.079999953508377,1.079999953508377,1.079999953508377,,,1.5999999046325684,1.079999953508377,-0.5199999511241913,1.5546919113758169,
FL-UK-1998-02,1998-08-18,1998-08-18T12:00:00,29.94999885559082,80.8499984741211,0.35999998450279236,0.17999999225139618,GPM_3IMERGHH_07,V07B,3B-HHR.MS.MRG.3IMERG.19980818-S120000-E122959.0720.V07B.HDF5,1998-08-18T12:00:00,2026-09-14T18:31:54.934900+00:00,DIRECT,debris-flow/flood event,False,DATE_ONLY,0.17999999225139618,0.17999999225139618,1.2599999457597733,1.2599999457597733,1.2599999457597733,1.2599999457597733,,,1.5999999046325684,1.2599999457597733,-0.8999999612569809,0.8567348881309469,
FL-UK-1998-02,1998-08-18,1998-08-18T16:00:00,29.94999885559082,80.8499984741211,0.0,0.0,GPM_3IMERGHH_07,V07B,3B-HHR.MS.MRG.3IMERG.19980818-S160000-E162959.0960.V07B.HDF5,1998-08-18T16:00:00,2026-09-14T18:31:54.934900+00:00,DIRECT,debris-flow/flood event,False,DATE_ONLY,0.0,0.17999999225139618,1.2599999457597733,1.2599999457597733,1.2599999457597733,1.2599999457597733,,,1.5999999046325684,1.2599999457597733,-0.10000000894069672,0.8567348881309469,
FL-UK-1998-02,1998-08-18,1998-08-18T20:00:00,29.94999885559082,80.8499984741211,0.0,0.0,GPM_3IMERGHH_07,V07B,3B-HHR.MS.MRG.3IMERG.19980818-S200000-E202959.1200.V07B.HDF5,1998-08-18T20:00:00,2026-09-14T18:31:54.934900+00:00,DIRECT,debris-flow/flood event,False,DATE_ONLY,0.0,0.0,1.2599999457597733,1.2599999457597733,1.2599999457597733,1.2599999457597733,,,1.5999999046325684,1.2599999457597733,-0.17999999225139618,0.0,
FL-UK-1998-02,1998-08-18,1998-08-18T00:00:00,30.049999237060547,80.6500015258789,2.190000057220459,1.0950000286102295,GPM_3IMERGHH_07,V07B,3B-HHR.MS.MRG.3IMERG.19980818-S000000-E002959.0000.V07B.HDF5,1998-08-18T00:00:00,2026-09-14T18:31:54.934900+00:00,DIRECT,debris-flow/flood event,False,DATE_ONLY,1.0950000286102295,1.0950000286102295,1.0950000286102295,1.0950000286102295,1.0950000286102295,1.0950000286102295,,,2.190000057220459,1.0950000286102295,,5.996714129330057,
FL-UK-1998-02,1998-08-18,1998-08-18T04:00:00,30.049999237060547,80.6500015258789,0.0,0.0,GPM_3IMERGHH_07,V07B,3B-HHR.MS.MRG.3IMERG.19980818-S040000-E042959.0240.V07B.HDF5,1998-08-18T04:00:00,2026-09-14T18:31:54.934900+00:00,DIRECT,debris-flow/flood event,False,DATE_ONLY,0.0,1.0950000286102295,1.0950000286102295,1.0950000286102295,1.0950000286102295,1.0950000286102295,,,2.190000057220459,1.0950000286102295,,5.996714129330057,
FL-UK-1998-02,1998-08-18,1998-08-18T08:00:00,30.049999237060547,80.6500015258789,0.029999999329447746,0.014999999664723873,GPM_3IMERGHH_07,V07B,3B-HHR.MS.MRG.3IMERG.19980818-S080000-E082959.0480.V07B.HDF5,1998-08-18T08:00:00,2026-09-14T18:31:54.934900+00:00,DIRECT,debris-flow/flood event,False,DATE_ONLY,0.014999999664723873,0.014999999664723873,1.1100000282749534,1.1100000282749534,1.1100000282749534,1.1100000282749534,,,2.190000057220459,1.1100000282749534,-1.0800000289455056,0.0810372732730219,
FL-UK-1998-02,1998-08-18,1998-08-18T12:00:00,30.049999237060547,80.6500015258789,0.5699999928474426,0.2849999964237213,GPM_3IMERGHH_07,V07B,3B-HHR.MS.MRG.3IMERG.19980818-S120000-E122959.0720.V07B.HDF5,1998-08-18T12:00:00,2026-09-14T18:31:54.934900+00:00,DIRECT,debris-flow/flood event,False,DATE_ONLY,0.2849999964237213,0.2999999960884452,1.3950000246986747,1.3950000246986747,1.3950000246986747,1.3950000246986747,,,2.190000057220459,1.3950000246986747,-0.7950000325217843,1.2897678021461134,
FL-UK-1998-02,1998-08-18,1998-08-18T16:00:00,30.049999237060547,80.6500015258789,0.0,0.0,GPM_3IMERGHH_07,V07B,3B-HHR.MS.MRG.3IMERG.19980818-S160000-E162959.0960.V07B.HDF5,1998-08-18T16:00:00,2026-09-14T18:31:54.934900+00:00,DIRECT,debris-flow/flood event,False,DATE_ONLY,0.0,0.2849999964237213,1.3950000246986747,1.3950000246986747,1.3950000246986747,1.3950000246986747,,,2.190000057220459,1.3950000246986747,0.26999999675899744,1.2252794126394027,
FL-UK-1998-02,1998-08-18,1998-08-18T20:00:00,30.049999237060547,80.6500015258789,0.0,0.0,GPM_3IMERGHH_07,V07B,3B-HHR.MS.MRG.3IMERG.19980818-S200000-E202959.1200.V07B.HDF5,1998-08-18T20:00:00,2026-09-14T18:31:54.934900+00:00,DIRECT,debris-flow/flood event,False,DATE_ONLY,0.0,0.0,1.3950000246986747,1.3950000246986747,1.3950000246986747,1.3950000246986747,,,2.190000057220459,1.3950000246986747,-0.2999999960884452,0.0,
FL-UK-1998-02,1998-08-18,1998-08-18T00:00:00,30.049999237060547,80.75,0.85999995470047,0.429999977350235,GPM_3IMERGHH_07,V07B,3B-HHR.MS.MRG.3IMERG.19980818-S000000-E002959.0000.V07B.HDF5,1998-08-18T00:00:00,2026-09-14T18:31:54.934900+00:00,DIRECT,debris-flow/flood event,False,DATE_ONLY,0.429999977350235,0.429999977350235,0.429999977350235,0.429999977350235,0.429999977350235,0.429999977350235,,,0.85999995470047,0.429999977350235,,5.991639572249508,
FL-UK-1998-02,1998-08-18,1998-08-18T04:00:00,30.049999237060547,80.75,0.0,0.0,GPM_3IMERGHH_07,V07B,3B-HHR.MS.MRG.3IMERG.19980818-S040000-E042959.0240.V07B.HDF5,1998-08-18T04:00:00,2026-09-14T18:31:54.934900+00:00,DIRECT,debris-flow/flood event,False,DATE_ONLY,0.0,0.429999977350235,0.429999977350235,0.429999977350235,0.429999977350235,0.429999977350235,,,0.85999995470047,0.429999977350235,,5.991639572249508,
FL-UK-1998-02,1998-08-18,1998-08-18T08:00:00,30.049999237060547,80.75,1.3199999332427979,0.6599999666213989,GPM_3IMERGHH_07,V07B,3B-HHR.MS.MRG.3IMERG.19980818-S080000-E082959.0480.V07B.HDF5,1998-08-18T08:00:00,2026-09-14T18:31:54.934900+00:00,DIRECT,debris-flow/flood event,False,DATE_ONLY,0.6599999666213989,0.6599999666213989,1.089999943971634,1.089999943971634,1.089999943971634,1.089999943971634,,,1.3199999332427979,1.089999943971634,0.22999998927116394,3.6310287943966664,
FL-UK-1998-02,1998-08-18,1998-08-18T12:00:00,30.049999237060547,80.75,0.0,0.0,GPM_3IMERGHH_07,V07B,3B-HHR.MS.MRG.3IMERG.19980818-S120000-E122959.0720.V07B.HDF5,1998-08-18T12:00:00,2026-09-14T18:31:54.934900+00:00,DIRECT,debris-flow/flood event,False,DATE_ONLY,0.0,0.6599999666213989,1.089999943971634,1.089999943971634,1.089999943971634,1.089999943971634,,,1.3199999332427979,1.089999943971634,0.22999998927116394,3.6310287943966664,
FL-UK-1998-02,1998-08-18,1998-08-18T16:00:00,30.049999237060547,80.75,0.0,0.0,GPM_3IMERGHH_07,V07B,3B-HHR.MS.MRG.3IMERG.19980818-S160000-E162959.0960.V07B.HDF5,1998-08-18T16:00:00,2026-09-14T18:31:54.934900+00:00,DIRECT,debris-flow/flood event,False,DATE_ONLY,0.0,0.0,1.089999943971634,1.089999943971634,1.089999943971634,1.089999943971634,,,1.3199999332427979,1.089999943971634,-0.6599999666213989,0.0,
FL-UK-1998-02,1998-08-18,1998-08-18T20:00:00,30.049999237060547,80.75,0.0,0.0,GPM_3IMERGHH_07,V07B,3B-HHR.MS.MRG.3IMERG.19980818-S200000-E202959.1200.V07B.HDF5,1998-08-18T20:00:00,2026-09-14T18:31:54.934900+00:00,DIRECT,debris-flow/flood event,False,DATE_ONLY,0.0,0.0,1.089999943971634,1.089999943971634,1.089999943971634,1.089999943971634,,,1.3199999332427979,1.089999943971634,-0.6599999666213989,0.0,
FL-UK-1998-02,1998-08-18,1998-08-18T00:00:00,30.049999237060547,80.8499984741211,0.7899999618530273,0.39499998092651367,GPM_3IMERGHH_07,V07B,3B-HHR.MS.MRG.3IMERG.19980818-S000000-E002959.0000.V07B.HDF5,1998-08-18T00:00:00,2026-09-14T18:31:54.934900+00:00,DIRECT,debris-flow/flood event,False,DATE_ONLY,0.39499998092651367,0.39499998092651367,0.39499998092651367,0.39499998092651367,0.39499998092651367,0.39499998092651367,,,0.7899999618530273,0.39499998092651367,,5.990899898449012,
FL-UK-1998-02,1998-08-18,1998-08-18T04:00:00,30.049999237060547,80.8499984741211,1.0499999523162842,0.5249999761581421,GPM_3IMERGHH_07,V07B,3B-HHR.MS.MRG.3IMERG.19980818-S040000-E042959.0240.V07B.HDF5,1998-08-18T04:00:00,2026-09-14T18:31:54.934900+00:00,DIRECT,debris-flow/flood event,False,DATE_ONLY,0.5249999761581421,0.9199999570846558,0.9199999570846558,0.9199999570846558,0.9199999570846558,0.9199999570846558,,,1.0499999523162842,0.9199999570846558,,5.996089506661069,
FL-UK-1998-02,1998-08-18,1998-08-18T08:00:00,30.049999237060547,80.8499984741211,0.009999999776482582,0.004999999888241291,GPM_3IMERGHH_07,V07B,3B-HHR.MS.MRG.3IMERG.19980818-S080000-E082959.0480.V07B.HDF5,1998-08-18T08:00:00,2026-09-14T18:31:54.934900+00:00,DIRECT,debris-flow/flood event,False,DATE_ONLY,0.004999999888241291,0.5299999760463834,0.924999956972897,0.924999956972897,0.924999956972897,0.924999956972897,,,1.0499999523162842,0.924999956972897,0.1349999951198697,3.435609338918126,
FL-UK-1998-02,1998-08-18,1998-08-18T12:00:00,30.049999237060547,80.8499984741211,0.2800000011920929,0.14000000059604645,GPM_3IMERGHH_07,V07B,3B-HHR.MS.MRG.3IMERG.19980818-S120000-E122959.0720.V07B.HDF5,1998-08-18T12:00:00,2026-09-14T18:31:54.934900+00:00,DIRECT,debris-flow/flood event,False,DATE_ONLY,0.14000000059604645,0.14500000048428774,1.0649999575689435,1.0649999575689435,1.0649999575689435,1.0649999575689435,,,1.0499999523162842,1.0649999575689435,-0.774999956600368,0.8164414766781165,
FL-UK-1998-02,1998-08-18,1998-08-18T16:00:00,30.049999237060547,80.8499984741211,0.0,0.0,GPM_3IMERGHH_07,V07B,3B-HHR.MS.MRG.3IMERG.19980818-S160000-E162959.0960.V07B.HDF5,1998-08-18T16:00:00,2026-09-14T18:31:54.934900+00:00,DIRECT,debris-flow/flood event,False,DATE_ONLY,0.0,0.14000000059604645,1.0649999575689435,1.0649999575689435,1.0649999575689435,1.0649999575689435,,,1.0499999523162842,1.0649999575689435,-0.38999997545033693,0.7882883230332068,
FL-UK-1998-02,1998-08-18,1998-08-18T20:00:00,30.049999237060547,80.8499984741211,0.0,0.0,GPM_3IMERGHH_07,V07B,3B-HHR.MS.MRG.3IMERG.19980818-S200000-E202959.1200.V07B.HDF5,1998-08-18T20:00:00,2026-09-14T18:31:54.934900+00:00,DIRECT,debris-flow/flood event,False,DATE_ONLY,0.0,0.0,1.0649999575689435,1.0649999575689435,1.0649999575689435,1.0649999575689435,,,1.0499999523162842,1.0649999575689435,-0.14500000048428774,0.0,
FL-UK-2010-01,2010-09-18,2010-09-18T00:00:00,29.849998474121094,78.04999542236328,0.47999998927116394,0.23999999463558197,GPM_3IMERGHH_07,V07B,3B-HHR.MS.MRG.3IMERG.20100918-S000000-E002959.0000.V07B.HDF5,2010-09-18T00:00:00,2026-09-14T18:31:54.934900+00:00,DERIVED,extreme rainfall flood,False,DATE_ONLY,0.23999999463558197,0.23999999463558197,0.23999999463558197,0.23999999463558197,0.23999999463558197,0.23999999463558197,,,0.47999998927116394,0.23999999463558197,,5.985037406150184,
FL-UK-2010-01,2010-09-18,2010-09-18T04:00:00,29.849998474121094,78.04999542236328,1.4800000190734863,0.7400000095367432,GPM_3IMERGHH_07,V07B,3B-HHR.MS.MRG.3IMERG.20100918-S040000-E042959.0240.V07B.HDF5,2010-09-18T04:00:00,2026-09-14T18:31:54.934900+00:00,DERIVED,extreme rainfall flood,False,DATE_ONLY,0.7400000095367432,0.9800000041723251,0.9800000041723251,0.9800000041723251,0.9800000041723251,0.9800000041723251,,,1.4800000190734863,0.9800000041723251,,5.996328778314622,
FL-UK-2010-01,2010-09-18,2010-09-18T08:00:00,29.849998474121094,78.04999542236328,0.0,0.0,GPM_3IMERGHH_07,V07B,3B-HHR.MS.MRG.3IMERG.20100918-S080000-E082959.0480.V07B.HDF5,2010-09-18T08:00:00,2026-09-14T18:31:54.934900+00:00,DERIVED,extreme rainfall flood,False,DATE_ONLY,0.0,0.7400000095367432,0.9800000041723251,0.9800000041723251,0.9800000041723251,0.9800000041723251,,,1.4800000190734863,0.9800000041723251,0.5000000149011612,4.527840136986374,
FL-UK-2010-01,2010-09-18,2010-09-18T12:00:00,29.849998474121094,78.04999542236328,0.0,0.0,GPM_3IMERGHH_07,V07B,3B-HHR.MS.MRG.3IMERG.20100918-S120000-E122959.0720.V07B.HDF5,2010-09-18T12:00:00,2026-09-14T18:31:54.934900+00:00,DERIVED,extreme rainfall flood,False,DATE_ONLY,0.0,0.0,0.9800000041723251,0.9800000041723251,0.9800000041723251,0.9800000041723251,,,1.4800000190734863,0.9800000041723251,-0.9800000041723251,0.0,
FL-UK-2010-01,2010-09-18,2010-09-18T16:00:00,29.849998474121094,78.04999542236328,0.0,0.0,GPM_3IMERGHH_07,V07B,3B-HHR.MS.MRG.3IMERG.20100918-S160000-E162959.0960.V07B.HDF5,2010-09-18T16:00:00,2026-09-14T18:31:54.934900+00:00,DERIVED,extreme rainfall flood,False,DATE_ONLY,0.0,0.0,0.9800000041723251,0.9800000041723251,0.9800000041723251,0.9800000041723251,,,1.4800000190734863,0.9800000041723251,-0.7400000095367432,0.0,
FL-UK-2010-01,2010-09-18,2010-09-18T20:00:00,29.849998474121094,78.04999542236328,3.2100000381469727,1.6050000190734863,GPM_3IMERGHH_07,V07B,3B-HHR.MS.MRG.3IMERG.20100918-S200000-E202959.1200.V07B.HDF5,2010-09-18T20:00:00,2026-09-14T18:31:54.934900+00:00,DERIVED,extreme rainfall flood,False,DATE_ONLY,1.6050000190734863,1.6050000190734863,2.5850000232458115,2.5850000232458115,2.5850000232458115,2.5850000232458115,,,3.2100000381469727,2.5850000232458115,1.6050000190734863,3.724474020677018,
FL-UK-2010-01,2010-09-18,2010-09-18T00:00:00,29.849998474121094,78.1500015258789,0.4399999976158142,0.2199999988079071,GPM_3IMERGHH_07,V07B,3B-HHR.MS.MRG.3IMERG.20100918-S000000-E002959.0000.V07B.HDF5,2010-09-18T00:00:00,2026-09-14T18:31:54.934900+00:00,DERIVED,extreme rainfall flood,False,DATE_ONLY,0.2199999988079071,0.2199999988079071,0.2199999988079071,0.2199999988079071,0.2199999988079071,0.2199999988079071,,,0.4399999976158142,0.2199999988079071,,5.983680870265394,
FL-UK-2010-01,2010-09-18,2010-09-18T04:00:00,29.849998474121094,78.1500015258789,2.0199999809265137,1.0099999904632568,GPM_3IMERGHH_07,V07B,3B-HHR.MS.MRG.3IMERG.20100918-S040000-E042959.0240.V07B.HDF5,2010-09-18T04:00:00,2026-09-14T18:31:54.934900+00:00,DERIVED,extreme rainfall flood,False,DATE_ONLY,1.0099999904632568,1.229999989271164,1.229999989271164,1.229999989271164,1.229999989271164,1.229999989271164,,,2.0199999809265137,1.229999989271164,,5.997074597731687,
FL-UK-2010-01,2010-09-18,2010-09-18T08:00:00,29.849998474121094,78.1500015258789,0.0,0.0,GPM_3IMERGHH_07,V07B,3B-HHR.MS.MRG.3IMERG.20100918-S080000-E082959.0480.V07B.HDF5,2010-09-18T08:00:00,2026-09-14T18:31:54.934900+00:00,DERIVED,extreme rainfall flood,False,DATE_ONLY,0.0,1.0099999904632568,1.229999989271164,1.229999989271164,1.229999989271164,1.229999989271164,,,2.0199999809265137,1.229999989271164,0.7899999916553497,4.924427105162451,
FL-UK-2010-01,2010-09-18,2010-09-18T12:00:00,29.849998474121094,78.1500015258789,0.0,0.0,GPM_3IMERGHH_07,V07B,3B-HHR.MS.MRG.3IMERG.20100918-S120000-E122959.0720.V07B.HDF5,2010-09-18T12:00:00,2026-09-14T18:31:54.934900+00:00,DERIVED,extreme rainfall flood,False,DATE_ONLY,0.0,0.0,1.229999989271164,1.229999989271164,1.229999989271164,1.229999989271164,,,2.0199999809265137,1.229999989271164,-1.229999989271164,0.0,
FL-UK-2010-01,2010-09-18,2010-09-18T16:00:00,29.849998474121094,78.1500015258789,0.0,0.0,GPM_3IMERGHH_07,V07B,3B-HHR.MS.MRG.3IMERG.20100918-S160000-E162959.0960.V07B.HDF5,2010-09-18T16:00:00,2026-09-14T18:31:54.934900+00:00,DERIVED,extreme rainfall flood,False,DATE_ONLY,0.0,0.0,1.229999989271164,1.229999989271164,1.229999989271164,1.229999989271164,,,2.0199999809265137,1.229999989271164,-1.0099999904632568,0.0,
FL-UK-2010-01,2010-09-18,2010-09-18T20:00:00,29.849998474121094,78.1500015258789,2.8999998569488525,1.4499999284744263,GPM_3IMERGHH_07,V07B,3B-HHR.MS.MRG.3IMERG.20100918-S200000-E202959.1200.V07B.HDF5,2010-09-18T20:00:00,2026-09-14T18:31:54.934900+00:00,DERIVED,extreme rainfall flood,False,DATE_ONLY,1.4499999284744263,1.4499999284744263,2.67999991774559,2.67999991774559,2.67999991774559,2.67999991774559,,,2.8999998569488525,2.67999991774559,1.4499999284744263,3.24554198231989,
FL-UK-2010-01,2010-09-18,2010-09-18T00:00:00,29.849998474121094,78.25,0.0,0.0,GPM_3IMERGHH_07,V07B,3B-HHR.MS.MRG.3IMERG.20100918-S000000-E002959.0000.V07B.HDF5,2010-09-18T00:00:00,2026-09-14T18:31:54.934900+00:00,DERIVED,extreme rainfall flood,False,DATE_ONLY,0.0,0.0,0.0,0.0,0.0,0.0,,,0.0,0.0,,0.0,
FL-UK-2010-01,2010-09-18,2010-09-18T04:00:00,29.849998474121094,78.25,0.0,0.0,GPM_3IMERGHH_07,V07B,3B-HHR.MS.MRG.3IMERG.20100918-S040000-E042959.0240.V07B.HDF5,2010-09-18T04:00:00,2026-09-14T18:31:54.934900+00:00,DERIVED,extreme rainfall flood,False,DATE_ONLY,0.0,0.0,0.0,0.0,0.0,0.0,,,0.0,0.0,,0.0,
FL-UK-2010-01,2010-09-18,2010-09-18T08:00:00,29.849998474121094,78.25,0.0,0.0,GPM_3IMERGHH_07,V07B,3B-HHR.MS.MRG.3IMERG.20100918-S080000-E082959.0480.V07B.HDF5,2010-09-18T08:00:00,2026-09-14T18:31:54.934900+00:00,DERIVED,extreme rainfall flood,False,DATE_ONLY,0.0,0.0,0.0,0.0,0.0,0.0,,,0.0,0.0,0.0,0.0,
FL-UK-2010-01,2010-09-18,2010-09-18T12:00:00,29.849998474121094,78.25,0.0,0.0,GPM_3IMERGHH_07,V07B,3B-HHR.MS.MRG.3IMERG.20100918-S120000-E122959.0720.V07B.HDF5,2010-09-18T12:00:00,2026-09-14T18:31:54.934900+00:00,DERIVED,extreme rainfall flood,False,DATE_ONLY,0.0,0.0,0.0,0.0,0.0,0.0,,,0.0,0.0,0.0,0.0,
FL-UK-2010-01,2010-09-18,2010-09-18T16:00:00,29.849998474121094,78.25,0.26999998092651367,0.13499999046325684,GPM_3IMERGHH_07,V07B,3B-HHR.MS.MRG.3IMERG.20100918-S160000-E162959.0960.V07B.HDF5,2010-09-18T16:00:00,2026-09-14T18:31:54.934900+00:00,DERIVED,extreme rainfall flood,False,DATE_ONLY,0.13499999046325684,0.13499999046325684,0.13499999046325684,0.13499999046325684,0.13499999046325684,0.13499999046325684,,,0.26999998092651367,0.13499999046325684,0.13499999046325684,5.973451325566462,
FL-UK-2010-01,2010-09-18,2010-09-18T20:00:00,29.849998474121094,78.25,1.8499999046325684,0.9249999523162842,GPM_3IMERGHH_07,V07B,3B-HHR.MS.MRG.3IMERG.20100918-S200000-E202959.1200.V07B.HDF5,2010-09-18T20:00:00,2026-09-14T18:31:54.934900+00:00,DERIVED,extreme rainfall flood,False,DATE_ONLY,0.9249999523162842,1.059999942779541,1.059999942779541,1.059999942779541,1.059999942779541,1.059999942779541,,,1.8499999046325684,1.059999942779541,1.059999942779541,5.99660569470656,
FL-UK-2010-01,2010-09-18,2010-09-18T00:00:00,29.94999885559082,78.04999542236328,1.0799999237060547,0.5399999618530273,GPM_3IMERGHH_07,V07B,3B-HHR.MS.MRG.3IMERG.20100918-S000000-E002959.0000.V07B.HDF5,2010-09-18T00:00:00,2026-09-14T18:31:54.934900+00:00,DERIVED,extreme rainfall flood,False,DATE_ONLY,0.5399999618530273,0.5399999618530273,0.5399999618530273,0.5399999618530273,0.5399999618530273,0.5399999618530273,,,1.0799999237060547,0.5399999618530273,,5.993340732049518,
FL-UK-2010-01,2010-09-18,2010-09-18T04:00:00,29.94999885559082,78.04999542236328,3.799999952316284,1.899999976158142,GPM_3IMERGHH_07,V07B,3B-HHR.MS.MRG.3IMERG.20100918-S040000-E042959.0240.V07B.HDF5,2010-09-18T04:00:00,2026-09-14T18:31:54.934900+00:00,DERIVED,extreme rainfall flood,False,DATE_ONLY,1.899999976158142,2.4399999380111694,2.4399999380111694,2.4399999380111694,2.4399999380111694,2.4399999380111694,,,3.799999952316284,2.4399999380111694,,5.998524952842975,
FL-UK-2010-01,2010-09-18,2010-09-18T08:00:00,29.94999885559082,78.04999542236328,0.0,0.0,GPM_3IMERGHH_07,V07B,3B-HHR.MS.MRG.3IMERG.20100918-S080000-E082959.0480.V07B.HDF5,2010-09-18T08:00:00,2026-09-14T18:31:54.934900+00:00,DERIVED,extreme rainfall flood,False,DATE_ONLY,0.0,1.899999976158142,2.4399999380111694,2.4399999380111694,2.4399999380111694,2.4399999380111694,,,3.799999952316284,2.4399999380111694,1.3600000143051147,4.670982605300993,
FL-UK-2010-01,2010-09-18,2010-09-18T12:00:00,29.94999885559082,78.04999542236328,0.0,0.0,GPM_3IMERGHH_07,V07B,3B-HHR.MS.MRG.3IMERG.20100918-S120000-E122959.0720.V07B.HDF5,2010-09-18T12:00:00,2026-09-14T18:31:54.934900+00:00,DERIVED,extreme rainfall flood,False,DATE_ONLY,0.0,0.0,2.4399999380111694,2.4399999380111694,2.4399999380111694,2.4399999380111694,,,3.799999952316284,2.4399999380111694,-2.4399999380111694,0.0,
FL-UK-2010-01,2010-09-18,2010-09-18T16:00:00,29.94999885559082,78.04999542236328,0.0,0.0,GPM_3IMERGHH_07,V07B,3B-HHR.MS.MRG.3IMERG.20100918-S160000-E162959.0960.V07B.HDF5,2010-09-18T16:00:00,2026-09-14T18:31:54.934900+00:00,DERIVED,extreme rainfall flood,False,DATE_ONLY,0.0,0.0,2.4399999380111694,2.4399999380111694,2.4399999380111694,2.4399999380111694,,,3.799999952316284,2.4399999380111694,-1.899999976158142,0.0,
FL-UK-2010-01,2010-09-18,2010-09-18T20:00:00,29.94999885559082,78.04999542236328,8.09000015258789,4.045000076293945,GPM_3IMERGHH_07,V07B,3B-HHR.MS.MRG.3IMERG.20100918-S200000-E202959.1200.V07B.HDF5,2010-09-18T20:00:00,2026-09-14T18:31:54.934900+00:00,DERIVED,extreme rainfall flood,False,DATE_ONLY,4.045000076293945,4.045000076293945,6.485000014305115,6.485000014305115,6.485000014305115,6.485000014305115,,,8.09000015258789,6.485000014305115,4.045000076293945,3.7421364876390744,
FL-UK-2010-01,2010-09-18,2010-09-18T00:00:00,29.94999885559082,78.1500015258789,0.6200000047683716,0.3100000023841858,GPM_3IMERGHH_07,V07B,3B-HHR.MS.MRG.3IMERG.20100918-S000000-E002959.0000.V07B.HDF5,2010-09-18T00:00:00,2026-09-14T18:31:54.934900+00:00,DERIVED,extreme rainfall flood,False,DATE_ONLY,0.3100000023841858,0.3100000023841858,0.3100000023841858,0.3100000023841858,0.3100000023841858,0.3100000023841858,,,0.6200000047683716,0.3100000023841858,,5.988409530031016,
FL-UK-2010-01,2010-09-18,2010-09-18T04:00:00,29.94999885559082,78.1500015258789,1.3399999141693115,0.6699999570846558,GPM_3IMERGHH_07,V07B,3B-HHR.MS.MRG.3IMERG.20100918-S040000-E042959.0240.V07B.HDF5,2010-09-18T04:00:00,2026-09-14T18:31:54.934900+00:00,DERIVED,extreme rainfall flood,False,DATE_ONLY,0.6699999570846558,0.9799999594688416,0.9799999594688416,0.9799999594688416,0.9799999594688416,0.9799999594688416,,,1.3399999141693115,0.9799999594688416,,5.996328778147259,
FL-UK-2010-01,2010-09-18,2010-09-18T08:00:00,29.94999885559082,78.1500015258789,0.0,0.0,GPM_3IMERGHH_07,V07B,3B-HHR.MS.MRG.3IMERG.20100918-S080000-E082959.0480.V07B.HDF5,2010-09-18T08:00:00,2026-09-14T18:31:54.934900+00:00,DERIVED,extreme rainfall flood,False,DATE_ONLY,0.0,0.6699999570846558,0.9799999594688416,0.9799999594688416,0.9799999594688416,0.9799999594688416,,,1.3399999141693115,0.9799999594688416,0.35999995470046997,4.099530806309064,
FL-UK-2010-01,2010-09-18,2010-09-18T12:00:00,29.94999885559082,78.1500015258789,0.0,0.0,GPM_3IMERGHH_07,V07B,3B-HHR.MS.MRG.3IMERG.20100918-S120000-E122959.0720.V07B.HDF5,2010-09-18T12:00:00,2026-09-14T18:31:54.934900+00:00,DERIVED,extreme rainfall flood,False,DATE_ONLY,0.0,0.0,0.9799999594688416,0.9799999594688416,0.9799999594688416,0.9799999594688416,,,1.3399999141693115,0.9799999594688416,-0.9799999594688416,0.0,
FL-UK-2010-01,2010-09-18,2010-09-18T16:00:00,29.94999885559082,78.1500015258789,0.0,0.0,GPM_3IMERGHH_07,V07B,3B-HHR.MS.MRG.3IMERG.20100918-S160000-E162959.0960.V07B.HDF5,2010-09-18T16:00:00,2026-09-14T18:31:54.934900+00:00,DERIVED,extreme rainfall flood,False,DATE_ONLY,0.0,0.0,0.9799999594688416,0.9799999594688416,0.9799999594688416,0.9799999594688416,,,1.3399999141693115,0.9799999594688416,-0.6699999570846558,0.0,
FL-UK-2010-01,2010-09-18,2010-09-18T20:00:00,29.94999885559082,78.1500015258789,7.079999923706055,3.5399999618530273,GPM_3IMERGHH_07,V07B,3B-HHR.MS.MRG.3IMERG.20100918-S200000-E202959.1200.V07B.HDF5,2010-09-18T20:00:00,2026-09-14T18:31:54.934900+00:00,DERIVED,extreme rainfall flood,False,DATE_ONLY,3.5399999618530273,3.5399999618530273,4.519999921321869,4.519999921321869,4.519999921321869,4.519999921321869,,,7.079999923706055,4.519999921321869,3.5399999618530273,4.698491381849021,
FL-UK-2010-01,2010-09-18,2010-09-18T00:00:00,29.94999885559082,78.25,0.0,0.0,GPM_3IMERGHH_07,V07B,3B-HHR.MS.MRG.3IMERG.20100918-S000000-E002959.0000.V07B.HDF5,2010-09-18T00:00:00,2026-09-14T18:31:54.934900+00:00,DERIVED,extreme rainfall flood,False,DATE_ONLY,0.0,0.0,0.0,0.0,0.0,0.0,,,0.0,0.0,,0.0,
FL-UK-2010-01,2010-09-18,2010-09-18T04:00:00,29.94999885559082,78.25,0.05999999865889549,0.029999999329447746,GPM_3IMERGHH_07,V07B,3B-HHR.MS.MRG.3IMERG.20100918-S040000-E042959.0240.V07B.HDF5,2010-09-18T04:00:00,2026-09-14T18:31:54.934900+00:00,DERIVED,extreme rainfall flood,False,DATE_ONLY,0.029999999329447746,0.029999999329447746,0.029999999329447746,0.029999999329447746,0.029999999329447746,0.029999999329447746,,,0.05999999865889549,0.029999999329447746,,5.882352938598415,
FL-UK-2010-01,2010-09-18,2010-09-18T08:00:00,29.94999885559082,78.25,0.0,0.0,GPM_3IMERGHH_07,V07B,3B-HHR.MS.MRG.3IMERG.20100918-S080000-E082959.0480.V07B.HDF5,2010-09-18T08:00:00,2026-09-14T18:31:54.934900+00:00,DERIVED,extreme rainfall flood,False,DATE_ONLY,0.0,0.029999999329447746,0.029999999329447746,0.029999999329447746,0.029999999329447746,0.029999999329447746,,,0.05999999865889549,0.029999999329447746,0.029999999329447746,5.882352938598415,
FL-UK-2010-01,2010-09-18,2010-09-18T12:00:00,29.94999885559082,78.25,0.0,0.0,GPM_3IMERGHH_07,V07B,3B-HHR.MS.MRG.3IMERG.20100918-S120000-E122959.0720.V07B.HDF5,2010-09-18T12:00:00,2026-09-14T18:31:54.934900+00:00,DERIVED,extreme rainfall flood,False,DATE_ONLY,0.0,0.0,0.029999999329447746,0.029999999329447746,0.029999999329447746,0.029999999329447746,,,0.05999999865889549,0.029999999329447746,-0.029999999329447746,0.0,
FL-UK-2010-01,2010-09-18,2010-09-18T16:00:00,29.94999885559082,78.25,0.0,0.0,GPM_3IMERGHH_07,V07B,3B-HHR.MS.MRG.3IMERG.20100918-S160000-E162959.0960.V07B.HDF5,2010-09-18T16:00:00,2026-09-14T18:31:54.934900+00:00,DERIVED,extreme rainfall flood,False,DATE_ONLY,0.0,0.0,0.029999999329447746,0.029999999329447746,0.029999999329447746,0.029999999329447746,,,0.05999999865889549,0.029999999329447746,-0.029999999329447746,0.0,
FL-UK-2010-01,2010-09-18,2010-09-18T20:00:00,29.94999885559082,78.25,4.069999694824219,2.0349998474121094,GPM_3IMERGHH_07,V07B,3B-HHR.MS.MRG.3IMERG.20100918-S200000-E202959.1200.V07B.HDF5,2010-09-18T20:00:00,2026-09-14T18:31:54.934900+00:00,DERIVED,extreme rainfall flood,False,DATE_ONLY,2.0349998474121094,2.0349998474121094,2.064999846741557,2.064999846741557,2.064999846741557,2.064999846741557,,,4.069999694824219,2.064999846741557,2.0349998474121094,5.91111540976036,
FL-UK-2010-01,2010-09-18,2010-09-18T00:00:00,30.049999237060547,78.04999542236328,1.100000023841858,0.550000011920929,GPM_3IMERGHH_07,V07B,3B-HHR.MS.MRG.3IMERG.20100918-S000000-E002959.0000.V07B.HDF5,2010-09-18T00:00:00,2026-09-14T18:31:54.934900+00:00,DERIVED,extreme rainfall flood,False,DATE_ONLY,0.550000011920929,0.550000011920929,0.550000011920929,0.550000011920929,0.550000011920929,0.550000011920929,,,1.100000023841858,0.550000011920929,,5.99346167831083,
FL-UK-2010-01,2010-09-18,2010-09-18T04:00:00,30.049999237060547,78.04999542236328,4.900000095367432,2.450000047683716,GPM_3IMERGHH_07,V07B,3B-HHR.MS.MRG.3IMERG.20100918-S040000-E042959.0240.V07B.HDF5,2010-09-18T04:00:00,2026-09-14T18:31:54.934900+00:00,DERIVED,extreme rainfall flood,False,DATE_ONLY,2.450000047683716,3.0000000596046448,3.0000000596046448,3.0000000596046448,3.0000000596046448,3.0000000596046448,,,4.900000095367432,3.0000000596046448,,5.998800239975843,
FL-UK-2010-01,2010-09-18,2010-09-18T08:00:00,30.049999237060547,78.04999542236328,0.0,0.0,GPM_3IMERGHH_07,V07B,3B-HHR.MS.MRG.3IMERG.20100918-S080000-E082959.0480.V07B.HDF5,2010-09-18T08:00:00,2026-09-14T18:31:54.934900+00:00,DERIVED,extreme rainfall flood,False,DATE_ONLY,0.0,2.450000047683716,3.0000000596046448,3.0000000596046448,3.0000000596046448,3.0000000596046448,,,4.900000095367432,3.0000000596046448,1.9000000357627869,4.899020193993847,
FL-UK-2010-01,2010-09-18,2010-09-18T12:00:00,30.049999237060547,78.04999542236328,0.0,0.0,GPM_3IMERGHH_07,V07B,3B-HHR.MS.MRG.3IMERG.20100918-S120000-E122959.0720.V07B.HDF5,2010-09-18T12:00:00,2026-09-14T18:31:54.934900+00:00,DERIVED,extreme rainfall flood,False,DATE_ONLY,0.0,0.0,3.0000000596046448,3.0000000596046448,3.0000000596046448,3.0000000596046448,,,4.900000095367432,3.0000000596046448,-3.0000000596046448,0.0,
FL-UK-2010-01,2010-09-18,2010-09-18T16:00:00,30.049999237060547,78.04999542236328,0.029999999329447746,0.014999999664723873,GPM_3IMERGHH_07,V07B,3B-HHR.MS.MRG.3IMERG.20100918-S160000-E162959.0960.V07B.HDF5,2010-09-18T16:00:00,2026-09-14T18:31:54.934900+00:00,DERIVED,extreme rainfall flood,False,DATE_ONLY,0.014999999664723873,0.014999999664723873,3.0150000592693686,3.0150000592693686,3.0150000592693686,3.0150000592693686,,,4.900000095367432,3.0150000592693686,-2.435000048018992,0.029844805749920565,
FL-UK-2010-01,2010-09-18,2010-09-18T20:00:00,30.049999237060547,78.04999542236328,8.019999504089355,4.009999752044678,GPM_3IMERGHH_07,V07B,3B-HHR.MS.MRG.3IMERG.20100918-S200000-E202959.1200.V07B.HDF5,2010-09-18T20:00:00,2026-09-14T18:31:54.934900+00:00,DERIVED,extreme rainfall flood,False,DATE_ONLY,4.009999752044678,4.024999751709402,7.024999811314046,7.024999811314046,7.024999811314046,7.024999811314046,,,8.019999504089355,7.024999811314046,4.024999751709402,3.4374287119749094,
FL-UK-2010-01,2010-09-18,2010-09-18T00:00:00,30.049999237060547,78.1500015258789,2.359999895095825,1.1799999475479126,GPM_3IMERGHH_07,V07B,3B-HHR.MS.MRG.3IMERG.20100918-S000000-E002959.0000.V07B.HDF5,2010-09-18T00:00:00,2026-09-14T18:31:54.934900+00:00,DERIVED,extreme rainfall flood,False,DATE_ONLY,1.1799999475479126,1.1799999475479126,1.1799999475479126,1.1799999475479126,1.1799999475479126,1.1799999475479126,,,2.359999895095825,1.1799999475479126,,5.996950702896881,
FL-UK-2010-01,2010-09-18,2010-09-18T04:00:00,30.049999237060547,78.1500015258789,0.35999998450279236,0.17999999225139618,GPM_3IMERGHH_07,V07B,3B-HHR.MS.MRG.3IMERG.20100918-S040000-E042959.0240.V07B.HDF5,2010-09-18T04:00:00,2026-09-14T18:31:54.934900+00:00,DERIVED,extreme rainfall flood,False,DATE_ONLY,0.17999999225139618,1.3599999397993088,1.3599999397993088,1.3599999397993088,1.3599999397993088,1.3599999397993088,,,2.359999895095825,1.3599999397993088,,5.997354108364483,
FL-UK-2010-01,2010-09-18,2010-09-18T08:00:00,30.049999237060547,78.1500015258789,0.0,0.0,GPM_3IMERGHH_07,V07B,3B-HHR.MS.MRG.3IMERG.20100918-S080000-E082959.0480.V07B.HDF5,2010-09-18T08:00:00,2026-09-14T18:31:54.934900+00:00,DERIVED,extreme rainfall flood,False,DATE_ONLY,0.0,0.17999999225139618,1.3599999397993088,1.3599999397993088,1.3599999397993088,1.3599999397993088,,,2.359999895095825,1.3599999397993088,-0.9999999552965164,0.7937674564851732,
FL-UK-2010-01,2010-09-18,2010-09-18T12:00:00,30.049999237060547,78.1500015258789,0.0,0.0,GPM_3IMERGHH_07,V07B,3B-HHR.MS.MRG.3IMERG.20100918-S120000-E122959.0720.V07B.HDF5,2010-09-18T12:00:00,2026-09-14T18:31:54.934900+00:00,DERIVED,extreme rainfall flood,False,DATE_ONLY,0.0,0.0,1.3599999397993088,1.3599999397993088,1.3599999397993088,1.3599999397993088,,,2.359999895095825,1.3599999397993088,-1.3599999397993088,0.0,
FL-UK-2010-01,2010-09-18,2010-09-18T16:00:00,30.049999237060547,78.1500015258789,0.8799999952316284,0.4399999976158142,GPM_3IMERGHH_07,V07B,3B-HHR.MS.MRG.3IMERG.20100918-S160000-E162959.0960.V07B.HDF5,2010-09-18T16:00:00,2026-09-14T18:31:54.934900+00:00,DERIVED,extreme rainfall flood,False,DATE_ONLY,0.4399999976158142,0.4399999976158142,1.799999937415123,1.799999937415123,1.799999937415123,1.799999937415123,,,2.359999895095825,1.799999937415123,0.26000000536441803,1.466177983702907,
FL-UK-2010-01,2010-09-18,2010-09-18T20:00:00,30.049999237060547,78.1500015258789,7.179999828338623,3.5899999141693115,GPM_3IMERGHH_07,V07B,3B-HHR.MS.MRG.3IMERG.20100918-S200000-E202959.1200.V07B.HDF5,2010-09-18T20:00:00,2026-09-14T18:31:54.934900+00:00,DERIVED,extreme rainfall flood,False,DATE_ONLY,3.5899999141693115,4.029999911785126,5.3899998515844345,5.3899998515844345,5.3899998515844345,5.3899998515844345,,,7.179999828338623,5.3899998515844345,4.029999911785126,4.485586045420091,
FL-UK-2010-01,2010-09-18,2010-09-18T00:00:00,30.049999237060547,78.25,0.0,0.0,GPM_3IMERGHH_07,V07B,3B-HHR.MS.MRG.3IMERG.20100918-S000000-E002959.0000.V07B.HDF5,2010-09-18T00:00:00,2026-09-14T18:31:54.934900+00:00,DERIVED,extreme rainfall flood,False,DATE_ONLY,0.0,0.0,0.0,0.0,0.0,0.0,,,0.0,0.0,,0.0,
FL-UK-2010-01,2010-09-18,2010-09-18T04:00:00,30.049999237060547,78.25,0.1899999976158142,0.0949999988079071,GPM_3IMERGHH_07,V07B,3B-HHR.MS.MRG.3IMERG.20100918-S040000-E042959.0240.V07B.HDF5,2010-09-18T04:00:00,2026-09-14T18:31:54.934900+00:00,DERIVED,extreme rainfall flood,False,DATE_ONLY,0.0949999988079071,0.0949999988079071,0.0949999988079071,0.0949999988079071,0.0949999988079071,0.0949999988079071,,,0.1899999976158142,0.0949999988079071,,5.962343095764743,
FL-UK-2010-01,2010-09-18,2010-09-18T08:00:00,30.049999237060547,78.25,0.0,0.0,GPM_3IMERGHH_07,V07B,3B-HHR.MS.MRG.3IMERG.20100918-S080000-E082959.0480.V07B.HDF5,2010-09-18T08:00:00,2026-09-14T18:31:54.934900+00:00,DERIVED,extreme rainfall flood,False,DATE_ONLY,0.0,0.0949999988079071,0.0949999988079071,0.0949999988079071,0.0949999988079071,0.0949999988079071,,,0.1899999976158142,0.0949999988079071,0.0949999988079071,5.962343095764743,
FL-UK-2010-01,2010-09-18,2010-09-18T12:00:00,30.049999237060547,78.25,0.0,0.0,GPM_3IMERGHH_07,V07B,3B-HHR.MS.MRG.3IMERG.20100918-S120000-E122959.0720.V07B.HDF5,2010-09-18T12:00:00,2026-09-14T18:31:54.934900+00:00,DERIVED,extreme rainfall flood,False,DATE_ONLY,0.0,0.0,0.0949999988079071,0.0949999988079071,0.0949999988079071,0.0949999988079071,,,0.1899999976158142,0.0949999988079071,-0.0949999988079071,0.0,
FL-UK-2010-01,2010-09-18,2010-09-18T16:00:00,30.049999237060547,78.25,0.7099999785423279,0.35499998927116394,GPM_3IMERGHH_07,V07B,3B-HHR.MS.MRG.3IMERG.20100918-S160000-E162959.0960.V07B.HDF5,2010-09-18T16:00:00,2026-09-14T18:31:54.934900+00:00,DERIVED,extreme rainfall flood,False,DATE_ONLY,0.35499998927116394,0.35499998927116394,0.44999998807907104,0.44999998807907104,0.44999998807907104,0.44999998807907104,,,0.7099999785423279,0.44999998807907104,0.25999999046325684,4.727030608028361,
FL-UK-2010-01,2010-09-18,2010-09-18T20:00:00,30.049999237060547,78.25,10.09999942779541,5.049999713897705,GPM_3IMERGHH_07,V07B,3B-HHR.MS.MRG.3IMERG.20100918-S200000-E202959.1200.V07B.HDF5,2010-09-18T20:00:00,2026-09-14T18:31:54.934900+00:00,DERIVED,extreme rainfall flood,False,DATE_ONLY,5.049999713897705,5.404999703168869,5.499999701976776,5.499999701976776,5.499999701976776,5.499999701976776,,,10.09999942779541,5.499999701976776,5.404999703168869,5.895720462508605,
FL-UK-2012-01,2012-08-03,2012-08-03T00:00:00,30.649999618530273,78.3499984741211,0.0,0.0,GPM_3IMERGHH_07,V07B,3B-HHR.MS.MRG.3IMERG.20120803-S000000-E002959.0000.V07B.HDF5,2012-08-03T00:00:00,2026-09-14T18:31:54.934900+00:00,DERIVED,cloudburst-induced flood,True,DATE_ONLY,0.0,0.0,0.0,0.0,0.0,0.0,,,0.0,0.0,,0.0,
FL-UK-2012-01,2012-08-03,2012-08-03T04:00:00,30.649999618530273,78.3499984741211,0.0,0.0,GPM_3IMERGHH_07,V07B,3B-HHR.MS.MRG.3IMERG.20120803-S040000-E042959.0240.V07B.HDF5,2012-08-03T04:00:00,2026-09-14T18:31:54.934900+00:00,DERIVED,cloudburst-induced flood,True,DATE_ONLY,0.0,0.0,0.0,0.0,0.0,0.0,,,0.0,0.0,,0.0,
FL-UK-2012-01,2012-08-03,2012-08-03T08:00:00,30.649999618530273,78.3499984741211,0.0,0.0,GPM_3IMERGHH_07,V07B,3B-HHR.MS.MRG.3IMERG.20120803-S080000-E082959.0480.V07B.HDF5,2012-08-03T08:00:00,2026-09-14T18:31:54.934900+00:00,DERIVED,cloudburst-induced flood,True,DATE_ONLY,0.0,0.0,0.0,0.0,0.0,0.0,,,0.0,0.0,0.0,0.0,
FL-UK-2012-01,2012-08-03,2012-08-03T12:00:00,30.649999618530273,78.3499984741211,1.0299999713897705,0.5149999856948853,GPM_3IMERGHH_07,V07B,3B-HHR.MS.MRG.3IMERG.20120803-S120000-E122959.0720.V07B.HDF5,2012-08-03T12:00:00,2026-09-14T18:31:54.934900+00:00,DERIVED,cloudburst-induced flood,True,DATE_ONLY,0.5149999856948853,0.5149999856948853,0.5149999856948853,0.5149999856948853,0.5149999856948853,0.5149999856948853,,,1.0299999713897705,0.5149999856948853,0.5149999856948853,5.993017843095655,
FL-UK-2012-01,2012-08-03,2012-08-03T16:00:00,30.649999618530273,78.3499984741211,3.359999895095825,1.6799999475479126,GPM_3IMERGHH_07,V07B,3B-HHR.MS.MRG.3IMERG.20120803-S160000-E162959.0960.V07B.HDF5,2012-08-03T16:00:00,2026-09-14T18:31:54.934900+00:00,DERIVED,cloudburst-induced flood,True,DATE_ONLY,1.6799999475479126,2.194999933242798,2.194999933242798,2.194999933242798,2.194999933242798,2.194999933242798,,,3.359999895095825,2.194999933242798,2.194999933242798,5.998360357027939,
FL-UK-2012-01,2012-08-03,2012-08-03T20:00:00,30.649999618530273,78.3499984741211,0.2800000011920929,0.14000000059604645,GPM_3IMERGHH_07,V07B,3B-HHR.MS.MRG.3IMERG.20120803-S200000-E202959.1200.V07B.HDF5,2012-08-03T20:00:00,2026-09-14T18:31:54.934900+00:00,DERIVED,cloudburst-induced flood,True,DATE_ONLY,0.14000000059604645,1.819999948143959,2.3349999338388443,2.3349999338388443,2.3349999338388443,2.3349999338388443,,,3.359999895095825,2.3349999338388443,1.3049999624490738,4.675458125619741,
FL-UK-2012-01,2012-08-03,2012-08-03T00:00:00,30.649999618530273,78.44999694824219,0.0,0.0,GPM_3IMERGHH_07,V07B,3B-HHR.MS.MRG.3IMERG.20120803-S000000-E002959.0000.V07B.HDF5,2012-08-03T00:00:00,2026-09-14T18:31:54.934900+00:00,DERIVED,cloudburst-induced flood,True,DATE_ONLY,0.0,0.0,0.0,0.0,0.0,0.0,,,0.0,0.0,,0.0,
FL-UK-2012-01,2012-08-03,2012-08-03T04:00:00,30.649999618530273,78.44999694824219,0.0,0.0,GPM_3IMERGHH_07,V07B,3B-HHR.MS.MRG.3IMERG.20120803-S040000-E042959.0240.V07B.HDF5,2012-08-03T04:00:00,2026-09-14T18:31:54.934900+00:00,DERIVED,cloudburst-induced flood,True,DATE_ONLY,0.0,0.0,0.0,0.0,0.0,0.0,,,0.0,0.0,,0.0,
FL-UK-2012-01,2012-08-03,2012-08-03T08:00:00,30.649999618530273,78.44999694824219,0.0,0.0,GPM_3IMERGHH_07,V07B,3B-HHR.MS.MRG.3IMERG.20120803-S080000-E082959.0480.V07B.HDF5,2012-08-03T08:00:00,2026-09-14T18:31:54.934900+00:00,DERIVED,cloudburst-induced flood,True,DATE_ONLY,0.0,0.0,0.0,0.0,0.0,0.0,,,0.0,0.0,0.0,0.0,
FL-UK-2012-01,2012-08-03,2012-08-03T12:00:00,30.649999618530273,78.44999694824219,2.5799999237060547,1.2899999618530273,GPM_3IMERGHH_07,V07B,3B-HHR.MS.MRG.3IMERG.20120803-S120000-E122959.0720.V07B.HDF5,2012-08-03T12:00:00,2026-09-14T18:31:54.934900+00:00,DERIVED,cloudburst-induced flood,True,DATE_ONLY,1.2899999618530273,1.2899999618530273,1.2899999618530273,1.2899999618530273,1.2899999618530273,1.2899999618530273,,,2.5799999237060547,1.2899999618530273,1.2899999618530273,5.9972105996386125,
FL-UK-2012-01,2012-08-03,2012-08-03T16:00:00,30.649999618530273,78.44999694824219,2.7699999809265137,1.3849999904632568,GPM_3IMERGHH_07,V07B,3B-HHR.MS.MRG.3IMERG.20120803-S160000-E162959.0960.V07B.HDF5,2012-08-03T16:00:00,2026-09-14T18:31:54.934900+00:00,DERIVED,cloudburst-induced flood,True,DATE_ONLY,1.3849999904632568,2.674999952316284,2.674999952316284,2.674999952316284,2.674999952316284,2.674999952316284,,,2.7699999809265137,2.674999952316284,2.674999952316284,5.99865450737623,
FL-UK-2012-01,2012-08-03,2012-08-03T20:00:00,30.649999618530273,78.44999694824219,0.25,0.125,GPM_3IMERGHH_07,V07B,3B-HHR.MS.MRG.3IMERG.20120803-S200000-E202959.1200.V07B.HDF5,2012-08-03T20:00:00,2026-09-14T18:31:54.934900+00:00,DERIVED,cloudburst-induced flood,True,DATE_ONLY,0.125,1.5099999904632568,2.799999952316284,2.799999952316284,2.799999952316284,2.799999952316284,,,2.7699999809265137,2.799999952316284,0.2200000286102295,3.235021101563011,
FL-UK-2012-01,2012-08-03,2012-08-03T00:00:00,30.649999618530273,78.54999542236328,0.0,0.0,GPM_3IMERGHH_07,V07B,3B-HHR.MS.MRG.3IMERG.20120803-S000000-E002959.0000.V07B.HDF5,2012-08-03T00:00:00,2026-09-14T18:31:54.934900+00:00,DERIVED,cloudburst-induced flood,True,DATE_ONLY,0.0,0.0,0.0,0.0,0.0,0.0,,,0.0,0.0,,0.0,
FL-UK-2012-01,2012-08-03,2012-08-03T04:00:00,30.649999618530273,78.54999542236328,0.0,0.0,GPM_3IMERGHH_07,V07B,3B-HHR.MS.MRG.3IMERG.20120803-S040000-E042959.0240.V07B.HDF5,2012-08-03T04:00:00,2026-09-14T18:31:54.934900+00:00,DERIVED,cloudburst-induced flood,True,DATE_ONLY,0.0,0.0,0.0,0.0,0.0,0.0,,,0.0,0.0,,0.0,
FL-UK-2012-01,2012-08-03,2012-08-03T08:00:00,30.649999618530273,78.54999542236328,0.0,0.0,GPM_3IMERGHH_07,V07B,3B-HHR.MS.MRG.3IMERG.20120803-S080000-E082959.0480.V07B.HDF5,2012-08-03T08:00:00,2026-09-14T18:31:54.934900+00:00,DERIVED,cloudburst-induced flood,True,DATE_ONLY,0.0,0.0,0.0,0.0,0.0,0.0,,,0.0,0.0,0.0,0.0,
FL-UK-2012-01,2012-08-03,2012-08-03T12:00:00,30.649999618530273,78.54999542236328,2.3299999237060547,1.1649999618530273,GPM_3IMERGHH_07,V07B,3B-HHR.MS.MRG.3IMERG.20120803-S120000-E122959.0720.V07B.HDF5,2012-08-03T12:00:00,2026-09-14T18:31:54.934900+00:00,DERIVED,cloudburst-induced flood,True,DATE_ONLY,1.1649999618530273,1.1649999618530273,1.1649999618530273,1.1649999618530273,1.1649999618530273,1.1649999618530273,,,2.3299999237060547,1.1649999618530273,1.1649999618530273,5.996911461806951,
FL-UK-2012-01,2012-08-03,2012-08-03T16:00:00,30.649999618530273,78.54999542236328,1.9499999284744263,0.9749999642372131,GPM_3IMERGHH_07,V07B,3B-HHR.MS.MRG.3IMERG.20120803-S160000-E162959.0960.V07B.HDF5,2012-08-03T16:00:00,2026-09-14T18:31:54.934900+00:00,DERIVED,cloudburst-induced flood,True,DATE_ONLY,0.9749999642372131,2.1399999260902405,2.1399999260902405,2.1399999260902405,2.1399999260902405,2.1399999260902405,,,2.3299999237060547,2.1399999260902405,2.1399999260902405,5.998318228475989,
FL-UK-2012-01,2012-08-03,2012-08-03T20:00:00,30.649999618530273,78.54999542236328,0.6100000143051147,0.3050000071525574,GPM_3IMERGHH_07,V07B,3B-HHR.MS.MRG.3IMERG.20120803-S200000-E202959.1200.V07B.HDF5,2012-08-03T20:00:00,2026-09-14T18:31:54.934900+00:00,DERIVED,cloudburst-induced flood,True,DATE_ONLY,0.3050000071525574,1.2799999713897705,2.444999933242798,2.444999933242798,2.444999933242798,2.444999933242798,,,2.3299999237060547,2.444999933242798,0.11500000953674316,3.1403336759807465,
FL-UK-2012-01,2012-08-03,2012-08-03T00:00:00,30.75,78.3499984741211,0.0,0.0,GPM_3IMERGHH_07,V07B,3B-HHR.MS.MRG.3IMERG.20120803-S000000-E002959.0000.V07B.HDF5,2012-08-03T00:00:00,2026-09-14T18:31:54.934900+00:00,DERIVED,cloudburst-induced flood,True,DATE_ONLY,0.0,0.0,0.0,0.0,0.0,0.0,,,0.0,0.0,,0.0,
FL-UK-2012-01,2012-08-03,2012-08-03T04:00:00,30.75,78.3499984741211,0.0,0.0,GPM_3IMERGHH_07,V07B,3B-HHR.MS.MRG.3IMERG.20120803-S040000-E042959.0240.V07B.HDF5,2012-08-03T04:00:00,2026-09-14T18:31:54.934900+00:00,DERIVED,cloudburst-induced flood,True,DATE_ONLY,0.0,0.0,0.0,0.0,0.0,0.0,,,0.0,0.0,,0.0,
FL-UK-2012-01,2012-08-03,2012-08-03T08:00:00,30.75,78.3499984741211,0.0,0.0,GPM_3IMERGHH_07,V07B,3B-HHR.MS.MRG.3IMERG.20120803-S080000-E082959.0480.V07B.HDF5,2012-08-03T08:00:00,2026-09-14T18:31:54.934900+00:00,DERIVED,cloudburst-induced flood,True,DATE_ONLY,0.0,0.0,0.0,0.0,0.0,0.0,,,0.0,0.0,0.0,0.0,
FL-UK-2012-01,2012-08-03,2012-08-03T12:00:00,30.75,78.3499984741211,1.090000033378601,0.5450000166893005,GPM_3IMERGHH_07,V07B,3B-HHR.MS.MRG.3IMERG.20120803-S120000-E122959.0720.V07B.HDF5,2012-08-03T12:00:00,2026-09-14T18:31:54.934900+00:00,DERIVED,cloudburst-induced flood,True,DATE_ONLY,0.5450000166893005,0.5450000166893005,0.5450000166893005,0.5450000166893005,0.5450000166893005,0.5450000166893005,,,1.090000033378601,0.5450000166893005,0.5450000166893005,5.993401759732625,
FL-UK-2012-01,2012-08-03,2012-08-03T16:00:00,30.75,78.3499984741211,4.239999771118164,2.119999885559082,GPM_3IMERGHH_07,V07B,3B-HHR.MS.MRG.3IMERG.20120803-S160000-E162959.0960.V07B.HDF5,2012-08-03T16:00:00,2026-09-14T18:31:54.934900+00:00,DERIVED,cloudburst-induced flood,True,DATE_ONLY,2.119999885559082,2.6649999022483826,2.6649999022483826,2.6649999022483826,2.6649999022483826,2.6649999022483826,,,4.239999771118164,2.6649999022483826,2.6649999022483826,5.998649459734388,
FL-UK-2012-01,2012-08-03,2012-08-03T20:00:00,30.75,78.3499984741211,1.0399999618530273,0.5199999809265137,GPM_3IMERGHH_07,V07B,3B-HHR.MS.MRG.3IMERG.20120803-S200000-E202959.1200.V07B.HDF5,2012-08-03T20:00:00,2026-09-14T18:31:54.934900+00:00,DERIVED,cloudburst-induced flood,True,DATE_ONLY,0.5199999809265137,2.6399998664855957,3.1849998831748962,3.1849998831748962,3.1849998831748962,3.1849998831748962,,,4.239999771118164,3.1849998831748962,2.094999849796295,4.972375621487906,
FL-UK-2012-01,2012-08-03,2012-08-03T00:00:00,30.75,78.44999694824219,0.0,0.0,GPM_3IMERGHH_07,V07B,3B-HHR.MS.MRG.3IMERG.20120803-S000000-E002959.0000.V07B.HDF5,2012-08-03T00:00:00,2026-09-14T18:31:54.934900+00:00,DERIVED,cloudburst-induced flood,True,DATE_ONLY,0.0,0.0,0.0,0.0,0.0,0.0,,,0.0,0.0,,0.0,
FL-UK-2012-01,2012-08-03,2012-08-03T04:00:00,30.75,78.44999694824219,0.0,0.0,GPM_3IMERGHH_07,V07B,3B-HHR.MS.MRG.3IMERG.20120803-S040000-E042959.0240.V07B.HDF5,2012-08-03T04:00:00,2026-09-14T18:31:54.934900+00:00,DERIVED,cloudburst-induced flood,True,DATE_ONLY,0.0,0.0,0.0,0.0,0.0,0.0,,,0.0,0.0,,0.0,
FL-UK-2012-01,2012-08-03,2012-08-03T08:00:00,30.75,78.44999694824219,0.0,0.0,GPM_3IMERGHH_07,V07B,3B-HHR.MS.MRG.3IMERG.20120803-S080000-E082959.0480.V07B.HDF5,2012-08-03T08:00:00,2026-09-14T18:31:54.934900+00:00,DERIVED,cloudburst-induced flood,True,DATE_ONLY,0.0,0.0,0.0,0.0,0.0,0.0,,,0.0,0.0,0.0,0.0,
FL-UK-2012-01,2012-08-03,2012-08-03T12:00:00,30.75,78.44999694824219,2.799999952316284,1.399999976158142,GPM_3IMERGHH_07,V07B,3B-HHR.MS.MRG.3IMERG.20120803-S120000-E122959.0720.V07B.HDF5,2012-08-03T12:00:00,2026-09-14T18:31:54.934900+00:00,DERIVED,cloudburst-induced flood,True,DATE_ONLY,1.399999976158142,1.399999976158142,1.399999976158142,1.399999976158142,1.399999976158142,1.399999976158142,,,2.799999952316284,1.399999976158142,1.399999976158142,5.997429672953534,
FL-UK-2012-01,2012-08-03,2012-08-03T16:00:00,30.75,78.44999694824219,3.619999885559082,1.809999942779541,GPM_3IMERGHH_07,V07B,3B-HHR.MS.MRG.3IMERG.20120803-S160000-E162959.0960.V07B.HDF5,2012-08-03T16:00:00,2026-09-14T18:31:54.934900+00:00,DERIVED,cloudburst-induced flood,True,DATE_ONLY,1.809999942779541,3.209999918937683,3.209999918937683,3.209999918937683,3.209999918937683,3.209999918937683,,,3.619999885559082,3.209999918937683,3.209999918937683,5.998878714230706,
FL-UK-2012-01,2012-08-03,2012-08-03T20:00:00,30.75,78.44999694824219,0.8100000023841858,0.4050000011920929,GPM_3IMERGHH_07,V07B,3B-HHR.MS.MRG.3IMERG.20120803-S200000-E202959.1200.V07B.HDF5,2012-08-03T20:00:00,2026-09-14T18:31:54.934900+00:00,DERIVED,cloudburst-induced flood,True,DATE_ONLY,0.4050000011920929,2.214999943971634,3.614999920129776,3.614999920129776,3.614999920129776,3.614999920129776,,,3.619999885559082,3.614999920129776,0.8149999678134918,3.6757384548655434,
FL-UK-2012-01,2012-08-03,2012-08-03T00:00:00,30.75,78.54999542236328,0.0,0.0,GPM_3IMERGHH_07,V07B,3B-HHR.MS.MRG.3IMERG.20120803-S000000-E002959.0000.V07B.HDF5,2012-08-03T00:00:00,2026-09-14T18:31:54.934900+00:00,DERIVED,cloudburst-induced flood,True,DATE_ONLY,0.0,0.0,0.0,0.0,0.0,0.0,,,0.0,0.0,,0.0,
FL-UK-2012-01,2012-08-03,2012-08-03T04:00:00,30.75,78.54999542236328,0.0,0.0,GPM_3IMERGHH_07,V07B,3B-HHR.MS.MRG.3IMERG.20120803-S040000-E042959.0240.V07B.HDF5,2012-08-03T04:00:00,2026-09-14T18:31:54.934900+00:00,DERIVED,cloudburst-induced flood,True,DATE_ONLY,0.0,0.0,0.0,0.0,0.0,0.0,,,0.0,0.0,,0.0,
FL-UK-2012-01,2012-08-03,2012-08-03T08:00:00,30.75,78.54999542236328,0.0,0.0,GPM_3IMERGHH_07,V07B,3B-HHR.MS.MRG.3IMERG.20120803-S080000-E082959.0480.V07B.HDF5,2012-08-03T08:00:00,2026-09-14T18:31:54.934900+00:00,DERIVED,cloudburst-induced flood,True,DATE_ONLY,0.0,0.0,0.0,0.0,0.0,0.0,,,0.0,0.0,0.0,0.0,
FL-UK-2012-01,2012-08-03,2012-08-03T12:00:00,30.75,78.54999542236328,2.859999895095825,1.4299999475479126,GPM_3IMERGHH_07,V07B,3B-HHR.MS.MRG.3IMERG.20120803-S120000-E122959.0720.V07B.HDF5,2012-08-03T12:00:00,2026-09-14T18:31:54.934900+00:00,DERIVED,cloudburst-induced flood,True,DATE_ONLY,1.4299999475479126,1.4299999475479126,1.4299999475479126,1.4299999475479126,1.4299999475479126,1.4299999475479126,,,2.859999895095825,1.4299999475479126,1.4299999475479126,5.997483573233614,
FL-UK-2012-01,2012-08-03,2012-08-03T16:00:00,30.75,78.54999542236328,9.529999732971191,4.764999866485596,GPM_3IMERGHH_07,V07B,3B-HHR.MS.MRG.3IMERG.20120803-S160000-E162959.0960.V07B.HDF5,2012-08-03T16:00:00,2026-09-14T18:31:54.934900+00:00,DERIVED,cloudburst-induced flood,True,DATE_ONLY,4.764999866485596,6.194999814033508,6.194999814033508,6.194999814033508,6.194999814033508,6.194999814033508,,,9.529999732971191,6.194999814033508,6.194999814033508,5.999418942457864,
FL-UK-2012-01,2012-08-03,2012-08-03T20:00:00,30.75,78.54999542236328,0.7899999618530273,0.39499998092651367,GPM_3IMERGHH_07,V07B,3B-HHR.MS.MRG.3IMERG.20120803-S200000-E202959.1200.V07B.HDF5,2012-08-03T20:00:00,2026-09-14T18:31:54.934900+00:00,DERIVED,cloudburst-induced flood,True,DATE_ONLY,0.39499998092651367,5.159999847412109,6.589999794960022,6.589999794960022,6.589999794960022,6.589999794960022,,,9.529999732971191,6.589999794960022,3.7299998998641968,4.697599618800774,
FL-UK-2012-01,2012-08-03,2012-08-03T00:00:00,30.849998474121094,78.3499984741211,0.0,0.0,GPM_3IMERGHH_07,V07B,3B-HHR.MS.MRG.3IMERG.20120803-S000000-E002959.0000.V07B.HDF5,2012-08-03T00:00:00,2026-09-14T18:31:54.934900+00:00,DERIVED,cloudburst-induced flood,True,DATE_ONLY,0.0,0.0,0.0,0.0,0.0,0.0,,,0.0,0.0,,0.0,
FL-UK-2012-01,2012-08-03,2012-08-03T04:00:00,30.849998474121094,78.3499984741211,0.0,0.0,GPM_3IMERGHH_07,V07B,3B-HHR.MS.MRG.3IMERG.20120803-S040000-E042959.0240.V07B.HDF5,2012-08-03T04:00:00,2026-09-14T18:31:54.934900+00:00,DERIVED,cloudburst-induced flood,True,DATE_ONLY,0.0,0.0,0.0,0.0,0.0,0.0,,,0.0,0.0,,0.0,
FL-UK-2012-01,2012-08-03,2012-08-03T08:00:00,30.849998474121094,78.3499984741211,0.0,0.0,GPM_3IMERGHH_07,V07B,3B-HHR.MS.MRG.3IMERG.20120803-S080000-E082959.0480.V07B.HDF5,2012-08-03T08:00:00,2026-09-14T18:31:54.934900+00:00,DERIVED,cloudburst-induced flood,True,DATE_ONLY,0.0,0.0,0.0,0.0,0.0,0.0,,,0.0,0.0,0.0,0.0,
FL-UK-2012-01,2012-08-03,2012-08-03T12:00:00,30.849998474121094,78.3499984741211,0.19999998807907104,0.09999999403953552,GPM_3IMERGHH_07,V07B,3B-HHR.MS.MRG.3IMERG.20120803-S120000-E122959.0720.V07B.HDF5,2012-08-03T12:00:00,2026-09-14T18:31:54.934900+00:00,DERIVED,cloudburst-induced flood,True,DATE_ONLY,0.09999999403953552,0.09999999403953552,0.09999999403953552,0.09999999403953552,0.09999999403953552,0.09999999403953552,,,0.19999998807907104,0.09999999403953552,0.09999999403953552,5.964214709609374,
FL-UK-2012-01,2012-08-03,2012-08-03T16:00:00,30.849998474121094,78.3499984741211,0.3199999928474426,0.1599999964237213,GPM_3IMERGHH_07,V07B,3B-HHR.MS.MRG.3IMERG.20120803-S160000-E162959.0960.V07B.HDF5,2012-08-03T16:00:00,2026-09-14T18:31:54.934900+00:00,DERIVED,cloudburst-induced flood,True,DATE_ONLY,0.1599999964237213,0.25999999046325684,0.25999999046325684,0.25999999046325684,0.25999999046325684,0.25999999046325684,,,0.3199999928474426,0.25999999046325684,0.25999999046325684,5.986185724743886,
FL-UK-2012-01,2012-08-03,2012-08-03T20:00:00,30.849998474121094,78.3499984741211,1.0199999809265137,0.5099999904632568,GPM_3IMERGHH_07,V07B,3B-HHR.MS.MRG.3IMERG.20120803-S200000-E202959.1200.V07B.HDF5,2012-08-03T20:00:00,2026-09-14T18:31:54.934900+00:00,DERIVED,cloudburst-induced flood,True,DATE_ONLY,0.5099999904632568,0.6699999868869781,0.7699999809265137,0.7699999809265137,0.7699999809265137,0.7699999809265137,,,1.0199999809265137,0.7699999809265137,0.5699999928474426,5.216714275658964,
FL-UK-2012-01,2012-08-03,2012-08-03T00:00:00,30.849998474121094,78.44999694824219,0.0,0.0,GPM_3IMERGHH_07,V07B,3B-HHR.MS.MRG.3IMERG.20120803-S000000-E002959.0000.V07B.HDF5,2012-08-03T00:00:00,2026-09-14T18:31:54.934900+00:00,DERIVED,cloudburst-induced flood,True,DATE_ONLY,0.0,0.0,0.0,0.0,0.0,0.0,,,0.0,0.0,,0.0,
FL-UK-2012-01,2012-08-03,2012-08-03T04:00:00,30.849998474121094,78.44999694824219,0.0,0.0,GPM_3IMERGHH_07,V07B,3B-HHR.MS.MRG.3IMERG.20120803-S040000-E042959.0240.V07B.HDF5,2012-08-03T04:00:00,2026-09-14T18:31:54.934900+00:00,DERIVED,cloudburst-induced flood,True,DATE_ONLY,0.0,0.0,0.0,0.0,0.0,0.0,,,0.0,0.0,,0.0,
FL-UK-2012-01,2012-08-03,2012-08-03T08:00:00,30.849998474121094,78.44999694824219,0.0,0.0,GPM_3IMERGHH_07,V07B,3B-HHR.MS.MRG.3IMERG.20120803-S080000-E082959.0480.V07B.HDF5,2012-08-03T08:00:00,2026-09-14T18:31:54.934900+00:00,DERIVED,cloudburst-induced flood,True,DATE_ONLY,0.0,0.0,0.0,0.0,0.0,0.0,,,0.0,0.0,0.0,0.0,
FL-UK-2012-01,2012-08-03,2012-08-03T12:00:00,30.849998474121094,78.44999694824219,1.0299999713897705,0.5149999856948853,GPM_3IMERGHH_07,V07B,3B-HHR.MS.MRG.3IMERG.20120803-S120000-E122959.0720.V07B.HDF5,2012-08-03T12:00:00,2026-09-14T18:31:54.934900+00:00,DERIVED,cloudburst-induced flood,True,DATE_ONLY,0.5149999856948853,0.5149999856948853,0.5149999856948853,0.5149999856948853,0.5149999856948853,0.5149999856948853,,,1.0299999713897705,0.5149999856948853,0.5149999856948853,5.993017843095655,
FL-UK-2012-01,2012-08-03,2012-08-03T16:00:00,30.849998474121094,78.44999694824219,0.10999999940395355,0.054999999701976776,GPM_3IMERGHH_07,V07B,3B-HHR.MS.MRG.3IMERG.20120803-S160000-E162959.0960.V07B.HDF5,2012-08-03T16:00:00,2026-09-14T18:31:54.934900+00:00,DERIVED,cloudburst-induced flood,True,DATE_ONLY,0.054999999701976776,0.569999985396862,0.569999985396862,0.569999985396862,0.569999985396862,0.569999985396862,,,1.0299999713897705,0.569999985396862,0.569999985396862,5.993690851573548,
FL-UK-2012-01,2012-08-03,2012-08-03T20:00:00,30.849998474121094,78.44999694824219,0.41999998688697815,0.20999999344348907,GPM_3IMERGHH_07,V07B,3B-HHR.MS.MRG.3IMERG.20120803-S200000-E202959.1200.V07B.HDF5,2012-08-03T20:00:00,2026-09-14T18:31:54.934900+00:00,DERIVED,cloudburst-induced flood,True,DATE_ONLY,0.20999999344348907,0.26499999314546585,0.7799999788403511,0.7799999788403511,0.7799999788403511,0.7799999788403511,,,1.0299999713897705,0.7799999788403511,-0.2499999925494194,2.036894698914645,
FL-UK-2012-01,2012-08-03,2012-08-03T00:00:00,30.849998474121094,78.54999542236328,0.0,0.0,GPM_3IMERGHH_07,V07B,3B-HHR.MS.MRG.3IMERG.20120803-S000000-E002959.0000.V07B.HDF5,2012-08-03T00:00:00,2026-09-14T18:31:54.934900+00:00,DERIVED,cloudburst-induced flood,True,DATE_ONLY,0.0,0.0,0.0,0.0,0.0,0.0,,,0.0,0.0,,0.0,
FL-UK-2012-01,2012-08-03,2012-08-03T04:00:00,30.849998474121094,78.54999542236328,0.0,0.0,GPM_3IMERGHH_07,V07B,3B-HHR.MS.MRG.3IMERG.20120803-S040000-E042959.0240.V07B.HDF5,2012-08-03T04:00:00,2026-09-14T18:31:54.934900+00:00,DERIVED,cloudburst-induced flood,True,DATE_ONLY,0.0,0.0,0.0,0.0,0.0,0.0,,,0.0,0.0,,0.0,
FL-UK-2012-01,2012-08-03,2012-08-03T08:00:00,30.849998474121094,78.54999542236328,0.0,0.0,GPM_3IMERGHH_07,V07B,3B-HHR.MS.MRG.3IMERG.20120803-S080000-E082959.0480.V07B.HDF5,2012-08-03T08:00:00,2026-09-14T18:31:54.934900+00:00,DERIVED,cloudburst-induced flood,True,DATE_ONLY,0.0,0.0,0.0,0.0,0.0,0.0,,,0.0,0.0,0.0,0.0,
FL-UK-2012-01,2012-08-03,2012-08-03T12:00:00,30.849998474121094,78.54999542236328,2.700000047683716,1.350000023841858,GPM_3IMERGHH_07,V07B,3B-HHR.MS.MRG.3IMERG.20120803-S120000-E122959.0720.V07B.HDF5,2012-08-03T12:00:00,2026-09-14T18:31:54.934900+00:00,DERIVED,cloudburst-induced flood,True,DATE_ONLY,1.350000023841858,1.350000023841858,1.350000023841858,1.350000023841858,1.350000023841858,1.350000023841858,,,2.700000047683716,1.350000023841858,1.350000023841858,5.997334518039057,
FL-UK-2012-01,2012-08-03,2012-08-03T16:00:00,30.849998474121094,78.54999542236328,12.75999927520752,6.37999963760376,GPM_3IMERGHH_07,V07B,3B-HHR.MS.MRG.3IMERG.20120803-S160000-E162959.0960.V07B.HDF5,2012-08-03T16:00:00,2026-09-14T18:31:54.934900+00:00,DERIVED,cloudburst-induced flood,True,DATE_ONLY,6.37999963760376,7.729999661445618,7.729999661445618,7.729999661445618,7.729999661445618,7.729999661445618,,,12.75999927520752,7.729999661445618,7.729999661445618,5.999534318143784,
FL-UK-2012-01,2012-08-03,2012-08-03T20:00:00,30.849998474121094,78.54999542236328,0.9799999594688416,0.4899999797344208,GPM_3IMERGHH_07,V07B,3B-HHR.MS.MRG.3IMERG.20120803-S200000-E202959.1200.V07B.HDF5,2012-08-03T20:00:00,2026-09-14T18:31:54.934900+00:00,DERIVED,cloudburst-induced flood,True,DATE_ONLY,0.4899999797344208,6.8699996173381805,8.219999641180038,8.219999641180038,8.219999641180038,8.219999641180038,,,12.75999927520752,8.219999641180038,5.519999593496323,5.014232477341774,
FL-UK-2012-02,2012-09-13,2012-09-13T00:00:00,30.44999885559082,79.04999542236328,0.9300000071525574,0.4650000035762787,GPM_3IMERGHH_07,V07B,3B-HHR.MS.MRG.3IMERG.20120913-S000000-E002959.0000.V07B.HDF5,2012-09-13T00:00:00,2026-09-14T18:31:54.934900+00:00,DERIVED,cloudburst-induced flood,True,DATE_ONLY,0.4650000035762787,0.4650000035762787,0.4650000035762787,0.4650000035762787,0.4650000035762787,0.4650000035762787,,,0.9300000071525574,0.4650000035762787,,5.992268041296502,
FL-UK-2012-02,2012-09-13,2012-09-13T04:00:00,30.44999885559082,79.04999542236328,0.0,0.0,GPM_3IMERGHH_07,V07B,3B-HHR.MS.MRG.3IMERG.20120913-S040000-E042959.0240.V07B.HDF5,2012-09-13T04:00:00,2026-09-14T18:31:54.934900+00:00,DERIVED,cloudburst-induced flood,True,DATE_ONLY,0.0,0.4650000035762787,0.4650000035762787,0.4650000035762787,0.4650000035762787,0.4650000035762787,,,0.9300000071525574,0.4650000035762787,,5.992268041296502,
FL-UK-2012-02,2012-09-13,2012-09-13T08:00:00,30.44999885559082,79.04999542236328,0.25,0.125,GPM_3IMERGHH_07,V07B,3B-HHR.MS.MRG.3IMERG.20120913-S080000-E082959.0480.V07B.HDF5,2012-09-13T08:00:00,2026-09-14T18:31:54.934900+00:00,DERIVED,cloudburst-induced flood,True,DATE_ONLY,0.125,0.125,0.5900000035762787,0.5900000035762787,0.5900000035762787,0.5900000035762787,,,0.9300000071525574,0.5900000035762787,-0.3400000035762787,1.2698950143218786,
FL-UK-2012-02,2012-09-13,2012-09-13T12:00:00,30.44999885559082,79.04999542236328,0.0,0.0,GPM_3IMERGHH_07,V07B,3B-HHR.MS.MRG.3IMERG.20120913-S120000-E122959.0720.V07B.HDF5,2012-09-13T12:00:00,2026-09-14T18:31:54.934900+00:00,DERIVED,cloudburst-induced flood,True,DATE_ONLY,0.0,0.125,0.5900000035762787,0.5900000035762787,0.5900000035762787,0.5900000035762787,,,0.9300000071525574,0.5900000035762787,-0.3400000035762787,1.2698950143218786,
FL-UK-2012-02,2012-09-13,2012-09-13T16:00:00,30.44999885559082,79.04999542236328,7.399999618530273,3.6999998092651367,GPM_3IMERGHH_07,V07B,3B-HHR.MS.MRG.3IMERG.20120913-S160000-E162959.0960.V07B.HDF5,2012-09-13T16:00:00,2026-09-14T18:31:54.934900+00:00,DERIVED,cloudburst-induced flood,True,DATE_ONLY,3.6999998092651367,3.6999998092651367,4.289999812841415,4.289999812841415,4.289999812841415,4.289999812841415,,,7.399999618530273,4.289999812841415,3.5749998092651367,5.174101483235056,
FL-UK-2012-02,2012-09-13,2012-09-13T20:00:00,30.44999885559082,79.04999542236328,7.440000057220459,3.7200000286102295,GPM_3IMERGHH_07,V07B,3B-HHR.MS.MRG.3IMERG.20120913-S200000-E202959.1200.V07B.HDF5,2012-09-13T20:00:00,2026-09-14T18:31:54.934900+00:00,DERIVED,cloudburst-induced flood,True,DATE_ONLY,3.7200000286102295,7.419999837875366,8.009999841451645,8.009999841451645,8.009999841451645,8.009999841451645,,,7.440000057220459,8.009999841451645,7.294999837875366,5.5576361206908675,
FL-UK-2012-02,2012-09-13,2012-09-13T00:00:00,30.44999885559082,79.1500015258789,0.6800000071525574,0.3400000035762787,GPM_3IMERGHH_07,V07B,3B-HHR.MS.MRG.3IMERG.20120913-S000000-E002959.0000.V07B.HDF5,2012-09-13T00:00:00,2026-09-14T18:31:54.934900+00:00,DERIVED,cloudburst-induced flood,True,DATE_ONLY,0.3400000035762787,0.3400000035762787,0.3400000035762787,0.3400000035762787,0.3400000035762787,0.3400000035762787,,,0.6800000071525574,0.3400000035762787,,5.989430417022313,
FL-UK-2012-02,2012-09-13,2012-09-13T04:00:00,30.44999885559082,79.1500015258789,0.0,0.0,GPM_3IMERGHH_07,V07B,3B-HHR.MS.MRG.3IMERG.20120913-S040000-E042959.0240.V07B.HDF5,2012-09-13T04:00:00,2026-09-14T18:31:54.934900+00:00,DERIVED,cloudburst-induced flood,True,DATE_ONLY,0.0,0.3400000035762787,0.3400000035762787,0.3400000035762787,0.3400000035762787,0.3400000035762787,,,0.6800000071525574,0.3400000035762787,,5.989430417022313,
FL-UK-2012-02,2012-09-13,2012-09-13T08:00:00,30.44999885559082,79.1500015258789,0.0,0.0,GPM_3IMERGHH_07,V07B,3B-HHR.MS.MRG.3IMERG.20120913-S080000-E082959.0480.V07B.HDF5,2012-09-13T08:00:00,2026-09-14T18:31:54.934900+00:00,DERIVED,cloudburst-induced flood,True,DATE_ONLY,0.0,0.0,0.3400000035762787,0.3400000035762787,0.3400000035762787,0.3400000035762787,,,0.6800000071525574,0.3400000035762787,-0.3400000035762787,0.0,
FL-UK-2012-02,2012-09-13,2012-09-13T12:00:00,30.44999885559082,79.1500015258789,2.0,1.0,GPM_3IMERGHH_07,V07B,3B-HHR.MS.MRG.3IMERG.20120913-S120000-E122959.0720.V07B.HDF5,2012-09-13T12:00:00,2026-09-14T18:31:54.934900+00:00,DERIVED,cloudburst-induced flood,True,DATE_ONLY,1.0,1.0,1.3400000035762787,1.3400000035762787,1.3400000035762787,1.3400000035762787,,,2.0,1.3400000035762787,0.6599999964237213,4.475607924805296,
FL-UK-2012-02,2012-09-13,2012-09-13T16:00:00,30.44999885559082,79.1500015258789,6.359999656677246,3.179999828338623,GPM_3IMERGHH_07,V07B,3B-HHR.MS.MRG.3IMERG.20120913-S160000-E162959.0960.V07B.HDF5,2012-09-13T16:00:00,2026-09-14T18:31:54.934900+00:00,DERIVED,cloudburst-induced flood,True,DATE_ONLY,3.179999828338623,4.179999828338623,4.519999831914902,4.519999831914902,4.519999831914902,4.519999831914902,,,6.359999656677246,4.519999831914902,4.179999828338623,5.547936093119746,
FL-UK-2012-02,2012-09-13,2012-09-13T20:00:00,30.44999885559082,79.1500015258789,8.130000114440918,4.065000057220459,GPM_3IMERGHH_07,V07B,3B-HHR.MS.MRG.3IMERG.20120913-S200000-E202959.1200.V07B.HDF5,2012-09-13T20:00:00,2026-09-14T18:31:54.934900+00:00,DERIVED,cloudburst-induced flood,True,DATE_ONLY,4.065000057220459,7.244999885559082,8.58499988913536,8.58499988913536,8.58499988913536,8.58499988913536,,,8.130000114440918,8.58499988913536,6.244999885559082,5.063128945522323,
FL-UK-2012-02,2012-09-13,2012-09-13T00:00:00,30.44999885559082,79.25,0.009999999776482582,0.004999999888241291,GPM_3IMERGHH_07,V07B,3B-HHR.MS.MRG.3IMERG.20120913-S000000-E002959.0000.V07B.HDF5,2012-09-13T00:00:00,2026-09-14T18:31:54.934900+00:00,DERIVED,cloudburst-induced flood,True,DATE_ONLY,0.004999999888241291,0.004999999888241291,0.004999999888241291,0.004999999888241291,0.004999999888241291,0.004999999888241291,,,0.009999999776482582,0.004999999888241291,,5.357142844313413,
FL-UK-2012-02,2012-09-13,2012-09-13T04:00:00,30.44999885559082,79.25,0.0,0.0,GPM_3IMERGHH_07,V07B,3B-HHR.MS.MRG.3IMERG.20120913-S040000-E042959.0240.V07B.HDF5,2012-09-13T04:00:00,2026-09-14T18:31:54.934900+00:00,DERIVED,cloudburst-induced flood,True,DATE_ONLY,0.0,0.004999999888241291,0.004999999888241291,0.004999999888241291,0.004999999888241291,0.004999999888241291,,,0.009999999776482582,0.004999999888241291,,5.357142844313413,
FL-UK-2012-02,2012-09-13,2012-09-13T08:00:00,30.44999885559082,79.25,0.0,0.0,GPM_3IMERGHH_07,V07B,3B-HHR.MS.MRG.3IMERG.20120913-S080000-E082959.0480.V07B.HDF5,2012-09-13T08:00:00,2026-09-14T18:31:54.934900+00:00,DERIVED,cloudburst-induced flood,True,DATE_ONLY,0.0,0.0,0.004999999888241291,0.004999999888241291,0.004999999888241291,0.004999999888241291,,,0.009999999776482582,0.004999999888241291,-0.004999999888241291,0.0,
FL-UK-2012-02,2012-09-13,2012-09-13T12:00:00,30.44999885559082,79.25,2.440000057220459,1.2200000286102295,GPM_3IMERGHH_07,V07B,3B-HHR.MS.MRG.3IMERG.20120913-S120000-E122959.0720.V07B.HDF5,2012-09-13T12:00:00,2026-09-14T18:31:54.934900+00:00,DERIVED,cloudburst-induced flood,True,DATE_ONLY,1.2200000286102295,1.2200000286102295,1.2250000284984708,1.2250000284984708,1.2250000284984708,1.2250000284984708,,,2.440000057220459,1.2250000284984708,1.2150000287219882,5.972584857581464,
FL-UK-2012-02,2012-09-13,2012-09-13T16:00:00,30.44999885559082,79.25,12.550000190734863,6.275000095367432,GPM_3IMERGHH_07,V07B,3B-HHR.MS.MRG.3IMERG.20120913-S160000-E162959.0960.V07B.HDF5,2012-09-13T16:00:00,2026-09-14T18:31:54.934900+00:00,DERIVED,cloudburst-induced flood,True,DATE_ONLY,6.275000095367432,7.495000123977661,7.500000123865902,7.500000123865902,7.500000123865902,7.500000123865902,,,12.550000190734863,7.500000123865902,7.495000123977661,5.995520358534707,
FL-UK-2012-02,2012-09-13,2012-09-13T20:00:00,30.44999885559082,79.25,5.289999961853027,2.6449999809265137,GPM_3IMERGHH_07,V07B,3B-HHR.MS.MRG.3IMERG.20120913-S200000-E202959.1200.V07B.HDF5,2012-09-13T20:00:00,2026-09-14T18:31:54.934900+00:00,DERIVED,cloudburst-induced flood,True,DATE_ONLY,2.6449999809265137,8.920000076293945,10.145000104792416,10.145000104792416,10.145000104792416,10.145000104792416,,,12.550000190734863,10.145000104792416,7.700000047683716,5.2751931778271794,
FL-UK-2012-02,2012-09-13,2012-09-13T00:00:00,30.549999237060547,79.04999542236328,1.6799999475479126,0.8399999737739563,GPM_3IMERGHH_07,V07B,3B-HHR.MS.MRG.3IMERG.20120913-S000000-E002959.0000.V07B.HDF5,2012-09-13T00:00:00,2026-09-14T18:31:54.934900+00:00,DERIVED,cloudburst-induced flood,True,DATE_ONLY,0.8399999737739563,0.8399999737739563,0.8399999737739563,0.8399999737739563,0.8399999737739563,0.8399999737739563,,,1.6799999475479126,0.8399999737739563,,5.995717344620132,
FL-UK-2012-02,2012-09-13,2012-09-13T04:00:00,30.549999237060547,79.04999542236328,0.0,0.0,GPM_3IMERGHH_07,V07B,3B-HHR.MS.MRG.3IMERG.20120913-S040000-E042959.0240.V07B.HDF5,2012-09-13T04:00:00,2026-09-14T18:31:54.934900+00:00,DERIVED,cloudburst-induced flood,True,DATE_ONLY,0.0,0.8399999737739563,0.8399999737739563,0.8399999737739563,0.8399999737739563,0.8399999737739563,,,1.6799999475479126,0.8399999737739563,,5.995717344620132,
FL-UK-2012-02,2012-09-13,2012-09-13T08:00:00,30.549999237060547,79.04999542236328,0.0,0.0,GPM_3IMERGHH_07,V07B,3B-HHR.MS.MRG.3IMERG.20120913-S080000-E082959.0480.V07B.HDF5,2012-09-13T08:00:00,2026-09-14T18:31:54.934900+00:00,DERIVED,cloudburst-induced flood,True,DATE_ONLY,0.0,0.0,0.8399999737739563,0.8399999737739563,0.8399999737739563,0.8399999737739563,,,1.6799999475479126,0.8399999737739563,-0.8399999737739563,0.0,
FL-UK-2012-02,2012-09-13,2012-09-13T12:00:00,30.549999237060547,79.04999542236328,0.0,0.0,GPM_3IMERGHH_07,V07B,3B-HHR.MS.MRG.3IMERG.20120913-S120000-E122959.0720.V07B.HDF5,2012-09-13T12:00:00,2026-09-14T18:31:54.934900+00:00,DERIVED,cloudburst-induced flood,True,DATE_ONLY,0.0,0.0,0.8399999737739563,0.8399999737739563,0.8399999737739563,0.8399999737739563,,,1.6799999475479126,0.8399999737739563,-0.8399999737739563,0.0,
FL-UK-2012-02,2012-09-13,2012-09-13T16:00:00,30.549999237060547,79.04999542236328,10.420000076293945,5.210000038146973,GPM_3IMERGHH_07,V07B,3B-HHR.MS.MRG.3IMERG.20120913-S160000-E162959.0960.V07B.HDF5,2012-09-13T16:00:00,2026-09-14T18:31:54.934900+00:00,DERIVED,cloudburst-induced flood,True,DATE_ONLY,5.210000038146973,5.210000038146973,6.050000011920929,6.050000011920929,6.050000011920929,6.050000011920929,,,10.420000076293945,6.050000011920929,5.210000038146973,5.166429803208474,
FL-UK-2012-02,2012-09-13,2012-09-13T20:00:00,30.549999237060547,79.04999542236328,4.369999885559082,2.184999942779541,GPM_3IMERGHH_07,V07B,3B-HHR.MS.MRG.3IMERG.20120913-S200000-E202959.1200.V07B.HDF5,2012-09-13T20:00:00,2026-09-14T18:31:54.934900+00:00,DERIVED,cloudburst-induced flood,True,DATE_ONLY,2.184999942779541,7.394999980926514,8.23499995470047,8.23499995470047,8.23499995470047,8.23499995470047,,,10.420000076293945,8.23499995470047,7.394999980926514,5.387585619701562,
FL-UK-2012-02,2012-09-13,2012-09-13T00:00:00,30.549999237060547,79.1500015258789,2.009999990463257,1.0049999952316284,GPM_3IMERGHH_07,V07B,3B-HHR.MS.MRG.3IMERG.20120913-S000000-E002959.0000.V07B.HDF5,2012-09-13T00:00:00,2026-09-14T18:31:54.934900+00:00,DERIVED,cloudburst-induced flood,True,DATE_ONLY,1.0049999952316284,1.0049999952316284,1.0049999952316284,1.0049999952316284,1.0049999952316284,1.0049999952316284,,,2.009999990463257,1.0049999952316284,,5.996420047715723,
FL-UK-2012-02,2012-09-13,2012-09-13T04:00:00,30.549999237060547,79.1500015258789,0.0,0.0,GPM_3IMERGHH_07,V07B,3B-HHR.MS.MRG.3IMERG.20120913-S040000-E042959.0240.V07B.HDF5,2012-09-13T04:00:00,2026-09-14T18:31:54.934900+00:00,DERIVED,cloudburst-induced flood,True,DATE_ONLY,0.0,1.0049999952316284,1.0049999952316284,1.0049999952316284,1.0049999952316284,1.0049999952316284,,,2.009999990463257,1.0049999952316284,,5.996420047715723,
FL-UK-2012-02,2012-09-13,2012-09-13T08:00:00,30.549999237060547,79.1500015258789,0.0,0.0,GPM_3IMERGHH_07,V07B,3B-HHR.MS.MRG.3IMERG.20120913-S080000-E082959.0480.V07B.HDF5,2012-09-13T08:00:00,2026-09-14T18:31:54.934900+00:00,DERIVED,cloudburst-induced flood,True,DATE_ONLY,0.0,0.0,1.0049999952316284,1.0049999952316284,1.0049999952316284,1.0049999952316284,,,2.009999990463257,1.0049999952316284,-1.0049999952316284,0.0,
FL-UK-2012-02,2012-09-13,2012-09-13T12:00:00,30.549999237060547,79.1500015258789,0.0,0.0,GPM_3IMERGHH_07,V07B,3B-HHR.MS.MRG.3IMERG.20120913-S120000-E122959.0720.V07B.HDF5,2012-09-13T12:00:00,2026-09-14T18:31:54.934900+00:00,DERIVED,cloudburst-induced flood,True,DATE_ONLY,0.0,0.0,1.0049999952316284,1.0049999952316284,1.0049999952316284,1.0049999952316284,,,2.009999990463257,1.0049999952316284,-1.0049999952316284,0.0,
FL-UK-2012-02,2012-09-13,2012-09-13T16:00:00,30.549999237060547,79.1500015258789,10.819999694824219,5.409999847412109,GPM_3IMERGHH_07,V07B,3B-HHR.MS.MRG.3IMERG.20120913-S160000-E162959.0960.V07B.HDF5,2012-09-13T16:00:00,2026-09-14T18:31:54.934900+00:00,DERIVED,cloudburst-induced flood,True,DATE_ONLY,5.409999847412109,5.409999847412109,6.414999842643738,6.414999842643738,6.414999842643738,6.414999842643738,,,10.819999694824219,6.414999842643738,5.409999847412109,5.059542346876882,
FL-UK-2012-02,2012-09-13,2012-09-13T20:00:00,30.549999237060547,79.1500015258789,5.069999694824219,2.5349998474121094,GPM_3IMERGHH_07,V07B,3B-HHR.MS.MRG.3IMERG.20120913-S200000-E202959.1200.V07B.HDF5,2012-09-13T20:00:00,2026-09-14T18:31:54.934900+00:00,DERIVED,cloudburst-induced flood,True,DATE_ONLY,2.5349998474121094,7.944999694824219,8.949999690055847,8.949999690055847,8.949999690055847,8.949999690055847,,,10.819999694824219,8.949999690055847,7.944999694824219,5.325899919522362,
FL-UK-2012-02,2012-09-13,2012-09-13T00:00:00,30.549999237060547,79.25,5.279999732971191,2.6399998664855957,GPM_3IMERGHH_07,V07B,3B-HHR.MS.MRG.3IMERG.20120913-S000000-E002959.0000.V07B.HDF5,2012-09-13T00:00:00,2026-09-14T18:31:54.934900+00:00,DERIVED,cloudburst-induced flood,True,DATE_ONLY,2.6399998664855957,2.6399998664855957,2.6399998664855957,2.6399998664855957,2.6399998664855957,2.6399998664855957,,,5.279999732971191,2.6399998664855957,,5.998636673414366,
FL-UK-2012-02,2012-09-13,2012-09-13T04:00:00,30.549999237060547,79.25,0.0,0.0,GPM_3IMERGHH_07,V07B,3B-HHR.MS.MRG.3IMERG.20120913-S040000-E042959.0240.V07B.HDF5,2012-09-13T04:00:00,2026-09-14T18:31:54.934900+00:00,DERIVED,cloudburst-induced flood,True,DATE_ONLY,0.0,2.6399998664855957,2.6399998664855957,2.6399998664855957,2.6399998664855957,2.6399998664855957,,,5.279999732971191,2.6399998664855957,,5.998636673414366,
FL-UK-2012-02,2012-09-13,2012-09-13T08:00:00,30.549999237060547,79.25,0.0,0.0,GPM_3IMERGHH_07,V07B,3B-HHR.MS.MRG.3IMERG.20120913-S080000-E082959.0480.V07B.HDF5,2012-09-13T08:00:00,2026-09-14T18:31:54.934900+00:00,DERIVED,cloudburst-induced flood,True,DATE_ONLY,0.0,0.0,2.6399998664855957,2.6399998664855957,2.6399998664855957,2.6399998664855957,,,5.279999732971191,2.6399998664855957,-2.6399998664855957,0.0,
FL-UK-2012-02,2012-09-13,2012-09-13T12:00:00,30.549999237060547,79.25,2.669999837875366,1.334999918937683,GPM_3IMERGHH_07,V07B,3B-HHR.MS.MRG.3IMERG.20120913-S120000-E122959.0720.V07B.HDF5,2012-09-13T12:00:00,2026-09-14T18:31:54.934900+00:00,DERIVED,cloudburst-induced flood,True,DATE_ONLY,1.334999918937683,1.334999918937683,3.974999785423279,3.974999785423279,3.974999785423279,3.974999785423279,,,5.279999732971191,3.974999785423279,-1.3049999475479126,2.0147902067494656,
FL-UK-2012-02,2012-09-13,2012-09-13T16:00:00,30.549999237060547,79.25,4.329999923706055,2.1649999618530273,GPM_3IMERGHH_07,V07B,3B-HHR.MS.MRG.3IMERG.20120913-S160000-E162959.0960.V07B.HDF5,2012-09-13T16:00:00,2026-09-14T18:31:54.934900+00:00,DERIVED,cloudburst-induced flood,True,DATE_ONLY,2.1649999618530273,3.4999998807907104,6.139999747276306,6.139999747276306,6.139999747276306,6.139999747276306,,,5.279999732971191,6.139999747276306,3.4999998807907104,3.4198612756121936,
FL-UK-2012-02,2012-09-13,2012-09-13T20:00:00,30.549999237060547,79.25,8.979999542236328,4.489999771118164,GPM_3IMERGHH_07,V07B,3B-HHR.MS.MRG.3IMERG.20120913-S200000-E202959.1200.V07B.HDF5,2012-09-13T20:00:00,2026-09-14T18:31:54.934900+00:00,DERIVED,cloudburst-induced flood,True,DATE_ONLY,4.489999771118164,6.654999732971191,10.62999951839447,10.62999951839447,10.62999951839447,10.62999951839447,,,8.979999542236328,10.62999951839447,5.319999814033508,3.7561379608680565,
FL-UK-2012-02,2012-09-13,2012-09-13T00:00:00,30.649999618530273,79.04999542236328,7.769999980926514,3.884999990463257,GPM_3IMERGHH_07,V07B,3B-HHR.MS.MRG.3IMERG.20120913-S000000-E002959.0000.V07B.HDF5,2012-09-13T00:00:00,2026-09-14T18:31:54.934900+00:00,DERIVED,cloudburst-induced flood,True,DATE_ONLY,3.884999990463257,3.884999990463257,3.884999990463257,3.884999990463257,3.884999990463257,3.884999990463257,,,7.769999980926514,3.884999990463257,,5.999073502159554,
FL-UK-2012-02,2012-09-13,2012-09-13T04:00:00,30.649999618530273,79.04999542236328,0.0,0.0,GPM_3IMERGHH_07,V07B,3B-HHR.MS.MRG.3IMERG.20120913-S040000-E042959.0240.V07B.HDF5,2012-09-13T04:00:00,2026-09-14T18:31:54.934900+00:00,DERIVED,cloudburst-induced flood,True,DATE_ONLY,0.0,3.884999990463257,3.884999990463257,3.884999990463257,3.884999990463257,3.884999990463257,,,7.769999980926514,3.884999990463257,,5.999073502159554,
FL-UK-2012-02,2012-09-13,2012-09-13T08:00:00,30.649999618530273,79.04999542236328,0.0,0.0,GPM_3IMERGHH_07,V07B,3B-HHR.MS.MRG.3IMERG.20120913-S080000-E082959.0480.V07B.HDF5,2012-09-13T08:00:00,2026-09-14T18:31:54.934900+00:00,DERIVED,cloudburst-induced flood,True,DATE_ONLY,0.0,0.0,3.884999990463257,3.884999990463257,3.884999990463257,3.884999990463257,,,7.769999980926514,3.884999990463257,-3.884999990463257,0.0,
FL-UK-2012-02,2012-09-13,2012-09-13T12:00:00,30.649999618530273,79.04999542236328,0.0,0.0,GPM_3IMERGHH_07,V07B,3B-HHR.MS.MRG.3IMERG.20120913-S120000-E122959.0720.V07B.HDF5,2012-09-13T12:00:00,2026-09-14T18:31:54.934900+00:00,DERIVED,cloudburst-induced flood,True,DATE_ONLY,0.0,0.0,3.884999990463257,3.884999990463257,3.884999990463257,3.884999990463257,,,7.769999980926514,3.884999990463257,-3.884999990463257,0.0,
FL-UK-2012-02,2012-09-13,2012-09-13T16:00:00,30.649999618530273,79.04999542236328,3.6599998474121094,1.8299999237060547,GPM_3IMERGHH_07,V07B,3B-HHR.MS.MRG.3IMERG.20120913-S160000-E162959.0960.V07B.HDF5,2012-09-13T16:00:00,2026-09-14T18:31:54.934900+00:00,DERIVED,cloudburst-induced flood,True,DATE_ONLY,1.8299999237060547,1.8299999237060547,5.7149999141693115,5.7149999141693115,5.7149999141693115,5.7149999141693115,,,7.769999980926514,5.7149999141693115,1.8299999237060547,1.921058105382124,
FL-UK-2012-02,2012-09-13,2012-09-13T20:00:00,30.649999618530273,79.04999542236328,4.949999809265137,2.4749999046325684,GPM_3IMERGHH_07,V07B,3B-HHR.MS.MRG.3IMERG.20120913-S200000-E202959.1200.V07B.HDF5,2012-09-13T20:00:00,2026-09-14T18:31:54.934900+00:00,DERIVED,cloudburst-induced flood,True,DATE_ONLY,2.4749999046325684,4.304999828338623,8.18999981880188,8.18999981880188,8.18999981880188,8.18999981880188,,,7.769999980926514,8.18999981880188,4.304999828338623,3.153615063787862,
FL-UK-2012-02,2012-09-13,2012-09-13T00:00:00,30.649999618530273,79.1500015258789,2.7699999809265137,1.3849999904632568,GPM_3IMERGHH_07,V07B,3B-HHR.MS.MRG.3IMERG.20120913-S000000-E002959.0000.V07B.HDF5,2012-09-13T00:00:00,2026-09-14T18:31:54.934900+00:00,DERIVED,cloudburst-induced flood,True,DATE_ONLY,1.3849999904632568,1.3849999904632568,1.3849999904632568,1.3849999904632568,1.3849999904632568,1.3849999904632568,,,2.7699999809265137,1.3849999904632568,,5.9974018475571755,
FL-UK-2012-02,2012-09-13,2012-09-13T04:00:00,30.649999618530273,79.1500015258789,0.23999999463558197,0.11999999731779099,GPM_3IMERGHH_07,V07B,3B-HHR.MS.MRG.3IMERG.20120913-S040000-E042959.0240.V07B.HDF5,2012-09-13T04:00:00,2026-09-14T18:31:54.934900+00:00,DERIVED,cloudburst-induced flood,True,DATE_ONLY,0.11999999731779099,1.5049999877810478,1.5049999877810478,1.5049999877810478,1.5049999877810478,1.5049999877810478,,,2.7699999809265137,1.5049999877810478,,5.997608926654346,
FL-UK-2012-02,2012-09-13,2012-09-13T08:00:00,30.649999618530273,79.1500015258789,0.0,0.0,GPM_3IMERGHH_07,V07B,3B-HHR.MS.MRG.3IMERG.20120913-S080000-E082959.0480.V07B.HDF5,2012-09-13T08:00:00,2026-09-14T18:31:54.934900+00:00,DERIVED,cloudburst-induced flood,True,DATE_ONLY,0.0,0.11999999731779099,1.5049999877810478,1.5049999877810478,1.5049999877810478,1.5049999877810478,,,2.7699999809265137,1.5049999877810478,-1.2649999931454659,0.47821465844183575,
FL-UK-2012-02,2012-09-13,2012-09-13T12:00:00,30.649999618530273,79.1500015258789,0.0,0.0,GPM_3IMERGHH_07,V07B,3B-HHR.MS.MRG.3IMERG.20120913-S120000-E122959.0720.V07B.HDF5,2012-09-13T12:00:00,2026-09-14T18:31:54.934900+00:00,DERIVED,cloudburst-induced flood,True,DATE_ONLY,0.0,0.0,1.5049999877810478,1.5049999877810478,1.5049999877810478,1.5049999877810478,,,2.7699999809265137,1.5049999877810478,-1.5049999877810478,0.0,
FL-UK-2012-02,2012-09-13,2012-09-13T16:00:00,30.649999618530273,79.1500015258789,3.18999981880188,1.59499990940094,GPM_3IMERGHH_07,V07B,3B-HHR.MS.MRG.3IMERG.20120913-S160000-E162959.0960.V07B.HDF5,2012-09-13T16:00:00,2026-09-14T18:31:54.934900+00:00,DERIVED,cloudburst-induced flood,True,DATE_ONLY,1.59499990940094,1.59499990940094,3.0999998971819878,3.0999998971819878,3.0999998971819878,3.0999998971819878,,,3.18999981880188,3.0999998971819878,1.474999912083149,3.086499314246715,
FL-UK-2012-02,2012-09-13,2012-09-13T20:00:00,30.649999618530273,79.1500015258789,17.729999542236328,8.864999771118164,GPM_3IMERGHH_07,V07B,3B-HHR.MS.MRG.3IMERG.20120913-S200000-E202959.1200.V07B.HDF5,2012-09-13T20:00:00,2026-09-14T18:31:54.934900+00:00,DERIVED,cloudburst-induced flood,True,DATE_ONLY,8.864999771118164,10.459999680519104,11.964999668300152,11.964999668300152,11.964999668300152,11.964999668300152,,,17.729999542236328,11.964999668300152,10.459999680519104,5.245035754403639,
FL-UK-2012-02,2012-09-13,2012-09-13T00:00:00,30.649999618530273,79.25,3.809999942779541,1.9049999713897705,GPM_3IMERGHH_07,V07B,3B-HHR.MS.MRG.3IMERG.20120913-S000000-E002959.0000.V07B.HDF5,2012-09-13T00:00:00,2026-09-14T18:31:54.934900+00:00,DERIVED,cloudburst-induced flood,True,DATE_ONLY,1.9049999713897705,1.9049999713897705,1.9049999713897705,1.9049999713897705,1.9049999713897705,1.9049999713897705,,,3.809999942779541,1.9049999713897705,,5.998110831205894,
FL-UK-2012-02,2012-09-13,2012-09-13T04:00:00,30.649999618530273,79.25,0.11999999731779099,0.05999999865889549,GPM_3IMERGHH_07,V07B,3B-HHR.MS.MRG.3IMERG.20120913-S040000-E042959.0240.V07B.HDF5,2012-09-13T04:00:00,2026-09-14T18:31:54.934900+00:00,DERIVED,cloudburst-induced flood,True,DATE_ONLY,0.05999999865889549,1.964999970048666,1.964999970048666,1.964999970048666,1.964999970048666,1.964999970048666,,,3.809999942779541,1.964999970048666,,5.998168498140591,
FL-UK-2012-02,2012-09-13,2012-09-13T08:00:00,30.649999618530273,79.25,0.3499999940395355,0.17499999701976776,GPM_3IMERGHH_07,V07B,3B-HHR.MS.MRG.3IMERG.20120913-S080000-E082959.0480.V07B.HDF5,2012-09-13T08:00:00,2026-09-14T18:31:54.934900+00:00,DERIVED,cloudburst-induced flood,True,DATE_ONLY,0.17499999701976776,0.23499999567866325,2.1399999670684338,2.1399999670684338,2.1399999670684338,2.1399999670684338,,,3.809999942779541,2.1399999670684338,-1.6699999757111073,0.6586938221824716,
FL-UK-2012-02,2012-09-13,2012-09-13T12:00:00,30.649999618530273,79.25,0.25999999046325684,0.12999999523162842,GPM_3IMERGHH_07,V07B,3B-HHR.MS.MRG.3IMERG.20120913-S120000-E122959.0720.V07B.HDF5,2012-09-13T12:00:00,2026-09-14T18:31:54.934900+00:00,DERIVED,cloudburst-induced flood,True,DATE_ONLY,0.12999999523162842,0.3049999922513962,2.269999962300062,2.269999962300062,2.269999962300062,2.269999962300062,,,3.809999942779541,2.269999962300062,-1.6599999777972698,0.8059543661995977,
FL-UK-2012-02,2012-09-13,2012-09-13T16:00:00,30.649999618530273,79.25,6.139999866485596,3.069999933242798,GPM_3IMERGHH_07,V07B,3B-HHR.MS.MRG.3IMERG.20120913-S160000-E162959.0960.V07B.HDF5,2012-09-13T16:00:00,2026-09-14T18:31:54.934900+00:00,DERIVED,cloudburst-induced flood,True,DATE_ONLY,3.069999933242798,3.1999999284744263,5.33999989554286,5.33999989554286,5.33999989554286,5.33999989554286,,,6.139999866485596,5.33999989554286,2.964999932795763,3.5951016639292583,
FL-UK-2012-02,2012-09-13,2012-09-13T20:00:00,30.649999618530273,79.25,0.8399999737739563,0.41999998688697815,GPM_3IMERGHH_07,V07B,3B-HHR.MS.MRG.3IMERG.20120913-S200000-E202959.1200.V07B.HDF5,2012-09-13T20:00:00,2026-09-14T18:31:54.934900+00:00,DERIVED,cloudburst-induced flood,True,DATE_ONLY,0.41999998688697815,3.489999920129776,5.759999882429838,5.759999882429838,5.759999882429838,5.759999882429838,,,6.139999866485596,5.759999882429838,3.18499992787838,3.635038007872559,
FL-UK-2013-01,2013-06-16,2013-06-16T00:00:00,30.649999618530273,78.94999694824219,11.699999809265137,5.849999904632568,GPM_3IMERGHH_07,V07B,3B-HHR.MS.MRG.3IMERG.20130616-S000000-E002959.0000.V07B.HDF5,2013-06-16T00:00:00,2026-09-14T18:31:54.934900+00:00,DIRECT,glacial lake outburst flood (GLOF),False,DATE_ONLY,5.849999904632568,5.849999904632568,5.849999904632568,5.849999904632568,5.849999904632568,5.849999904632568,,,11.699999809265137,5.849999904632568,,5.999384678484483,
FL-UK-2013-01,2013-06-16,2013-06-16T04:00:00,30.649999618530273,78.94999694824219,9.34999942779541,4.674999713897705,GPM_3IMERGHH_07,V07B,3B-HHR.MS.MRG.3IMERG.20130616-S040000-E042959.0240.V07B.HDF5,2013-06-16T04:00:00,2026-09-14T18:31:54.934900+00:00,DIRECT,glacial lake outburst flood (GLOF),False,DATE_ONLY,4.674999713897705,10.524999618530273,10.524999618530273,10.524999618530273,10.524999618530273,10.524999618530273,,,11.699999809265137,10.524999618530273,,5.999657976730023,
FL-UK-2013-01,2013-06-16,2013-06-16T08:00:00,30.649999618530273,78.94999694824219,0.4899999797344208,0.2449999898672104,GPM_3IMERGHH_07,V07B,3B-HHR.MS.MRG.3IMERG.20130616-S080000-E082959.0480.V07B.HDF5,2013-06-16T08:00:00,2026-09-14T18:31:54.934900+00:00,DIRECT,glacial lake outburst flood (GLOF),False,DATE_ONLY,0.2449999898672104,4.9199997037649155,10.769999608397484,10.769999608397484,10.769999608397484,10.769999608397484,,,11.699999809265137,10.769999608397484,-0.9300002008676529,2.7407943193407465,
FL-UK-2013-01,2013-06-16,2013-06-16T12:00:00,30.649999618530273,78.94999694824219,6.029999732971191,3.0149998664855957,GPM_3IMERGHH_07,V07B,3B-HHR.MS.MRG.3IMERG.20130616-S120000-E122959.0720.V07B.HDF5,2013-06-16T12:00:00,2026-09-14T18:31:54.934900+00:00,DIRECT,glacial lake outburst flood (GLOF),False,DATE_ONLY,3.0149998664855957,3.259999856352806,13.78499947488308,13.78499947488308,13.78499947488308,13.78499947488308,,,11.699999809265137,13.78499947488308,-7.264999762177467,1.4188718578219632,
FL-UK-2013-01,2013-06-16,2013-06-16T16:00:00,30.649999618530273,78.94999694824219,7.109999656677246,3.554999828338623,GPM_3IMERGHH_07,V07B,3B-HHR.MS.MRG.3IMERG.20130616-S160000-E162959.0960.V07B.HDF5,2013-06-16T16:00:00,2026-09-14T18:31:54.934900+00:00,DIRECT,glacial lake outburst flood (GLOF),False,DATE_ONLY,3.554999828338623,6.569999694824219,17.339999303221703,17.339999303221703,17.339999303221703,17.339999303221703,,,11.699999809265137,17.339999303221703,1.6499999910593033,2.273277727005749,
FL-UK-2013-01,2013-06-16,2013-06-16T20:00:00,30.649999618530273,78.94999694824219,1.909999966621399,0.9549999833106995,GPM_3IMERGHH_07,V07B,3B-HHR.MS.MRG.3IMERG.20130616-S200000-E202959.1200.V07B.HDF5,2013-06-16T20:00:00,2026-09-14T18:31:54.934900+00:00,DIRECT,glacial lake outburst flood (GLOF),False,DATE_ONLY,0.9549999833106995,4.5099998116493225,18.294999286532402,18.294999286532402,18.294999286532402,18.294999286532402,,,11.699999809265137,18.294999286532402,1.2499999552965164,1.4790441376694945,
FL-UK-2013-01,2013-06-16,2013-06-16T00:00:00,30.649999618530273,79.04999542236328,7.919999599456787,3.9599997997283936,GPM_3IMERGHH_07,V07B,3B-HHR.MS.MRG.3IMERG.20130616-S000000-E002959.0000.V07B.HDF5,2013-06-16T00:00:00,2026-09-14T18:31:54.934900+00:00,DIRECT,glacial lake outburst flood (GLOF),False,DATE_ONLY,3.9599997997283936,3.9599997997283936,3.9599997997283936,3.9599997997283936,3.9599997997283936,3.9599997997283936,,,7.919999599456787,3.9599997997283936,,5.999091046765127,
FL-UK-2013-01,2013-06-16,2013-06-16T04:00:00,30.649999618530273,79.04999542236328,6.37999963760376,3.18999981880188,GPM_3IMERGHH_07,V07B,3B-HHR.MS.MRG.3IMERG.20130616-S040000-E042959.0240.V07B.HDF5,2013-06-16T04:00:00,2026-09-14T18:31:54.934900+00:00,DIRECT,glacial lake outburst flood (GLOF),False,DATE_ONLY,3.18999981880188,7.149999618530273,7.149999618530273,7.149999618530273,7.149999618530273,7.149999618530273,,,7.919999599456787,7.149999618530273,,5.999496545717555,
FL-UK-2013-01,2013-06-16,2013-06-16T08:00:00,30.649999618530273,79.04999542236328,0.4899999797344208,0.2449999898672104,GPM_3IMERGHH_07,V07B,3B-HHR.MS.MRG.3IMERG.20130616-S080000-E082959.0480.V07B.HDF5,2013-06-16T08:00:00,2026-09-14T18:31:54.934900+00:00,DIRECT,glacial lake outburst flood (GLOF),False,DATE_ONLY,0.2449999898672104,3.4349998086690903,7.394999608397484,7.394999608397484,7.394999608397484,7.394999608397484,,,7.919999599456787,7.394999608397484,-0.5249999910593033,2.7867921390190595,
FL-UK-2013-01,2013-06-16,2013-06-16T12:00:00,30.649999618530273,79.04999542236328,3.7200000286102295,1.8600000143051147,GPM_3IMERGHH_07,V07B,3B-HHR.MS.MRG.3IMERG.20130616-S120000-E122959.0720.V07B.HDF5,2013-06-16T12:00:00,2026-09-14T18:31:54.934900+00:00,DIRECT,glacial lake outburst flood (GLOF),False,DATE_ONLY,1.8600000143051147,2.105000004172325,9.254999622702599,9.254999622702599,9.254999622702599,9.254999622702599,,,7.919999599456787,9.254999622702599,-5.044999614357948,1.3645793400629014,
FL-UK-2013-01,2013-06-16,2013-06-16T16:00:00,30.649999618530273,79.04999542236328,7.980000019073486,3.990000009536743,GPM_3IMERGHH_07,V07B,3B-HHR.MS.MRG.3IMERG.20130616-S160000-E162959.0960.V07B.HDF5,2013-06-16T16:00:00,2026-09-14T18:31:54.934900+00:00,DIRECT,glacial lake outburst flood (GLOF),False,DATE_ONLY,3.990000009536743,5.850000023841858,13.244999632239342,13.244999632239342,13.244999632239342,13.244999632239342,,,7.980000019073486,13.244999632239342,2.4150002151727676,2.6499366670889652,
FL-UK-2013-01,2013-06-16,2013-06-16T20:00:00,30.649999618530273,79.04999542236328,1.3199999332427979,0.6599999666213989,GPM_3IMERGHH_07,V07B,3B-HHR.MS.MRG.3IMERG.20130616-S200000-E202959.1200.V07B.HDF5,2013-06-16T20:00:00,2026-09-14T18:31:54.934900+00:00,DIRECT,glacial lake outburst flood (GLOF),False,DATE_ONLY,0.6599999666213989,4.649999976158142,13.90499959886074,13.90499959886074,13.90499959886074,13.90499959886074,,,7.980000019073486,13.90499959886074,2.544999971985817,2.006385964056857,
FL-UK-2013-01,2013-06-16,2013-06-16T00:00:00,30.649999618530273,79.1500015258789,12.630000114440918,6.315000057220459,GPM_3IMERGHH_07,V07B,3B-HHR.MS.MRG.3IMERG.20130616-S000000-E002959.0000.V07B.HDF5,2013-06-16T00:00:00,2026-09-14T18:31:54.934900+00:00,DIRECT,glacial lake outburst flood (GLOF),False,DATE_ONLY,6.315000057220459,6.315000057220459,6.315000057220459,6.315000057220459,6.315000057220459,6.315000057220459,,,12.630000114440918,6.315000057220459,,5.999429982904651,
FL-UK-2013-01,2013-06-16,2013-06-16T04:00:00,30.649999618530273,79.1500015258789,6.889999866485596,3.444999933242798,GPM_3IMERGHH_07,V07B,3B-HHR.MS.MRG.3IMERG.20130616-S040000-E042959.0240.V07B.HDF5,2013-06-16T04:00:00,2026-09-14T18:31:54.934900+00:00,DIRECT,glacial lake outburst flood (GLOF),False,DATE_ONLY,3.444999933242798,9.759999990463257,9.759999990463257,9.759999990463257,9.759999990463257,9.759999990463257,,,12.630000114440918,9.759999990463257,,5.9996311702145855,
FL-UK-2013-01,2013-06-16,2013-06-16T08:00:00,30.649999618530273,79.1500015258789,0.9099999666213989,0.45499998331069946,GPM_3IMERGHH_07,V07B,3B-HHR.MS.MRG.3IMERG.20130616-S080000-E082959.0480.V07B.HDF5,2013-06-16T08:00:00,2026-09-14T18:31:54.934900+00:00,DIRECT,glacial lake outburst flood (GLOF),False,DATE_ONLY,0.45499998331069946,3.8999999165534973,10.214999973773956,10.214999973773956,10.214999973773956,10.214999973773956,,,12.630000114440918,10.214999973773956,-2.4150001406669617,2.2906143113859914,
FL-UK-2013-01,2013-06-16,2013-06-16T12:00:00,30.649999618530273,79.1500015258789,2.069999933242798,1.034999966621399,GPM_3IMERGHH_07,V07B,3B-HHR.MS.MRG.3IMERG.20130616-S120000-E122959.0720.V07B.HDF5,2013-06-16T12:00:00,2026-09-14T18:31:54.934900+00:00,DIRECT,glacial lake outburst flood (GLOF),False,DATE_ONLY,1.034999966621399,1.4899999499320984,11.249999940395355,11.249999940395355,11.249999940395355,11.249999940395355,,,12.630000114440918,11.249999940395355,-8.270000040531158,0.7946242642130986,
FL-UK-2013-01,2013-06-16,2013-06-16T16:00:00,30.649999618530273,79.1500015258789,8.210000038146973,4.105000019073486,GPM_3IMERGHH_07,V07B,3B-HHR.MS.MRG.3IMERG.20130616-S160000-E162959.0960.V07B.HDF5,2013-06-16T16:00:00,2026-09-14T18:31:54.934900+00:00,DIRECT,glacial lake outburst flood (GLOF),False,DATE_ONLY,4.105000019073486,5.139999985694885,15.354999959468842,15.354999959468842,15.354999959468842,15.354999959468842,,,12.630000114440918,15.354999959468842,1.240000069141388,2.00838781913905,
FL-UK-2013-01,2013-06-16,2013-06-16T20:00:00,30.649999618530273,79.1500015258789,0.9599999785423279,0.47999998927116394,GPM_3IMERGHH_07,V07B,3B-HHR.MS.MRG.3IMERG.20130616-S200000-E202959.1200.V07B.HDF5,2013-06-16T20:00:00,2026-09-14T18:31:54.934900+00:00,DIRECT,glacial lake outburst flood (GLOF),False,DATE_ONLY,0.47999998927116394,4.58500000834465,15.834999948740005,15.834999948740005,15.834999948740005,15.834999948740005,,,12.630000114440918,15.834999948740005,3.095000058412552,1.7372249955238854,
FL-UK-2013-01,2013-06-16,2013-06-16T00:00:00,30.75,78.94999694824219,5.909999847412109,2.9549999237060547,GPM_3IMERGHH_07,V07B,3B-HHR.MS.MRG.3IMERG.20130616-S000000-E002959.0000.V07B.HDF5,2013-06-16T00:00:00,2026-09-14T18:31:54.934900+00:00,DIRECT,glacial lake outburst flood (GLOF),False,DATE_ONLY,2.9549999237060547,2.9549999237060547,2.9549999237060547,2.9549999237060547,2.9549999237060547,2.9549999237060547,,,5.909999847412109,2.9549999237060547,,5.998781973171969,
FL-UK-2013-01,2013-06-16,2013-06-16T04:00:00,30.75,78.94999694824219,8.010000228881836,4.005000114440918,GPM_3IMERGHH_07,V07B,3B-HHR.MS.MRG.3IMERG.20130616-S040000-E042959.0240.V07B.HDF5,2013-06-16T04:00:00,2026-09-14T18:31:54.934900+00:00,DIRECT,glacial lake outburst flood (GLOF),False,DATE_ONLY,4.005000114440918,6.960000038146973,6.960000038146973,6.960000038146973,6.960000038146973,6.960000038146973,,,8.010000228881836,6.960000038146973,,5.999482803209454,
FL-UK-2013-01,2013-06-16,2013-06-16T08:00:00,30.75,78.94999694824219,0.550000011920929,0.2750000059604645,GPM_3IMERGHH_07,V07B,3B-HHR.MS.MRG.3IMERG.20130616-S080000-E082959.0480.V07B.HDF5,2013-06-16T08:00:00,2026-09-14T18:31:54.934900+00:00,DIRECT,glacial lake outburst flood (GLOF),False,DATE_ONLY,0.2750000059604645,4.2800001204013824,7.235000044107437,7.235000044107437,7.235000044107437,7.235000044107437,,,8.010000228881836,7.235000044107437,1.3250001966953278,3.5491183268651914,
FL-UK-2013-01,2013-06-16,2013-06-16T12:00:00,30.75,78.94999694824219,6.039999961853027,3.0199999809265137,GPM_3IMERGHH_07,V07B,3B-HHR.MS.MRG.3IMERG.20130616-S120000-E122959.0720.V07B.HDF5,2013-06-16T12:00:00,2026-09-14T18:31:54.934900+00:00,DIRECT,glacial lake outburst flood (GLOF),False,DATE_ONLY,3.0199999809265137,3.294999986886978,10.25500002503395,10.25500002503395,10.25500002503395,10.25500002503395,,,8.010000228881836,10.25500002503395,-3.6650000512599945,1.9277272780786339,
FL-UK-2013-01,2013-06-16,2013-06-16T16:00:00,30.75,78.94999694824219,24.94999885559082,12.47499942779541,GPM_3IMERGHH_07,V07B,3B-HHR.MS.MRG.3IMERG.20130616-S160000-E162959.0960.V07B.HDF5,2013-06-16T16:00:00,2026-09-14T18:31:54.934900+00:00,DIRECT,glacial lake outburst flood (GLOF),False,DATE_ONLY,12.47499942779541,15.494999408721924,22.72999945282936,22.72999945282936,22.72999945282936,22.72999945282936,,,24.94999885559082,22.72999945282936,11.214999288320541,4.090081154492352,
FL-UK-2013-01,2013-06-16,2013-06-16T20:00:00,30.75,78.94999694824219,2.379999876022339,1.1899999380111694,GPM_3IMERGHH_07,V07B,3B-HHR.MS.MRG.3IMERG.20130616-S200000-E202959.1200.V07B.HDF5,2013-06-16T20:00:00,2026-09-14T18:31:54.934900+00:00,DIRECT,glacial lake outburst flood (GLOF),False,DATE_ONLY,1.1899999380111694,13.66499936580658,23.91999939084053,23.91999939084053,23.91999939084053,23.91999939084053,,,24.94999885559082,23.91999939084053,10.369999378919601,3.4275895371683025,
FL-UK-2013-01,2013-06-16,2013-06-16T00:00:00,30.75,79.04999542236328,3.9599997997283936,1.9799998998641968,GPM_3IMERGHH_07,V07B,3B-HHR.MS.MRG.3IMERG.20130616-S000000-E002959.0000.V07B.HDF5,2013-06-16T00:00:00,2026-09-14T18:31:54.934900+00:00,DIRECT,glacial lake outburst flood (GLOF),False,DATE_ONLY,1.9799998998641968,1.9799998998641968,1.9799998998641968,1.9799998998641968,1.9799998998641968,1.9799998998641968,,,3.9599997997283936,1.9799998998641968,,5.998182368887201,
FL-UK-2013-01,2013-06-16,2013-06-16T04:00:00,30.75,79.04999542236328,5.869999885559082,2.934999942779541,GPM_3IMERGHH_07,V07B,3B-HHR.MS.MRG.3IMERG.20130616-S040000-E042959.0240.V07B.HDF5,2013-06-16T04:00:00,2026-09-14T18:31:54.934900+00:00,DIRECT,glacial lake outburst flood (GLOF),False,DATE_ONLY,2.934999942779541,4.914999842643738,4.914999842643738,4.914999842643738,4.914999842643738,4.914999842643738,,,5.869999885559082,4.914999842643738,,5.999267637701351,
FL-UK-2013-01,2013-06-16,2013-06-16T08:00:00,30.75,79.04999542236328,0.28999999165534973,0.14499999582767487,GPM_3IMERGHH_07,V07B,3B-HHR.MS.MRG.3IMERG.20130616-S080000-E082959.0480.V07B.HDF5,2013-06-16T08:00:00,2026-09-14T18:31:54.934900+00:00,DIRECT,glacial lake outburst flood (GLOF),False,DATE_ONLY,0.14499999582767487,3.079999938607216,5.059999838471413,5.059999838471413,5.059999838471413,5.059999838471413,,,5.869999885559082,5.059999838471413,1.100000038743019,3.651740944058778,
FL-UK-2013-01,2013-06-16,2013-06-16T12:00:00,30.75,79.04999542236328,5.799999713897705,2.8999998569488525,GPM_3IMERGHH_07,V07B,3B-HHR.MS.MRG.3IMERG.20130616-S120000-E122959.0720.V07B.HDF5,2013-06-16T12:00:00,2026-09-14T18:31:54.934900+00:00,DIRECT,glacial lake outburst flood (GLOF),False,DATE_ONLY,2.8999998569488525,3.0449998527765274,7.959999695420265,7.959999695420265,7.959999695420265,7.959999695420265,,,5.869999885559082,7.959999695420265,-1.8699999898672104,2.295053113544938,
FL-UK-2013-01,2013-06-16,2013-06-16T16:00:00,30.75,79.04999542236328,4.339999675750732,2.169999837875366,GPM_3IMERGHH_07,V07B,3B-HHR.MS.MRG.3IMERG.20130616-S160000-E162959.0960.V07B.HDF5,2013-06-16T16:00:00,2026-09-14T18:31:54.934900+00:00,DIRECT,glacial lake outburst flood (GLOF),False,DATE_ONLY,2.169999837875366,5.069999694824219,10.129999533295631,10.129999533295631,10.129999533295631,10.129999533295631,,,5.869999885559082,10.129999533295631,1.9899997562170029,3.002783603178246,
FL-UK-2013-01,2013-06-16,2013-06-16T20:00:00,30.75,79.04999542236328,1.059999942779541,0.5299999713897705,GPM_3IMERGHH_07,V07B,3B-HHR.MS.MRG.3IMERG.20130616-S200000-E202959.1200.V07B.HDF5,2013-06-16T20:00:00,2026-09-14T18:31:54.934900+00:00,DIRECT,glacial lake outburst flood (GLOF),False,DATE_ONLY,0.5299999713897705,2.6999998092651367,10.659999504685402,10.659999504685402,10.659999504685402,10.659999504685402,,,5.869999885559082,10.659999504685402,-0.3450000435113907,1.519614243877262,
FL-UK-2013-01,2013-06-16,2013-06-16T00:00:00,30.75,79.1500015258789,8.75,4.375,GPM_3IMERGHH_07,V07B,3B-HHR.MS.MRG.3IMERG.20130616-S000000-E002959.0000.V07B.HDF5,2013-06-16T00:00:00,2026-09-14T18:31:54.934900+00:00,DIRECT,glacial lake outburst flood (GLOF),False,DATE_ONLY,4.375,4.375,4.375,4.375,4.375,4.375,,,8.75,4.375,,5.999177255690649,
FL-UK-2013-01,2013-06-16,2013-06-16T04:00:00,30.75,79.1500015258789,5.519999980926514,2.759999990463257,GPM_3IMERGHH_07,V07B,3B-HHR.MS.MRG.3IMERG.20130616-S040000-E042959.0240.V07B.HDF5,2013-06-16T04:00:00,2026-09-14T18:31:54.934900+00:00,DIRECT,glacial lake outburst flood (GLOF),False,DATE_ONLY,2.759999990463257,7.134999990463257,7.134999990463257,7.134999990463257,7.134999990463257,7.134999990463257,,,8.75,7.134999990463257,,5.999495487414539,
FL-UK-2013-01,2013-06-16,2013-06-16T08:00:00,30.75,79.1500015258789,0.6399999856948853,0.3199999928474426,GPM_3IMERGHH_07,V07B,3B-HHR.MS.MRG.3IMERG.20130616-S080000-E082959.0480.V07B.HDF5,2013-06-16T08:00:00,2026-09-14T18:31:54.934900+00:00,DIRECT,glacial lake outburst flood (GLOF),False,DATE_ONLY,0.3199999928474426,3.0799999833106995,7.4549999833106995,7.4549999833106995,7.4549999833106995,7.4549999833106995,,,8.75,7.4549999833106995,-1.2950000166893005,2.4786737407092025,
FL-UK-2013-01,2013-06-16,2013-06-16T12:00:00,30.75,79.1500015258789,5.440000057220459,2.7200000286102295,GPM_3IMERGHH_07,V07B,3B-HHR.MS.MRG.3IMERG.20130616-S120000-E122959.0720.V07B.HDF5,2013-06-16T12:00:00,2026-09-14T18:31:54.934900+00:00,DIRECT,glacial lake outburst flood (GLOF),False,DATE_ONLY,2.7200000286102295,3.040000021457672,10.175000011920929,10.175000011920929,10.175000011920929,10.175000011920929,,,8.75,10.175000011920929,-4.094999969005585,1.7925233015623148,
FL-UK-2013-01,2013-06-16,2013-06-16T16:00:00,30.75,79.1500015258789,7.039999961853027,3.5199999809265137,GPM_3IMERGHH_07,V07B,3B-HHR.MS.MRG.3IMERG.20130616-S160000-E162959.0960.V07B.HDF5,2013-06-16T16:00:00,2026-09-14T18:31:54.934900+00:00,DIRECT,glacial lake outburst flood (GLOF),False,DATE_ONLY,3.5199999809265137,6.240000009536743,13.694999992847443,13.694999992847443,13.694999992847443,13.694999992847443,,,8.75,13.694999992847443,3.1600000262260437,2.7337247055093297,
FL-UK-2013-01,2013-06-16,2013-06-16T20:00:00,30.75,79.1500015258789,0.8100000023841858,0.4050000011920929,GPM_3IMERGHH_07,V07B,3B-HHR.MS.MRG.3IMERG.20130616-S200000-E202959.1200.V07B.HDF5,2013-06-16T20:00:00,2026-09-14T18:31:54.934900+00:00,DIRECT,glacial lake outburst flood (GLOF),False,DATE_ONLY,0.4050000011920929,3.9249999821186066,14.099999994039536,14.099999994039536,14.099999994039536,14.099999994039536,,,8.75,14.099999994039536,0.8849999606609344,1.6701416891952439,
FL-UK-2013-01,2013-06-16,2013-06-16T00:00:00,30.849998474121094,78.94999694824219,6.899999618530273,3.4499998092651367,GPM_3IMERGHH_07,V07B,3B-HHR.MS.MRG.3IMERG.20130616-S000000-E002959.0000.V07B.HDF5,2013-06-16T00:00:00,2026-09-14T18:31:54.934900+00:00,DIRECT,glacial lake outburst flood (GLOF),False,DATE_ONLY,3.4499998092651367,3.4499998092651367,3.4499998092651367,3.4499998092651367,3.4499998092651367,3.4499998092651367,,,6.899999618530273,3.4499998092651367,,5.998956703124387,
FL-UK-2013-01,2013-06-16,2013-06-16T04:00:00,30.849998474121094,78.94999694824219,6.71999979019165,3.359999895095825,GPM_3IMERGHH_07,V07B,3B-HHR.MS.MRG.3IMERG.20130616-S040000-E042959.0240.V07B.HDF5,2013-06-16T04:00:00,2026-09-14T18:31:54.934900+00:00,DIRECT,glacial lake outburst flood (GLOF),False,DATE_ONLY,3.359999895095825,6.809999704360962,6.809999704360962,6.809999704360962,6.809999704360962,6.809999704360962,,,6.899999618530273,6.809999704360962,,5.999471412187433,
FL-UK-2013-01,2013-06-16,2013-06-16T08:00:00,30.849998474121094,78.94999694824219,0.4099999964237213,0.20499999821186066,GPM_3IMERGHH_07,V07B,3B-HHR.MS.MRG.3IMERG.20130616-S080000-E082959.0480.V07B.HDF5,2013-06-16T08:00:00,2026-09-14T18:31:54.934900+00:00,DIRECT,glacial lake outburst flood (GLOF),False,DATE_ONLY,0.20499999821186066,3.564999893307686,7.014999702572823,7.014999702572823,7.014999702572823,7.014999702572823,,,6.899999618530273,7.014999702572823,0.11500008404254913,3.0489195887276446,
FL-UK-2013-01,2013-06-16,2013-06-16T12:00:00,30.849998474121094,78.94999694824219,7.269999980926514,3.634999990463257,GPM_3IMERGHH_07,V07B,3B-HHR.MS.MRG.3IMERG.20130616-S120000-E122959.0720.V07B.HDF5,2013-06-16T12:00:00,2026-09-14T18:31:54.934900+00:00,DIRECT,glacial lake outburst flood (GLOF),False,DATE_ONLY,3.634999990463257,3.8399999886751175,10.64999969303608,10.64999969303608,10.64999969303608,10.64999969303608,,,7.269999980926514,10.64999969303608,-2.9699997156858444,2.163258463945036,
FL-UK-2013-01,2013-06-16,2013-06-16T16:00:00,30.849998474121094,78.94999694824219,5.609999656677246,2.804999828338623,GPM_3IMERGHH_07,V07B,3B-HHR.MS.MRG.3IMERG.20130616-S160000-E162959.0960.V07B.HDF5,2013-06-16T16:00:00,2026-09-14T18:31:54.934900+00:00,DIRECT,glacial lake outburst flood (GLOF),False,DATE_ONLY,2.804999828338623,6.43999981880188,13.454999521374702,13.454999521374702,13.454999521374702,13.454999521374702,,,7.269999980926514,13.454999521374702,2.874999925494194,2.8716668366526705,
FL-UK-2013-01,2013-06-16,2013-06-16T20:00:00,30.849998474121094,78.94999694824219,1.9299999475479126,0.9649999737739563,GPM_3IMERGHH_07,V07B,3B-HHR.MS.MRG.3IMERG.20130616-S200000-E202959.1200.V07B.HDF5,2013-06-16T20:00:00,2026-09-14T18:31:54.934900+00:00,DIRECT,glacial lake outburst flood (GLOF),False,DATE_ONLY,0.9649999737739563,3.7699998021125793,14.419999495148659,14.419999495148659,14.419999495148659,14.419999495148659,,,7.269999980926514,14.419999495148659,-0.07000018656253815,1.5685893516621994,
FL-UK-2013-01,2013-06-16,2013-06-16T00:00:00,30.849998474121094,79.04999542236328,1.7999999523162842,0.8999999761581421,GPM_3IMERGHH_07,V07B,3B-HHR.MS.MRG.3IMERG.20130616-S000000-E002959.0000.V07B.HDF5,2013-06-16T00:00:00,2026-09-14T18:31:54.934900+00:00,DIRECT,glacial lake outburst flood (GLOF),False,DATE_ONLY,0.8999999761581421,0.8999999761581421,0.8999999761581421,0.8999999761581421,0.8999999761581421,0.8999999761581421,,,1.7999999523162842,0.8999999761581421,,5.996002664784251,
FL-UK-2013-01,2013-06-16,2013-06-16T04:00:00,30.849998474121094,79.04999542236328,7.559999942779541,3.7799999713897705,GPM_3IMERGHH_07,V07B,3B-HHR.MS.MRG.3IMERG.20130616-S040000-E042959.0240.V07B.HDF5,2013-06-16T04:00:00,2026-09-14T18:31:54.934900+00:00,DIRECT,glacial lake outburst flood (GLOF),False,DATE_ONLY,3.7799999713897705,4.679999947547913,4.679999947547913,4.679999947547913,4.679999947547913,4.679999947547913,,,7.559999942779541,4.679999947547913,,5.999230867828837,
FL-UK-2013-01,2013-06-16,2013-06-16T08:00:00,30.849998474121094,79.04999542236328,0.3700000047683716,0.1850000023841858,GPM_3IMERGHH_07,V07B,3B-HHR.MS.MRG.3IMERG.20130616-S080000-E082959.0480.V07B.HDF5,2013-06-16T08:00:00,2026-09-14T18:31:54.934900+00:00,DIRECT,glacial lake outburst flood (GLOF),False,DATE_ONLY,0.1850000023841858,3.9649999737739563,4.864999949932098,4.864999949932098,4.864999949932098,4.864999949932098,,,7.559999942779541,4.864999949932098,3.064999997615814,4.889427837768647,
FL-UK-2013-01,2013-06-16,2013-06-16T12:00:00,30.849998474121094,79.04999542236328,1.5099999904632568,0.7549999952316284,GPM_3IMERGHH_07,V07B,3B-HHR.MS.MRG.3IMERG.20130616-S120000-E122959.0720.V07B.HDF5,2013-06-16T12:00:00,2026-09-14T18:31:54.934900+00:00,DIRECT,glacial lake outburst flood (GLOF),False,DATE_ONLY,0.7549999952316284,0.9399999976158142,5.619999945163727,5.619999945163727,5.619999945163727,5.619999945163727,,,7.559999942779541,5.619999945163727,-3.7399999499320984,1.0034515960432038,
FL-UK-2013-01,2013-06-16,2013-06-16T16:00:00,30.849998474121094,79.04999542236328,4.940000057220459,2.4700000286102295,GPM_3IMERGHH_07,V07B,3B-HHR.MS.MRG.3IMERG.20130616-S160000-E162959.0960.V07B.HDF5,2013-06-16T16:00:00,2026-09-14T18:31:54.934900+00:00,DIRECT,glacial lake outburst flood (GLOF),False,DATE_ONLY,2.4700000286102295,3.225000023841858,8.089999973773956,8.089999973773956,8.089999973773956,8.089999973773956,,,7.559999942779541,8.089999973773956,-0.7399999499320984,2.3916644260963396,
FL-UK-2013-01,2013-06-16,2013-06-16T20:00:00,30.849998474121094,79.04999542236328,0.6100000143051147,0.3050000071525574,GPM_3IMERGHH_07,V07B,3B-HHR.MS.MRG.3IMERG.20130616-S200000-E202959.1200.V07B.HDF5,2013-06-16T20:00:00,2026-09-14T18:31:54.934900+00:00,DIRECT,glacial lake outburst flood (GLOF),False,DATE_ONLY,0.3050000071525574,2.775000035762787,8.394999980926514,8.394999980926514,8.394999980926514,8.394999980926514,,,7.559999942779541,8.394999980926514,1.8350000381469727,1.9831816966509732,
FL-UK-2013-01,2013-06-16,2013-06-16T00:00:00,30.849998474121094,79.1500015258789,2.7699999809265137,1.3849999904632568,GPM_3IMERGHH_07,V07B,3B-HHR.MS.MRG.3IMERG.20130616-S000000-E002959.0000.V07B.HDF5,2013-06-16T00:00:00,2026-09-14T18:31:54.934900+00:00,DIRECT,glacial lake outburst flood (GLOF),False,DATE_ONLY,1.3849999904632568,1.3849999904632568,1.3849999904632568,1.3849999904632568,1.3849999904632568,1.3849999904632568,,,2.7699999809265137,1.3849999904632568,,5.9974018475571755,
FL-UK-2013-01,2013-06-16,2013-06-16T04:00:00,30.849998474121094,79.1500015258789,8.029999732971191,4.014999866485596,GPM_3IMERGHH_07,V07B,3B-HHR.MS.MRG.3IMERG.20130616-S040000-E042959.0240.V07B.HDF5,2013-06-16T04:00:00,2026-09-14T18:31:54.934900+00:00,DIRECT,glacial lake outburst flood (GLOF),False,DATE_ONLY,4.014999866485596,5.3999998569488525,5.3999998569488525,5.3999998569488525,5.3999998569488525,5.3999998569488525,,,8.029999732971191,5.3999998569488525,,5.999333407381521,
FL-UK-2013-01,2013-06-16,2013-06-16T08:00:00,30.849998474121094,79.1500015258789,2.609999895095825,1.3049999475479126,GPM_3IMERGHH_07,V07B,3B-HHR.MS.MRG.3IMERG.20130616-S080000-E082959.0480.V07B.HDF5,2013-06-16T08:00:00,2026-09-14T18:31:54.934900+00:00,DIRECT,glacial lake outburst flood (GLOF),False,DATE_ONLY,1.3049999475479126,5.319999814033508,6.704999804496765,6.704999804496765,6.704999804496765,6.704999804496765,,,8.029999732971191,6.704999804496765,3.9349998235702515,4.760200401878374,
FL-UK-2013-01,2013-06-16,2013-06-16T12:00:00,30.849998474121094,79.1500015258789,3.129999876022339,1.5649999380111694,GPM_3IMERGHH_07,V07B,3B-HHR.MS.MRG.3IMERG.20130616-S120000-E122959.0720.V07B.HDF5,2013-06-16T12:00:00,2026-09-14T18:31:54.934900+00:00,DIRECT,glacial lake outburst flood (GLOF),False,DATE_ONLY,1.5649999380111694,2.869999885559082,8.269999742507935,8.269999742507935,8.269999742507935,8.269999742507935,,,8.029999732971191,8.269999742507935,-2.5299999713897705,2.0820738337571623,
FL-UK-2013-01,2013-06-16,2013-06-16T16:00:00,30.849998474121094,79.1500015258789,5.159999847412109,2.5799999237060547,GPM_3IMERGHH_07,V07B,3B-HHR.MS.MRG.3IMERG.20130616-S160000-E162959.0960.V07B.HDF5,2013-06-16T16:00:00,2026-09-14T18:31:54.934900+00:00,DIRECT,glacial lake outburst flood (GLOF),False,DATE_ONLY,2.5799999237060547,4.144999861717224,10.84999966621399,10.84999966621399,10.84999966621399,10.84999966621399,,,8.029999732971191,10.84999966621399,-1.1749999523162842,2.292039143950929,
FL-UK-2013-01,2013-06-16,2013-06-16T20:00:00,30.849998474121094,79.1500015258789,0.5199999809265137,0.25999999046325684,GPM_3IMERGHH_07,V07B,3B-HHR.MS.MRG.3IMERG.20130616-S200000-E202959.1200.V07B.HDF5,2013-06-16T20:00:00,2026-09-14T18:31:54.934900+00:00,DIRECT,glacial lake outburst flood (GLOF),False,DATE_ONLY,0.25999999046325684,2.8399999141693115,11.109999656677246,11.109999656677246,11.109999656677246,11.109999656677246,,,8.029999732971191,11.109999656677246,-0.029999971389770508,1.5336705498856826,
FL-UK-2016-01,2016-07-01,2016-07-01T00:00:00,29.649999618530273,80.1500015258789,7.099999904632568,3.549999952316284,GPM_3IMERGHH_07,V07B,3B-HHR.MS.MRG.3IMERG.20160701-S000000-E002959.0000.V07B.HDF5,2016-07-01T00:00:00,2026-09-14T18:31:54.934900+00:00,DIRECT,cloudburst-induced flood,True,DATE_ONLY,3.549999952316284,3.549999952316284,3.549999952316284,3.549999952316284,3.549999952316284,3.549999952316284,,,7.099999904632568,3.549999952316284,,5.998986086844942,
FL-UK-2016-01,2016-07-01,2016-07-01T04:00:00,29.649999618530273,80.1500015258789,0.0,0.0,GPM_3IMERGHH_07,V07B,3B-HHR.MS.MRG.3IMERG.20160701-S040000-E042959.0240.V07B.HDF5,2016-07-01T04:00:00,2026-09-14T18:31:54.934900+00:00,DIRECT,cloudburst-induced flood,True,DATE_ONLY,0.0,3.549999952316284,3.549999952316284,3.549999952316284,3.549999952316284,3.549999952316284,,,7.099999904632568,3.549999952316284,,5.998986086844942,
FL-UK-2016-01,2016-07-01,2016-07-01T08:00:00,29.649999618530273,80.1500015258789,10.729999542236328,5.364999771118164,GPM_3IMERGHH_07,V07B,3B-HHR.MS.MRG.3IMERG.20160701-S080000-E082959.0480.V07B.HDF5,2016-07-01T08:00:00,2026-09-14T18:31:54.934900+00:00,DIRECT,cloudburst-induced flood,True,DATE_ONLY,5.364999771118164,5.364999771118164,8.914999723434448,8.914999723434448,8.914999723434448,8.914999723434448,,,10.729999542236328,8.914999723434448,1.8149998188018799,3.6105253292269635,
FL-UK-2016-01,2016-07-01,2016-07-01T12:00:00,29.649999618530273,80.1500015258789,0.0,0.0,GPM_3IMERGHH_07,V07B,3B-HHR.MS.MRG.3IMERG.20160701-S120000-E122959.0720.V07B.HDF5,2016-07-01T12:00:00,2026-09-14T18:31:54.934900+00:00,DIRECT,cloudburst-induced flood,True,DATE_ONLY,0.0,5.364999771118164,8.914999723434448,8.914999723434448,8.914999723434448,8.914999723434448,,,10.729999542236328,8.914999723434448,1.8149998188018799,3.6105253292269635,
FL-UK-2016-01,2016-07-01,2016-07-01T16:00:00,29.649999618530273,80.1500015258789,0.0,0.0,GPM_3IMERGHH_07,V07B,3B-HHR.MS.MRG.3IMERG.20160701-S160000-E162959.0960.V07B.HDF5,2016-07-01T16:00:00,2026-09-14T18:31:54.934900+00:00,DIRECT,cloudburst-induced flood,True,DATE_ONLY,0.0,0.0,8.914999723434448,8.914999723434448,8.914999723434448,8.914999723434448,,,10.729999542236328,8.914999723434448,-5.364999771118164,0.0,
FL-UK-2016-01,2016-07-01,2016-07-01T20:00:00,29.649999618530273,80.1500015258789,10.84999942779541,5.424999713897705,GPM_3IMERGHH_07,V07B,3B-HHR.MS.MRG.3IMERG.20160701-S200000-E202959.1200.V07B.HDF5,2016-07-01T20:00:00,2026-09-14T18:31:54.934900+00:00,DIRECT,cloudburst-induced flood,True,DATE_ONLY,5.424999713897705,5.424999713897705,14.339999437332153,14.339999437332153,14.339999437332153,14.339999437332153,,,10.84999942779541,14.339999437332153,0.059999942779541016,2.269779476487606,
FL-UK-2016-01,2016-07-01,2016-07-01T00:00:00,29.649999618530273,80.25,8.389999389648438,4.194999694824219,GPM_3IMERGHH_07,V07B,3B-HHR.MS.MRG.3IMERG.20160701-S000000-E002959.0000.V07B.HDF5,2016-07-01T00:00:00,2026-09-14T18:31:54.934900+00:00,DIRECT,cloudburst-induced flood,True,DATE_ONLY,4.194999694824219,4.194999694824219,4.194999694824219,4.194999694824219,4.194999694824219,4.194999694824219,,,8.389999389648438,4.194999694824219,,5.999141958179556,
FL-UK-2016-01,2016-07-01,2016-07-01T04:00:00,29.649999618530273,80.25,0.0,0.0,GPM_3IMERGHH_07,V07B,3B-HHR.MS.MRG.3IMERG.20160701-S040000-E042959.0240.V07B.HDF5,2016-07-01T04:00:00,2026-09-14T18:31:54.934900+00:00,DIRECT,cloudburst-induced flood,True,DATE_ONLY,0.0,4.194999694824219,4.194999694824219,4.194999694824219,4.194999694824219,4.194999694824219,,,8.389999389648438,4.194999694824219,,5.999141958179556,
FL-UK-2016-01,2016-07-01,2016-07-01T08:00:00,29.649999618530273,80.25,5.849999904632568,2.924999952316284,GPM_3IMERGHH_07,V07B,3B-HHR.MS.MRG.3IMERG.20160701-S080000-E082959.0480.V07B.HDF5,2016-07-01T08:00:00,2026-09-14T18:31:54.934900+00:00,DIRECT,cloudburst-induced flood,True,DATE_ONLY,2.924999952316284,2.924999952316284,7.119999647140503,7.119999647140503,7.119999647140503,7.119999647140503,,,8.389999389648438,7.119999647140503,-1.2699997425079346,2.46468002465852,
FL-UK-2016-01,2016-07-01,2016-07-01T12:00:00,29.649999618530273,80.25,0.0,0.0,GPM_3IMERGHH_07,V07B,3B-HHR.MS.MRG.3IMERG.20160701-S120000-E122959.0720.V07B.HDF5,2016-07-01T12:00:00,2026-09-14T18:31:54.934900+00:00,DIRECT,cloudburst-induced flood,True,DATE_ONLY,0.0,2.924999952316284,7.119999647140503,7.119999647140503,7.119999647140503,7.119999647140503,,,8.389999389648438,7.119999647140503,-1.2699997425079346,2.46468002465852,
FL-UK-2016-01,2016-07-01,2016-07-01T16:00:00,29.649999618530273,80.25,0.0,0.0,GPM_3IMERGHH_07,V07B,3B-HHR.MS.MRG.3IMERG.20160701-S160000-E162959.0960.V07B.HDF5,2016-07-01T16:00:00,2026-09-14T18:31:54.934900+00:00,DIRECT,cloudburst-induced flood,True,DATE_ONLY,0.0,0.0,7.119999647140503,7.119999647140503,7.119999647140503,7.119999647140503,,,8.389999389648438,7.119999647140503,-2.924999952316284,0.0,
FL-UK-2016-01,2016-07-01,2016-07-01T20:00:00,29.649999618530273,80.25,19.939998626708984,9.969999313354492,GPM_3IMERGHH_07,V07B,3B-HHR.MS.MRG.3IMERG.20160701-S200000-E202959.1200.V07B.HDF5,2016-07-01T20:00:00,2026-09-14T18:31:54.934900+00:00,DIRECT,cloudburst-induced flood,True,DATE_ONLY,9.969999313354492,9.969999313354492,17.089998960494995,17.089998960494995,17.089998960494995,17.089998960494995,,,19.939998626708984,17.089998960494995,7.044999361038208,3.500169655750578,
FL-UK-2016-01,2016-07-01,2016-07-01T00:00:00,29.649999618530273,80.3499984741211,8.679999351501465,4.339999675750732,GPM_3IMERGHH_07,V07B,3B-HHR.MS.MRG.3IMERG.20160701-S000000-E002959.0000.V07B.HDF5,2016-07-01T00:00:00,2026-09-14T18:31:54.934900+00:00,DIRECT,cloudburst-induced flood,True,DATE_ONLY,4.339999675750732,4.339999675750732,4.339999675750732,4.339999675750732,4.339999675750732,4.339999675750732,,,8.679999351501465,4.339999675750732,,5.999170621511099,
FL-UK-2016-01,2016-07-01,2016-07-01T04:00:00,29.649999618530273,80.3499984741211,0.0,0.0,GPM_3IMERGHH_07,V07B,3B-HHR.MS.MRG.3IMERG.20160701-S040000-E042959.0240.V07B.HDF5,2016-07-01T04:00:00,2026-09-14T18:31:54.934900+00:00,DIRECT,cloudburst-induced flood,True,DATE_ONLY,0.0,4.339999675750732,4.339999675750732,4.339999675750732,4.339999675750732,4.339999675750732,,,8.679999351501465,4.339999675750732,,5.999170621511099,
FL-UK-2016-01,2016-07-01,2016-07-01T08:00:00,29.649999618530273,80.3499984741211,0.0,0.0,GPM_3IMERGHH_07,V07B,3B-HHR.MS.MRG.3IMERG.20160701-S080000-E082959.0480.V07B.HDF5,2016-07-01T08:00:00,2026-09-14T18:31:54.934900+00:00,DIRECT,cloudburst-induced flood,True,DATE_ONLY,0.0,0.0,4.339999675750732,4.339999675750732,4.339999675750732,4.339999675750732,,,8.679999351501465,4.339999675750732,-4.339999675750732,0.0,
FL-UK-2016-01,2016-07-01,2016-07-01T12:00:00,29.649999618530273,80.3499984741211,0.0,0.0,GPM_3IMERGHH_07,V07B,3B-HHR.MS.MRG.3IMERG.20160701-S120000-E122959.0720.V07B.HDF5,2016-07-01T12:00:00,2026-09-14T18:31:54.934900+00:00,DIRECT,cloudburst-induced flood,True,DATE_ONLY,0.0,0.0,4.339999675750732,4.339999675750732,4.339999675750732,4.339999675750732,,,8.679999351501465,4.339999675750732,-4.339999675750732,0.0,
FL-UK-2016-01,2016-07-01,2016-07-01T16:00:00,29.649999618530273,80.3499984741211,0.0,0.0,GPM_3IMERGHH_07,V07B,3B-HHR.MS.MRG.3IMERG.20160701-S160000-E162959.0960.V07B.HDF5,2016-07-01T16:00:00,2026-09-14T18:31:54.934900+00:00,DIRECT,cloudburst-induced flood,True,DATE_ONLY,0.0,0.0,4.339999675750732,4.339999675750732,4.339999675750732,4.339999675750732,,,8.679999351501465,4.339999675750732,0.0,0.0,
FL-UK-2016-01,2016-07-01,2016-07-01T20:00:00,29.649999618530273,80.3499984741211,1.3899999856948853,0.6949999928474426,GPM_3IMERGHH_07,V07B,3B-HHR.MS.MRG.3IMERG.20160701-S200000-E202959.1200.V07B.HDF5,2016-07-01T20:00:00,2026-09-14T18:31:54.934900+00:00,DIRECT,cloudburst-induced flood,True,DATE_ONLY,0.6949999928474426,0.6949999928474426,5.034999668598175,5.034999668598175,5.034999668598175,5.034999668598175,,,8.679999351501465,5.034999668598175,0.6949999928474426,0.8281039462069694,
FL-UK-2016-01,2016-07-01,2016-07-01T00:00:00,29.75,80.1500015258789,10.859999656677246,5.429999828338623,GPM_3IMERGHH_07,V07B,3B-HHR.MS.MRG.3IMERG.20160701-S000000-E002959.0000.V07B.HDF5,2016-07-01T00:00:00,2026-09-14T18:31:54.934900+00:00,DIRECT,cloudburst-induced flood,True,DATE_ONLY,5.429999828338623,5.429999828338623,5.429999828338623,5.429999828338623,5.429999828338623,5.429999828338623,,,10.859999656677246,5.429999828338623,,5.999337089803374,
FL-UK-2016-01,2016-07-01,2016-07-01T04:00:00,29.75,80.1500015258789,0.0,0.0,GPM_3IMERGHH_07,V07B,3B-HHR.MS.MRG.3IMERG.20160701-S040000-E042959.0240.V07B.HDF5,2016-07-01T04:00:00,2026-09-14T18:31:54.934900+00:00,DIRECT,cloudburst-induced flood,True,DATE_ONLY,0.0,5.429999828338623,5.429999828338623,5.429999828338623,5.429999828338623,5.429999828338623,,,10.859999656677246,5.429999828338623,,5.999337089803374,
FL-UK-2016-01,2016-07-01,2016-07-01T08:00:00,29.75,80.1500015258789,8.170000076293945,4.085000038146973,GPM_3IMERGHH_07,V07B,3B-HHR.MS.MRG.3IMERG.20160701-S080000-E082959.0480.V07B.HDF5,2016-07-01T08:00:00,2026-09-14T18:31:54.934900+00:00,DIRECT,cloudburst-induced flood,True,DATE_ONLY,4.085000038146973,4.085000038146973,9.514999866485596,9.514999866485596,9.514999866485596,9.514999866485596,,,10.859999656677246,9.514999866485596,-1.3449997901916504,2.5757703742049145,
FL-UK-2016-01,2016-07-01,2016-07-01T12:00:00,29.75,80.1500015258789,0.0,0.0,GPM_3IMERGHH_07,V07B,3B-HHR.MS.MRG.3IMERG.20160701-S120000-E122959.0720.V07B.HDF5,2016-07-01T12:00:00,2026-09-14T18:31:54.934900+00:00,DIRECT,cloudburst-induced flood,True,DATE_ONLY,0.0,4.085000038146973,9.514999866485596,9.514999866485596,9.514999866485596,9.514999866485596,,,10.859999656677246,9.514999866485596,-1.3449997901916504,2.5757703742049145,
FL-UK-2016-01,2016-07-01,2016-07-01T16:00:00,29.75,80.1500015258789,0.0,0.0,GPM_3IMERGHH_07,V07B,3B-HHR.MS.MRG.3IMERG.20160701-S160000-E162959.0960.V07B.HDF5,2016-07-01T16:00:00,2026-09-14T18:31:54.934900+00:00,DIRECT,cloudburst-induced flood,True,DATE_ONLY,0.0,0.0,9.514999866485596,9.514999866485596,9.514999866485596,9.514999866485596,,,10.859999656677246,9.514999866485596,-4.085000038146973,0.0,
FL-UK-2016-01,2016-07-01,2016-07-01T20:00:00,29.75,80.1500015258789,20.469999313354492,10.234999656677246,GPM_3IMERGHH_07,V07B,3B-HHR.MS.MRG.3IMERG.20160701-S200000-E202959.1200.V07B.HDF5,2016-07-01T20:00:00,2026-09-14T18:31:54.934900+00:00,DIRECT,cloudburst-induced flood,True,DATE_ONLY,10.234999656677246,10.234999656677246,19.749999523162842,19.749999523162842,19.749999523162842,19.749999523162842,,,20.469999313354492,19.749999523162842,6.149999618530273,3.1092726004617672,
FL-UK-2016-01,2016-07-01,2016-07-01T00:00:00,29.75,80.25,9.229999542236328,4.614999771118164,GPM_3IMERGHH_07,V07B,3B-HHR.MS.MRG.3IMERG.20160701-S000000-E002959.0000.V07B.HDF5,2016-07-01T00:00:00,2026-09-14T18:31:54.934900+00:00,DIRECT,cloudburst-induced flood,True,DATE_ONLY,4.614999771118164,4.614999771118164,4.614999771118164,4.614999771118164,4.614999771118164,4.614999771118164,,,9.229999542236328,4.614999771118164,,5.999220036359624,
FL-UK-2016-01,2016-07-01,2016-07-01T04:00:00,29.75,80.25,0.0,0.0,GPM_3IMERGHH_07,V07B,3B-HHR.MS.MRG.3IMERG.20160701-S040000-E042959.0240.V07B.HDF5,2016-07-01T04:00:00,2026-09-14T18:31:54.934900+00:00,DIRECT,cloudburst-induced flood,True,DATE_ONLY,0.0,4.614999771118164,4.614999771118164,4.614999771118164,4.614999771118164,4.614999771118164,,,9.229999542236328,4.614999771118164,,5.999220036359624,
FL-UK-2016-01,2016-07-01,2016-07-01T08:00:00,29.75,80.25,5.529999732971191,2.7649998664855957,GPM_3IMERGHH_07,V07B,3B-HHR.MS.MRG.3IMERG.20160701-S080000-E082959.0480.V07B.HDF5,2016-07-01T08:00:00,2026-09-14T18:31:54.934900+00:00,DIRECT,cloudburst-induced flood,True,DATE_ONLY,2.7649998664855957,2.7649998664855957,7.37999963760376,7.37999963760376,7.37999963760376,7.37999963760376,,,9.229999542236328,7.37999963760376,-1.8499999046325684,2.2477847347779734,
FL-UK-2016-01,2016-07-01,2016-07-01T12:00:00,29.75,80.25,0.0,0.0,GPM_3IMERGHH_07,V07B,3B-HHR.MS.MRG.3IMERG.20160701-S120000-E122959.0720.V07B.HDF5,2016-07-01T12:00:00,2026-09-14T18:31:54.934900+00:00,DIRECT,cloudburst-induced flood,True,DATE_ONLY,0.0,2.7649998664855957,7.37999963760376,7.37999963760376,7.37999963760376,7.37999963760376,,,9.229999542236328,7.37999963760376,-1.8499999046325684,2.2477847347779734,
FL-UK-2016-01,2016-07-01,2016-07-01T16:00:00,29.75,80.25,0.0,0.0,GPM_3IMERGHH_07,V07B,3B-HHR.MS.MRG.3IMERG.20160701-S160000-E162959.0960.V07B.HDF5,2016-07-01T16:00:00,2026-09-14T18:31:54.934900+00:00,DIRECT,cloudburst-induced flood,True,DATE_ONLY,0.0,0.0,7.37999963760376,7.37999963760376,7.37999963760376,7.37999963760376,,,9.229999542236328,7.37999963760376,-2.7649998664855957,0.0,
FL-UK-2016-01,2016-07-01,2016-07-01T20:00:00,29.75,80.25,15.219999313354492,7.609999656677246,GPM_3IMERGHH_07,V07B,3B-HHR.MS.MRG.3IMERG.20160701-S200000-E202959.1200.V07B.HDF5,2016-07-01T20:00:00,2026-09-14T18:31:54.934900+00:00,DIRECT,cloudburst-induced flood,True,DATE_ONLY,7.609999656677246,7.609999656677246,14.989999294281006,14.989999294281006,14.989999294281006,14.989999294281006,,,15.219999313354492,14.989999294281006,4.84499979019165,3.045908775473907,
FL-UK-2016-01,2016-07-01,2016-07-01T00:00:00,29.75,80.3499984741211,8.010000228881836,4.005000114440918,GPM_3IMERGHH_07,V07B,3B-HHR.MS.MRG.3IMERG.20160701-S000000-E002959.0000.V07B.HDF5,2016-07-01T00:00:00,2026-09-14T18:31:54.934900+00:00,DIRECT,cloudburst-induced flood,True,DATE_ONLY,4.005000114440918,4.005000114440918,4.005000114440918,4.005000114440918,4.005000114440918,4.005000114440918,,,8.010000228881836,4.005000114440918,,5.999101258264144,
FL-UK-2016-01,2016-07-01,2016-07-01T04:00:00,29.75,80.3499984741211,0.0,0.0,GPM_3IMERGHH_07,V07B,3B-HHR.MS.MRG.3IMERG.20160701-S040000-E042959.0240.V07B.HDF5,2016-07-01T04:00:00,2026-09-14T18:31:54.934900+00:00,DIRECT,cloudburst-induced flood,True,DATE_ONLY,0.0,4.005000114440918,4.005000114440918,4.005000114440918,4.005000114440918,4.005000114440918,,,8.010000228881836,4.005000114440918,,5.999101258264144,
FL-UK-2016-01,2016-07-01,2016-07-01T08:00:00,29.75,80.3499984741211,4.869999885559082,2.434999942779541,GPM_3IMERGHH_07,V07B,3B-HHR.MS.MRG.3IMERG.20160701-S080000-E082959.0480.V07B.HDF5,2016-07-01T08:00:00,2026-09-14T18:31:54.934900+00:00,DIRECT,cloudburst-induced flood,True,DATE_ONLY,2.434999942779541,2.434999942779541,6.440000057220459,6.440000057220459,6.440000057220459,6.440000057220459,,,8.010000228881836,6.440000057220459,-1.570000171661377,2.2684221232303035,
FL-UK-2016-01,2016-07-01,2016-07-01T12:00:00,29.75,80.3499984741211,0.0,0.0,GPM_3IMERGHH_07,V07B,3B-HHR.MS.MRG.3IMERG.20160701-S120000-E122959.0720.V07B.HDF5,2016-07-01T12:00:00,2026-09-14T18:31:54.934900+00:00,DIRECT,cloudburst-induced flood,True,DATE_ONLY,0.0,2.434999942779541,6.440000057220459,6.440000057220459,6.440000057220459,6.440000057220459,,,8.010000228881836,6.440000057220459,-1.570000171661377,2.2684221232303035,
FL-UK-2016-01,2016-07-01,2016-07-01T16:00:00,29.75,80.3499984741211,0.0,0.0,GPM_3IMERGHH_07,V07B,3B-HHR.MS.MRG.3IMERG.20160701-S160000-E162959.0960.V07B.HDF5,2016-07-01T16:00:00,2026-09-14T18:31:54.934900+00:00,DIRECT,cloudburst-induced flood,True,DATE_ONLY,0.0,0.0,6.440000057220459,6.440000057220459,6.440000057220459,6.440000057220459,,,8.010000228881836,6.440000057220459,-2.434999942779541,0.0,
FL-UK-2016-01,2016-07-01,2016-07-01T20:00:00,29.75,80.3499984741211,12.920000076293945,6.460000038146973,GPM_3IMERGHH_07,V07B,3B-HHR.MS.MRG.3IMERG.20160701-S200000-E202959.1200.V07B.HDF5,2016-07-01T20:00:00,2026-09-14T18:31:54.934900+00:00,DIRECT,cloudburst-induced flood,True,DATE_ONLY,6.460000038146973,6.460000038146973,12.900000095367432,12.900000095367432,12.900000095367432,12.900000095367432,,,12.920000076293945,12.900000095367432,4.025000095367432,3.0045114136047393,
FL-UK-2016-01,2016-07-01,2016-07-01T00:00:00,29.849998474121094,80.1500015258789,12.069999694824219,6.034999847412109,GPM_3IMERGHH_07,V07B,3B-HHR.MS.MRG.3IMERG.20160701-S000000-E002959.0000.V07B.HDF5,2016-07-01T00:00:00,2026-09-14T18:31:54.934900+00:00,DIRECT,cloudburst-induced flood,True,DATE_ONLY,6.034999847412109,6.034999847412109,6.034999847412109,6.034999847412109,6.034999847412109,6.034999847412109,,,12.069999694824219,6.034999847412109,,5.999403538986842,
FL-UK-2016-01,2016-07-01,2016-07-01T04:00:00,29.849998474121094,80.1500015258789,0.0,0.0,GPM_3IMERGHH_07,V07B,3B-HHR.MS.MRG.3IMERG.20160701-S040000-E042959.0240.V07B.HDF5,2016-07-01T04:00:00,2026-09-14T18:31:54.934900+00:00,DIRECT,cloudburst-induced flood,True,DATE_ONLY,0.0,6.034999847412109,6.034999847412109,6.034999847412109,6.034999847412109,6.034999847412109,,,12.069999694824219,6.034999847412109,,5.999403538986842,
FL-UK-2016-01,2016-07-01,2016-07-01T08:00:00,29.849998474121094,80.1500015258789,3.1399998664855957,1.5699999332427979,GPM_3IMERGHH_07,V07B,3B-HHR.MS.MRG.3IMERG.20160701-S080000-E082959.0480.V07B.HDF5,2016-07-01T08:00:00,2026-09-14T18:31:54.934900+00:00,DIRECT,cloudburst-induced flood,True,DATE_ONLY,1.5699999332427979,1.5699999332427979,7.604999780654907,7.604999780654907,7.604999780654907,7.604999780654907,,,12.069999694824219,7.604999780654907,-4.4649999141693115,1.2385610433271634,
FL-UK-2016-01,2016-07-01,2016-07-01T12:00:00,29.849998474121094,80.1500015258789,0.0,0.0,GPM_3IMERGHH_07,V07B,3B-HHR.MS.MRG.3IMERG.20160701-S120000-E122959.0720.V07B.HDF5,2016-07-01T12:00:00,2026-09-14T18:31:54.934900+00:00,DIRECT,cloudburst-induced flood,True,DATE_ONLY,0.0,1.5699999332427979,7.604999780654907,7.604999780654907,7.604999780654907,7.604999780654907,,,12.069999694824219,7.604999780654907,-4.4649999141693115,1.2385610433271634,
FL-UK-2016-01,2016-07-01,2016-07-01T16:00:00,29.849998474121094,80.1500015258789,0.0,0.0,GPM_3IMERGHH_07,V07B,3B-HHR.MS.MRG.3IMERG.20160701-S160000-E162959.0960.V07B.HDF5,2016-07-01T16:00:00,2026-09-14T18:31:54.934900+00:00,DIRECT,cloudburst-induced flood,True,DATE_ONLY,0.0,0.0,7.604999780654907,7.604999780654907,7.604999780654907,7.604999780654907,,,12.069999694824219,7.604999780654907,-1.5699999332427979,0.0,
FL-UK-2016-01,2016-07-01,2016-07-01T20:00:00,29.849998474121094,80.1500015258789,10.149999618530273,5.074999809265137,GPM_3IMERGHH_07,V07B,3B-HHR.MS.MRG.3IMERG.20160701-S200000-E202959.1200.V07B.HDF5,2016-07-01T20:00:00,2026-09-14T18:31:54.934900+00:00,DIRECT,cloudburst-induced flood,True,DATE_ONLY,5.074999809265137,5.074999809265137,12.679999589920044,12.679999589920044,12.679999589920044,12.679999589920044,,,12.069999694824219,12.679999589920044,3.504999876022339,2.401305919303365,
FL-UK-2016-01,2016-07-01,2016-07-01T00:00:00,29.849998474121094,80.25,8.960000038146973,4.480000019073486,GPM_3IMERGHH_07,V07B,3B-HHR.MS.MRG.3IMERG.20160701-S000000-E002959.0000.V07B.HDF5,2016-07-01T00:00:00,2026-09-14T18:31:54.934900+00:00,DIRECT,cloudburst-induced flood,True,DATE_ONLY,4.480000019073486,4.480000019073486,4.480000019073486,4.480000019073486,4.480000019073486,4.480000019073486,,,8.960000038146973,4.480000019073486,,5.999196536181611,
FL-UK-2016-01,2016-07-01,2016-07-01T04:00:00,29.849998474121094,80.25,0.0,0.0,GPM_3IMERGHH_07,V07B,3B-HHR.MS.MRG.3IMERG.20160701-S040000-E042959.0240.V07B.HDF5,2016-07-01T04:00:00,2026-09-14T18:31:54.934900+00:00,DIRECT,cloudburst-induced flood,True,DATE_ONLY,0.0,4.480000019073486,4.480000019073486,4.480000019073486,4.480000019073486,4.480000019073486,,,8.960000038146973,4.480000019073486,,5.999196536181611,
FL-UK-2016-01,2016-07-01,2016-07-01T08:00:00,29.849998474121094,80.25,2.679999828338623,1.3399999141693115,GPM_3IMERGHH_07,V07B,3B-HHR.MS.MRG.3IMERG.20160701-S080000-E082959.0480.V07B.HDF5,2016-07-01T08:00:00,2026-09-14T18:31:54.934900+00:00,DIRECT,cloudburst-induced flood,True,DATE_ONLY,1.3399999141693115,1.3399999141693115,5.819999933242798,5.819999933242798,5.819999933242798,5.819999933242798,,,8.960000038146973,5.819999933242798,-3.140000104904175,1.3813008241809517,
FL-UK-2016-01,2016-07-01,2016-07-01T12:00:00,29.849998474121094,80.25,0.0,0.0,GPM_3IMERGHH_07,V07B,3B-HHR.MS.MRG.3IMERG.20160701-S120000-E122959.0720.V07B.HDF5,2016-07-01T12:00:00,2026-09-14T18:31:54.934900+00:00,DIRECT,cloudburst-induced flood,True,DATE_ONLY,0.0,1.3399999141693115,5.819999933242798,5.819999933242798,5.819999933242798,5.819999933242798,,,8.960000038146973,5.819999933242798,-3.140000104904175,1.3813008241809517,
FL-UK-2016-01,2016-07-01,2016-07-01T16:00:00,29.849998474121094,80.25,0.0,0.0,GPM_3IMERGHH_07,V07B,3B-HHR.MS.MRG.3IMERG.20160701-S160000-E162959.0960.V07B.HDF5,2016-07-01T16:00:00,2026-09-14T18:31:54.934900+00:00,DIRECT,cloudburst-induced flood,True,DATE_ONLY,0.0,0.0,5.819999933242798,5.819999933242798,5.819999933242798,5.819999933242798,,,8.960000038146973,5.819999933242798,-1.3399999141693115,0.0,
FL-UK-2016-01,2016-07-01,2016-07-01T20:00:00,29.849998474121094,80.25,15.59999942779541,7.799999713897705,GPM_3IMERGHH_07,V07B,3B-HHR.MS.MRG.3IMERG.20160701-S200000-E202959.1200.V07B.HDF5,2016-07-01T20:00:00,2026-09-14T18:31:54.934900+00:00,DIRECT,cloudburst-induced flood,True,DATE_ONLY,7.799999713897705,7.799999713897705,13.619999647140503,13.619999647140503,13.619999647140503,13.619999647140503,,,15.59999942779541,13.619999647140503,6.4599997997283936,3.435971946595712,
FL-UK-2016-01,2016-07-01,2016-07-01T00:00:00,29.849998474121094,80.3499984741211,15.799999237060547,7.899999618530273,GPM_3IMERGHH_07,V07B,3B-HHR.MS.MRG.3IMERG.20160701-S000000-E002959.0000.V07B.HDF5,2016-07-01T00:00:00,2026-09-14T18:31:54.934900+00:00,DIRECT,cloudburst-induced flood,True,DATE_ONLY,7.899999618530273,7.899999618530273,7.899999618530273,7.899999618530273,7.899999618530273,7.899999618530273,,,15.799999237060547,7.899999618530273,,5.999544338382677,
FL-UK-2016-01,2016-07-01,2016-07-01T04:00:00,29.849998474121094,80.3499984741211,0.22999998927116394,0.11499999463558197,GPM_3IMERGHH_07,V07B,3B-HHR.MS.MRG.3IMERG.20160701-S040000-E042959.0240.V07B.HDF5,2016-07-01T04:00:00,2026-09-14T18:31:54.934900+00:00,DIRECT,cloudburst-induced flood,True,DATE_ONLY,0.11499999463558197,8.014999613165855,8.014999613165855,8.014999613165855,8.014999613165855,8.014999613165855,,,15.799999237060547,8.014999613165855,,5.99955087577053,
FL-UK-2016-01,2016-07-01,2016-07-01T08:00:00,29.849998474121094,80.3499984741211,2.129999876022339,1.0649999380111694,GPM_3IMERGHH_07,V07B,3B-HHR.MS.MRG.3IMERG.20160701-S080000-E082959.0480.V07B.HDF5,2016-07-01T08:00:00,2026-09-14T18:31:54.934900+00:00,DIRECT,cloudburst-induced flood,True,DATE_ONLY,1.0649999380111694,1.1799999326467514,9.079999551177025,9.079999551177025,9.079999551177025,9.079999551177025,,,15.799999237060547,9.079999551177025,-6.719999685883522,0.7796841558730339,
FL-UK-2016-01,2016-07-01,2016-07-01T12:00:00,29.849998474121094,80.3499984741211,0.0,0.0,GPM_3IMERGHH_07,V07B,3B-HHR.MS.MRG.3IMERG.20160701-S120000-E122959.0720.V07B.HDF5,2016-07-01T12:00:00,2026-09-14T18:31:54.934900+00:00,DIRECT,cloudburst-induced flood,True,DATE_ONLY,0.0,1.0649999380111694,9.079999551177025,9.079999551177025,9.079999551177025,9.079999551177025,,,15.799999237060547,9.079999551177025,-6.949999675154686,0.703697987346964,
FL-UK-2016-01,2016-07-01,2016-07-01T16:00:00,29.849998474121094,80.3499984741211,0.0,0.0,GPM_3IMERGHH_07,V07B,3B-HHR.MS.MRG.3IMERG.20160701-S160000-E162959.0960.V07B.HDF5,2016-07-01T16:00:00,2026-09-14T18:31:54.934900+00:00,DIRECT,cloudburst-induced flood,True,DATE_ONLY,0.0,0.0,9.079999551177025,9.079999551177025,9.079999551177025,9.079999551177025,,,15.799999237060547,9.079999551177025,-1.1799999326467514,0.0,
FL-UK-2016-01,2016-07-01,2016-07-01T20:00:00,29.849998474121094,80.3499984741211,15.949999809265137,7.974999904632568,GPM_3IMERGHH_07,V07B,3B-HHR.MS.MRG.3IMERG.20160701-S200000-E202959.1200.V07B.HDF5,2016-07-01T20:00:00,2026-09-14T18:31:54.934900+00:00,DIRECT,cloudburst-induced flood,True,DATE_ONLY,7.974999904632568,7.974999904632568,17.054999455809593,17.054999455809593,17.054999455809593,17.054999455809593,,,15.949999809265137,17.054999455809593,6.909999966621399,2.8055302044218924,
FL-UK-2016-01,2016-07-01,2016-07-01T00:00:00,29.94999885559082,80.1500015258789,7.429999828338623,3.7149999141693115,GPM_3IMERGHH_07,V07B,3B-HHR.MS.MRG.3IMERG.20160701-S000000-E002959.0000.V07B.HDF5,2016-07-01T00:00:00,2026-09-14T18:31:54.934900+00:00,DIRECT,cloudburst-induced flood,True,DATE_ONLY,3.7149999141693115,3.7149999141693115,3.7149999141693115,3.7149999141693115,3.7149999141693115,3.7149999141693115,,,7.429999828338623,3.7149999141693115,,5.999031112045657,
FL-UK-2016-01,2016-07-01,2016-07-01T04:00:00,29.94999885559082,80.1500015258789,0.5600000023841858,0.2800000011920929,GPM_3IMERGHH_07,V07B,3B-HHR.MS.MRG.3IMERG.20160701-S040000-E042959.0240.V07B.HDF5,2016-07-01T04:00:00,2026-09-14T18:31:54.934900+00:00,DIRECT,cloudburst-induced flood,True,DATE_ONLY,0.2800000011920929,3.9949999153614044,3.9949999153614044,3.9949999153614044,3.9949999153614044,3.9949999153614044,,,7.429999828338623,3.9949999153614044,,5.999099008890716,
FL-UK-2016-01,2016-07-01,2016-07-01T08:00:00,29.94999885559082,80.1500015258789,0.5399999618530273,0.26999998092651367,GPM_3IMERGHH_07,V07B,3B-HHR.MS.MRG.3IMERG.20160701-S080000-E082959.0480.V07B.HDF5,2016-07-01T08:00:00,2026-09-14T18:31:54.934900+00:00,DIRECT,cloudburst-induced flood,True,DATE_ONLY,0.26999998092651367,0.5499999821186066,4.264999896287918,4.264999896287918,4.264999896287918,4.264999896287918,,,7.429999828338623,4.264999896287918,-3.164999932050705,0.7736309013846846,
FL-UK-2016-01,2016-07-01,2016-07-01T12:00:00,29.94999885559082,80.1500015258789,0.0,0.0,GPM_3IMERGHH_07,V07B,3B-HHR.MS.MRG.3IMERG.20160701-S120000-E122959.0720.V07B.HDF5,2016-07-01T12:00:00,2026-09-14T18:31:54.934900+00:00,DIRECT,cloudburst-induced flood,True,DATE_ONLY,0.0,0.26999998092651367,4.264999896287918,4.264999896287918,4.264999896287918,4.264999896287918,,,7.429999828338623,4.264999896287918,-3.7249999344348907,0.3797824280164826,
FL-UK-2016-01,2016-07-01,2016-07-01T16:00:00,29.94999885559082,80.1500015258789,0.75,0.375,GPM_3IMERGHH_07,V07B,3B-HHR.MS.MRG.3IMERG.20160701-S160000-E162959.0960.V07B.HDF5,2016-07-01T16:00:00,2026-09-14T18:31:54.934900+00:00,DIRECT,cloudburst-induced flood,True,DATE_ONLY,0.375,0.375,4.639999896287918,4.639999896287918,4.639999896287918,4.639999896287918,,,7.429999828338623,4.639999896287918,-0.17499998211860657,0.4848511076767913,
FL-UK-2016-01,2016-07-01,2016-07-01T20:00:00,29.94999885559082,80.1500015258789,5.940000057220459,2.9700000286102295,GPM_3IMERGHH_07,V07B,3B-HHR.MS.MRG.3IMERG.20160701-S200000-E202959.1200.V07B.HDF5,2016-07-01T20:00:00,2026-09-14T18:31:54.934900+00:00,DIRECT,cloudburst-induced flood,True,DATE_ONLY,2.9700000286102295,3.3450000286102295,7.609999924898148,7.609999924898148,7.609999924898148,7.609999924898148,,,7.429999828338623,7.609999924898148,3.075000047683716,2.6371114458404508,
FL-UK-2016-01,2016-07-01,2016-07-01T00:00:00,29.94999885559082,80.25,6.929999828338623,3.4649999141693115,GPM_3IMERGHH_07,V07B,3B-HHR.MS.MRG.3IMERG.20160701-S000000-E002959.0000.V07B.HDF5,2016-07-01T00:00:00,2026-09-14T18:31:54.934900+00:00,DIRECT,cloudburst-induced flood,True,DATE_ONLY,3.4649999141693115,3.4649999141693115,3.4649999141693115,3.4649999141693115,3.4649999141693115,3.4649999141693115,,,6.929999828338623,3.4649999141693115,,5.998961218810838,
FL-UK-2016-01,2016-07-01,2016-07-01T04:00:00,29.94999885559082,80.25,0.5399999618530273,0.26999998092651367,GPM_3IMERGHH_07,V07B,3B-HHR.MS.MRG.3IMERG.20160701-S040000-E042959.0240.V07B.HDF5,2016-07-01T04:00:00,2026-09-14T18:31:54.934900+00:00,DIRECT,cloudburst-induced flood,True,DATE_ONLY,0.26999998092651367,3.734999895095825,3.734999895095825,3.734999895095825,3.734999895095825,3.734999895095825,,,6.929999828338623,3.734999895095825,,5.999036299362594,
FL-UK-2016-01,2016-07-01,2016-07-01T08:00:00,29.94999885559082,80.25,0.5,0.25,GPM_3IMERGHH_07,V07B,3B-HHR.MS.MRG.3IMERG.20160701-S080000-E082959.0480.V07B.HDF5,2016-07-01T08:00:00,2026-09-14T18:31:54.934900+00:00,DIRECT,cloudburst-induced flood,True,DATE_ONLY,0.25,0.5199999809265137,3.984999895095825,3.984999895095825,3.984999895095825,3.984999895095825,,,6.929999828338623,3.984999895095825,-2.944999933242798,0.7828181372139634,
FL-UK-2016-01,2016-07-01,2016-07-01T12:00:00,29.94999885559082,80.25,0.0,0.0,GPM_3IMERGHH_07,V07B,3B-HHR.MS.MRG.3IMERG.20160701-S120000-E122959.0720.V07B.HDF5,2016-07-01T12:00:00,2026-09-14T18:31:54.934900+00:00,DIRECT,cloudburst-induced flood,True,DATE_ONLY,0.0,0.25,3.984999895095825,3.984999895095825,3.984999895095825,3.984999895095825,,,6.929999828338623,3.984999895095825,-3.484999895095825,0.3763548874651743,
FL-UK-2016-01,2016-07-01,2016-07-01T16:00:00,29.94999885559082,80.25,1.4399999380111694,0.7199999690055847,GPM_3IMERGHH_07,V07B,3B-HHR.MS.MRG.3IMERG.20160701-S160000-E162959.0960.V07B.HDF5,2016-07-01T16:00:00,2026-09-14T18:31:54.934900+00:00,DIRECT,cloudburst-induced flood,True,DATE_ONLY,0.7199999690055847,0.7199999690055847,4.70499986410141,4.70499986410141,4.70499986410141,4.70499986410141,,,6.929999828338623,4.70499986410141,0.19999998807907104,0.9180550702983463,
FL-UK-2016-01,2016-07-01,2016-07-01T20:00:00,29.94999885559082,80.25,12.960000038146973,6.480000019073486,GPM_3IMERGHH_07,V07B,3B-HHR.MS.MRG.3IMERG.20160701-S200000-E202959.1200.V07B.HDF5,2016-07-01T20:00:00,2026-09-14T18:31:54.934900+00:00,DIRECT,cloudburst-induced flood,True,DATE_ONLY,6.480000019073486,7.199999988079071,11.184999883174896,11.184999883174896,11.184999883174896,11.184999883174896,,,12.960000038146973,11.184999883174896,6.949999988079071,3.8621084590603676,
FL-UK-2016-01,2016-07-01,2016-07-01T00:00:00,29.94999885559082,80.3499984741211,6.619999885559082,3.309999942779541,GPM_3IMERGHH_07,V07B,3B-HHR.MS.MRG.3IMERG.20160701-S000000-E002959.0000.V07B.HDF5,2016-07-01T00:00:00,2026-09-14T18:31:54.934900+00:00,DIRECT,cloudburst-induced flood,True,DATE_ONLY,3.309999942779541,3.309999942779541,3.309999942779541,3.309999942779541,3.309999942779541,3.309999942779541,,,6.619999885559082,3.309999942779541,,5.998912583802869,
FL-UK-2016-01,2016-07-01,2016-07-01T04:00:00,29.94999885559082,80.3499984741211,0.5699999928474426,0.2849999964237213,GPM_3IMERGHH_07,V07B,3B-HHR.MS.MRG.3IMERG.20160701-S040000-E042959.0240.V07B.HDF5,2016-07-01T04:00:00,2026-09-14T18:31:54.934900+00:00,DIRECT,cloudburst-induced flood,True,DATE_ONLY,0.2849999964237213,3.5949999392032623,3.5949999392032623,3.5949999392032623,3.5949999392032623,3.5949999392032623,,,6.619999885559082,3.5949999392032623,,5.998998776265194,
FL-UK-2016-01,2016-07-01,2016-07-01T08:00:00,29.94999885559082,80.3499984741211,2.6599998474121094,1.3299999237060547,GPM_3IMERGHH_07,V07B,3B-HHR.MS.MRG.3IMERG.20160701-S080000-E082959.0480.V07B.HDF5,2016-07-01T08:00:00,2026-09-14T18:31:54.934900+00:00,DIRECT,cloudburst-induced flood,True,DATE_ONLY,1.3299999237060547,1.614999920129776,4.924999862909317,4.924999862909317,4.924999862909317,4.924999862909317,,,6.619999885559082,4.924999862909317,-1.695000022649765,1.9672729800376507,
FL-UK-2016-01,2016-07-01,2016-07-01T12:00:00,29.94999885559082,80.3499984741211,0.0,0.0,GPM_3IMERGHH_07,V07B,3B-HHR.MS.MRG.3IMERG.20160701-S120000-E122959.0720.V07B.HDF5,2016-07-01T12:00:00,2026-09-14T18:31:54.934900+00:00,DIRECT,cloudburst-induced flood,True,DATE_ONLY,0.0,1.3299999237060547,4.924999862909317,4.924999862909317,4.924999862909317,4.924999862909317,,,6.619999885559082,4.924999862909317,-2.2650000154972076,1.6201071472181914,
FL-UK-2016-01,2016-07-01,2016-07-01T16:00:00,29.94999885559082,80.3499984741211,0.0,0.0,GPM_3IMERGHH_07,V07B,3B-HHR.MS.MRG.3IMERG.20160701-S160000-E162959.0960.V07B.HDF5,2016-07-01T16:00:00,2026-09-14T18:31:54.934900+00:00,DIRECT,cloudburst-induced flood,True,DATE_ONLY,0.0,0.0,4.924999862909317,4.924999862909317,4.924999862909317,4.924999862909317,,,6.619999885559082,4.924999862909317,-1.614999920129776,0.0,
FL-UK-2016-01,2016-07-01,2016-07-01T20:00:00,29.94999885559082,80.3499984741211,8.069999694824219,4.034999847412109,GPM_3IMERGHH_07,V07B,3B-HHR.MS.MRG.3IMERG.20160701-S200000-E202959.1200.V07B.HDF5,2016-07-01T20:00:00,2026-09-14T18:31:54.934900+00:00,DIRECT,cloudburst-induced flood,True,DATE_ONLY,4.034999847412109,4.034999847412109,8.959999710321426,8.959999710321426,8.959999710321426,8.959999710321426,,,8.069999694824219,8.959999710321426,2.7049999237060547,2.701827987761348,
FL-UK-2019-01,2019-08-18,2019-08-18T00:00:00,30.94999885559082,77.75,38.209999084472656,19.104999542236328,GPM_3IMERGHH_07,V07B,3B-HHR.MS.MRG.3IMERG.20190818-S000000-E002959.0000.V07B.HDF5,2019-08-18T00:00:00,2026-09-14T18:31:54.934900+00:00,DERIVED,cloudburst-induced flood,True,DATE_ONLY,19.104999542236328,19.104999542236328,19.104999542236328,19.104999542236328,19.104999542236328,19.104999542236328,,,38.209999084472656,19.104999542236328,,5.999811573565538,
FL-UK-2019-01,2019-08-18,2019-08-18T04:00:00,30.94999885559082,77.75,0.0,0.0,GPM_3IMERGHH_07,V07B,3B-HHR.MS.MRG.3IMERG.20190818-S040000-E042959.0240.V07B.HDF5,2019-08-18T04:00:00,2026-09-14T18:31:54.934900+00:00,DERIVED,cloudburst-induced flood,True,DATE_ONLY,0.0,19.104999542236328,19.104999542236328,19.104999542236328,19.104999542236328,19.104999542236328,,,38.209999084472656,19.104999542236328,,5.999811573565538,
FL-UK-2019-01,2019-08-18,2019-08-18T08:00:00,30.94999885559082,77.75,1.4900000095367432,0.7450000047683716,GPM_3IMERGHH_07,V07B,3B-HHR.MS.MRG.3IMERG.20190818-S080000-E082959.0480.V07B.HDF5,2019-08-18T08:00:00,2026-09-14T18:31:54.934900+00:00,DERIVED,cloudburst-induced flood,True,DATE_ONLY,0.7450000047683716,0.7450000047683716,19.8499995470047,19.8499995470047,19.8499995470047,19.8499995470047,,,38.209999084472656,19.8499995470047,-18.359999537467957,0.22518211694440823,
FL-UK-2019-01,2019-08-18,2019-08-18T12:00:00,30.94999885559082,77.75,0.0,0.0,GPM_3IMERGHH_07,V07B,3B-HHR.MS.MRG.3IMERG.20190818-S120000-E122959.0720.V07B.HDF5,2019-08-18T12:00:00,2026-09-14T18:31:54.934900+00:00,DERIVED,cloudburst-induced flood,True,DATE_ONLY,0.0,0.7450000047683716,19.8499995470047,19.8499995470047,19.8499995470047,19.8499995470047,,,38.209999084472656,19.8499995470047,-18.359999537467957,0.22518211694440823,
FL-UK-2019-01,2019-08-18,2019-08-18T16:00:00,30.94999885559082,77.75,0.0,0.0,GPM_3IMERGHH_07,V07B,3B-HHR.MS.MRG.3IMERG.20190818-S160000-E162959.0960.V07B.HDF5,2019-08-18T16:00:00,2026-09-14T18:31:54.934900+00:00,DERIVED,cloudburst-induced flood,True,DATE_ONLY,0.0,0.0,19.8499995470047,19.8499995470047,19.8499995470047,19.8499995470047,,,38.209999084472656,19.8499995470047,-0.7450000047683716,0.0,
FL-UK-2019-01,2019-08-18,2019-08-18T20:00:00,30.94999885559082,77.75,0.0,0.0,GPM_3IMERGHH_07,V07B,3B-HHR.MS.MRG.3IMERG.20190818-S200000-E202959.1200.V07B.HDF5,2019-08-18T20:00:00,2026-09-14T18:31:54.934900+00:00,DERIVED,cloudburst-induced flood,True,DATE_ONLY,0.0,0.0,19.8499995470047,19.8499995470047,19.8499995470047,19.8499995470047,,,38.209999084472656,19.8499995470047,-0.7450000047683716,0.0,
FL-UK-2019-01,2019-08-18,2019-08-18T00:00:00,30.94999885559082,77.8499984741211,4.679999828338623,2.3399999141693115,GPM_3IMERGHH_07,V07B,3B-HHR.MS.MRG.3IMERG.20190818-S000000-E002959.0000.V07B.HDF5,2019-08-18T00:00:00,2026-09-14T18:31:54.934900+00:00,DERIVED,cloudburst-induced flood,True,DATE_ONLY,2.3399999141693115,2.3399999141693115,2.3399999141693115,2.3399999141693115,2.3399999141693115,2.3399999141693115,,,4.679999828338623,2.3399999141693115,,5.998461932781333,
FL-UK-2019-01,2019-08-18,2019-08-18T04:00:00,30.94999885559082,77.8499984741211,0.0,0.0,GPM_3IMERGHH_07,V07B,3B-HHR.MS.MRG.3IMERG.20190818-S040000-E042959.0240.V07B.HDF5,2019-08-18T04:00:00,2026-09-14T18:31:54.934900+00:00,DERIVED,cloudburst-induced flood,True,DATE_ONLY,0.0,2.3399999141693115,2.3399999141693115,2.3399999141693115,2.3399999141693115,2.3399999141693115,,,4.679999828338623,2.3399999141693115,,5.998461932781333,
FL-UK-2019-01,2019-08-18,2019-08-18T08:00:00,30.94999885559082,77.8499984741211,1.5899999141693115,0.7949999570846558,GPM_3IMERGHH_07,V07B,3B-HHR.MS.MRG.3IMERG.20190818-S080000-E082959.0480.V07B.HDF5,2019-08-18T08:00:00,2026-09-14T18:31:54.934900+00:00,DERIVED,cloudburst-induced flood,True,DATE_ONLY,0.7949999570846558,0.7949999570846558,3.1349998712539673,3.1349998712539673,3.1349998712539673,3.1349998712539673,,,4.679999828338623,3.1349998712539673,-1.5449999570846558,1.5212399344181469,
FL-UK-2019-01,2019-08-18,2019-08-18T12:00:00,30.94999885559082,77.8499984741211,0.0,0.0,GPM_3IMERGHH_07,V07B,3B-HHR.MS.MRG.3IMERG.20190818-S120000-E122959.0720.V07B.HDF5,2019-08-18T12:00:00,2026-09-14T18:31:54.934900+00:00,DERIVED,cloudburst-induced flood,True,DATE_ONLY,0.0,0.7949999570846558,3.1349998712539673,3.1349998712539673,3.1349998712539673,3.1349998712539673,,,4.679999828338623,3.1349998712539673,-1.5449999570846558,1.5212399344181469,
FL-UK-2019-01,2019-08-18,2019-08-18T16:00:00,30.94999885559082,77.8499984741211,0.0,0.0,GPM_3IMERGHH_07,V07B,3B-HHR.MS.MRG.3IMERG.20190818-S160000-E162959.0960.V07B.HDF5,2019-08-18T16:00:00,2026-09-14T18:31:54.934900+00:00,DERIVED,cloudburst-induced flood,True,DATE_ONLY,0.0,0.0,3.1349998712539673,3.1349998712539673,3.1349998712539673,3.1349998712539673,,,4.679999828338623,3.1349998712539673,-0.7949999570846558,0.0,
FL-UK-2019-01,2019-08-18,2019-08-18T20:00:00,30.94999885559082,77.8499984741211,0.0,0.0,GPM_3IMERGHH_07,V07B,3B-HHR.MS.MRG.3IMERG.20190818-S200000-E202959.1200.V07B.HDF5,2019-08-18T20:00:00,2026-09-14T18:31:54.934900+00:00,DERIVED,cloudburst-induced flood,True,DATE_ONLY,0.0,0.0,3.1349998712539673,3.1349998712539673,3.1349998712539673,3.1349998712539673,,,4.679999828338623,3.1349998712539673,-0.7949999570846558,0.0,
FL-UK-2019-01,2019-08-18,2019-08-18T00:00:00,30.94999885559082,77.94999694824219,4.210000038146973,2.1050000190734863,GPM_3IMERGHH_07,V07B,3B-HHR.MS.MRG.3IMERG.20190818-S000000-E002959.0000.V07B.HDF5,2019-08-18T00:00:00,2026-09-14T18:31:54.934900+00:00,DERIVED,cloudburst-induced flood,True,DATE_ONLY,2.1050000190734863,2.1050000190734863,2.1050000190734863,2.1050000190734863,2.1050000190734863,2.1050000190734863,,,4.210000038146973,2.1050000190734863,,5.998290273571718,
FL-UK-2019-01,2019-08-18,2019-08-18T04:00:00,30.94999885559082,77.94999694824219,0.0,0.0,GPM_3IMERGHH_07,V07B,3B-HHR.MS.MRG.3IMERG.20190818-S040000-E042959.0240.V07B.HDF5,2019-08-18T04:00:00,2026-09-14T18:31:54.934900+00:00,DERIVED,cloudburst-induced flood,True,DATE_ONLY,0.0,2.1050000190734863,2.1050000190734863,2.1050000190734863,2.1050000190734863,2.1050000190734863,,,4.210000038146973,2.1050000190734863,,5.998290273571718,
FL-UK-2019-01,2019-08-18,2019-08-18T08:00:00,30.94999885559082,77.94999694824219,1.2599999904632568,0.6299999952316284,GPM_3IMERGHH_07,V07B,3B-HHR.MS.MRG.3IMERG.20190818-S080000-E082959.0480.V07B.HDF5,2019-08-18T08:00:00,2026-09-14T18:31:54.934900+00:00,DERIVED,cloudburst-induced flood,True,DATE_ONLY,0.6299999952316284,0.6299999952316284,2.7350000143051147,2.7350000143051147,2.7350000143051147,2.7350000143051147,,,4.210000038146973,2.7350000143051147,-1.475000023841858,1.381780944444815,
FL-UK-2019-01,2019-08-18,2019-08-18T12:00:00,30.94999885559082,77.94999694824219,0.0,0.0,GPM_3IMERGHH_07,V07B,3B-HHR.MS.MRG.3IMERG.20190818-S120000-E122959.0720.V07B.HDF5,2019-08-18T12:00:00,2026-09-14T18:31:54.934900+00:00,DERIVED,cloudburst-induced flood,True,DATE_ONLY,0.0,0.6299999952316284,2.7350000143051147,2.7350000143051147,2.7350000143051147,2.7350000143051147,,,4.210000038146973,2.7350000143051147,-1.475000023841858,1.381780944444815,
FL-UK-2019-01,2019-08-18,2019-08-18T16:00:00,30.94999885559082,77.94999694824219,0.0,0.0,GPM_3IMERGHH_07,V07B,3B-HHR.MS.MRG.3IMERG.20190818-S160000-E162959.0960.V07B.HDF5,2019-08-18T16:00:00,2026-09-14T18:31:54.934900+00:00,DERIVED,cloudburst-induced flood,True,DATE_ONLY,0.0,0.0,2.7350000143051147,2.7350000143051147,2.7350000143051147,2.7350000143051147,,,4.210000038146973,2.7350000143051147,-0.6299999952316284,0.0,
FL-UK-2019-01,2019-08-18,2019-08-18T20:00:00,30.94999885559082,77.94999694824219,0.0,0.0,GPM_3IMERGHH_07,V07B,3B-HHR.MS.MRG.3IMERG.20190818-S200000-E202959.1200.V07B.HDF5,2019-08-18T20:00:00,2026-09-14T18:31:54.934900+00:00,DERIVED,cloudburst-induced flood,True,DATE_ONLY,0.0,0.0,2.7350000143051147,2.7350000143051147,2.7350000143051147,2.7350000143051147,,,4.210000038146973,2.7350000143051147,-0.6299999952316284,0.0,
FL-UK-2019-01,2019-08-18,2019-08-18T00:00:00,31.049999237060547,77.75,19.149999618530273,9.574999809265137,GPM_3IMERGHH_07,V07B,3B-HHR.MS.MRG.3IMERG.20190818-S000000-E002959.0000.V07B.HDF5,2019-08-18T00:00:00,2026-09-14T18:31:54.934900+00:00,DERIVED,cloudburst-induced flood,True,DATE_ONLY,9.574999809265137,9.574999809265137,9.574999809265137,9.574999809265137,9.574999809265137,9.574999809265137,,,19.149999618530273,9.574999809265137,,5.9996240444388125,
FL-UK-2019-01,2019-08-18,2019-08-18T04:00:00,31.049999237060547,77.75,0.0,0.0,GPM_3IMERGHH_07,V07B,3B-HHR.MS.MRG.3IMERG.20190818-S040000-E042959.0240.V07B.HDF5,2019-08-18T04:00:00,2026-09-14T18:31:54.934900+00:00,DERIVED,cloudburst-induced flood,True,DATE_ONLY,0.0,9.574999809265137,9.574999809265137,9.574999809265137,9.574999809265137,9.574999809265137,,,19.149999618530273,9.574999809265137,,5.9996240444388125,
FL-UK-2019-01,2019-08-18,2019-08-18T08:00:00,31.049999237060547,77.75,2.799999952316284,1.399999976158142,GPM_3IMERGHH_07,V07B,3B-HHR.MS.MRG.3IMERG.20190818-S080000-E082959.0480.V07B.HDF5,2019-08-18T08:00:00,2026-09-14T18:31:54.934900+00:00,DERIVED,cloudburst-induced flood,True,DATE_ONLY,1.399999976158142,1.399999976158142,10.974999785423279,10.974999785423279,10.974999785423279,10.974999785423279,,,19.149999618530273,10.974999785423279,-8.174999833106995,0.7653340155592147,
FL-UK-2019-01,2019-08-18,2019-08-18T12:00:00,31.049999237060547,77.75,0.0,0.0,GPM_3IMERGHH_07,V07B,3B-HHR.MS.MRG.3IMERG.20190818-S120000-E122959.0720.V07B.HDF5,2019-08-18T12:00:00,2026-09-14T18:31:54.934900+00:00,DERIVED,cloudburst-induced flood,True,DATE_ONLY,0.0,1.399999976158142,10.974999785423279,10.974999785423279,10.974999785423279,10.974999785423279,,,19.149999618530273,10.974999785423279,-8.174999833106995,0.7653340155592147,
FL-UK-2019-01,2019-08-18,2019-08-18T16:00:00,31.049999237060547,77.75,0.0,0.0,GPM_3IMERGHH_07,V07B,3B-HHR.MS.MRG.3IMERG.20190818-S160000-E162959.0960.V07B.HDF5,2019-08-18T16:00:00,2026-09-14T18:31:54.934900+00:00,DERIVED,cloudburst-induced flood,True,DATE_ONLY,0.0,0.0,10.974999785423279,10.974999785423279,10.974999785423279,10.974999785423279,,,19.149999618530273,10.974999785423279,-1.399999976158142,0.0,
FL-UK-2019-01,2019-08-18,2019-08-18T20:00:00,31.049999237060547,77.75,0.0,0.0,GPM_3IMERGHH_07,V07B,3B-HHR.MS.MRG.3IMERG.20190818-S200000-E202959.1200.V07B.HDF5,2019-08-18T20:00:00,2026-09-14T18:31:54.934900+00:00,DERIVED,cloudburst-induced flood,True,DATE_ONLY,0.0,0.0,10.974999785423279,10.974999785423279,10.974999785423279,10.974999785423279,,,19.149999618530273,10.974999785423279,-1.399999976158142,0.0,
FL-UK-2019-01,2019-08-18,2019-08-18T00:00:00,31.049999237060547,77.8499984741211,19.53999900817871,9.769999504089355,GPM_3IMERGHH_07,V07B,3B-HHR.MS.MRG.3IMERG.20190818-S000000-E002959.0000.V07B.HDF5,2019-08-18T00:00:00,2026-09-14T18:31:54.934900+00:00,DERIVED,cloudburst-induced flood,True,DATE_ONLY,9.769999504089355,9.769999504089355,9.769999504089355,9.769999504089355,9.769999504089355,9.769999504089355,,,19.53999900817871,9.769999504089355,,5.999631547685636,
FL-UK-2019-01,2019-08-18,2019-08-18T04:00:00,31.049999237060547,77.8499984741211,0.0,0.0,GPM_3IMERGHH_07,V07B,3B-HHR.MS.MRG.3IMERG.20190818-S040000-E042959.0240.V07B.HDF5,2019-08-18T04:00:00,2026-09-14T18:31:54.934900+00:00,DERIVED,cloudburst-induced flood,True,DATE_ONLY,0.0,9.769999504089355,9.769999504089355,9.769999504089355,9.769999504089355,9.769999504089355,,,19.53999900817871,9.769999504089355,,5.999631547685636,
FL-UK-2019-01,2019-08-18,2019-08-18T08:00:00,31.049999237060547,77.8499984741211,2.0799999237060547,1.0399999618530273,GPM_3IMERGHH_07,V07B,3B-HHR.MS.MRG.3IMERG.20190818-S080000-E082959.0480.V07B.HDF5,2019-08-18T08:00:00,2026-09-14T18:31:54.934900+00:00,DERIVED,cloudburst-induced flood,True,DATE_ONLY,1.0399999618530273,1.0399999618530273,10.809999465942383,10.809999465942383,10.809999465942383,10.809999465942383,,,19.53999900817871,10.809999465942383,-8.729999542236328,0.5772112629624846,
FL-UK-2019-01,2019-08-18,2019-08-18T12:00:00,31.049999237060547,77.8499984741211,0.0,0.0,GPM_3IMERGHH_07,V07B,3B-HHR.MS.MRG.3IMERG.20190818-S120000-E122959.0720.V07B.HDF5,2019-08-18T12:00:00,2026-09-14T18:31:54.934900+00:00,DERIVED,cloudburst-induced flood,True,DATE_ONLY,0.0,1.0399999618530273,10.809999465942383,10.809999465942383,10.809999465942383,10.809999465942383,,,19.53999900817871,10.809999465942383,-8.729999542236328,0.5772112629624846,
FL-UK-2019-01,2019-08-18,2019-08-18T16:00:00,31.049999237060547,77.8499984741211,0.0,0.0,GPM_3IMERGHH_07,V07B,3B-HHR.MS.MRG.3IMERG.20190818-S160000-E162959.0960.V07B.HDF5,2019-08-18T16:00:00,2026-09-14T18:31:54.934900+00:00,DERIVED,cloudburst-induced flood,True,DATE_ONLY,0.0,0.0,10.809999465942383,10.809999465942383,10.809999465942383,10.809999465942383,,,19.53999900817871,10.809999465942383,-1.0399999618530273,0.0,
FL-UK-2019-01,2019-08-18,2019-08-18T20:00:00,31.049999237060547,77.8499984741211,0.0,0.0,GPM_3IMERGHH_07,V07B,3B-HHR.MS.MRG.3IMERG.20190818-S200000-E202959.1200.V07B.HDF5,2019-08-18T20:00:00,2026-09-14T18:31:54.934900+00:00,DERIVED,cloudburst-induced flood,True,DATE_ONLY,0.0,0.0,10.809999465942383,10.809999465942383,10.809999465942383,10.809999465942383,,,19.53999900817871,10.809999465942383,-1.0399999618530273,0.0,
FL-UK-2019-01,2019-08-18,2019-08-18T00:00:00,31.049999237060547,77.94999694824219,2.2899999618530273,1.1449999809265137,GPM_3IMERGHH_07,V07B,3B-HHR.MS.MRG.3IMERG.20190818-S000000-E002959.0000.V07B.HDF5,2019-08-18T00:00:00,2026-09-14T18:31:54.934900+00:00,DERIVED,cloudburst-induced flood,True,DATE_ONLY,1.1449999809265137,1.1449999809265137,1.1449999809265137,1.1449999809265137,1.1449999809265137,1.1449999809265137,,,2.2899999618530273,1.1449999809265137,,5.996857541847122,
FL-UK-2019-01,2019-08-18,2019-08-18T04:00:00,31.049999237060547,77.94999694824219,0.0,0.0,GPM_3IMERGHH_07,V07B,3B-HHR.MS.MRG.3IMERG.20190818-S040000-E042959.0240.V07B.HDF5,2019-08-18T04:00:00,2026-09-14T18:31:54.934900+00:00,DERIVED,cloudburst-induced flood,True,DATE_ONLY,0.0,1.1449999809265137,1.1449999809265137,1.1449999809265137,1.1449999809265137,1.1449999809265137,,,2.2899999618530273,1.1449999809265137,,5.996857541847122,
FL-UK-2019-01,2019-08-18,2019-08-18T08:00:00,31.049999237060547,77.94999694824219,3.129999876022339,1.5649999380111694,GPM_3IMERGHH_07,V07B,3B-HHR.MS.MRG.3IMERG.20190818-S080000-E082959.0480.V07B.HDF5,2019-08-18T08:00:00,2026-09-14T18:31:54.934900+00:00,DERIVED,cloudburst-induced flood,True,DATE_ONLY,1.5649999380111694,1.5649999380111694,2.709999918937683,2.709999918937683,2.709999918937683,2.709999918937683,,,3.129999876022339,2.709999918937683,0.41999995708465576,3.4641776392242614,
FL-UK-2019-01,2019-08-18,2019-08-18T12:00:00,31.049999237060547,77.94999694824219,0.0,0.0,GPM_3IMERGHH_07,V07B,3B-HHR.MS.MRG.3IMERG.20190818-S120000-E122959.0720.V07B.HDF5,2019-08-18T12:00:00,2026-09-14T18:31:54.934900+00:00,DERIVED,cloudburst-induced flood,True,DATE_ONLY,0.0,1.5649999380111694,2.709999918937683,2.709999918937683,2.709999918937683,2.709999918937683,,,3.129999876022339,2.709999918937683,0.41999995708465576,3.4641776392242614,
FL-UK-2019-01,2019-08-18,2019-08-18T16:00:00,31.049999237060547,77.94999694824219,0.0,0.0,GPM_3IMERGHH_07,V07B,3B-HHR.MS.MRG.3IMERG.20190818-S160000-E162959.0960.V07B.HDF5,2019-08-18T16:00:00,2026-09-14T18:31:54.934900+00:00,DERIVED,cloudburst-induced flood,True,DATE_ONLY,0.0,0.0,2.709999918937683,2.709999918937683,2.709999918937683,2.709999918937683,,,3.129999876022339,2.709999918937683,-1.5649999380111694,0.0,
FL-UK-2019-01,2019-08-18,2019-08-18T20:00:00,31.049999237060547,77.94999694824219,0.0,0.0,GPM_3IMERGHH_07,V07B,3B-HHR.MS.MRG.3IMERG.20190818-S200000-E202959.1200.V07B.HDF5,2019-08-18T20:00:00,2026-09-14T18:31:54.934900+00:00,DERIVED,cloudburst-induced flood,True,DATE_ONLY,0.0,0.0,2.709999918937683,2.709999918937683,2.709999918937683,2.709999918937683,,,3.129999876022339,2.709999918937683,-1.5649999380111694,0.0,
FL-UK-2019-01,2019-08-18,2019-08-18T00:00:00,31.149999618530273,77.75,20.059999465942383,10.029999732971191,GPM_3IMERGHH_07,V07B,3B-HHR.MS.MRG.3IMERG.20190818-S000000-E002959.0000.V07B.HDF5,2019-08-18T00:00:00,2026-09-14T18:31:54.934900+00:00,DERIVED,cloudburst-induced flood,True,DATE_ONLY,10.029999732971191,10.029999732971191,10.029999732971191,10.029999732971191,10.029999732971191,10.029999732971191,,,20.059999465942383,10.029999732971191,,5.999641098229833,
FL-UK-2019-01,2019-08-18,2019-08-18T04:00:00,31.149999618530273,77.75,0.0,0.0,GPM_3IMERGHH_07,V07B,3B-HHR.MS.MRG.3IMERG.20190818-S040000-E042959.0240.V07B.HDF5,2019-08-18T04:00:00,2026-09-14T18:31:54.934900+00:00,DERIVED,cloudburst-induced flood,True,DATE_ONLY,0.0,10.029999732971191,10.029999732971191,10.029999732971191,10.029999732971191,10.029999732971191,,,20.059999465942383,10.029999732971191,,5.999641098229833,
FL-UK-2019-01,2019-08-18,2019-08-18T08:00:00,31.149999618530273,77.75,1.4800000190734863,0.7400000095367432,GPM_3IMERGHH_07,V07B,3B-HHR.MS.MRG.3IMERG.20190818-S080000-E082959.0480.V07B.HDF5,2019-08-18T08:00:00,2026-09-14T18:31:54.934900+00:00,DERIVED,cloudburst-induced flood,True,DATE_ONLY,0.7400000095367432,0.7400000095367432,10.769999742507935,10.769999742507935,10.769999742507935,10.769999742507935,,,20.059999465942383,10.769999742507935,-9.289999723434448,0.4122333169338075,
FL-UK-2019-01,2019-08-18,2019-08-18T12:00:00,31.149999618530273,77.75,0.0,0.0,GPM_3IMERGHH_07,V07B,3B-HHR.MS.MRG.3IMERG.20190818-S120000-E122959.0720.V07B.HDF5,2019-08-18T12:00:00,2026-09-14T18:31:54.934900+00:00,DERIVED,cloudburst-induced flood,True,DATE_ONLY,0.0,0.7400000095367432,10.769999742507935,10.769999742507935,10.769999742507935,10.769999742507935,,,20.059999465942383,10.769999742507935,-9.289999723434448,0.4122333169338075,
FL-UK-2019-01,2019-08-18,2019-08-18T16:00:00,31.149999618530273,77.75,0.0,0.0,GPM_3IMERGHH_07,V07B,3B-HHR.MS.MRG.3IMERG.20190818-S160000-E162959.0960.V07B.HDF5,2019-08-18T16:00:00,2026-09-14T18:31:54.934900+00:00,DERIVED,cloudburst-induced flood,True,DATE_ONLY,0.0,0.0,10.769999742507935,10.769999742507935,10.769999742507935,10.769999742507935,,,20.059999465942383,10.769999742507935,-0.7400000095367432,0.0,
FL-UK-2019-01,2019-08-18,2019-08-18T20:00:00,31.149999618530273,77.75,0.0,0.0,GPM_3IMERGHH_07,V07B,3B-HHR.MS.MRG.3IMERG.20190818-S200000-E202959.1200.V07B.HDF5,2019-08-18T20:00:00,2026-09-14T18:31:54.934900+00:00,DERIVED,cloudburst-induced flood,True,DATE_ONLY,0.0,0.0,10.769999742507935,10.769999742507935,10.769999742507935,10.769999742507935,,,20.059999465942383,10.769999742507935,-0.7400000095367432,0.0,
FL-UK-2019-01,2019-08-18,2019-08-18T00:00:00,31.149999618530273,77.8499984741211,0.9799999594688416,0.4899999797344208,GPM_3IMERGHH_07,V07B,3B-HHR.MS.MRG.3IMERG.20190818-S000000-E002959.0000.V07B.HDF5,2019-08-18T00:00:00,2026-09-14T18:31:54.934900+00:00,DERIVED,cloudburst-induced flood,True,DATE_ONLY,0.4899999797344208,0.4899999797344208,0.4899999797344208,0.4899999797344208,0.4899999797344208,0.4899999797344208,,,0.9799999594688416,0.4899999797344208,,5.992662046170591,
FL-UK-2019-01,2019-08-18,2019-08-18T04:00:00,31.149999618530273,77.8499984741211,0.0,0.0,GPM_3IMERGHH_07,V07B,3B-HHR.MS.MRG.3IMERG.20190818-S040000-E042959.0240.V07B.HDF5,2019-08-18T04:00:00,2026-09-14T18:31:54.934900+00:00,DERIVED,cloudburst-induced flood,True,DATE_ONLY,0.0,0.4899999797344208,0.4899999797344208,0.4899999797344208,0.4899999797344208,0.4899999797344208,,,0.9799999594688416,0.4899999797344208,,5.992662046170591,
FL-UK-2019-01,2019-08-18,2019-08-18T08:00:00,31.149999618530273,77.8499984741211,2.5,1.25,GPM_3IMERGHH_07,V07B,3B-HHR.MS.MRG.3IMERG.20190818-S080000-E082959.0480.V07B.HDF5,2019-08-18T08:00:00,2026-09-14T18:31:54.934900+00:00,DERIVED,cloudburst-induced flood,True,DATE_ONLY,1.25,1.25,1.7399999797344208,1.7399999797344208,1.7399999797344208,1.7399999797344208,,,2.5,1.7399999797344208,0.7600000202655792,4.3088590643005436,
FL-UK-2019-01,2019-08-18,2019-08-18T12:00:00,31.149999618530273,77.8499984741211,0.0,0.0,GPM_3IMERGHH_07,V07B,3B-HHR.MS.MRG.3IMERG.20190818-S120000-E122959.0720.V07B.HDF5,2019-08-18T12:00:00,2026-09-14T18:31:54.934900+00:00,DERIVED,cloudburst-induced flood,True,DATE_ONLY,0.0,1.25,1.7399999797344208,1.7399999797344208,1.7399999797344208,1.7399999797344208,,,2.5,1.7399999797344208,0.7600000202655792,4.3088590643005436,
FL-UK-2019-01,2019-08-18,2019-08-18T16:00:00,31.149999618530273,77.8499984741211,0.0,0.0,GPM_3IMERGHH_07,V07B,3B-HHR.MS.MRG.3IMERG.20190818-S160000-E162959.0960.V07B.HDF5,2019-08-18T16:00:00,2026-09-14T18:31:54.934900+00:00,DERIVED,cloudburst-induced flood,True,DATE_ONLY,0.0,0.0,1.7399999797344208,1.7399999797344208,1.7399999797344208,1.7399999797344208,,,2.5,1.7399999797344208,-1.25,0.0,
FL-UK-2019-01,2019-08-18,2019-08-18T20:00:00,31.149999618530273,77.8499984741211,0.0,0.0,GPM_3IMERGHH_07,V07B,3B-HHR.MS.MRG.3IMERG.20190818-S200000-E202959.1200.V07B.HDF5,2019-08-18T20:00:00,2026-09-14T18:31:54.934900+00:00,DERIVED,cloudburst-induced flood,True,DATE_ONLY,0.0,0.0,1.7399999797344208,1.7399999797344208,1.7399999797344208,1.7399999797344208,,,2.5,1.7399999797344208,-1.25,0.0,
FL-UK-2019-01,2019-08-18,2019-08-18T00:00:00,31.149999618530273,77.94999694824219,7.710000038146973,3.8550000190734863,GPM_3IMERGHH_07,V07B,3B-HHR.MS.MRG.3IMERG.20190818-S000000-E002959.0000.V07B.HDF5,2019-08-18T00:00:00,2026-09-14T18:31:54.934900+00:00,DERIVED,cloudburst-induced flood,True,DATE_ONLY,3.8550000190734863,3.8550000190734863,3.8550000190734863,3.8550000190734863,3.8550000190734863,3.8550000190734863,,,7.710000038146973,3.8550000190734863,,5.999066293188559,
FL-UK-2019-01,2019-08-18,2019-08-18T04:00:00,31.149999618530273,77.94999694824219,0.0,0.0,GPM_3IMERGHH_07,V07B,3B-HHR.MS.MRG.3IMERG.20190818-S040000-E042959.0240.V07B.HDF5,2019-08-18T04:00:00,2026-09-14T18:31:54.934900+00:00,DERIVED,cloudburst-induced flood,True,DATE_ONLY,0.0,3.8550000190734863,3.8550000190734863,3.8550000190734863,3.8550000190734863,3.8550000190734863,,,7.710000038146973,3.8550000190734863,,5.999066293188559,
FL-UK-2019-01,2019-08-18,2019-08-18T08:00:00,31.149999618530273,77.94999694824219,1.7599999904632568,0.8799999952316284,GPM_3IMERGHH_07,V07B,3B-HHR.MS.MRG.3IMERG.20190818-S080000-E082959.0480.V07B.HDF5,2019-08-18T08:00:00,2026-09-14T18:31:54.934900+00:00,DERIVED,cloudburst-induced flood,True,DATE_ONLY,0.8799999952316284,0.8799999952316284,4.735000014305115,4.735000014305115,4.735000014305115,4.735000014305115,,,7.710000038146973,4.735000014305115,-2.975000023841858,1.1149590242926248,
FL-UK-2019-01,2019-08-18,2019-08-18T12:00:00,31.149999618530273,77.94999694824219,0.0,0.0,GPM_3IMERGHH_07,V07B,3B-HHR.MS.MRG.3IMERG.20190818-S120000-E122959.0720.V07B.HDF5,2019-08-18T12:00:00,2026-09-14T18:31:54.934900+00:00,DERIVED,cloudburst-induced flood,True,DATE_ONLY,0.0,0.8799999952316284,4.735000014305115,4.735000014305115,4.735000014305115,4.735000014305115,,,7.710000038146973,4.735000014305115,-2.975000023841858,1.1149590242926248,
FL-UK-2019-01,2019-08-18,2019-08-18T16:00:00,31.149999618530273,77.94999694824219,0.0,0.0,GPM_3IMERGHH_07,V07B,3B-HHR.MS.MRG.3IMERG.20190818-S160000-E162959.0960.V07B.HDF5,2019-08-18T16:00:00,2026-09-14T18:31:54.934900+00:00,DERIVED,cloudburst-induced flood,True,DATE_ONLY,0.0,0.0,4.735000014305115,4.735000014305115,4.735000014305115,4.735000014305115,,,7.710000038146973,4.735000014305115,-0.8799999952316284,0.0,
FL-UK-2019-01,2019-08-18,2019-08-18T20:00:00,31.149999618530273,77.94999694824219,0.0,0.0,GPM_3IMERGHH_07,V07B,3B-HHR.MS.MRG.3IMERG.20190818-S200000-E202959.1200.V07B.HDF5,2019-08-18T20:00:00,2026-09-14T18:31:54.934900+00:00,DERIVED,cloudburst-induced flood,True,DATE_ONLY,0.0,0.0,4.735000014305115,4.735000014305115,4.735000014305115,4.735000014305115,,,7.710000038146973,4.735000014305115,-0.8799999952316284,0.0,
FL-UK-2021-01,2021-02-07,2021-02-07T00:00:00,30.349998474121094,79.6500015258789,0.0,0.0,GPM_3IMERGHH_07,V07B,3B-HHR.MS.MRG.3IMERG.20210207-S000000-E002959.0000.V07B.HDF5,2021-02-07T00:00:00,2026-09-14T18:31:54.934900+00:00,DIRECT,debris-flow/flood event,False,EXACT_TIMESTAMP,0.0,0.0,0.0,0.0,0.0,0.0,,,0.0,0.0,,0.0,
FL-UK-2021-01,2021-02-07,2021-02-07T04:00:00,30.349998474121094,79.6500015258789,0.0,0.0,GPM_3IMERGHH_07,V07B,3B-HHR.MS.MRG.3IMERG.20210207-S040000-E042959.0240.V07B.HDF5,2021-02-07T04:00:00,2026-09-14T18:31:54.934900+00:00,DIRECT,debris-flow/flood event,False,EXACT_TIMESTAMP,0.0,0.0,0.0,0.0,0.0,0.0,,,0.0,0.0,,0.0,
FL-UK-2021-01,2021-02-07,2021-02-07T08:00:00,30.349998474121094,79.6500015258789,0.0,0.0,GPM_3IMERGHH_07,V07B,3B-HHR.MS.MRG.3IMERG.20210207-S080000-E082959.0480.V07B.HDF5,2021-02-07T08:00:00,2026-09-14T18:31:54.934900+00:00,DIRECT,debris-flow/flood event,False,EXACT_TIMESTAMP,0.0,0.0,0.0,0.0,0.0,0.0,,,0.0,0.0,0.0,0.0,
FL-UK-2021-01,2021-02-07,2021-02-07T12:00:00,30.349998474121094,79.6500015258789,0.0,0.0,GPM_3IMERGHH_07,V07B,3B-HHR.MS.MRG.3IMERG.20210207-S120000-E122959.0720.V07B.HDF5,2021-02-07T12:00:00,2026-09-14T18:31:54.934900+00:00,DIRECT,debris-flow/flood event,False,EXACT_TIMESTAMP,0.0,0.0,0.0,0.0,0.0,0.0,,,0.0,0.0,0.0,0.0,
FL-UK-2021-01,2021-02-07,2021-02-07T16:00:00,30.349998474121094,79.6500015258789,0.0,0.0,GPM_3IMERGHH_07,V07B,3B-HHR.MS.MRG.3IMERG.20210207-S160000-E162959.0960.V07B.HDF5,2021-02-07T16:00:00,2026-09-14T18:31:54.934900+00:00,DIRECT,debris-flow/flood event,False,EXACT_TIMESTAMP,0.0,0.0,0.0,0.0,0.0,0.0,,,0.0,0.0,0.0,0.0,
FL-UK-2021-01,2021-02-07,2021-02-07T20:00:00,30.349998474121094,79.6500015258789,0.0,0.0,GPM_3IMERGHH_07,V07B,3B-HHR.MS.MRG.3IMERG.20210207-S200000-E202959.1200.V07B.HDF5,2021-02-07T20:00:00,2026-09-14T18:31:54.934900+00:00,DIRECT,debris-flow/flood event,False,EXACT_TIMESTAMP,0.0,0.0,0.0,0.0,0.0,0.0,,,0.0,0.0,0.0,0.0,
FL-UK-2021-01,2021-02-07,2021-02-07T00:00:00,30.349998474121094,79.75,0.0,0.0,GPM_3IMERGHH_07,V07B,3B-HHR.MS.MRG.3IMERG.20210207-S000000-E002959.0000.V07B.HDF5,2021-02-07T00:00:00,2026-09-14T18:31:54.934900+00:00,DIRECT,debris-flow/flood event,False,EXACT_TIMESTAMP,0.0,0.0,0.0,0.0,0.0,0.0,,,0.0,0.0,,0.0,
FL-UK-2021-01,2021-02-07,2021-02-07T04:00:00,30.349998474121094,79.75,0.0,0.0,GPM_3IMERGHH_07,V07B,3B-HHR.MS.MRG.3IMERG.20210207-S040000-E042959.0240.V07B.HDF5,2021-02-07T04:00:00,2026-09-14T18:31:54.934900+00:00,DIRECT,debris-flow/flood event,False,EXACT_TIMESTAMP,0.0,0.0,0.0,0.0,0.0,0.0,,,0.0,0.0,,0.0,
FL-UK-2021-01,2021-02-07,2021-02-07T08:00:00,30.349998474121094,79.75,0.0,0.0,GPM_3IMERGHH_07,V07B,3B-HHR.MS.MRG.3IMERG.20210207-S080000-E082959.0480.V07B.HDF5,2021-02-07T08:00:00,2026-09-14T18:31:54.934900+00:00,DIRECT,debris-flow/flood event,False,EXACT_TIMESTAMP,0.0,0.0,0.0,0.0,0.0,0.0,,,0.0,0.0,0.0,0.0,
FL-UK-2021-01,2021-02-07,2021-02-07T12:00:00,30.349998474121094,79.75,0.0,0.0,GPM_3IMERGHH_07,V07B,3B-HHR.MS.MRG.3IMERG.20210207-S120000-E122959.0720.V07B.HDF5,2021-02-07T12:00:00,2026-09-14T18:31:54.934900+00:00,DIRECT,debris-flow/flood event,False,EXACT_TIMESTAMP,0.0,0.0,0.0,0.0,0.0,0.0,,,0.0,0.0,0.0,0.0,
FL-UK-2021-01,2021-02-07,2021-02-07T16:00:00,30.349998474121094,79.75,0.0,0.0,GPM_3IMERGHH_07,V07B,3B-HHR.MS.MRG.3IMERG.20210207-S160000-E162959.0960.V07B.HDF5,2021-02-07T16:00:00,2026-09-14T18:31:54.934900+00:00,DIRECT,debris-flow/flood event,False,EXACT_TIMESTAMP,0.0,0.0,0.0,0.0,0.0,0.0,,,0.0,0.0,0.0,0.0,
FL-UK-2021-01,2021-02-07,2021-02-07T20:00:00,30.349998474121094,79.75,0.0,0.0,GPM_3IMERGHH_07,V07B,3B-HHR.MS.MRG.3IMERG.20210207-S200000-E202959.1200.V07B.HDF5,2021-02-07T20:00:00,2026-09-14T18:31:54.934900+00:00,DIRECT,debris-flow/flood event,False,EXACT_TIMESTAMP,0.0,0.0,0.0,0.0,0.0,0.0,,,0.0,0.0,0.0,0.0,
FL-UK-2021-01,2021-02-07,2021-02-07T00:00:00,30.349998474121094,79.8499984741211,0.0,0.0,GPM_3IMERGHH_07,V07B,3B-HHR.MS.MRG.3IMERG.20210207-S000000-E002959.0000.V07B.HDF5,2021-02-07T00:00:00,2026-09-14T18:31:54.934900+00:00,DIRECT,debris-flow/flood event,False,EXACT_TIMESTAMP,0.0,0.0,0.0,0.0,0.0,0.0,,,0.0,0.0,,0.0,
FL-UK-2021-01,2021-02-07,2021-02-07T04:00:00,30.349998474121094,79.8499984741211,0.0,0.0,GPM_3IMERGHH_07,V07B,3B-HHR.MS.MRG.3IMERG.20210207-S040000-E042959.0240.V07B.HDF5,2021-02-07T04:00:00,2026-09-14T18:31:54.934900+00:00,DIRECT,debris-flow/flood event,False,EXACT_TIMESTAMP,0.0,0.0,0.0,0.0,0.0,0.0,,,0.0,0.0,,0.0,
FL-UK-2021-01,2021-02-07,2021-02-07T08:00:00,30.349998474121094,79.8499984741211,0.0,0.0,GPM_3IMERGHH_07,V07B,3B-HHR.MS.MRG.3IMERG.20210207-S080000-E082959.0480.V07B.HDF5,2021-02-07T08:00:00,2026-09-14T18:31:54.934900+00:00,DIRECT,debris-flow/flood event,False,EXACT_TIMESTAMP,0.0,0.0,0.0,0.0,0.0,0.0,,,0.0,0.0,0.0,0.0,
FL-UK-2021-01,2021-02-07,2021-02-07T12:00:00,30.349998474121094,79.8499984741211,0.0,0.0,GPM_3IMERGHH_07,V07B,3B-HHR.MS.MRG.3IMERG.20210207-S120000-E122959.0720.V07B.HDF5,2021-02-07T12:00:00,2026-09-14T18:31:54.934900+00:00,DIRECT,debris-flow/flood event,False,EXACT_TIMESTAMP,0.0,0.0,0.0,0.0,0.0,0.0,,,0.0,0.0,0.0,0.0,
FL-UK-2021-01,2021-02-07,2021-02-07T16:00:00,30.349998474121094,79.8499984741211,0.0,0.0,GPM_3IMERGHH_07,V07B,3B-HHR.MS.MRG.3IMERG.20210207-S160000-E162959.0960.V07B.HDF5,2021-02-07T16:00:00,2026-09-14T18:31:54.934900+00:00,DIRECT,debris-flow/flood event,False,EXACT_TIMESTAMP,0.0,0.0,0.0,0.0,0.0,0.0,,,0.0,0.0,0.0,0.0,
FL-UK-2021-01,2021-02-07,2021-02-07T20:00:00,30.349998474121094,79.8499984741211,0.0,0.0,GPM_3IMERGHH_07,V07B,3B-HHR.MS.MRG.3IMERG.20210207-S200000-E202959.1200.V07B.HDF5,2021-02-07T20:00:00,2026-09-14T18:31:54.934900+00:00,DIRECT,debris-flow/flood event,False,EXACT_TIMESTAMP,0.0,0.0,0.0,0.0,0.0,0.0,,,0.0,0.0,0.0,0.0,
FL-UK-2021-01,2021-02-07,2021-02-07T00:00:00,30.44999885559082,79.6500015258789,0.0,0.0,GPM_3IMERGHH_07,V07B,3B-HHR.MS.MRG.3IMERG.20210207-S000000-E002959.0000.V07B.HDF5,2021-02-07T00:00:00,2026-09-14T18:31:54.934900+00:00,DIRECT,debris-flow/flood event,False,EXACT_TIMESTAMP,0.0,0.0,0.0,0.0,0.0,0.0,,,0.0,0.0,,0.0,
FL-UK-2021-01,2021-02-07,2021-02-07T04:00:00,30.44999885559082,79.6500015258789,0.0,0.0,GPM_3IMERGHH_07,V07B,3B-HHR.MS.MRG.3IMERG.20210207-S040000-E042959.0240.V07B.HDF5,2021-02-07T04:00:00,2026-09-14T18:31:54.934900+00:00,DIRECT,debris-flow/flood event,False,EXACT_TIMESTAMP,0.0,0.0,0.0,0.0,0.0,0.0,,,0.0,0.0,,0.0,
FL-UK-2021-01,2021-02-07,2021-02-07T08:00:00,30.44999885559082,79.6500015258789,0.0,0.0,GPM_3IMERGHH_07,V07B,3B-HHR.MS.MRG.3IMERG.20210207-S080000-E082959.0480.V07B.HDF5,2021-02-07T08:00:00,2026-09-14T18:31:54.934900+00:00,DIRECT,debris-flow/flood event,False,EXACT_TIMESTAMP,0.0,0.0,0.0,0.0,0.0,0.0,,,0.0,0.0,0.0,0.0,
FL-UK-2021-01,2021-02-07,2021-02-07T12:00:00,30.44999885559082,79.6500015258789,0.0,0.0,GPM_3IMERGHH_07,V07B,3B-HHR.MS.MRG.3IMERG.20210207-S120000-E122959.0720.V07B.HDF5,2021-02-07T12:00:00,2026-09-14T18:31:54.934900+00:00,DIRECT,debris-flow/flood event,False,EXACT_TIMESTAMP,0.0,0.0,0.0,0.0,0.0,0.0,,,0.0,0.0,0.0,0.0,
FL-UK-2021-01,2021-02-07,2021-02-07T16:00:00,30.44999885559082,79.6500015258789,0.0,0.0,GPM_3IMERGHH_07,V07B,3B-HHR.MS.MRG.3IMERG.20210207-S160000-E162959.0960.V07B.HDF5,2021-02-07T16:00:00,2026-09-14T18:31:54.934900+00:00,DIRECT,debris-flow/flood event,False,EXACT_TIMESTAMP,0.0,0.0,0.0,0.0,0.0,0.0,,,0.0,0.0,0.0,0.0,
FL-UK-2021-01,2021-02-07,2021-02-07T20:00:00,30.44999885559082,79.6500015258789,0.0,0.0,GPM_3IMERGHH_07,V07B,3B-HHR.MS.MRG.3IMERG.20210207-S200000-E202959.1200.V07B.HDF5,2021-02-07T20:00:00,2026-09-14T18:31:54.934900+00:00,DIRECT,debris-flow/flood event,False,EXACT_TIMESTAMP,0.0,0.0,0.0,0.0,0.0,0.0,,,0.0,0.0,0.0,0.0,
FL-UK-2021-01,2021-02-07,2021-02-07T00:00:00,30.44999885559082,79.75,0.0,0.0,GPM_3IMERGHH_07,V07B,3B-HHR.MS.MRG.3IMERG.20210207-S000000-E002959.0000.V07B.HDF5,2021-02-07T00:00:00,2026-09-14T18:31:54.934900+00:00,DIRECT,debris-flow/flood event,False,EXACT_TIMESTAMP,0.0,0.0,0.0,0.0,0.0,0.0,,,0.0,0.0,,0.0,
FL-UK-2021-01,2021-02-07,2021-02-07T04:00:00,30.44999885559082,79.75,0.0,0.0,GPM_3IMERGHH_07,V07B,3B-HHR.MS.MRG.3IMERG.20210207-S040000-E042959.0240.V07B.HDF5,2021-02-07T04:00:00,2026-09-14T18:31:54.934900+00:00,DIRECT,debris-flow/flood event,False,EXACT_TIMESTAMP,0.0,0.0,0.0,0.0,0.0,0.0,,,0.0,0.0,,0.0,
FL-UK-2021-01,2021-02-07,2021-02-07T08:00:00,30.44999885559082,79.75,0.0,0.0,GPM_3IMERGHH_07,V07B,3B-HHR.MS.MRG.3IMERG.20210207-S080000-E082959.0480.V07B.HDF5,2021-02-07T08:00:00,2026-09-14T18:31:54.934900+00:00,DIRECT,debris-flow/flood event,False,EXACT_TIMESTAMP,0.0,0.0,0.0,0.0,0.0,0.0,,,0.0,0.0,0.0,0.0,
FL-UK-2021-01,2021-02-07,2021-02-07T12:00:00,30.44999885559082,79.75,0.0,0.0,GPM_3IMERGHH_07,V07B,3B-HHR.MS.MRG.3IMERG.20210207-S120000-E122959.0720.V07B.HDF5,2021-02-07T12:00:00,2026-09-14T18:31:54.934900+00:00,DIRECT,debris-flow/flood event,False,EXACT_TIMESTAMP,0.0,0.0,0.0,0.0,0.0,0.0,,,0.0,0.0,0.0,0.0,
FL-UK-2021-01,2021-02-07,2021-02-07T16:00:00,30.44999885559082,79.75,0.0,0.0,GPM_3IMERGHH_07,V07B,3B-HHR.MS.MRG.3IMERG.20210207-S160000-E162959.0960.V07B.HDF5,2021-02-07T16:00:00,2026-09-14T18:31:54.934900+00:00,DIRECT,debris-flow/flood event,False,EXACT_TIMESTAMP,0.0,0.0,0.0,0.0,0.0,0.0,,,0.0,0.0,0.0,0.0,
FL-UK-2021-01,2021-02-07,2021-02-07T20:00:00,30.44999885559082,79.75,0.0,0.0,GPM_3IMERGHH_07,V07B,3B-HHR.MS.MRG.3IMERG.20210207-S200000-E202959.1200.V07B.HDF5,2021-02-07T20:00:00,2026-09-14T18:31:54.934900+00:00,DIRECT,debris-flow/flood event,False,EXACT_TIMESTAMP,0.0,0.0,0.0,0.0,0.0,0.0,,,0.0,0.0,0.0,0.0,
FL-UK-2021-01,2021-02-07,2021-02-07T00:00:00,30.44999885559082,79.8499984741211,0.0,0.0,GPM_3IMERGHH_07,V07B,3B-HHR.MS.MRG.3IMERG.20210207-S000000-E002959.0000.V07B.HDF5,2021-02-07T00:00:00,2026-09-14T18:31:54.934900+00:00,DIRECT,debris-flow/flood event,False,EXACT_TIMESTAMP,0.0,0.0,0.0,0.0,0.0,0.0,,,0.0,0.0,,0.0,
FL-UK-2021-01,2021-02-07,2021-02-07T04:00:00,30.44999885559082,79.8499984741211,0.0,0.0,GPM_3IMERGHH_07,V07B,3B-HHR.MS.MRG.3IMERG.20210207-S040000-E042959.0240.V07B.HDF5,2021-02-07T04:00:00,2026-09-14T18:31:54.934900+00:00,DIRECT,debris-flow/flood event,False,EXACT_TIMESTAMP,0.0,0.0,0.0,0.0,0.0,0.0,,,0.0,0.0,,0.0,
FL-UK-2021-01,2021-02-07,2021-02-07T08:00:00,30.44999885559082,79.8499984741211,0.0,0.0,GPM_3IMERGHH_07,V07B,3B-HHR.MS.MRG.3IMERG.20210207-S080000-E082959.0480.V07B.HDF5,2021-02-07T08:00:00,2026-09-14T18:31:54.934900+00:00,DIRECT,debris-flow/flood event,False,EXACT_TIMESTAMP,0.0,0.0,0.0,0.0,0.0,0.0,,,0.0,0.0,0.0,0.0,
FL-UK-2021-01,2021-02-07,2021-02-07T12:00:00,30.44999885559082,79.8499984741211,0.0,0.0,GPM_3IMERGHH_07,V07B,3B-HHR.MS.MRG.3IMERG.20210207-S120000-E122959.0720.V07B.HDF5,2021-02-07T12:00:00,2026-09-14T18:31:54.934900+00:00,DIRECT,debris-flow/flood event,False,EXACT_TIMESTAMP,0.0,0.0,0.0,0.0,0.0,0.0,,,0.0,0.0,0.0,0.0,
FL-UK-2021-01,2021-02-07,2021-02-07T16:00:00,30.44999885559082,79.8499984741211,0.0,0.0,GPM_3IMERGHH_07,V07B,3B-HHR.MS.MRG.3IMERG.20210207-S160000-E162959.0960.V07B.HDF5,2021-02-07T16:00:00,2026-09-14T18:31:54.934900+00:00,DIRECT,debris-flow/flood event,False,EXACT_TIMESTAMP,0.0,0.0,0.0,0.0,0.0,0.0,,,0.0,0.0,0.0,0.0,
FL-UK-2021-01,2021-02-07,2021-02-07T20:00:00,30.44999885559082,79.8499984741211,0.0,0.0,GPM_3IMERGHH_07,V07B,3B-HHR.MS.MRG.3IMERG.20210207-S200000-E202959.1200.V07B.HDF5,2021-02-07T20:00:00,2026-09-14T18:31:54.934900+00:00,DIRECT,debris-flow/flood event,False,EXACT_TIMESTAMP,0.0,0.0,0.0,0.0,0.0,0.0,,,0.0,0.0,0.0,0.0,
FL-UK-2021-01,2021-02-07,2021-02-07T00:00:00,30.549999237060547,79.6500015258789,0.0,0.0,GPM_3IMERGHH_07,V07B,3B-HHR.MS.MRG.3IMERG.20210207-S000000-E002959.0000.V07B.HDF5,2021-02-07T00:00:00,2026-09-14T18:31:54.934900+00:00,DIRECT,debris-flow/flood event,False,EXACT_TIMESTAMP,0.0,0.0,0.0,0.0,0.0,0.0,,,0.0,0.0,,0.0,
FL-UK-2021-01,2021-02-07,2021-02-07T04:00:00,30.549999237060547,79.6500015258789,0.0,0.0,GPM_3IMERGHH_07,V07B,3B-HHR.MS.MRG.3IMERG.20210207-S040000-E042959.0240.V07B.HDF5,2021-02-07T04:00:00,2026-09-14T18:31:54.934900+00:00,DIRECT,debris-flow/flood event,False,EXACT_TIMESTAMP,0.0,0.0,0.0,0.0,0.0,0.0,,,0.0,0.0,,0.0,
FL-UK-2021-01,2021-02-07,2021-02-07T08:00:00,30.549999237060547,79.6500015258789,0.0,0.0,GPM_3IMERGHH_07,V07B,3B-HHR.MS.MRG.3IMERG.20210207-S080000-E082959.0480.V07B.HDF5,2021-02-07T08:00:00,2026-09-14T18:31:54.934900+00:00,DIRECT,debris-flow/flood event,False,EXACT_TIMESTAMP,0.0,0.0,0.0,0.0,0.0,0.0,,,0.0,0.0,0.0,0.0,
FL-UK-2021-01,2021-02-07,2021-02-07T12:00:00,30.549999237060547,79.6500015258789,0.0,0.0,GPM_3IMERGHH_07,V07B,3B-HHR.MS.MRG.3IMERG.20210207-S120000-E122959.0720.V07B.HDF5,2021-02-07T12:00:00,2026-09-14T18:31:54.934900+00:00,DIRECT,debris-flow/flood event,False,EXACT_TIMESTAMP,0.0,0.0,0.0,0.0,0.0,0.0,,,0.0,0.0,0.0,0.0,
FL-UK-2021-01,2021-02-07,2021-02-07T16:00:00,30.549999237060547,79.6500015258789,0.0,0.0,GPM_3IMERGHH_07,V07B,3B-HHR.MS.MRG.3IMERG.20210207-S160000-E162959.0960.V07B.HDF5,2021-02-07T16:00:00,2026-09-14T18:31:54.934900+00:00,DIRECT,debris-flow/flood event,False,EXACT_TIMESTAMP,0.0,0.0,0.0,0.0,0.0,0.0,,,0.0,0.0,0.0,0.0,
FL-UK-2021-01,2021-02-07,2021-02-07T20:00:00,30.549999237060547,79.6500015258789,0.0,0.0,GPM_3IMERGHH_07,V07B,3B-HHR.MS.MRG.3IMERG.20210207-S200000-E202959.1200.V07B.HDF5,2021-02-07T20:00:00,2026-09-14T18:31:54.934900+00:00,DIRECT,debris-flow/flood event,False,EXACT_TIMESTAMP,0.0,0.0,0.0,0.0,0.0,0.0,,,0.0,0.0,0.0,0.0,
FL-UK-2021-01,2021-02-07,2021-02-07T00:00:00,30.549999237060547,79.75,0.0,0.0,GPM_3IMERGHH_07,V07B,3B-HHR.MS.MRG.3IMERG.20210207-S000000-E002959.0000.V07B.HDF5,2021-02-07T00:00:00,2026-09-14T18:31:54.934900+00:00,DIRECT,debris-flow/flood event,False,EXACT_TIMESTAMP,0.0,0.0,0.0,0.0,0.0,0.0,,,0.0,0.0,,0.0,
FL-UK-2021-01,2021-02-07,2021-02-07T04:00:00,30.549999237060547,79.75,0.0,0.0,GPM_3IMERGHH_07,V07B,3B-HHR.MS.MRG.3IMERG.20210207-S040000-E042959.0240.V07B.HDF5,2021-02-07T04:00:00,2026-09-14T18:31:54.934900+00:00,DIRECT,debris-flow/flood event,False,EXACT_TIMESTAMP,0.0,0.0,0.0,0.0,0.0,0.0,,,0.0,0.0,,0.0,
FL-UK-2021-01,2021-02-07,2021-02-07T08:00:00,30.549999237060547,79.75,0.0,0.0,GPM_3IMERGHH_07,V07B,3B-HHR.MS.MRG.3IMERG.20210207-S080000-E082959.0480.V07B.HDF5,2021-02-07T08:00:00,2026-09-14T18:31:54.934900+00:00,DIRECT,debris-flow/flood event,False,EXACT_TIMESTAMP,0.0,0.0,0.0,0.0,0.0,0.0,,,0.0,0.0,0.0,0.0,
FL-UK-2021-01,2021-02-07,2021-02-07T12:00:00,30.549999237060547,79.75,0.0,0.0,GPM_3IMERGHH_07,V07B,3B-HHR.MS.MRG.3IMERG.20210207-S120000-E122959.0720.V07B.HDF5,2021-02-07T12:00:00,2026-09-14T18:31:54.934900+00:00,DIRECT,debris-flow/flood event,False,EXACT_TIMESTAMP,0.0,0.0,0.0,0.0,0.0,0.0,,,0.0,0.0,0.0,0.0,
FL-UK-2021-01,2021-02-07,2021-02-07T16:00:00,30.549999237060547,79.75,0.0,0.0,GPM_3IMERGHH_07,V07B,3B-HHR.MS.MRG.3IMERG.20210207-S160000-E162959.0960.V07B.HDF5,2021-02-07T16:00:00,2026-09-14T18:31:54.934900+00:00,DIRECT,debris-flow/flood event,False,EXACT_TIMESTAMP,0.0,0.0,0.0,0.0,0.0,0.0,,,0.0,0.0,0.0,0.0,
FL-UK-2021-01,2021-02-07,2021-02-07T20:00:00,30.549999237060547,79.75,0.0,0.0,GPM_3IMERGHH_07,V07B,3B-HHR.MS.MRG.3IMERG.20210207-S200000-E202959.1200.V07B.HDF5,2021-02-07T20:00:00,2026-09-14T18:31:54.934900+00:00,DIRECT,debris-flow/flood event,False,EXACT_TIMESTAMP,0.0,0.0,0.0,0.0,0.0,0.0,,,0.0,0.0,0.0,0.0,
FL-UK-2021-01,2021-02-07,2021-02-07T00:00:00,30.549999237060547,79.8499984741211,0.0,0.0,GPM_3IMERGHH_07,V07B,3B-HHR.MS.MRG.3IMERG.20210207-S000000-E002959.0000.V07B.HDF5,2021-02-07T00:00:00,2026-09-14T18:31:54.934900+00:00,DIRECT,debris-flow/flood event,False,EXACT_TIMESTAMP,0.0,0.0,0.0,0.0,0.0,0.0,,,0.0,0.0,,0.0,
FL-UK-2021-01,2021-02-07,2021-02-07T04:00:00,30.549999237060547,79.8499984741211,0.0,0.0,GPM_3IMERGHH_07,V07B,3B-HHR.MS.MRG.3IMERG.20210207-S040000-E042959.0240.V07B.HDF5,2021-02-07T04:00:00,2026-09-14T18:31:54.934900+00:00,DIRECT,debris-flow/flood event,False,EXACT_TIMESTAMP,0.0,0.0,0.0,0.0,0.0,0.0,,,0.0,0.0,,0.0,
FL-UK-2021-01,2021-02-07,2021-02-07T08:00:00,30.549999237060547,79.8499984741211,0.0,0.0,GPM_3IMERGHH_07,V07B,3B-HHR.MS.MRG.3IMERG.20210207-S080000-E082959.0480.V07B.HDF5,2021-02-07T08:00:00,2026-09-14T18:31:54.934900+00:00,DIRECT,debris-flow/flood event,False,EXACT_TIMESTAMP,0.0,0.0,0.0,0.0,0.0,0.0,,,0.0,0.0,0.0,0.0,
FL-UK-2021-01,2021-02-07,2021-02-07T12:00:00,30.549999237060547,79.8499984741211,0.0,0.0,GPM_3IMERGHH_07,V07B,3B-HHR.MS.MRG.3IMERG.20210207-S120000-E122959.0720.V07B.HDF5,2021-02-07T12:00:00,2026-09-14T18:31:54.934900+00:00,DIRECT,debris-flow/flood event,False,EXACT_TIMESTAMP,0.0,0.0,0.0,0.0,0.0,0.0,,,0.0,0.0,0.0,0.0,
FL-UK-2021-01,2021-02-07,2021-02-07T16:00:00,30.549999237060547,79.8499984741211,0.0,0.0,GPM_3IMERGHH_07,V07B,3B-HHR.MS.MRG.3IMERG.20210207-S160000-E162959.0960.V07B.HDF5,2021-02-07T16:00:00,2026-09-14T18:31:54.934900+00:00,DIRECT,debris-flow/flood event,False,EXACT_TIMESTAMP,0.0,0.0,0.0,0.0,0.0,0.0,,,0.0,0.0,0.0,0.0,
FL-UK-2021-01,2021-02-07,2021-02-07T20:00:00,30.549999237060547,79.8499984741211,0.0,0.0,GPM_3IMERGHH_07,V07B,3B-HHR.MS.MRG.3IMERG.20210207-S200000-E202959.1200.V07B.HDF5,2021-02-07T20:00:00,2026-09-14T18:31:54.934900+00:00,DIRECT,debris-flow/flood event,False,EXACT_TIMESTAMP,0.0,0.0,0.0,0.0,0.0,0.0,,,0.0,0.0,0.0,0.0,
FL-UK-2021-02,2021-10-18,2021-10-18T00:00:00,29.25,79.3499984741211,3.5999999046325684,1.7999999523162842,GPM_3IMERGHH_07,V07B,3B-HHR.MS.MRG.3IMERG.20211018-S000000-E002959.0000.V07B.HDF5,2021-10-18T00:00:00,2026-09-14T18:31:54.934900+00:00,DERIVED,extreme rainfall flood,False,DATE_ONLY,1.7999999523162842,1.7999999523162842,1.7999999523162842,1.7999999523162842,1.7999999523162842,1.7999999523162842,,,3.5999999046325684,1.7999999523162842,,5.9980006663915715,
FL-UK-2021-02,2021-10-18,2021-10-18T04:00:00,29.25,79.3499984741211,11.719999313354492,5.859999656677246,GPM_3IMERGHH_07,V07B,3B-HHR.MS.MRG.3IMERG.20211018-S040000-E042959.0240.V07B.HDF5,2021-10-18T04:00:00,2026-09-14T18:31:54.934900+00:00,DERIVED,extreme rainfall flood,False,DATE_ONLY,5.859999656677246,7.65999960899353,7.65999960899353,7.65999960899353,7.65999960899353,7.65999960899353,,,11.719999313354492,7.65999960899353,,5.999530062895368,
FL-UK-2021-02,2021-10-18,2021-10-18T08:00:00,29.25,79.3499984741211,3.379999876022339,1.6899999380111694,GPM_3IMERGHH_07,V07B,3B-HHR.MS.MRG.3IMERG.20211018-S080000-E082959.0480.V07B.HDF5,2021-10-18T08:00:00,2026-09-14T18:31:54.934900+00:00,DERIVED,extreme rainfall flood,False,DATE_ONLY,1.6899999380111694,7.5499995946884155,9.3499995470047,9.3499995470047,9.3499995470047,9.3499995470047,,,11.719999313354492,9.3499995470047,5.749999642372131,4.84460887672615,
FL-UK-2021-02,2021-10-18,2021-10-18T12:00:00,29.25,79.3499984741211,20.85999870300293,10.429999351501465,GPM_3IMERGHH_07,V07B,3B-HHR.MS.MRG.3IMERG.20211018-S120000-E122959.0720.V07B.HDF5,2021-10-18T12:00:00,2026-09-14T18:31:54.934900+00:00,DERIVED,extreme rainfall flood,False,DATE_ONLY,10.429999351501465,12.119999289512634,19.779998898506165,19.779998898506165,19.779998898506165,19.779998898506165,,,20.85999870300293,19.779998898506165,4.459999680519104,3.6763293219887108,
FL-UK-2021-02,2021-10-18,2021-10-18T16:00:00,29.25,79.3499984741211,14.75999927520752,7.37999963760376,GPM_3IMERGHH_07,V07B,3B-HHR.MS.MRG.3IMERG.20211018-S160000-E162959.0960.V07B.HDF5,2021-10-18T16:00:00,2026-09-14T18:31:54.934900+00:00,DERIVED,extreme rainfall flood,False,DATE_ONLY,7.37999963760376,17.809998989105225,27.159998536109924,27.159998536109924,27.159998536109924,27.159998536109924,,,20.85999870300293,27.159998536109924,10.259999394416809,3.934375517997564,
FL-UK-2021-02,2021-10-18,2021-10-18T20:00:00,29.25,79.3499984741211,5.460000038146973,2.7300000190734863,GPM_3IMERGHH_07,V07B,3B-HHR.MS.MRG.3IMERG.20211018-S200000-E202959.1200.V07B.HDF5,2021-10-18T20:00:00,2026-09-14T18:31:54.934900+00:00,DERIVED,extreme rainfall flood,False,DATE_ONLY,2.7300000190734863,10.109999656677246,29.88999855518341,29.88999855518341,29.88999855518341,29.88999855518341,,,20.85999870300293,29.88999855518341,-2.009999632835388,2.0294005765081695,
FL-UK-2021-02,2021-10-18,2021-10-18T00:00:00,29.25,79.44999694824219,7.109999656677246,3.554999828338623,GPM_3IMERGHH_07,V07B,3B-HHR.MS.MRG.3IMERG.20211018-S000000-E002959.0000.V07B.HDF5,2021-10-18T00:00:00,2026-09-14T18:31:54.934900+00:00,DERIVED,extreme rainfall flood,False,DATE_ONLY,3.554999828338623,3.554999828338623,3.554999828338623,3.554999828338623,3.554999828338623,3.554999828338623,,,7.109999656677246,3.554999828338623,,5.99898751260721,
FL-UK-2021-02,2021-10-18,2021-10-18T04:00:00,29.25,79.44999694824219,11.59000015258789,5.795000076293945,GPM_3IMERGHH_07,V07B,3B-HHR.MS.MRG.3IMERG.20211018-S040000-E042959.0240.V07B.HDF5,2021-10-18T04:00:00,2026-09-14T18:31:54.934900+00:00,DERIVED,extreme rainfall flood,False,DATE_ONLY,5.795000076293945,9.349999904632568,9.349999904632568,9.349999904632568,9.349999904632568,9.349999904632568,,,11.59000015258789,9.349999904632568,,5.999614997964118,
FL-UK-2021-02,2021-10-18,2021-10-18T08:00:00,29.25,79.44999694824219,7.429999828338623,3.7149999141693115,GPM_3IMERGHH_07,V07B,3B-HHR.MS.MRG.3IMERG.20211018-S080000-E082959.0480.V07B.HDF5,2021-10-18T08:00:00,2026-09-14T18:31:54.934900+00:00,DERIVED,extreme rainfall flood,False,DATE_ONLY,3.7149999141693115,9.509999990463257,13.06499981880188,13.06499981880188,13.06499981880188,13.06499981880188,,,11.59000015258789,13.06499981880188,5.955000162124634,4.367193296450737,
FL-UK-2021-02,2021-10-18,2021-10-18T12:00:00,29.25,79.44999694824219,9.449999809265137,4.724999904632568,GPM_3IMERGHH_07,V07B,3B-HHR.MS.MRG.3IMERG.20211018-S120000-E122959.0720.V07B.HDF5,2021-10-18T12:00:00,2026-09-14T18:31:54.934900+00:00,DERIVED,extreme rainfall flood,False,DATE_ONLY,4.724999904632568,8.43999981880188,17.78999972343445,17.78999972343445,17.78999972343445,17.78999972343445,,,11.59000015258789,17.78999972343445,-0.9100000858306885,2.8464469832406136,
FL-UK-2021-02,2021-10-18,2021-10-18T16:00:00,29.25,79.44999694824219,12.399999618530273,6.199999809265137,GPM_3IMERGHH_07,V07B,3B-HHR.MS.MRG.3IMERG.20211018-S160000-E162959.0960.V07B.HDF5,2021-10-18T16:00:00,2026-09-14T18:31:54.934900+00:00,DERIVED,extreme rainfall flood,False,DATE_ONLY,6.199999809265137,10.924999713897705,23.989999532699585,23.989999532699585,23.989999532699585,23.989999532699585,,,12.399999618530273,23.989999532699585,1.4149997234344482,2.732320140396679,
FL-UK-2021-02,2021-10-18,2021-10-18T20:00:00,29.25,79.44999694824219,4.670000076293945,2.3350000381469727,GPM_3IMERGHH_07,V07B,3B-HHR.MS.MRG.3IMERG.20211018-S200000-E202959.1200.V07B.HDF5,2021-10-18T20:00:00,2026-09-14T18:31:54.934900+00:00,DERIVED,extreme rainfall flood,False,DATE_ONLY,2.3350000381469727,8.53499984741211,26.324999570846558,26.324999570846558,26.324999570846558,26.324999570846558,,,12.399999618530273,26.324999570846558,0.09500002861022949,1.9452548059411925,
FL-UK-2021-02,2021-10-18,2021-10-18T00:00:00,29.25,79.54999542236328,3.7799999713897705,1.8899999856948853,GPM_3IMERGHH_07,V07B,3B-HHR.MS.MRG.3IMERG.20211018-S000000-E002959.0000.V07B.HDF5,2021-10-18T00:00:00,2026-09-14T18:31:54.934900+00:00,DERIVED,extreme rainfall flood,False,DATE_ONLY,1.8899999856948853,1.8899999856948853,1.8899999856948853,1.8899999856948853,1.8899999856948853,1.8899999856948853,,,3.7799999713897705,1.8899999856948853,,5.998095842575246,
FL-UK-2021-02,2021-10-18,2021-10-18T04:00:00,29.25,79.54999542236328,12.269999504089355,6.134999752044678,GPM_3IMERGHH_07,V07B,3B-HHR.MS.MRG.3IMERG.20211018-S040000-E042959.0240.V07B.HDF5,2021-10-18T04:00:00,2026-09-14T18:31:54.934900+00:00,DERIVED,extreme rainfall flood,False,DATE_ONLY,6.134999752044678,8.024999737739563,8.024999737739563,8.024999737739563,8.024999737739563,8.024999737739563,,,12.269999504089355,8.024999737739563,,5.99955143539204,
FL-UK-2021-02,2021-10-18,2021-10-18T08:00:00,29.25,79.54999542236328,10.569999694824219,5.284999847412109,GPM_3IMERGHH_07,V07B,3B-HHR.MS.MRG.3IMERG.20211018-S080000-E082959.0480.V07B.HDF5,2021-10-18T08:00:00,2026-09-14T18:31:54.934900+00:00,DERIVED,extreme rainfall flood,False,DATE_ONLY,5.284999847412109,11.419999599456787,13.309999585151672,13.309999585151672,13.309999585151672,13.309999585151672,,,12.269999504089355,13.309999585151672,9.529999613761902,5.147776939603577,
FL-UK-2021-02,2021-10-18,2021-10-18T12:00:00,29.25,79.54999542236328,9.479999542236328,4.739999771118164,GPM_3IMERGHH_07,V07B,3B-HHR.MS.MRG.3IMERG.20211018-S120000-E122959.0720.V07B.HDF5,2021-10-18T12:00:00,2026-09-14T18:31:54.934900+00:00,DERIVED,extreme rainfall flood,False,DATE_ONLY,4.739999771118164,10.024999618530273,18.049999356269836,18.049999356269836,18.049999356269836,18.049999356269836,,,12.269999504089355,18.049999356269836,1.9999998807907104,3.3322991953886927,
FL-UK-2021-02,2021-10-18,2021-10-18T16:00:00,29.25,79.54999542236328,12.399999618530273,6.199999809265137,GPM_3IMERGHH_07,V07B,3B-HHR.MS.MRG.3IMERG.20211018-S160000-E162959.0960.V07B.HDF5,2021-10-18T16:00:00,2026-09-14T18:31:54.934900+00:00,DERIVED,extreme rainfall flood,False,DATE_ONLY,6.199999809265137,10.9399995803833,24.249999165534973,24.249999165534973,24.249999165534973,24.249999165534973,,,12.399999618530273,24.249999165534973,-0.48000001907348633,2.7067371422141018,
FL-UK-2021-02,2021-10-18,2021-10-18T20:00:00,29.25,79.54999542236328,3.509999990463257,1.7549999952316284,GPM_3IMERGHH_07,V07B,3B-HHR.MS.MRG.3IMERG.20211018-S200000-E202959.1200.V07B.HDF5,2021-10-18T20:00:00,2026-09-14T18:31:54.934900+00:00,DERIVED,extreme rainfall flood,False,DATE_ONLY,1.7549999952316284,7.954999804496765,26.0049991607666,26.0049991607666,26.0049991607666,26.0049991607666,,,12.399999618530273,26.0049991607666,-2.0699998140335083,1.8353739335869081,
FL-UK-2021-02,2021-10-18,2021-10-18T00:00:00,29.349998474121094,79.3499984741211,7.659999847412109,3.8299999237060547,GPM_3IMERGHH_07,V07B,3B-HHR.MS.MRG.3IMERG.20211018-S000000-E002959.0000.V07B.HDF5,2021-10-18T00:00:00,2026-09-14T18:31:54.934900+00:00,DERIVED,extreme rainfall flood,False,DATE_ONLY,3.8299999237060547,3.8299999237060547,3.8299999237060547,3.8299999237060547,3.8299999237060547,3.8299999237060547,,,7.659999847412109,3.8299999237060547,,5.999060199427844,
FL-UK-2021-02,2021-10-18,2021-10-18T04:00:00,29.349998474121094,79.3499984741211,8.760000228881836,4.380000114440918,GPM_3IMERGHH_07,V07B,3B-HHR.MS.MRG.3IMERG.20211018-S040000-E042959.0240.V07B.HDF5,2021-10-18T04:00:00,2026-09-14T18:31:54.934900+00:00,DERIVED,extreme rainfall flood,False,DATE_ONLY,4.380000114440918,8.210000038146973,8.210000038146973,8.210000038146973,8.210000038146973,8.210000038146973,,,8.760000228881836,8.210000038146973,,5.999561542398451,
FL-UK-2021-02,2021-10-18,2021-10-18T08:00:00,29.349998474121094,79.3499984741211,4.690000057220459,2.3450000286102295,GPM_3IMERGHH_07,V07B,3B-HHR.MS.MRG.3IMERG.20211018-S080000-E082959.0480.V07B.HDF5,2021-10-18T08:00:00,2026-09-14T18:31:54.934900+00:00,DERIVED,extreme rainfall flood,False,DATE_ONLY,2.3450000286102295,6.7250001430511475,10.555000066757202,10.555000066757202,10.555000066757202,10.555000066757202,,,8.760000228881836,10.555000066757202,2.8950002193450928,3.8226155408617006,
FL-UK-2021-02,2021-10-18,2021-10-18T12:00:00,29.349998474121094,79.3499984741211,16.889999389648438,8.444999694824219,GPM_3IMERGHH_07,V07B,3B-HHR.MS.MRG.3IMERG.20211018-S120000-E122959.0720.V07B.HDF5,2021-10-18T12:00:00,2026-09-14T18:31:54.934900+00:00,DERIVED,extreme rainfall flood,False,DATE_ONLY,8.444999694824219,10.789999723434448,18.99999976158142,18.99999976158142,18.99999976158142,18.99999976158142,,,16.889999389648438,18.99999976158142,2.5799996852874756,3.407260778762826,
FL-UK-2021-02,2021-10-18,2021-10-18T16:00:00,29.349998474121094,79.3499984741211,4.900000095367432,2.450000047683716,GPM_3IMERGHH_07,V07B,3B-HHR.MS.MRG.3IMERG.20211018-S160000-E162959.0960.V07B.HDF5,2021-10-18T16:00:00,2026-09-14T18:31:54.934900+00:00,DERIVED,extreme rainfall flood,False,DATE_ONLY,2.450000047683716,10.894999742507935,21.449999809265137,21.449999809265137,21.449999809265137,21.449999809265137,,,16.889999389648438,21.449999809265137,4.169999599456787,3.0474671587883715,
FL-UK-2021-02,2021-10-18,2021-10-18T20:00:00,29.349998474121094,79.3499984741211,7.329999923706055,3.6649999618530273,GPM_3IMERGHH_07,V07B,3B-HHR.MS.MRG.3IMERG.20211018-S200000-E202959.1200.V07B.HDF5,2021-10-18T20:00:00,2026-09-14T18:31:54.934900+00:00,DERIVED,extreme rainfall flood,False,DATE_ONLY,3.6649999618530273,6.115000009536743,25.114999771118164,25.114999771118164,25.114999771118164,25.114999771118164,,,16.889999389648438,25.114999771118164,-4.674999713897705,1.460845068068506,
FL-UK-2021-02,2021-10-18,2021-10-18T00:00:00,29.349998474121094,79.44999694824219,9.059999465942383,4.529999732971191,GPM_3IMERGHH_07,V07B,3B-HHR.MS.MRG.3IMERG.20211018-S000000-E002959.0000.V07B.HDF5,2021-10-18T00:00:00,2026-09-14T18:31:54.934900+00:00,DERIVED,extreme rainfall flood,False,DATE_ONLY,4.529999732971191,4.529999732971191,4.529999732971191,4.529999732971191,4.529999732971191,4.529999732971191,,,9.059999465942383,4.529999732971191,,5.999205403211014,
FL-UK-2021-02,2021-10-18,2021-10-18T04:00:00,29.349998474121094,79.44999694824219,8.65999984741211,4.329999923706055,GPM_3IMERGHH_07,V07B,3B-HHR.MS.MRG.3IMERG.20211018-S040000-E042959.0240.V07B.HDF5,2021-10-18T04:00:00,2026-09-14T18:31:54.934900+00:00,DERIVED,extreme rainfall flood,False,DATE_ONLY,4.329999923706055,8.859999656677246,8.859999656677246,8.859999656677246,8.859999656677246,8.859999656677246,,,9.059999465942383,8.859999656677246,,5.999593706956697,
FL-UK-2021-02,2021-10-18,2021-10-18T08:00:00,29.349998474121094,79.44999694824219,6.579999923706055,3.2899999618530273,GPM_3IMERGHH_07,V07B,3B-HHR.MS.MRG.3IMERG.20211018-S080000-E082959.0480.V07B.HDF5,2021-10-18T08:00:00,2026-09-14T18:31:54.934900+00:00,DERIVED,extreme rainfall flood,False,DATE_ONLY,3.2899999618530273,7.619999885559082,12.149999618530273,12.149999618530273,12.149999618530273,12.149999618530273,,,9.059999465942383,12.149999618530273,3.0900001525878906,3.76277720842922,
FL-UK-2021-02,2021-10-18,2021-10-18T12:00:00,29.349998474121094,79.44999694824219,10.670000076293945,5.335000038146973,GPM_3IMERGHH_07,V07B,3B-HHR.MS.MRG.3IMERG.20211018-S120000-E122959.0720.V07B.HDF5,2021-10-18T12:00:00,2026-09-14T18:31:54.934900+00:00,DERIVED,extreme rainfall flood,False,DATE_ONLY,5.335000038146973,8.625,17.484999656677246,17.484999656677246,17.484999656677246,17.484999656677246,,,10.670000076293945,17.484999656677246,-0.2349996566772461,2.9595782252876965,
FL-UK-2021-02,2021-10-18,2021-10-18T16:00:00,29.349998474121094,79.44999694824219,8.819999694824219,4.409999847412109,GPM_3IMERGHH_07,V07B,3B-HHR.MS.MRG.3IMERG.20211018-S160000-E162959.0960.V07B.HDF5,2021-10-18T16:00:00,2026-09-14T18:31:54.934900+00:00,DERIVED,extreme rainfall flood,False,DATE_ONLY,4.409999847412109,9.744999885559082,21.894999504089355,21.894999504089355,21.894999504089355,21.894999504089355,,,10.670000076293945,21.894999504089355,2.125,2.6703995614476908,
FL-UK-2021-02,2021-10-18,2021-10-18T20:00:00,29.349998474121094,79.44999694824219,7.690000057220459,3.8450000286102295,GPM_3IMERGHH_07,V07B,3B-HHR.MS.MRG.3IMERG.20211018-S200000-E202959.1200.V07B.HDF5,2021-10-18T20:00:00,2026-09-14T18:31:54.934900+00:00,DERIVED,extreme rainfall flood,False,DATE_ONLY,3.8450000286102295,8.254999876022339,25.739999532699585,25.739999532699585,25.739999532699585,25.739999532699585,,,10.670000076293945,25.739999532699585,-0.37000012397766113,1.9241975771859383,
FL-UK-2021-02,2021-10-18,2021-10-18T00:00:00,29.349998474121094,79.54999542236328,6.929999828338623,3.4649999141693115,GPM_3IMERGHH_07,V07B,3B-HHR.MS.MRG.3IMERG.20211018-S000000-E002959.0000.V07B.HDF5,2021-10-18T00:00:00,2026-09-14T18:31:54.934900+00:00,DERIVED,extreme rainfall flood,False,DATE_ONLY,3.4649999141693115,3.4649999141693115,3.4649999141693115,3.4649999141693115,3.4649999141693115,3.4649999141693115,,,6.929999828338623,3.4649999141693115,,5.998961218810838,
FL-UK-2021-02,2021-10-18,2021-10-18T04:00:00,29.349998474121094,79.54999542236328,8.970000267028809,4.485000133514404,GPM_3IMERGHH_07,V07B,3B-HHR.MS.MRG.3IMERG.20211018-S040000-E042959.0240.V07B.HDF5,2021-10-18T04:00:00,2026-09-14T18:31:54.934900+00:00,DERIVED,extreme rainfall flood,False,DATE_ONLY,4.485000133514404,7.950000047683716,7.950000047683716,7.950000047683716,7.950000047683716,7.950000047683716,,,8.970000267028809,7.950000047683716,,5.999547203987321,
FL-UK-2021-02,2021-10-18,2021-10-18T08:00:00,29.349998474121094,79.54999542236328,9.260000228881836,4.630000114440918,GPM_3IMERGHH_07,V07B,3B-HHR.MS.MRG.3IMERG.20211018-S080000-E082959.0480.V07B.HDF5,2021-10-18T08:00:00,2026-09-14T18:31:54.934900+00:00,DERIVED,extreme rainfall flood,False,DATE_ONLY,4.630000114440918,9.115000247955322,12.580000162124634,12.580000162124634,12.580000162124634,12.580000162124634,,,9.260000228881836,12.580000162124634,5.650000333786011,4.347169513612122,
FL-UK-2021-02,2021-10-18,2021-10-18T12:00:00,29.349998474121094,79.54999542236328,9.300000190734863,4.650000095367432,GPM_3IMERGHH_07,V07B,3B-HHR.MS.MRG.3IMERG.20211018-S120000-E122959.0720.V07B.HDF5,2021-10-18T12:00:00,2026-09-14T18:31:54.934900+00:00,DERIVED,extreme rainfall flood,False,DATE_ONLY,4.650000095367432,9.28000020980835,17.230000257492065,17.230000257492065,17.230000257492065,17.230000257492065,,,9.300000190734863,17.230000257492065,1.3300001621246338,3.231460333753595,
FL-UK-2021-02,2021-10-18,2021-10-18T16:00:00,29.349998474121094,79.54999542236328,9.029999732971191,4.514999866485596,GPM_3IMERGHH_07,V07B,3B-HHR.MS.MRG.3IMERG.20211018-S160000-E162959.0960.V07B.HDF5,2021-10-18T16:00:00,2026-09-14T18:31:54.934900+00:00,DERIVED,extreme rainfall flood,False,DATE_ONLY,4.514999866485596,9.164999961853027,21.74500012397766,21.74500012397766,21.74500012397766,21.74500012397766,,,9.300000190734863,21.74500012397766,0.04999971389770508,2.528787407917234,
FL-UK-2021-02,2021-10-18,2021-10-18T20:00:00,29.349998474121094,79.54999542236328,7.170000076293945,3.5850000381469727,GPM_3IMERGHH_07,V07B,3B-HHR.MS.MRG.3IMERG.20211018-S200000-E202959.1200.V07B.HDF5,2021-10-18T20:00:00,2026-09-14T18:31:54.934900+00:00,DERIVED,extreme rainfall flood,False,DATE_ONLY,3.5850000381469727,8.099999904632568,25.330000162124634,25.330000162124634,25.330000162124634,25.330000162124634,,,9.300000190734863,25.330000162124634,-1.1800003051757812,1.9186280276321346,
FL-UK-2021-02,2021-10-18,2021-10-18T00:00:00,29.44999885559082,79.3499984741211,8.269999504089355,4.134999752044678,GPM_3IMERGHH_07,V07B,3B-HHR.MS.MRG.3IMERG.20211018-S000000-E002959.0000.V07B.HDF5,2021-10-18T00:00:00,2026-09-14T18:31:54.934900+00:00,DERIVED,extreme rainfall flood,False,DATE_ONLY,4.134999752044678,4.134999752044678,4.134999752044678,4.134999752044678,4.134999752044678,4.134999752044678,,,8.269999504089355,4.134999752044678,,5.999129509571563,
FL-UK-2021-02,2021-10-18,2021-10-18T04:00:00,29.44999885559082,79.3499984741211,9.069999694824219,4.534999847412109,GPM_3IMERGHH_07,V07B,3B-HHR.MS.MRG.3IMERG.20211018-S040000-E042959.0240.V07B.HDF5,2021-10-18T04:00:00,2026-09-14T18:31:54.934900+00:00,DERIVED,extreme rainfall flood,False,DATE_ONLY,4.534999847412109,8.669999599456787,8.669999599456787,8.669999599456787,8.669999599456787,8.669999599456787,,,9.069999694824219,8.669999599456787,,5.999584803800625,
FL-UK-2021-02,2021-10-18,2021-10-18T08:00:00,29.44999885559082,79.3499984741211,8.769999504089355,4.384999752044678,GPM_3IMERGHH_07,V07B,3B-HHR.MS.MRG.3IMERG.20211018-S080000-E082959.0480.V07B.HDF5,2021-10-18T08:00:00,2026-09-14T18:31:54.934900+00:00,DERIVED,extreme rainfall flood,False,DATE_ONLY,4.384999752044678,8.919999599456787,13.054999351501465,13.054999351501465,13.054999351501465,13.054999351501465,,,9.069999694824219,13.054999351501465,4.784999847412109,4.099390319494265,
FL-UK-2021-02,2021-10-18,2021-10-18T12:00:00,29.44999885559082,79.3499984741211,11.889999389648438,5.944999694824219,GPM_3IMERGHH_07,V07B,3B-HHR.MS.MRG.3IMERG.20211018-S120000-E122959.0720.V07B.HDF5,2021-10-18T12:00:00,2026-09-14T18:31:54.934900+00:00,DERIVED,extreme rainfall flood,False,DATE_ONLY,5.944999694824219,10.329999446868896,18.999999046325684,18.999999046325684,18.999999046325684,18.999999046325684,,,11.889999389648438,18.999999046325684,1.6599998474121094,3.2620022416187453,
FL-UK-2021-02,2021-10-18,2021-10-18T16:00:00,29.44999885559082,79.3499984741211,7.929999828338623,3.9649999141693115,GPM_3IMERGHH_07,V07B,3B-HHR.MS.MRG.3IMERG.20211018-S160000-E162959.0960.V07B.HDF5,2021-10-18T16:00:00,2026-09-14T18:31:54.934900+00:00,DERIVED,extreme rainfall flood,False,DATE_ONLY,3.9649999141693115,9.90999960899353,22.964998960494995,22.964998960494995,22.964998960494995,22.964998960494995,,,11.889999389648438,22.964998960494995,0.9900000095367432,2.589089784082844,
FL-UK-2021-02,2021-10-18,2021-10-18T20:00:00,29.44999885559082,79.3499984741211,5.799999713897705,2.8999998569488525,GPM_3IMERGHH_07,V07B,3B-HHR.MS.MRG.3IMERG.20211018-S200000-E202959.1200.V07B.HDF5,2021-10-18T20:00:00,2026-09-14T18:31:54.934900+00:00,DERIVED,extreme rainfall flood,False,DATE_ONLY,2.8999998569488525,6.864999771118164,25.864998817443848,25.864998817443848,25.864998817443848,25.864998817443848,,,11.889999389648438,25.864998817443848,-3.4649996757507324,1.5924625954891989,
FL-UK-2021-02,2021-10-18,2021-10-18T00:00:00,29.44999885559082,79.44999694824219,38.099998474121094,19.049999237060547,GPM_3IMERGHH_07,V07B,3B-HHR.MS.MRG.3IMERG.20211018-S000000-E002959.0000.V07B.HDF5,2021-10-18T00:00:00,2026-09-14T18:31:54.934900+00:00,DERIVED,extreme rainfall flood,False,DATE_ONLY,19.049999237060547,19.049999237060547,19.049999237060547,19.049999237060547,19.049999237060547,19.049999237060547,,,38.099998474121094,19.049999237060547,,5.999811029566303,
FL-UK-2021-02,2021-10-18,2021-10-18T04:00:00,29.44999885559082,79.44999694824219,7.019999980926514,3.509999990463257,GPM_3IMERGHH_07,V07B,3B-HHR.MS.MRG.3IMERG.20211018-S040000-E042959.0240.V07B.HDF5,2021-10-18T04:00:00,2026-09-14T18:31:54.934900+00:00,DERIVED,extreme rainfall flood,False,DATE_ONLY,3.509999990463257,22.559999227523804,22.559999227523804,22.559999227523804,22.559999227523804,22.559999227523804,,,38.099998474121094,22.559999227523804,,5.99984042977034,
FL-UK-2021-02,2021-10-18,2021-10-18T08:00:00,29.44999885559082,79.44999694824219,5.769999980926514,2.884999990463257,GPM_3IMERGHH_07,V07B,3B-HHR.MS.MRG.3IMERG.20211018-S080000-E082959.0480.V07B.HDF5,2021-10-18T08:00:00,2026-09-14T18:31:54.934900+00:00,DERIVED,extreme rainfall flood,False,DATE_ONLY,2.884999990463257,6.394999980926514,25.44499921798706,25.44499921798706,25.44499921798706,25.44499921798706,,,38.099998474121094,25.44499921798706,-12.654999256134033,1.507922826137888,
FL-UK-2021-02,2021-10-18,2021-10-18T12:00:00,29.44999885559082,79.44999694824219,7.819999694824219,3.9099998474121094,GPM_3IMERGHH_07,V07B,3B-HHR.MS.MRG.3IMERG.20211018-S120000-E122959.0720.V07B.HDF5,2021-10-18T12:00:00,2026-09-14T18:31:54.934900+00:00,DERIVED,extreme rainfall flood,False,DATE_ONLY,3.9099998474121094,6.794999837875366,29.35499906539917,29.35499906539917,29.35499906539917,29.35499906539917,,,38.099998474121094,29.35499906539917,-15.764999389648438,1.3888321248843782,
FL-UK-2021-02,2021-10-18,2021-10-18T16:00:00,29.44999885559082,79.44999694824219,6.799999713897705,3.3999998569488525,GPM_3IMERGHH_07,V07B,3B-HHR.MS.MRG.3IMERG.20211018-S160000-E162959.0960.V07B.HDF5,2021-10-18T16:00:00,2026-09-14T18:31:54.934900+00:00,DERIVED,extreme rainfall flood,False,DATE_ONLY,3.3999998569488525,7.309999704360962,32.75499892234802,32.75499892234802,32.75499892234802,32.75499892234802,,,38.099998474121094,32.75499892234802,0.9149997234344482,1.339007671028772,
FL-UK-2021-02,2021-10-18,2021-10-18T20:00:00,29.44999885559082,79.44999694824219,23.399999618530273,11.699999809265137,GPM_3IMERGHH_07,V07B,3B-HHR.MS.MRG.3IMERG.20211018-S200000-E202959.1200.V07B.HDF5,2021-10-18T20:00:00,2026-09-14T18:31:54.934900+00:00,DERIVED,extreme rainfall flood,False,DATE_ONLY,11.699999809265137,15.09999966621399,44.45499873161316,44.45499873161316,44.45499873161316,44.45499873161316,,,38.099998474121094,44.45499873161316,8.304999828338623,2.0379884779924624,
FL-UK-2021-02,2021-10-18,2021-10-18T00:00:00,29.44999885559082,79.54999542236328,6.029999732971191,3.0149998664855957,GPM_3IMERGHH_07,V07B,3B-HHR.MS.MRG.3IMERG.20211018-S000000-E002959.0000.V07B.HDF5,2021-10-18T00:00:00,2026-09-14T18:31:54.934900+00:00,DERIVED,extreme rainfall flood,False,DATE_ONLY,3.0149998664855957,3.0149998664855957,3.0149998664855957,3.0149998664855957,3.0149998664855957,3.0149998664855957,,,6.029999732971191,3.0149998664855957,,5.998806207667003,
FL-UK-2021-02,2021-10-18,2021-10-18T04:00:00,29.44999885559082,79.54999542236328,48.27000045776367,24.135000228881836,GPM_3IMERGHH_07,V07B,3B-HHR.MS.MRG.3IMERG.20211018-S040000-E042959.0240.V07B.HDF5,2021-10-18T04:00:00,2026-09-14T18:31:54.934900+00:00,DERIVED,extreme rainfall flood,False,DATE_ONLY,24.135000228881836,27.15000009536743,27.15000009536743,27.15000009536743,27.15000009536743,27.15000009536743,,,48.27000045776367,27.15000009536743,,5.999867406245632,
FL-UK-2021-02,2021-10-18,2021-10-18T08:00:00,29.44999885559082,79.54999542236328,8.819999694824219,4.409999847412109,GPM_3IMERGHH_07,V07B,3B-HHR.MS.MRG.3IMERG.20211018-S080000-E082959.0480.V07B.HDF5,2021-10-18T08:00:00,2026-09-14T18:31:54.934900+00:00,DERIVED,extreme rainfall flood,False,DATE_ONLY,4.409999847412109,28.545000076293945,31.55999994277954,31.55999994277954,31.55999994277954,31.55999994277954,,,48.27000045776367,31.55999994277954,25.53000020980835,5.426702938736339,
FL-UK-2021-02,2021-10-18,2021-10-18T12:00:00,29.44999885559082,79.54999542236328,10.109999656677246,5.054999828338623,GPM_3IMERGHH_07,V07B,3B-HHR.MS.MRG.3IMERG.20211018-S120000-E122959.0720.V07B.HDF5,2021-10-18T12:00:00,2026-09-14T18:31:54.934900+00:00,DERIVED,extreme rainfall flood,False,DATE_ONLY,5.054999828338623,9.464999675750732,36.614999771118164,36.614999771118164,36.614999771118164,36.614999771118164,,,48.27000045776367,36.614999771118164,-17.6850004196167,1.5509782281184834,
FL-UK-2021-02,2021-10-18,2021-10-18T16:00:00,29.44999885559082,79.54999542236328,8.829999923706055,4.414999961853027,GPM_3IMERGHH_07,V07B,3B-HHR.MS.MRG.3IMERG.20211018-S160000-E162959.0960.V07B.HDF5,2021-10-18T16:00:00,2026-09-14T18:31:54.934900+00:00,DERIVED,extreme rainfall flood,False,DATE_ONLY,4.414999961853027,9.46999979019165,41.02999973297119,41.02999973297119,41.02999973297119,41.02999973297119,,,48.27000045776367,41.02999973297119,-19.075000286102295,1.3848200882009223,
FL-UK-2021-02,2021-10-18,2021-10-18T20:00:00,29.44999885559082,79.54999542236328,24.799999237060547,12.399999618530273,GPM_3IMERGHH_07,V07B,3B-HHR.MS.MRG.3IMERG.20211018-S200000-E202959.1200.V07B.HDF5,2021-10-18T20:00:00,2026-09-14T18:31:54.934900+00:00,DERIVED,extreme rainfall flood,False,DATE_ONLY,12.399999618530273,16.8149995803833,53.429999351501465,53.429999351501465,53.429999351501465,53.429999351501465,,,48.27000045776367,53.429999351501465,7.349999904632568,1.8882437911388446,
FL-UK-2022-01,2022-08-19,2022-08-19T00:00:00,30.25,78.04999542236328,0.0,0.0,GPM_3IMERGHH_07,V07B,3B-HHR.MS.MRG.3IMERG.20220819-S000000-E002959.0000.V07B.HDF5,2022-08-19T00:00:00,2026-09-14T18:31:54.934900+00:00,DIRECT,cloudburst-induced flood,True,DATE_ONLY,0.0,0.0,0.0,0.0,0.0,0.0,,,0.0,0.0,,0.0,
FL-UK-2022-01,2022-08-19,2022-08-19T04:00:00,30.25,78.04999542236328,0.0,0.0,GPM_3IMERGHH_07,V07B,3B-HHR.MS.MRG.3IMERG.20220819-S040000-E042959.0240.V07B.HDF5,2022-08-19T04:00:00,2026-09-14T18:31:54.934900+00:00,DIRECT,cloudburst-induced flood,True,DATE_ONLY,0.0,0.0,0.0,0.0,0.0,0.0,,,0.0,0.0,,0.0,
FL-UK-2022-01,2022-08-19,2022-08-19T08:00:00,30.25,78.04999542236328,0.0,0.0,GPM_3IMERGHH_07,V07B,3B-HHR.MS.MRG.3IMERG.20220819-S080000-E082959.0480.V07B.HDF5,2022-08-19T08:00:00,2026-09-14T18:31:54.934900+00:00,DIRECT,cloudburst-induced flood,True,DATE_ONLY,0.0,0.0,0.0,0.0,0.0,0.0,,,0.0,0.0,0.0,0.0,
FL-UK-2022-01,2022-08-19,2022-08-19T12:00:00,30.25,78.04999542236328,1.090000033378601,0.5450000166893005,GPM_3IMERGHH_07,V07B,3B-HHR.MS.MRG.3IMERG.20220819-S120000-E122959.0720.V07B.HDF5,2022-08-19T12:00:00,2026-09-14T18:31:54.934900+00:00,DIRECT,cloudburst-induced flood,True,DATE_ONLY,0.5450000166893005,0.5450000166893005,0.5450000166893005,0.5450000166893005,0.5450000166893005,0.5450000166893005,,,1.090000033378601,0.5450000166893005,0.5450000166893005,5.993401759732625,
FL-UK-2022-01,2022-08-19,2022-08-19T16:00:00,30.25,78.04999542236328,6.940000057220459,3.4700000286102295,GPM_3IMERGHH_07,V07B,3B-HHR.MS.MRG.3IMERG.20220819-S160000-E162959.0960.V07B.HDF5,2022-08-19T16:00:00,2026-09-14T18:31:54.934900+00:00,DIRECT,cloudburst-induced flood,True,DATE_ONLY,3.4700000286102295,4.01500004529953,4.01500004529953,4.01500004529953,4.01500004529953,4.01500004529953,,,6.940000057220459,4.01500004529953,4.01500004529953,5.999103496374293,
FL-UK-2022-01,2022-08-19,2022-08-19T20:00:00,30.25,78.04999542236328,13.609999656677246,6.804999828338623,GPM_3IMERGHH_07,V07B,3B-HHR.MS.MRG.3IMERG.20220819-S200000-E202959.1200.V07B.HDF5,2022-08-19T20:00:00,2026-09-14T18:31:54.934900+00:00,DIRECT,cloudburst-induced flood,True,DATE_ONLY,6.804999828338623,10.274999856948853,10.819999873638153,10.819999873638153,10.819999873638153,10.819999873638153,,,13.609999656677246,10.819999873638153,9.729999840259552,5.697465931800033,
FL-UK-2022-01,2022-08-19,2022-08-19T00:00:00,30.25,78.1500015258789,0.0,0.0,GPM_3IMERGHH_07,V07B,3B-HHR.MS.MRG.3IMERG.20220819-S000000-E002959.0000.V07B.HDF5,2022-08-19T00:00:00,2026-09-14T18:31:54.934900+00:00,DIRECT,cloudburst-induced flood,True,DATE_ONLY,0.0,0.0,0.0,0.0,0.0,0.0,,,0.0,0.0,,0.0,
FL-UK-2022-01,2022-08-19,2022-08-19T04:00:00,30.25,78.1500015258789,0.0,0.0,GPM_3IMERGHH_07,V07B,3B-HHR.MS.MRG.3IMERG.20220819-S040000-E042959.0240.V07B.HDF5,2022-08-19T04:00:00,2026-09-14T18:31:54.934900+00:00,DIRECT,cloudburst-induced flood,True,DATE_ONLY,0.0,0.0,0.0,0.0,0.0,0.0,,,0.0,0.0,,0.0,
FL-UK-2022-01,2022-08-19,2022-08-19T08:00:00,30.25,78.1500015258789,0.0,0.0,GPM_3IMERGHH_07,V07B,3B-HHR.MS.MRG.3IMERG.20220819-S080000-E082959.0480.V07B.HDF5,2022-08-19T08:00:00,2026-09-14T18:31:54.934900+00:00,DIRECT,cloudburst-induced flood,True,DATE_ONLY,0.0,0.0,0.0,0.0,0.0,0.0,,,0.0,0.0,0.0,0.0,
FL-UK-2022-01,2022-08-19,2022-08-19T12:00:00,30.25,78.1500015258789,7.119999885559082,3.559999942779541,GPM_3IMERGHH_07,V07B,3B-HHR.MS.MRG.3IMERG.20220819-S120000-E122959.0720.V07B.HDF5,2022-08-19T12:00:00,2026-09-14T18:31:54.934900+00:00,DIRECT,cloudburst-induced flood,True,DATE_ONLY,3.559999942779541,3.559999942779541,3.559999942779541,3.559999942779541,3.559999942779541,3.559999942779541,,,7.119999885559082,3.559999942779541,3.559999942779541,5.998988934433002,
FL-UK-2022-01,2022-08-19,2022-08-19T16:00:00,30.25,78.1500015258789,8.519999504089355,4.259999752044678,GPM_3IMERGHH_07,V07B,3B-HHR.MS.MRG.3IMERG.20220819-S160000-E162959.0960.V07B.HDF5,2022-08-19T16:00:00,2026-09-14T18:31:54.934900+00:00,DIRECT,cloudburst-induced flood,True,DATE_ONLY,4.259999752044678,7.819999694824219,7.819999694824219,7.819999694824219,7.819999694824219,7.819999694824219,,,8.519999504089355,7.819999694824219,7.819999694824219,5.999539677244652,
FL-UK-2022-01,2022-08-19,2022-08-19T20:00:00,30.25,78.1500015258789,11.929999351501465,5.964999675750732,GPM_3IMERGHH_07,V07B,3B-HHR.MS.MRG.3IMERG.20220819-S200000-E202959.1200.V07B.HDF5,2022-08-19T20:00:00,2026-09-14T18:31:54.934900+00:00,DIRECT,cloudburst-induced flood,True,DATE_ONLY,5.964999675750732,10.22499942779541,13.784999370574951,13.784999370574951,13.784999370574951,13.784999370574951,,,11.929999351501465,13.784999370574951,6.664999485015869,4.450295915150605,
FL-UK-2022-01,2022-08-19,2022-08-19T00:00:00,30.25,78.25,0.0,0.0,GPM_3IMERGHH_07,V07B,3B-HHR.MS.MRG.3IMERG.20220819-S000000-E002959.0000.V07B.HDF5,2022-08-19T00:00:00,2026-09-14T18:31:54.934900+00:00,DIRECT,cloudburst-induced flood,True,DATE_ONLY,0.0,0.0,0.0,0.0,0.0,0.0,,,0.0,0.0,,0.0,
FL-UK-2022-01,2022-08-19,2022-08-19T04:00:00,30.25,78.25,0.0,0.0,GPM_3IMERGHH_07,V07B,3B-HHR.MS.MRG.3IMERG.20220819-S040000-E042959.0240.V07B.HDF5,2022-08-19T04:00:00,2026-09-14T18:31:54.934900+00:00,DIRECT,cloudburst-induced flood,True,DATE_ONLY,0.0,0.0,0.0,0.0,0.0,0.0,,,0.0,0.0,,0.0,
FL-UK-2022-01,2022-08-19,2022-08-19T08:00:00,30.25,78.25,0.0,0.0,GPM_3IMERGHH_07,V07B,3B-HHR.MS.MRG.3IMERG.20220819-S080000-E082959.0480.V07B.HDF5,2022-08-19T08:00:00,2026-09-14T18:31:54.934900+00:00,DIRECT,cloudburst-induced flood,True,DATE_ONLY,0.0,0.0,0.0,0.0,0.0,0.0,,,0.0,0.0,0.0,0.0,
FL-UK-2022-01,2022-08-19,2022-08-19T12:00:00,30.25,78.25,11.010000228881836,5.505000114440918,GPM_3IMERGHH_07,V07B,3B-HHR.MS.MRG.3IMERG.20220819-S120000-E122959.0720.V07B.HDF5,2022-08-19T12:00:00,2026-09-14T18:31:54.934900+00:00,DIRECT,cloudburst-induced flood,True,DATE_ONLY,5.505000114440918,5.505000114440918,5.505000114440918,5.505000114440918,5.505000114440918,5.505000114440918,,,11.010000228881836,5.505000114440918,5.505000114440918,5.999346120327454,
FL-UK-2022-01,2022-08-19,2022-08-19T16:00:00,30.25,78.25,3.619999885559082,1.809999942779541,GPM_3IMERGHH_07,V07B,3B-HHR.MS.MRG.3IMERG.20220819-S160000-E162959.0960.V07B.HDF5,2022-08-19T16:00:00,2026-09-14T18:31:54.934900+00:00,DIRECT,cloudburst-induced flood,True,DATE_ONLY,1.809999942779541,7.315000057220459,7.315000057220459,7.315000057220459,7.315000057220459,7.315000057220459,,,11.010000228881836,7.315000057220459,7.315000057220459,5.9995079009279015,
FL-UK-2022-01,2022-08-19,2022-08-19T20:00:00,30.25,78.25,16.03999900817871,8.019999504089355,GPM_3IMERGHH_07,V07B,3B-HHR.MS.MRG.3IMERG.20220819-S200000-E202959.1200.V07B.HDF5,2022-08-19T20:00:00,2026-09-14T18:31:54.934900+00:00,DIRECT,cloudburst-induced flood,True,DATE_ONLY,8.019999504089355,9.829999446868896,15.334999561309814,15.334999561309814,15.334999561309814,15.334999561309814,,,16.03999900817871,15.334999561309814,4.3249993324279785,3.845953100523961,
FL-UK-2022-01,2022-08-19,2022-08-19T00:00:00,30.349998474121094,78.04999542236328,0.0,0.0,GPM_3IMERGHH_07,V07B,3B-HHR.MS.MRG.3IMERG.20220819-S000000-E002959.0000.V07B.HDF5,2022-08-19T00:00:00,2026-09-14T18:31:54.934900+00:00,DIRECT,cloudburst-induced flood,True,DATE_ONLY,0.0,0.0,0.0,0.0,0.0,0.0,,,0.0,0.0,,0.0,
FL-UK-2022-01,2022-08-19,2022-08-19T04:00:00,30.349998474121094,78.04999542236328,0.0,0.0,GPM_3IMERGHH_07,V07B,3B-HHR.MS.MRG.3IMERG.20220819-S040000-E042959.0240.V07B.HDF5,2022-08-19T04:00:00,2026-09-14T18:31:54.934900+00:00,DIRECT,cloudburst-induced flood,True,DATE_ONLY,0.0,0.0,0.0,0.0,0.0,0.0,,,0.0,0.0,,0.0,
FL-UK-2022-01,2022-08-19,2022-08-19T08:00:00,30.349998474121094,78.04999542236328,0.0,0.0,GPM_3IMERGHH_07,V07B,3B-HHR.MS.MRG.3IMERG.20220819-S080000-E082959.0480.V07B.HDF5,2022-08-19T08:00:00,2026-09-14T18:31:54.934900+00:00,DIRECT,cloudburst-induced flood,True,DATE_ONLY,0.0,0.0,0.0,0.0,0.0,0.0,,,0.0,0.0,0.0,0.0,
FL-UK-2022-01,2022-08-19,2022-08-19T12:00:00,30.349998474121094,78.04999542236328,4.509999752044678,2.254999876022339,GPM_3IMERGHH_07,V07B,3B-HHR.MS.MRG.3IMERG.20220819-S120000-E122959.0720.V07B.HDF5,2022-08-19T12:00:00,2026-09-14T18:31:54.934900+00:00,DIRECT,cloudburst-induced flood,True,DATE_ONLY,2.254999876022339,2.254999876022339,2.254999876022339,2.254999876022339,2.254999876022339,2.254999876022339,,,4.509999752044678,2.254999876022339,2.254999876022339,5.998403972247796,
FL-UK-2022-01,2022-08-19,2022-08-19T16:00:00,30.349998474121094,78.04999542236328,1.8499999046325684,0.9249999523162842,GPM_3IMERGHH_07,V07B,3B-HHR.MS.MRG.3IMERG.20220819-S160000-E162959.0960.V07B.HDF5,2022-08-19T16:00:00,2026-09-14T18:31:54.934900+00:00,DIRECT,cloudburst-induced flood,True,DATE_ONLY,0.9249999523162842,3.179999828338623,3.179999828338623,3.179999828338623,3.179999828338623,3.179999828338623,,,4.509999752044678,3.179999828338623,3.179999828338623,5.998868138026065,
FL-UK-2022-01,2022-08-19,2022-08-19T20:00:00,30.349998474121094,78.04999542236328,19.779998779296875,9.889999389648438,GPM_3IMERGHH_07,V07B,3B-HHR.MS.MRG.3IMERG.20220819-S200000-E202959.1200.V07B.HDF5,2022-08-19T20:00:00,2026-09-14T18:31:54.934900+00:00,DIRECT,cloudburst-induced flood,True,DATE_ONLY,9.889999389648438,10.814999341964722,13.06999921798706,13.06999921798706,13.06999921798706,13.06999921798706,,,19.779998779296875,13.06999921798706,8.559999465942383,4.964576984541778,
FL-UK-2022-01,2022-08-19,2022-08-19T00:00:00,30.349998474121094,78.1500015258789,0.0,0.0,GPM_3IMERGHH_07,V07B,3B-HHR.MS.MRG.3IMERG.20220819-S000000-E002959.0000.V07B.HDF5,2022-08-19T00:00:00,2026-09-14T18:31:54.934900+00:00,DIRECT,cloudburst-induced flood,True,DATE_ONLY,0.0,0.0,0.0,0.0,0.0,0.0,,,0.0,0.0,,0.0,
FL-UK-2022-01,2022-08-19,2022-08-19T04:00:00,30.349998474121094,78.1500015258789,0.0,0.0,GPM_3IMERGHH_07,V07B,3B-HHR.MS.MRG.3IMERG.20220819-S040000-E042959.0240.V07B.HDF5,2022-08-19T04:00:00,2026-09-14T18:31:54.934900+00:00,DIRECT,cloudburst-induced flood,True,DATE_ONLY,0.0,0.0,0.0,0.0,0.0,0.0,,,0.0,0.0,,0.0,
FL-UK-2022-01,2022-08-19,2022-08-19T08:00:00,30.349998474121094,78.1500015258789,0.0,0.0,GPM_3IMERGHH_07,V07B,3B-HHR.MS.MRG.3IMERG.20220819-S080000-E082959.0480.V07B.HDF5,2022-08-19T08:00:00,2026-09-14T18:31:54.934900+00:00,DIRECT,cloudburst-induced flood,True,DATE_ONLY,0.0,0.0,0.0,0.0,0.0,0.0,,,0.0,0.0,0.0,0.0,
FL-UK-2022-01,2022-08-19,2022-08-19T12:00:00,30.349998474121094,78.1500015258789,3.5,1.75,GPM_3IMERGHH_07,V07B,3B-HHR.MS.MRG.3IMERG.20220819-S120000-E122959.0720.V07B.HDF5,2022-08-19T12:00:00,2026-09-14T18:31:54.934900+00:00,DIRECT,cloudburst-induced flood,True,DATE_ONLY,1.75,1.75,1.75,1.75,1.75,1.75,,,3.5,1.75,1.75,5.997943562207243,
FL-UK-2022-01,2022-08-19,2022-08-19T16:00:00,30.349998474121094,78.1500015258789,2.6599998474121094,1.3299999237060547,GPM_3IMERGHH_07,V07B,3B-HHR.MS.MRG.3IMERG.20220819-S160000-E162959.0960.V07B.HDF5,2022-08-19T16:00:00,2026-09-14T18:31:54.934900+00:00,DIRECT,cloudburst-induced flood,True,DATE_ONLY,1.3299999237060547,3.0799999237060547,3.0799999237060547,3.0799999237060547,3.0799999237060547,3.0799999237060547,,,3.5,3.0799999237060547,3.0799999237060547,5.998831396452264,
FL-UK-2022-01,2022-08-19,2022-08-19T20:00:00,30.349998474121094,78.1500015258789,18.529998779296875,9.264999389648438,GPM_3IMERGHH_07,V07B,3B-HHR.MS.MRG.3IMERG.20220819-S200000-E202959.1200.V07B.HDF5,2022-08-19T20:00:00,2026-09-14T18:31:54.934900+00:00,DIRECT,cloudburst-induced flood,True,DATE_ONLY,9.264999389648438,10.594999313354492,12.344999313354492,12.344999313354492,12.344999313354492,12.344999313354492,,,18.529998779296875,12.344999313354492,8.844999313354492,5.149202907578732,
FL-UK-2022-01,2022-08-19,2022-08-19T00:00:00,30.349998474121094,78.25,0.0,0.0,GPM_3IMERGHH_07,V07B,3B-HHR.MS.MRG.3IMERG.20220819-S000000-E002959.0000.V07B.HDF5,2022-08-19T00:00:00,2026-09-14T18:31:54.934900+00:00,DIRECT,cloudburst-induced flood,True,DATE_ONLY,0.0,0.0,0.0,0.0,0.0,0.0,,,0.0,0.0,,0.0,
FL-UK-2022-01,2022-08-19,2022-08-19T04:00:00,30.349998474121094,78.25,0.0,0.0,GPM_3IMERGHH_07,V07B,3B-HHR.MS.MRG.3IMERG.20220819-S040000-E042959.0240.V07B.HDF5,2022-08-19T04:00:00,2026-09-14T18:31:54.934900+00:00,DIRECT,cloudburst-induced flood,True,DATE_ONLY,0.0,0.0,0.0,0.0,0.0,0.0,,,0.0,0.0,,0.0,
FL-UK-2022-01,2022-08-19,2022-08-19T08:00:00,30.349998474121094,78.25,0.0,0.0,GPM_3IMERGHH_07,V07B,3B-HHR.MS.MRG.3IMERG.20220819-S080000-E082959.0480.V07B.HDF5,2022-08-19T08:00:00,2026-09-14T18:31:54.934900+00:00,DIRECT,cloudburst-induced flood,True,DATE_ONLY,0.0,0.0,0.0,0.0,0.0,0.0,,,0.0,0.0,0.0,0.0,
FL-UK-2022-01,2022-08-19,2022-08-19T12:00:00,30.349998474121094,78.25,4.880000114440918,2.440000057220459,GPM_3IMERGHH_07,V07B,3B-HHR.MS.MRG.3IMERG.20220819-S120000-E122959.0720.V07B.HDF5,2022-08-19T12:00:00,2026-09-14T18:31:54.934900+00:00,DIRECT,cloudburst-induced flood,True,DATE_ONLY,2.440000057220459,2.440000057220459,2.440000057220459,2.440000057220459,2.440000057220459,2.440000057220459,,,4.880000114440918,2.440000057220459,2.440000057220459,5.998524952915022,
FL-UK-2022-01,2022-08-19,2022-08-19T16:00:00,30.349998474121094,78.25,2.379999876022339,1.1899999380111694,GPM_3IMERGHH_07,V07B,3B-HHR.MS.MRG.3IMERG.20220819-S160000-E162959.0960.V07B.HDF5,2022-08-19T16:00:00,2026-09-14T18:31:54.934900+00:00,DIRECT,cloudburst-induced flood,True,DATE_ONLY,1.1899999380111694,3.6299999952316284,3.6299999952316284,3.6299999952316284,3.6299999952316284,3.6299999952316284,,,4.880000114440918,3.6299999952316284,3.6299999952316284,5.999008428357647,
FL-UK-2022-01,2022-08-19,2022-08-19T20:00:00,30.349998474121094,78.25,21.03999900817871,10.519999504089355,GPM_3IMERGHH_07,V07B,3B-HHR.MS.MRG.3IMERG.20220819-S200000-E202959.1200.V07B.HDF5,2022-08-19T20:00:00,2026-09-14T18:31:54.934900+00:00,DIRECT,cloudburst-induced flood,True,DATE_ONLY,10.519999504089355,11.709999442100525,14.149999499320984,14.149999499320984,14.149999499320984,14.149999499320984,,,21.03999900817871,14.149999499320984,9.269999384880066,4.965160427017566,
FL-UK-2022-01,2022-08-19,2022-08-19T00:00:00,30.44999885559082,78.04999542236328,0.0,0.0,GPM_3IMERGHH_07,V07B,3B-HHR.MS.MRG.3IMERG.20220819-S000000-E002959.0000.V07B.HDF5,2022-08-19T00:00:00,2026-09-14T18:31:54.934900+00:00,DIRECT,cloudburst-induced flood,True,DATE_ONLY,0.0,0.0,0.0,0.0,0.0,0.0,,,0.0,0.0,,0.0,
FL-UK-2022-01,2022-08-19,2022-08-19T04:00:00,30.44999885559082,78.04999542236328,0.0,0.0,GPM_3IMERGHH_07,V07B,3B-HHR.MS.MRG.3IMERG.20220819-S040000-E042959.0240.V07B.HDF5,2022-08-19T04:00:00,2026-09-14T18:31:54.934900+00:00,DIRECT,cloudburst-induced flood,True,DATE_ONLY,0.0,0.0,0.0,0.0,0.0,0.0,,,0.0,0.0,,0.0,
FL-UK-2022-01,2022-08-19,2022-08-19T08:00:00,30.44999885559082,78.04999542236328,0.0,0.0,GPM_3IMERGHH_07,V07B,3B-HHR.MS.MRG.3IMERG.20220819-S080000-E082959.0480.V07B.HDF5,2022-08-19T08:00:00,2026-09-14T18:31:54.934900+00:00,DIRECT,cloudburst-induced flood,True,DATE_ONLY,0.0,0.0,0.0,0.0,0.0,0.0,,,0.0,0.0,0.0,0.0,
FL-UK-2022-01,2022-08-19,2022-08-19T12:00:00,30.44999885559082,78.04999542236328,9.529999732971191,4.764999866485596,GPM_3IMERGHH_07,V07B,3B-HHR.MS.MRG.3IMERG.20220819-S120000-E122959.0720.V07B.HDF5,2022-08-19T12:00:00,2026-09-14T18:31:54.934900+00:00,DIRECT,cloudburst-induced flood,True,DATE_ONLY,4.764999866485596,4.764999866485596,4.764999866485596,4.764999866485596,4.764999866485596,4.764999866485596,,,9.529999732971191,4.764999866485596,4.764999866485596,5.999244586179944,
FL-UK-2022-01,2022-08-19,2022-08-19T16:00:00,30.44999885559082,78.04999542236328,1.7599999904632568,0.8799999952316284,GPM_3IMERGHH_07,V07B,3B-HHR.MS.MRG.3IMERG.20220819-S160000-E162959.0960.V07B.HDF5,2022-08-19T16:00:00,2026-09-14T18:31:54.934900+00:00,DIRECT,cloudburst-induced flood,True,DATE_ONLY,0.8799999952316284,5.644999861717224,5.644999861717224,5.644999861717224,5.644999861717224,5.644999861717224,,,9.529999732971191,5.644999861717224,5.644999861717224,5.999362335254326,
FL-UK-2022-01,2022-08-19,2022-08-19T20:00:00,30.44999885559082,78.04999542236328,16.639999389648438,8.319999694824219,GPM_3IMERGHH_07,V07B,3B-HHR.MS.MRG.3IMERG.20220819-S200000-E202959.1200.V07B.HDF5,2022-08-19T20:00:00,2026-09-14T18:31:54.934900+00:00,DIRECT,cloudburst-induced flood,True,DATE_ONLY,8.319999694824219,9.199999690055847,13.964999556541443,13.964999556541443,13.964999556541443,13.964999556541443,,,16.639999389648438,13.964999556541443,4.4349998235702515,3.9525691623085075,
FL-UK-2022-01,2022-08-19,2022-08-19T00:00:00,30.44999885559082,78.1500015258789,0.0,0.0,GPM_3IMERGHH_07,V07B,3B-HHR.MS.MRG.3IMERG.20220819-S000000-E002959.0000.V07B.HDF5,2022-08-19T00:00:00,2026-09-14T18:31:54.934900+00:00,DIRECT,cloudburst-induced flood,True,DATE_ONLY,0.0,0.0,0.0,0.0,0.0,0.0,,,0.0,0.0,,0.0,
FL-UK-2022-01,2022-08-19,2022-08-19T04:00:00,30.44999885559082,78.1500015258789,0.0,0.0,GPM_3IMERGHH_07,V07B,3B-HHR.MS.MRG.3IMERG.20220819-S040000-E042959.0240.V07B.HDF5,2022-08-19T04:00:00,2026-09-14T18:31:54.934900+00:00,DIRECT,cloudburst-induced flood,True,DATE_ONLY,0.0,0.0,0.0,0.0,0.0,0.0,,,0.0,0.0,,0.0,
FL-UK-2022-01,2022-08-19,2022-08-19T08:00:00,30.44999885559082,78.1500015258789,0.0,0.0,GPM_3IMERGHH_07,V07B,3B-HHR.MS.MRG.3IMERG.20220819-S080000-E082959.0480.V07B.HDF5,2022-08-19T08:00:00,2026-09-14T18:31:54.934900+00:00,DIRECT,cloudburst-induced flood,True,DATE_ONLY,0.0,0.0,0.0,0.0,0.0,0.0,,,0.0,0.0,0.0,0.0,
FL-UK-2022-01,2022-08-19,2022-08-19T12:00:00,30.44999885559082,78.1500015258789,8.75,4.375,GPM_3IMERGHH_07,V07B,3B-HHR.MS.MRG.3IMERG.20220819-S120000-E122959.0720.V07B.HDF5,2022-08-19T12:00:00,2026-09-14T18:31:54.934900+00:00,DIRECT,cloudburst-induced flood,True,DATE_ONLY,4.375,4.375,4.375,4.375,4.375,4.375,,,8.75,4.375,4.375,5.999177255690649,
FL-UK-2022-01,2022-08-19,2022-08-19T16:00:00,30.44999885559082,78.1500015258789,2.309999942779541,1.1549999713897705,GPM_3IMERGHH_07,V07B,3B-HHR.MS.MRG.3IMERG.20220819-S160000-E162959.0960.V07B.HDF5,2022-08-19T16:00:00,2026-09-14T18:31:54.934900+00:00,DIRECT,cloudburst-induced flood,True,DATE_ONLY,1.1549999713897705,5.5299999713897705,5.5299999713897705,5.5299999713897705,5.5299999713897705,5.5299999713897705,,,8.75,5.5299999713897705,5.5299999713897705,5.999349076046248,
FL-UK-2022-01,2022-08-19,2022-08-19T20:00:00,30.44999885559082,78.1500015258789,0.25,0.125,GPM_3IMERGHH_07,V07B,3B-HHR.MS.MRG.3IMERG.20220819-S200000-E202959.1200.V07B.HDF5,2022-08-19T20:00:00,2026-09-14T18:31:54.934900+00:00,DIRECT,cloudburst-induced flood,True,DATE_ONLY,0.125,1.2799999713897705,5.6549999713897705,5.6549999713897705,5.6549999713897705,5.6549999713897705,,,8.75,5.6549999713897705,-3.0950000286102295,1.3579460830309378,
FL-UK-2022-01,2022-08-19,2022-08-19T00:00:00,30.44999885559082,78.25,0.0,0.0,GPM_3IMERGHH_07,V07B,3B-HHR.MS.MRG.3IMERG.20220819-S000000-E002959.0000.V07B.HDF5,2022-08-19T00:00:00,2026-09-14T18:31:54.934900+00:00,DIRECT,cloudburst-induced flood,True,DATE_ONLY,0.0,0.0,0.0,0.0,0.0,0.0,,,0.0,0.0,,0.0,
FL-UK-2022-01,2022-08-19,2022-08-19T04:00:00,30.44999885559082,78.25,0.0,0.0,GPM_3IMERGHH_07,V07B,3B-HHR.MS.MRG.3IMERG.20220819-S040000-E042959.0240.V07B.HDF5,2022-08-19T04:00:00,2026-09-14T18:31:54.934900+00:00,DIRECT,cloudburst-induced flood,True,DATE_ONLY,0.0,0.0,0.0,0.0,0.0,0.0,,,0.0,0.0,,0.0,
FL-UK-2022-01,2022-08-19,2022-08-19T08:00:00,30.44999885559082,78.25,0.0,0.0,GPM_3IMERGHH_07,V07B,3B-HHR.MS.MRG.3IMERG.20220819-S080000-E082959.0480.V07B.HDF5,2022-08-19T08:00:00,2026-09-14T18:31:54.934900+00:00,DIRECT,cloudburst-induced flood,True,DATE_ONLY,0.0,0.0,0.0,0.0,0.0,0.0,,,0.0,0.0,0.0,0.0,
FL-UK-2022-01,2022-08-19,2022-08-19T12:00:00,30.44999885559082,78.25,4.589999675750732,2.294999837875366,GPM_3IMERGHH_07,V07B,3B-HHR.MS.MRG.3IMERG.20220819-S120000-E122959.0720.V07B.HDF5,2022-08-19T12:00:00,2026-09-14T18:31:54.934900+00:00,DIRECT,cloudburst-induced flood,True,DATE_ONLY,2.294999837875366,2.294999837875366,2.294999837875366,2.294999837875366,2.294999837875366,2.294999837875366,,,4.589999675750732,2.294999837875366,2.294999837875366,5.998431782429758,
FL-UK-2022-01,2022-08-19,2022-08-19T16:00:00,30.44999885559082,78.25,2.5799999237060547,1.2899999618530273,GPM_3IMERGHH_07,V07B,3B-HHR.MS.MRG.3IMERG.20220819-S160000-E162959.0960.V07B.HDF5,2022-08-19T16:00:00,2026-09-14T18:31:54.934900+00:00,DIRECT,cloudburst-induced flood,True,DATE_ONLY,1.2899999618530273,3.5849997997283936,3.5849997997283936,3.5849997997283936,3.5849997997283936,3.5849997997283936,,,4.589999675750732,3.5849997997283936,3.5849997997283936,5.998995983879665,
FL-UK-2022-01,2022-08-19,2022-08-19T20:00:00,30.44999885559082,78.25,0.3499999940395355,0.17499999701976776,GPM_3IMERGHH_07,V07B,3B-HHR.MS.MRG.3IMERG.20220819-S200000-E202959.1200.V07B.HDF5,2022-08-19T20:00:00,2026-09-14T18:31:54.934900+00:00,DIRECT,cloudburst-induced flood,True,DATE_ONLY,0.17499999701976776,1.464999958872795,3.7599997967481613,3.7599997967481613,3.7599997967481613,3.7599997967481613,,,4.589999675750732,3.7599997967481613,-0.8299998790025711,2.337393029919747,
FL-UK-2023-01,2023-08-04,2023-08-04T00:00:00,30.44999885559082,78.94999694824219,4.029999732971191,2.0149998664855957,GPM_3IMERGHH_07,V07B,3B-HHR.MS.MRG.3IMERG.20230804-S000000-E002959.0000.V07B.HDF5,2023-08-04T00:00:00,2026-09-14T18:31:54.934900+00:00,DERIVED,flash flood,True,DATE_ONLY,2.0149998664855957,2.0149998664855957,2.0149998664855957,2.0149998664855957,2.0149998664855957,2.0149998664855957,,,4.029999732971191,2.0149998664855957,,5.998213931217273,
FL-UK-2023-01,2023-08-04,2023-08-04T04:00:00,30.44999885559082,78.94999694824219,13.829999923706055,6.914999961853027,GPM_3IMERGHH_07,V07B,3B-HHR.MS.MRG.3IMERG.20230804-S040000-E042959.0240.V07B.HDF5,2023-08-04T04:00:00,2026-09-14T18:31:54.934900+00:00,DERIVED,flash flood,True,DATE_ONLY,6.914999961853027,8.929999828338623,8.929999828338623,8.929999828338623,8.929999828338623,8.929999828338623,,,13.829999923706055,8.929999828338623,,5.999596891578483,
FL-UK-2023-01,2023-08-04,2023-08-04T08:00:00,30.44999885559082,78.94999694824219,1.100000023841858,0.550000011920929,GPM_3IMERGHH_07,V07B,3B-HHR.MS.MRG.3IMERG.20230804-S080000-E082959.0480.V07B.HDF5,2023-08-04T08:00:00,2026-09-14T18:31:54.934900+00:00,DERIVED,flash flood,True,DATE_ONLY,0.550000011920929,7.464999973773956,9.479999840259552,9.479999840259552,9.479999840259552,9.479999840259552,,,13.829999923706055,9.479999840259552,5.450000107288361,4.724384595628869,
FL-UK-2023-01,2023-08-04,2023-08-04T12:00:00,30.44999885559082,78.94999694824219,0.19999998807907104,0.09999999403953552,GPM_3IMERGHH_07,V07B,3B-HHR.MS.MRG.3IMERG.20230804-S120000-E122959.0720.V07B.HDF5,2023-08-04T12:00:00,2026-09-14T18:31:54.934900+00:00,DERIVED,flash flood,True,DATE_ONLY,0.09999999403953552,0.6500000059604645,9.579999834299088,9.579999834299088,9.579999834299088,9.579999834299088,,,13.829999923706055,9.579999834299088,-8.279999822378159,0.4070726367049135,
FL-UK-2023-01,2023-08-04,2023-08-04T16:00:00,30.44999885559082,78.94999694824219,0.35999998450279236,0.17999999225139618,GPM_3IMERGHH_07,V07B,3B-HHR.MS.MRG.3IMERG.20230804-S160000-E162959.0960.V07B.HDF5,2023-08-04T16:00:00,2026-09-14T18:31:54.934900+00:00,DERIVED,flash flood,True,DATE_ONLY,0.17999999225139618,0.2799999862909317,9.759999826550484,9.759999826550484,9.759999826550484,9.759999826550484,,,13.829999923706055,9.759999826550484,-7.184999987483025,0.17212056099008444,
FL-UK-2023-01,2023-08-04,2023-08-04T20:00:00,30.44999885559082,78.94999694824219,0.0,0.0,GPM_3IMERGHH_07,V07B,3B-HHR.MS.MRG.3IMERG.20230804-S200000-E202959.1200.V07B.HDF5,2023-08-04T20:00:00,2026-09-14T18:31:54.934900+00:00,DERIVED,flash flood,True,DATE_ONLY,0.0,0.17999999225139618,9.759999826550484,9.759999826550484,9.759999826550484,9.759999826550484,,,13.829999923706055,9.759999826550484,-0.4700000137090683,0.11064893271933907,
FL-UK-2023-01,2023-08-04,2023-08-04T00:00:00,30.44999885559082,79.04999542236328,5.75,2.875,GPM_3IMERGHH_07,V07B,3B-HHR.MS.MRG.3IMERG.20230804-S000000-E002959.0000.V07B.HDF5,2023-08-04T00:00:00,2026-09-14T18:31:54.934900+00:00,DERIVED,flash flood,True,DATE_ONLY,2.875,2.875,2.875,2.875,2.875,2.875,,,5.75,2.875,,5.998748087355682,
FL-UK-2023-01,2023-08-04,2023-08-04T04:00:00,30.44999885559082,79.04999542236328,4.659999847412109,2.3299999237060547,GPM_3IMERGHH_07,V07B,3B-HHR.MS.MRG.3IMERG.20230804-S040000-E042959.0240.V07B.HDF5,2023-08-04T04:00:00,2026-09-14T18:31:54.934900+00:00,DERIVED,flash flood,True,DATE_ONLY,2.3299999237060547,5.204999923706055,5.204999923706055,5.204999923706055,5.204999923706055,5.204999923706055,,,5.75,5.204999923706055,,5.999308437057638,
FL-UK-2023-01,2023-08-04,2023-08-04T08:00:00,30.44999885559082,79.04999542236328,0.8399999737739563,0.41999998688697815,GPM_3IMERGHH_07,V07B,3B-HHR.MS.MRG.3IMERG.20230804-S080000-E082959.0480.V07B.HDF5,2023-08-04T08:00:00,2026-09-14T18:31:54.934900+00:00,DERIVED,flash flood,True,DATE_ONLY,0.41999998688697815,2.749999910593033,5.624999910593033,5.624999910593033,5.624999910593033,5.624999910593033,,,5.75,5.624999910593033,-0.12500008940696716,2.9330204290725717,
FL-UK-2023-01,2023-08-04,2023-08-04T12:00:00,30.44999885559082,79.04999542236328,0.14999999105930328,0.07499999552965164,GPM_3IMERGHH_07,V07B,3B-HHR.MS.MRG.3IMERG.20230804-S120000-E122959.0720.V07B.HDF5,2023-08-04T12:00:00,2026-09-14T18:31:54.934900+00:00,DERIVED,flash flood,True,DATE_ONLY,0.07499999552965164,0.4949999824166298,5.6999999061226845,5.6999999061226845,5.6999999061226845,5.6999999061226845,,,5.75,5.6999999061226845,-4.709999941289425,0.5209977797792604,
FL-UK-2023-01,2023-08-04,2023-08-04T16:00:00,30.44999885559082,79.04999542236328,0.0,0.0,GPM_3IMERGHH_07,V07B,3B-HHR.MS.MRG.3IMERG.20230804-S160000-E162959.0960.V07B.HDF5,2023-08-04T16:00:00,2026-09-14T18:31:54.934900+00:00,DERIVED,flash flood,True,DATE_ONLY,0.0,0.07499999552965164,5.6999999061226845,5.6999999061226845,5.6999999061226845,5.6999999061226845,,,5.75,5.6999999061226845,-2.674999915063381,0.07893905564124767,
FL-UK-2023-01,2023-08-04,2023-08-04T20:00:00,30.44999885559082,79.04999542236328,0.17999999225139618,0.08999999612569809,GPM_3IMERGHH_07,V07B,3B-HHR.MS.MRG.3IMERG.20230804-S200000-E202959.1200.V07B.HDF5,2023-08-04T20:00:00,2026-09-14T18:31:54.934900+00:00,DERIVED,flash flood,True,DATE_ONLY,0.08999999612569809,0.08999999612569809,5.789999902248383,5.789999902248383,5.789999902248383,5.789999902248383,,,5.75,5.789999902248383,-0.4049999862909317,0.09325458257693069,
FL-UK-2023-01,2023-08-04,2023-08-04T00:00:00,30.44999885559082,79.1500015258789,6.099999904632568,3.049999952316284,GPM_3IMERGHH_07,V07B,3B-HHR.MS.MRG.3IMERG.20230804-S000000-E002959.0000.V07B.HDF5,2023-08-04T00:00:00,2026-09-14T18:31:54.934900+00:00,DERIVED,flash flood,True,DATE_ONLY,3.049999952316284,3.049999952316284,3.049999952316284,3.049999952316284,3.049999952316284,3.049999952316284,,,6.099999904632568,3.049999952316284,,5.998819904262679,
FL-UK-2023-01,2023-08-04,2023-08-04T04:00:00,30.44999885559082,79.1500015258789,9.65999984741211,4.829999923706055,GPM_3IMERGHH_07,V07B,3B-HHR.MS.MRG.3IMERG.20230804-S040000-E042959.0240.V07B.HDF5,2023-08-04T04:00:00,2026-09-14T18:31:54.934900+00:00,DERIVED,flash flood,True,DATE_ONLY,4.829999923706055,7.879999876022339,7.879999876022339,7.879999876022339,7.879999876022339,7.879999876022339,,,9.65999984741211,7.879999876022339,,5.999543181984032,
FL-UK-2023-01,2023-08-04,2023-08-04T08:00:00,30.44999885559082,79.1500015258789,0.26999998092651367,0.13499999046325684,GPM_3IMERGHH_07,V07B,3B-HHR.MS.MRG.3IMERG.20230804-S080000-E082959.0480.V07B.HDF5,2023-08-04T08:00:00,2026-09-14T18:31:54.934900+00:00,DERIVED,flash flood,True,DATE_ONLY,0.13499999046325684,4.9649999141693115,8.014999866485596,8.014999866485596,8.014999866485596,8.014999866485596,,,9.65999984741211,8.014999866485596,1.9149999618530273,3.7165028171593555,
FL-UK-2023-01,2023-08-04,2023-08-04T12:00:00,30.44999885559082,79.1500015258789,0.0,0.0,GPM_3IMERGHH_07,V07B,3B-HHR.MS.MRG.3IMERG.20230804-S120000-E122959.0720.V07B.HDF5,2023-08-04T12:00:00,2026-09-14T18:31:54.934900+00:00,DERIVED,flash flood,True,DATE_ONLY,0.0,0.13499999046325684,8.014999866485596,8.014999866485596,8.014999866485596,8.014999866485596,,,9.65999984741211,8.014999866485596,-7.744999885559082,0.10105294129841363,
FL-UK-2023-01,2023-08-04,2023-08-04T16:00:00,30.44999885559082,79.1500015258789,0.0,0.0,GPM_3IMERGHH_07,V07B,3B-HHR.MS.MRG.3IMERG.20230804-S160000-E162959.0960.V07B.HDF5,2023-08-04T16:00:00,2026-09-14T18:31:54.934900+00:00,DERIVED,flash flood,True,DATE_ONLY,0.0,0.0,8.014999866485596,8.014999866485596,8.014999866485596,8.014999866485596,,,9.65999984741211,8.014999866485596,-4.9649999141693115,0.0,
FL-UK-2023-01,2023-08-04,2023-08-04T20:00:00,30.44999885559082,79.1500015258789,0.10999999940395355,0.054999999701976776,GPM_3IMERGHH_07,V07B,3B-HHR.MS.MRG.3IMERG.20230804-S200000-E202959.1200.V07B.HDF5,2023-08-04T20:00:00,2026-09-14T18:31:54.934900+00:00,DERIVED,flash flood,True,DATE_ONLY,0.054999999701976776,0.054999999701976776,8.069999866187572,8.069999866187572,8.069999866187572,8.069999866187572,,,9.65999984741211,8.069999866187572,-0.07999999076128006,0.04088915367919827,
FL-UK-2023-01,2023-08-04,2023-08-04T00:00:00,30.549999237060547,78.94999694824219,9.469999313354492,4.734999656677246,GPM_3IMERGHH_07,V07B,3B-HHR.MS.MRG.3IMERG.20230804-S000000-E002959.0000.V07B.HDF5,2023-08-04T00:00:00,2026-09-14T18:31:54.934900+00:00,DERIVED,flash flood,True,DATE_ONLY,4.734999656677246,4.734999656677246,4.734999656677246,4.734999656677246,4.734999656677246,4.734999656677246,,,9.469999313354492,4.734999656677246,,5.999239800603727,
FL-UK-2023-01,2023-08-04,2023-08-04T04:00:00,30.549999237060547,78.94999694824219,6.170000076293945,3.0850000381469727,GPM_3IMERGHH_07,V07B,3B-HHR.MS.MRG.3IMERG.20230804-S040000-E042959.0240.V07B.HDF5,2023-08-04T04:00:00,2026-09-14T18:31:54.934900+00:00,DERIVED,flash flood,True,DATE_ONLY,3.0850000381469727,7.819999694824219,7.819999694824219,7.819999694824219,7.819999694824219,7.819999694824219,,,9.469999313354492,7.819999694824219,,5.999539677244652,
FL-UK-2023-01,2023-08-04,2023-08-04T08:00:00,30.549999237060547,78.94999694824219,2.2899999618530273,1.1449999809265137,GPM_3IMERGHH_07,V07B,3B-HHR.MS.MRG.3IMERG.20230804-S080000-E082959.0480.V07B.HDF5,2023-08-04T08:00:00,2026-09-14T18:31:54.934900+00:00,DERIVED,flash flood,True,DATE_ONLY,1.1449999809265137,4.230000019073486,8.964999675750732,8.964999675750732,8.964999675750732,8.964999675750732,,,9.469999313354492,8.964999675750732,-0.5049996376037598,2.830820138343477,
FL-UK-2023-01,2023-08-04,2023-08-04T12:00:00,30.549999237060547,78.94999694824219,0.7899999618530273,0.39499998092651367,GPM_3IMERGHH_07,V07B,3B-HHR.MS.MRG.3IMERG.20230804-S120000-E122959.0720.V07B.HDF5,2023-08-04T12:00:00,2026-09-14T18:31:54.934900+00:00,DERIVED,flash flood,True,DATE_ONLY,0.39499998092651367,1.5399999618530273,9.359999656677246,9.359999656677246,9.359999656677246,9.359999656677246,,,9.469999313354492,9.359999656677246,-6.279999732971191,0.9871162222525932,
FL-UK-2023-01,2023-08-04,2023-08-04T16:00:00,30.549999237060547,78.94999694824219,0.0,0.0,GPM_3IMERGHH_07,V07B,3B-HHR.MS.MRG.3IMERG.20230804-S160000-E162959.0960.V07B.HDF5,2023-08-04T16:00:00,2026-09-14T18:31:54.934900+00:00,DERIVED,flash flood,True,DATE_ONLY,0.0,0.39499998092651367,9.359999656677246,9.359999656677246,9.359999656677246,9.359999656677246,,,9.469999313354492,9.359999656677246,-3.8350000381469727,0.2531888952080626,
FL-UK-2023-01,2023-08-04,2023-08-04T20:00:00,30.549999237060547,78.94999694824219,0.0,0.0,GPM_3IMERGHH_07,V07B,3B-HHR.MS.MRG.3IMERG.20230804-S200000-E202959.1200.V07B.HDF5,2023-08-04T20:00:00,2026-09-14T18:31:54.934900+00:00,DERIVED,flash flood,True,DATE_ONLY,0.0,0.0,9.359999656677246,9.359999656677246,9.359999656677246,9.359999656677246,,,9.469999313354492,9.359999656677246,-1.5399999618530273,0.0,
FL-UK-2023-01,2023-08-04,2023-08-04T00:00:00,30.549999237060547,79.04999542236328,9.769999504089355,4.884999752044678,GPM_3IMERGHH_07,V07B,3B-HHR.MS.MRG.3IMERG.20230804-S000000-E002959.0000.V07B.HDF5,2023-08-04T00:00:00,2026-09-14T18:31:54.934900+00:00,DERIVED,flash flood,True,DATE_ONLY,4.884999752044678,4.884999752044678,4.884999752044678,4.884999752044678,4.884999752044678,4.884999752044678,,,9.769999504089355,4.884999752044678,,5.999263140620863,
FL-UK-2023-01,2023-08-04,2023-08-04T04:00:00,30.549999237060547,79.04999542236328,5.869999885559082,2.934999942779541,GPM_3IMERGHH_07,V07B,3B-HHR.MS.MRG.3IMERG.20230804-S040000-E042959.0240.V07B.HDF5,2023-08-04T04:00:00,2026-09-14T18:31:54.934900+00:00,DERIVED,flash flood,True,DATE_ONLY,2.934999942779541,7.819999694824219,7.819999694824219,7.819999694824219,7.819999694824219,7.819999694824219,,,9.769999504089355,7.819999694824219,,5.999539677244652,
FL-UK-2023-01,2023-08-04,2023-08-04T08:00:00,30.549999237060547,79.04999542236328,4.759999752044678,2.379999876022339,GPM_3IMERGHH_07,V07B,3B-HHR.MS.MRG.3IMERG.20230804-S080000-E082959.0480.V07B.HDF5,2023-08-04T08:00:00,2026-09-14T18:31:54.934900+00:00,DERIVED,flash flood,True,DATE_ONLY,2.379999876022339,5.31499981880188,10.199999570846558,10.199999570846558,10.199999570846558,10.199999570846558,,,9.769999504089355,10.199999570846558,0.43000006675720215,3.1262867139646673,
FL-UK-2023-01,2023-08-04,2023-08-04T12:00:00,30.549999237060547,79.04999542236328,0.3700000047683716,0.1850000023841858,GPM_3IMERGHH_07,V07B,3B-HHR.MS.MRG.3IMERG.20230804-S120000-E122959.0720.V07B.HDF5,2023-08-04T12:00:00,2026-09-14T18:31:54.934900+00:00,DERIVED,flash flood,True,DATE_ONLY,0.1850000023841858,2.5649998784065247,10.384999573230743,10.384999573230743,10.384999573230743,10.384999573230743,,,9.769999504089355,10.384999573230743,-5.254999816417694,1.481859488411957,
FL-UK-2023-01,2023-08-04,2023-08-04T16:00:00,30.549999237060547,79.04999542236328,0.0,0.0,GPM_3IMERGHH_07,V07B,3B-HHR.MS.MRG.3IMERG.20230804-S160000-E162959.0960.V07B.HDF5,2023-08-04T16:00:00,2026-09-14T18:31:54.934900+00:00,DERIVED,flash flood,True,DATE_ONLY,0.0,0.1850000023841858,10.384999573230743,10.384999573230743,10.384999573230743,10.384999573230743,,,9.769999504089355,10.384999573230743,-5.129999816417694,0.10687876096881106,
FL-UK-2023-01,2023-08-04,2023-08-04T20:00:00,30.549999237060547,79.04999542236328,0.429999977350235,0.2149999886751175,GPM_3IMERGHH_07,V07B,3B-HHR.MS.MRG.3IMERG.20230804-S200000-E202959.1200.V07B.HDF5,2023-08-04T20:00:00,2026-09-14T18:31:54.934900+00:00,DERIVED,flash flood,True,DATE_ONLY,0.2149999886751175,0.2149999886751175,10.599999561905861,10.599999561905861,10.599999561905861,10.599999561905861,,,9.769999504089355,10.599999561905861,-2.349999889731407,0.12169122364421983,
FL-UK-2023-01,2023-08-04,2023-08-04T00:00:00,30.549999237060547,79.1500015258789,3.9499998092651367,1.9749999046325684,GPM_3IMERGHH_07,V07B,3B-HHR.MS.MRG.3IMERG.20230804-S000000-E002959.0000.V07B.HDF5,2023-08-04T00:00:00,2026-09-14T18:31:54.934900+00:00,DERIVED,flash flood,True,DATE_ONLY,1.9749999046325684,1.9749999046325684,1.9749999046325684,1.9749999046325684,1.9749999046325684,1.9749999046325684,,,3.9499998092651367,1.9749999046325684,,5.998177768691141,
FL-UK-2023-01,2023-08-04,2023-08-04T04:00:00,30.549999237060547,79.1500015258789,12.539999961853027,6.269999980926514,GPM_3IMERGHH_07,V07B,3B-HHR.MS.MRG.3IMERG.20230804-S040000-E042959.0240.V07B.HDF5,2023-08-04T04:00:00,2026-09-14T18:31:54.934900+00:00,DERIVED,flash flood,True,DATE_ONLY,6.269999980926514,8.244999885559082,8.244999885559082,8.244999885559082,8.244999885559082,8.244999885559082,,,12.539999961853027,8.244999885559082,,5.999563403506117,
FL-UK-2023-01,2023-08-04,2023-08-04T08:00:00,30.549999237060547,79.1500015258789,0.26999998092651367,0.13499999046325684,GPM_3IMERGHH_07,V07B,3B-HHR.MS.MRG.3IMERG.20230804-S080000-E082959.0480.V07B.HDF5,2023-08-04T08:00:00,2026-09-14T18:31:54.934900+00:00,DERIVED,flash flood,True,DATE_ONLY,0.13499999046325684,6.4049999713897705,8.379999876022339,8.379999876022339,8.379999876022339,8.379999876022339,,,12.539999961853027,8.379999876022339,4.430000066757202,4.585590577864284,
FL-UK-2023-01,2023-08-04,2023-08-04T12:00:00,30.549999237060547,79.1500015258789,0.0,0.0,GPM_3IMERGHH_07,V07B,3B-HHR.MS.MRG.3IMERG.20230804-S120000-E122959.0720.V07B.HDF5,2023-08-04T12:00:00,2026-09-14T18:31:54.934900+00:00,DERIVED,flash flood,True,DATE_ONLY,0.0,0.13499999046325684,8.379999876022339,8.379999876022339,8.379999876022339,8.379999876022339,,,12.539999961853027,8.379999876022339,-8.109999895095825,0.09665178564329563,
FL-UK-2023-01,2023-08-04,2023-08-04T16:00:00,30.549999237060547,79.1500015258789,0.0,0.0,GPM_3IMERGHH_07,V07B,3B-HHR.MS.MRG.3IMERG.20230804-S160000-E162959.0960.V07B.HDF5,2023-08-04T16:00:00,2026-09-14T18:31:54.934900+00:00,DERIVED,flash flood,True,DATE_ONLY,0.0,0.0,8.379999876022339,8.379999876022339,8.379999876022339,8.379999876022339,,,12.539999961853027,8.379999876022339,-6.4049999713897705,0.0,
FL-UK-2023-01,2023-08-04,2023-08-04T20:00:00,30.549999237060547,79.1500015258789,0.0,0.0,GPM_3IMERGHH_07,V07B,3B-HHR.MS.MRG.3IMERG.20230804-S200000-E202959.1200.V07B.HDF5,2023-08-04T20:00:00,2026-09-14T18:31:54.934900+00:00,DERIVED,flash flood,True,DATE_ONLY,0.0,0.0,8.379999876022339,8.379999876022339,8.379999876022339,8.379999876022339,,,12.539999961853027,8.379999876022339,-0.13499999046325684,0.0,
FL-UK-2023-01,2023-08-04,2023-08-04T00:00:00,30.649999618530273,78.94999694824219,2.240000009536743,1.1200000047683716,GPM_3IMERGHH_07,V07B,3B-HHR.MS.MRG.3IMERG.20230804-S000000-E002959.0000.V07B.HDF5,2023-08-04T00:00:00,2026-09-14T18:31:54.934900+00:00,DERIVED,flash flood,True,DATE_ONLY,1.1200000047683716,1.1200000047683716,1.1200000047683716,1.1200000047683716,1.1200000047683716,1.1200000047683716,,,2.240000009536743,1.1200000047683716,,5.996787435316187,
FL-UK-2023-01,2023-08-04,2023-08-04T04:00:00,30.649999618530273,78.94999694824219,12.139999389648438,6.069999694824219,GPM_3IMERGHH_07,V07B,3B-HHR.MS.MRG.3IMERG.20230804-S040000-E042959.0240.V07B.HDF5,2023-08-04T04:00:00,2026-09-14T18:31:54.934900+00:00,DERIVED,flash flood,True,DATE_ONLY,6.069999694824219,7.18999969959259,7.18999969959259,7.18999969959259,7.18999969959259,7.18999969959259,,,12.139999389648438,7.18999969959259,,5.999499346347955,
FL-UK-2023-01,2023-08-04,2023-08-04T08:00:00,30.649999618530273,78.94999694824219,2.0899999141693115,1.0449999570846558,GPM_3IMERGHH_07,V07B,3B-HHR.MS.MRG.3IMERG.20230804-S080000-E082959.0480.V07B.HDF5,2023-08-04T08:00:00,2026-09-14T18:31:54.934900+00:00,DERIVED,flash flood,True,DATE_ONLY,1.0449999570846558,7.1149996519088745,8.234999656677246,8.234999656677246,8.234999656677246,8.234999656677246,,,12.139999389648438,8.234999656677246,5.994999647140503,5.183593143316664,
FL-UK-2023-01,2023-08-04,2023-08-04T12:00:00,30.649999618530273,78.94999694824219,0.25999999046325684,0.12999999523162842,GPM_3IMERGHH_07,V07B,3B-HHR.MS.MRG.3IMERG.20230804-S120000-E122959.0720.V07B.HDF5,2023-08-04T12:00:00,2026-09-14T18:31:54.934900+00:00,DERIVED,flash flood,True,DATE_ONLY,0.12999999523162842,1.1749999523162842,8.364999651908875,8.364999651908875,8.364999651908875,8.364999651908875,,,12.139999389648438,8.364999651908875,-6.014999747276306,0.8427369235018348,
FL-UK-2023-01,2023-08-04,2023-08-04T16:00:00,30.649999618530273,78.94999694824219,0.0,0.0,GPM_3IMERGHH_07,V07B,3B-HHR.MS.MRG.3IMERG.20230804-S160000-E162959.0960.V07B.HDF5,2023-08-04T16:00:00,2026-09-14T18:31:54.934900+00:00,DERIVED,flash flood,True,DATE_ONLY,0.0,0.12999999523162842,8.364999651908875,8.364999651908875,8.364999651908875,8.364999651908875,,,12.139999389648438,8.364999651908875,-6.984999656677246,0.09323897913424402,
FL-UK-2023-01,2023-08-04,2023-08-04T20:00:00,30.649999618530273,78.94999694824219,0.0,0.0,GPM_3IMERGHH_07,V07B,3B-HHR.MS.MRG.3IMERG.20230804-S200000-E202959.1200.V07B.HDF5,2023-08-04T20:00:00,2026-09-14T18:31:54.934900+00:00,DERIVED,flash flood,True,DATE_ONLY,0.0,0.0,8.364999651908875,8.364999651908875,8.364999651908875,8.364999651908875,,,12.139999389648438,8.364999651908875,-1.1749999523162842,0.0,
FL-UK-2023-01,2023-08-04,2023-08-04T00:00:00,30.649999618530273,79.04999542236328,2.8299999237060547,1.4149999618530273,GPM_3IMERGHH_07,V07B,3B-HHR.MS.MRG.3IMERG.20230804-S000000-E002959.0000.V07B.HDF5,2023-08-04T00:00:00,2026-09-14T18:31:54.934900+00:00,DERIVED,flash flood,True,DATE_ONLY,1.4149999618530273,1.4149999618530273,1.4149999618530273,1.4149999618530273,1.4149999618530273,1.4149999618530273,,,2.8299999237060547,1.4149999618530273,,5.99745690866275,
FL-UK-2023-01,2023-08-04,2023-08-04T04:00:00,30.649999618530273,79.04999542236328,11.319999694824219,5.659999847412109,GPM_3IMERGHH_07,V07B,3B-HHR.MS.MRG.3IMERG.20230804-S040000-E042959.0240.V07B.HDF5,2023-08-04T04:00:00,2026-09-14T18:31:54.934900+00:00,DERIVED,flash flood,True,DATE_ONLY,5.659999847412109,7.074999809265137,7.074999809265137,7.074999809265137,7.074999809265137,7.074999809265137,,,11.319999694824219,7.074999809265137,,5.999491209212358,
FL-UK-2023-01,2023-08-04,2023-08-04T08:00:00,30.649999618530273,79.04999542236328,1.6899999380111694,0.8449999690055847,GPM_3IMERGHH_07,V07B,3B-HHR.MS.MRG.3IMERG.20230804-S080000-E082959.0480.V07B.HDF5,2023-08-04T08:00:00,2026-09-14T18:31:54.934900+00:00,DERIVED,flash flood,True,DATE_ONLY,0.8449999690055847,6.504999816417694,7.919999778270721,7.919999778270721,7.919999778270721,7.919999778270721,,,11.319999694824219,7.919999778270721,5.089999854564667,4.9276569945600075,
FL-UK-2023-01,2023-08-04,2023-08-04T12:00:00,30.649999618530273,79.04999542236328,0.0,0.0,GPM_3IMERGHH_07,V07B,3B-HHR.MS.MRG.3IMERG.20230804-S120000-E122959.0720.V07B.HDF5,2023-08-04T12:00:00,2026-09-14T18:31:54.934900+00:00,DERIVED,flash flood,True,DATE_ONLY,0.0,0.8449999690055847,7.919999778270721,7.919999778270721,7.919999778270721,7.919999778270721,,,11.319999694824219,7.919999778270721,-6.229999840259552,0.6401030169385007,
FL-UK-2023-01,2023-08-04,2023-08-04T16:00:00,30.649999618530273,79.04999542236328,0.0,0.0,GPM_3IMERGHH_07,V07B,3B-HHR.MS.MRG.3IMERG.20230804-S160000-E162959.0960.V07B.HDF5,2023-08-04T16:00:00,2026-09-14T18:31:54.934900+00:00,DERIVED,flash flood,True,DATE_ONLY,0.0,0.0,7.919999778270721,7.919999778270721,7.919999778270721,7.919999778270721,,,11.319999694824219,7.919999778270721,-6.504999816417694,0.0,
FL-UK-2023-01,2023-08-04,2023-08-04T20:00:00,30.649999618530273,79.04999542236328,0.0,0.0,GPM_3IMERGHH_07,V07B,3B-HHR.MS.MRG.3IMERG.20230804-S200000-E202959.1200.V07B.HDF5,2023-08-04T20:00:00,2026-09-14T18:31:54.934900+00:00,DERIVED,flash flood,True,DATE_ONLY,0.0,0.0,7.919999778270721,7.919999778270721,7.919999778270721,7.919999778270721,,,11.319999694824219,7.919999778270721,-0.8449999690055847,0.0,
FL-UK-2023-01,2023-08-04,2023-08-04T00:00:00,30.649999618530273,79.1500015258789,0.44999998807907104,0.22499999403953552,GPM_3IMERGHH_07,V07B,3B-HHR.MS.MRG.3IMERG.20230804-S000000-E002959.0000.V07B.HDF5,2023-08-04T00:00:00,2026-09-14T18:31:54.934900+00:00,DERIVED,flash flood,True,DATE_ONLY,0.22499999403953552,0.22499999403953552,0.22499999403953552,0.22499999403953552,0.22499999403953552,0.22499999403953552,,,0.44999998807907104,0.22499999403953552,,5.984042552769885,
FL-UK-2023-01,2023-08-04,2023-08-04T04:00:00,30.649999618530273,79.1500015258789,11.170000076293945,5.585000038146973,GPM_3IMERGHH_07,V07B,3B-HHR.MS.MRG.3IMERG.20230804-S040000-E042959.0240.V07B.HDF5,2023-08-04T04:00:00,2026-09-14T18:31:54.934900+00:00,DERIVED,flash flood,True,DATE_ONLY,5.585000038146973,5.810000032186508,5.810000032186508,5.810000032186508,5.810000032186508,5.810000032186508,,,11.170000076293945,5.810000032186508,,5.999380442642746,
FL-UK-2023-01,2023-08-04,2023-08-04T08:00:00,30.649999618530273,79.1500015258789,1.5199999809265137,0.7599999904632568,GPM_3IMERGHH_07,V07B,3B-HHR.MS.MRG.3IMERG.20230804-S080000-E082959.0480.V07B.HDF5,2023-08-04T08:00:00,2026-09-14T18:31:54.934900+00:00,DERIVED,flash flood,True,DATE_ONLY,0.7599999904632568,6.3450000286102295,6.570000022649765,6.570000022649765,6.570000022649765,6.570000022649765,,,11.170000076293945,6.570000022649765,6.120000034570694,5.793991422462002,
FL-UK-2023-01,2023-08-04,2023-08-04T12:00:00,30.649999618530273,79.1500015258789,0.0,0.0,GPM_3IMERGHH_07,V07B,3B-HHR.MS.MRG.3IMERG.20230804-S120000-E122959.0720.V07B.HDF5,2023-08-04T12:00:00,2026-09-14T18:31:54.934900+00:00,DERIVED,flash flood,True,DATE_ONLY,0.0,0.7599999904632568,6.570000022649765,6.570000022649765,6.570000022649765,6.570000022649765,,,11.170000076293945,6.570000022649765,-5.050000041723251,0.6940005367942946,
FL-UK-2023-01,2023-08-04,2023-08-04T16:00:00,30.649999618530273,79.1500015258789,0.0,0.0,GPM_3IMERGHH_07,V07B,3B-HHR.MS.MRG.3IMERG.20230804-S160000-E162959.0960.V07B.HDF5,2023-08-04T16:00:00,2026-09-14T18:31:54.934900+00:00,DERIVED,flash flood,True,DATE_ONLY,0.0,0.0,6.570000022649765,6.570000022649765,6.570000022649765,6.570000022649765,,,11.170000076293945,6.570000022649765,-6.3450000286102295,0.0,
FL-UK-2023-01,2023-08-04,2023-08-04T20:00:00,30.649999618530273,79.1500015258789,0.0,0.0,GPM_3IMERGHH_07,V07B,3B-HHR.MS.MRG.3IMERG.20230804-S200000-E202959.1200.V07B.HDF5,2023-08-04T20:00:00,2026-09-14T18:31:54.934900+00:00,DERIVED,flash flood,True,DATE_ONLY,0.0,0.0,6.570000022649765,6.570000022649765,6.570000022649765,6.570000022649765,,,11.170000076293945,6.570000022649765,-0.7599999904632568,0.0,
FL-UK-2023-02,2023-08-14,2023-08-14T00:00:00,29.649999618530273,78.44999694824219,2.0899999141693115,1.0449999570846558,GPM_3IMERGHH_07,V07B,3B-HHR.MS.MRG.3IMERG.20230814-S000000-E002959.0000.V07B.HDF5,2023-08-14T00:00:00,2026-09-14T18:31:54.934900+00:00,DERIVED,flash flood,True,DATE_ONLY,1.0449999570846558,1.0449999570846558,1.0449999570846558,1.0449999570846558,1.0449999570846558,1.0449999570846558,,,2.0899999141693115,1.0449999570846558,,5.996557000623798,
FL-UK-2023-02,2023-08-14,2023-08-14T04:00:00,29.649999618530273,78.44999694824219,0.009999999776482582,0.004999999888241291,GPM_3IMERGHH_07,V07B,3B-HHR.MS.MRG.3IMERG.20230814-S040000-E042959.0240.V07B.HDF5,2023-08-14T04:00:00,2026-09-14T18:31:54.934900+00:00,DERIVED,flash flood,True,DATE_ONLY,0.004999999888241291,1.049999956972897,1.049999956972897,1.049999956972897,1.049999956972897,1.049999956972897,,,2.0899999141693115,1.049999956972897,,5.996573386495872,
FL-UK-2023-02,2023-08-14,2023-08-14T08:00:00,29.649999618530273,78.44999694824219,0.0,0.0,GPM_3IMERGHH_07,V07B,3B-HHR.MS.MRG.3IMERG.20230814-S080000-E082959.0480.V07B.HDF5,2023-08-14T08:00:00,2026-09-14T18:31:54.934900+00:00,DERIVED,flash flood,True,DATE_ONLY,0.0,0.004999999888241291,1.049999956972897,1.049999956972897,1.049999956972897,1.049999956972897,,,2.0899999141693115,1.049999956972897,-1.0399999571964145,0.028555111896146474,
FL-UK-2023-02,2023-08-14,2023-08-14T12:00:00,29.649999618530273,78.44999694824219,0.0,0.0,GPM_3IMERGHH_07,V07B,3B-HHR.MS.MRG.3IMERG.20230814-S120000-E122959.0720.V07B.HDF5,2023-08-14T12:00:00,2026-09-14T18:31:54.934900+00:00,DERIVED,flash flood,True,DATE_ONLY,0.0,0.0,1.049999956972897,1.049999956972897,1.049999956972897,1.049999956972897,,,2.0899999141693115,1.049999956972897,-1.049999956972897,0.0,
FL-UK-2023-02,2023-08-14,2023-08-14T16:00:00,29.649999618530273,78.44999694824219,0.0,0.0,GPM_3IMERGHH_07,V07B,3B-HHR.MS.MRG.3IMERG.20230814-S160000-E162959.0960.V07B.HDF5,2023-08-14T16:00:00,2026-09-14T18:31:54.934900+00:00,DERIVED,flash flood,True,DATE_ONLY,0.0,0.0,1.049999956972897,1.049999956972897,1.049999956972897,1.049999956972897,,,2.0899999141693115,1.049999956972897,-0.004999999888241291,0.0,
FL-UK-2023-02,2023-08-14,2023-08-14T20:00:00,29.649999618530273,78.44999694824219,0.0,0.0,GPM_3IMERGHH_07,V07B,3B-HHR.MS.MRG.3IMERG.20230814-S200000-E202959.1200.V07B.HDF5,2023-08-14T20:00:00,2026-09-14T18:31:54.934900+00:00,DERIVED,flash flood,True,DATE_ONLY,0.0,0.0,1.049999956972897,1.049999956972897,1.049999956972897,1.049999956972897,,,2.0899999141693115,1.049999956972897,0.0,0.0,
FL-UK-2023-02,2023-08-14,2023-08-14T00:00:00,29.649999618530273,78.54999542236328,1.8299999237060547,0.9149999618530273,GPM_3IMERGHH_07,V07B,3B-HHR.MS.MRG.3IMERG.20230814-S000000-E002959.0000.V07B.HDF5,2023-08-14T00:00:00,2026-09-14T18:31:54.934900+00:00,DERIVED,flash flood,True,DATE_ONLY,0.9149999618530273,0.9149999618530273,0.9149999618530273,0.9149999618530273,0.9149999618530273,0.9149999618530273,,,1.8299999237060547,0.9149999618530273,,5.99606815186764,
FL-UK-2023-02,2023-08-14,2023-08-14T04:00:00,29.649999618530273,78.54999542236328,0.0,0.0,GPM_3IMERGHH_07,V07B,3B-HHR.MS.MRG.3IMERG.20230814-S040000-E042959.0240.V07B.HDF5,2023-08-14T04:00:00,2026-09-14T18:31:54.934900+00:00,DERIVED,flash flood,True,DATE_ONLY,0.0,0.9149999618530273,0.9149999618530273,0.9149999618530273,0.9149999618530273,0.9149999618530273,,,1.8299999237060547,0.9149999618530273,,5.99606815186764,
FL-UK-2023-02,2023-08-14,2023-08-14T08:00:00,29.649999618530273,78.54999542236328,0.0,0.0,GPM_3IMERGHH_07,V07B,3B-HHR.MS.MRG.3IMERG.20230814-S080000-E082959.0480.V07B.HDF5,2023-08-14T08:00:00,2026-09-14T18:31:54.934900+00:00,DERIVED,flash flood,True,DATE_ONLY,0.0,0.0,0.9149999618530273,0.9149999618530273,0.9149999618530273,0.9149999618530273,,,1.8299999237060547,0.9149999618530273,-0.9149999618530273,0.0,
FL-UK-2023-02,2023-08-14,2023-08-14T12:00:00,29.649999618530273,78.54999542236328,0.0,0.0,GPM_3IMERGHH_07,V07B,3B-HHR.MS.MRG.3IMERG.20230814-S120000-E122959.0720.V07B.HDF5,2023-08-14T12:00:00,2026-09-14T18:31:54.934900+00:00,DERIVED,flash flood,True,DATE_ONLY,0.0,0.0,0.9149999618530273,0.9149999618530273,0.9149999618530273,0.9149999618530273,,,1.8299999237060547,0.9149999618530273,-0.9149999618530273,0.0,
FL-UK-2023-02,2023-08-14,2023-08-14T16:00:00,29.649999618530273,78.54999542236328,0.0,0.0,GPM_3IMERGHH_07,V07B,3B-HHR.MS.MRG.3IMERG.20230814-S160000-E162959.0960.V07B.HDF5,2023-08-14T16:00:00,2026-09-14T18:31:54.934900+00:00,DERIVED,flash flood,True,DATE_ONLY,0.0,0.0,0.9149999618530273,0.9149999618530273,0.9149999618530273,0.9149999618530273,,,1.8299999237060547,0.9149999618530273,0.0,0.0,
FL-UK-2023-02,2023-08-14,2023-08-14T20:00:00,29.649999618530273,78.54999542236328,0.0,0.0,GPM_3IMERGHH_07,V07B,3B-HHR.MS.MRG.3IMERG.20230814-S200000-E202959.1200.V07B.HDF5,2023-08-14T20:00:00,2026-09-14T18:31:54.934900+00:00,DERIVED,flash flood,True,DATE_ONLY,0.0,0.0,0.9149999618530273,0.9149999618530273,0.9149999618530273,0.9149999618530273,,,1.8299999237060547,0.9149999618530273,0.0,0.0,
FL-UK-2023-02,2023-08-14,2023-08-14T00:00:00,29.649999618530273,78.6500015258789,1.25,0.625,GPM_3IMERGHH_07,V07B,3B-HHR.MS.MRG.3IMERG.20230814-S000000-E002959.0000.V07B.HDF5,2023-08-14T00:00:00,2026-09-14T18:31:54.934900+00:00,DERIVED,flash flood,True,DATE_ONLY,0.625,0.625,0.625,0.625,0.625,0.625,,,1.25,0.625,,5.994245524296675,
FL-UK-2023-02,2023-08-14,2023-08-14T04:00:00,29.649999618530273,78.6500015258789,0.0,0.0,GPM_3IMERGHH_07,V07B,3B-HHR.MS.MRG.3IMERG.20230814-S040000-E042959.0240.V07B.HDF5,2023-08-14T04:00:00,2026-09-14T18:31:54.934900+00:00,DERIVED,flash flood,True,DATE_ONLY,0.0,0.625,0.625,0.625,0.625,0.625,,,1.25,0.625,,5.994245524296675,
FL-UK-2023-02,2023-08-14,2023-08-14T08:00:00,29.649999618530273,78.6500015258789,0.0,0.0,GPM_3IMERGHH_07,V07B,3B-HHR.MS.MRG.3IMERG.20230814-S080000-E082959.0480.V07B.HDF5,2023-08-14T08:00:00,2026-09-14T18:31:54.934900+00:00,DERIVED,flash flood,True,DATE_ONLY,0.0,0.0,0.625,0.625,0.625,0.625,,,1.25,0.625,-0.625,0.0,
FL-UK-2023-02,2023-08-14,2023-08-14T12:00:00,29.649999618530273,78.6500015258789,0.0,0.0,GPM_3IMERGHH_07,V07B,3B-HHR.MS.MRG.3IMERG.20230814-S120000-E122959.0720.V07B.HDF5,2023-08-14T12:00:00,2026-09-14T18:31:54.934900+00:00,DERIVED,flash flood,True,DATE_ONLY,0.0,0.0,0.625,0.625,0.625,0.625,,,1.25,0.625,-0.625,0.0,
FL-UK-2023-02,2023-08-14,2023-08-14T16:00:00,29.649999618530273,78.6500015258789,0.0,0.0,GPM_3IMERGHH_07,V07B,3B-HHR.MS.MRG.3IMERG.20230814-S160000-E162959.0960.V07B.HDF5,2023-08-14T16:00:00,2026-09-14T18:31:54.934900+00:00,DERIVED,flash flood,True,DATE_ONLY,0.0,0.0,0.625,0.625,0.625,0.625,,,1.25,0.625,0.0,0.0,
FL-UK-2023-02,2023-08-14,2023-08-14T20:00:00,29.649999618530273,78.6500015258789,0.0,0.0,GPM_3IMERGHH_07,V07B,3B-HHR.MS.MRG.3IMERG.20230814-S200000-E202959.1200.V07B.HDF5,2023-08-14T20:00:00,2026-09-14T18:31:54.934900+00:00,DERIVED,flash flood,True,DATE_ONLY,0.0,0.0,0.625,0.625,0.625,0.625,,,1.25,0.625,0.0,0.0,
FL-UK-2023-02,2023-08-14,2023-08-14T00:00:00,29.75,78.44999694824219,1.71999990940094,0.85999995470047,GPM_3IMERGHH_07,V07B,3B-HHR.MS.MRG.3IMERG.20230814-S000000-E002959.0000.V07B.HDF5,2023-08-14T00:00:00,2026-09-14T18:31:54.934900+00:00,DERIVED,flash flood,True,DATE_ONLY,0.85999995470047,0.85999995470047,0.85999995470047,0.85999995470047,0.85999995470047,0.85999995470047,,,1.71999990940094,0.85999995470047,,5.995816871729615,
FL-UK-2023-02,2023-08-14,2023-08-14T04:00:00,29.75,78.44999694824219,0.05999999865889549,0.029999999329447746,GPM_3IMERGHH_07,V07B,3B-HHR.MS.MRG.3IMERG.20230814-S040000-E042959.0240.V07B.HDF5,2023-08-14T04:00:00,2026-09-14T18:31:54.934900+00:00,DERIVED,flash flood,True,DATE_ONLY,0.029999999329447746,0.8899999540299177,0.8899999540299177,0.8899999540299177,0.8899999540299177,0.8899999540299177,,,1.71999990940094,0.8899999540299177,,5.9959577810624065,
FL-UK-2023-02,2023-08-14,2023-08-14T08:00:00,29.75,78.44999694824219,0.0,0.0,GPM_3IMERGHH_07,V07B,3B-HHR.MS.MRG.3IMERG.20230814-S080000-E082959.0480.V07B.HDF5,2023-08-14T08:00:00,2026-09-14T18:31:54.934900+00:00,DERIVED,flash flood,True,DATE_ONLY,0.0,0.029999999329447746,0.8899999540299177,0.8899999540299177,0.8899999540299177,0.8899999540299177,,,1.71999990940094,0.8899999540299177,-0.8299999553710222,0.20211094236216387,
FL-UK-2023-02,2023-08-14,2023-08-14T12:00:00,29.75,78.44999694824219,0.0,0.0,GPM_3IMERGHH_07,V07B,3B-HHR.MS.MRG.3IMERG.20230814-S120000-E122959.0720.V07B.HDF5,2023-08-14T12:00:00,2026-09-14T18:31:54.934900+00:00,DERIVED,flash flood,True,DATE_ONLY,0.0,0.0,0.8899999540299177,0.8899999540299177,0.8899999540299177,0.8899999540299177,,,1.71999990940094,0.8899999540299177,-0.8899999540299177,0.0,
FL-UK-2023-02,2023-08-14,2023-08-14T16:00:00,29.75,78.44999694824219,0.0,0.0,GPM_3IMERGHH_07,V07B,3B-HHR.MS.MRG.3IMERG.20230814-S160000-E162959.0960.V07B.HDF5,2023-08-14T16:00:00,2026-09-14T18:31:54.934900+00:00,DERIVED,flash flood,True,DATE_ONLY,0.0,0.0,0.8899999540299177,0.8899999540299177,0.8899999540299177,0.8899999540299177,,,1.71999990940094,0.8899999540299177,-0.029999999329447746,0.0,
FL-UK-2023-02,2023-08-14,2023-08-14T20:00:00,29.75,78.44999694824219,0.0,0.0,GPM_3IMERGHH_07,V07B,3B-HHR.MS.MRG.3IMERG.20230814-S200000-E202959.1200.V07B.HDF5,2023-08-14T20:00:00,2026-09-14T18:31:54.934900+00:00,DERIVED,flash flood,True,DATE_ONLY,0.0,0.0,0.8899999540299177,0.8899999540299177,0.8899999540299177,0.8899999540299177,,,1.71999990940094,0.8899999540299177,0.0,0.0,
FL-UK-2023-02,2023-08-14,2023-08-14T00:00:00,29.75,78.54999542236328,1.1899999380111694,0.5949999690055847,GPM_3IMERGHH_07,V07B,3B-HHR.MS.MRG.3IMERG.20230814-S000000-E002959.0000.V07B.HDF5,2023-08-14T00:00:00,2026-09-14T18:31:54.934900+00:00,DERIVED,flash flood,True,DATE_ONLY,0.5949999690055847,0.5949999690055847,0.5949999690055847,0.5949999690055847,0.5949999690055847,0.5949999690055847,,,1.1899999380111694,0.5949999690055847,,5.99395567463509,
FL-UK-2023-02,2023-08-14,2023-08-14T04:00:00,29.75,78.54999542236328,0.03999999910593033,0.019999999552965164,GPM_3IMERGHH_07,V07B,3B-HHR.MS.MRG.3IMERG.20230814-S040000-E042959.0240.V07B.HDF5,2023-08-14T04:00:00,2026-09-14T18:31:54.934900+00:00,DERIVED,flash flood,True,DATE_ONLY,0.019999999552965164,0.6149999685585499,0.6149999685585499,0.6149999685585499,0.6149999685585499,0.6149999685585499,,,1.1899999380111694,0.6149999685585499,,5.9941520464849445,
FL-UK-2023-02,2023-08-14,2023-08-14T08:00:00,29.75,78.54999542236328,0.0,0.0,GPM_3IMERGHH_07,V07B,3B-HHR.MS.MRG.3IMERG.20230814-S080000-E082959.0480.V07B.HDF5,2023-08-14T08:00:00,2026-09-14T18:31:54.934900+00:00,DERIVED,flash flood,True,DATE_ONLY,0.0,0.019999999552965164,0.6149999685585499,0.6149999685585499,0.6149999685585499,0.6149999685585499,,,1.1899999380111694,0.6149999685585499,-0.5749999694526196,0.19493177947811696,
FL-UK-2023-02,2023-08-14,2023-08-14T12:00:00,29.75,78.54999542236328,0.0,0.0,GPM_3IMERGHH_07,V07B,3B-HHR.MS.MRG.3IMERG.20230814-S120000-E122959.0720.V07B.HDF5,2023-08-14T12:00:00,2026-09-14T18:31:54.934900+00:00,DERIVED,flash flood,True,DATE_ONLY,0.0,0.0,0.6149999685585499,0.6149999685585499,0.6149999685585499,0.6149999685585499,,,1.1899999380111694,0.6149999685585499,-0.6149999685585499,0.0,
FL-UK-2023-02,2023-08-14,2023-08-14T16:00:00,29.75,78.54999542236328,0.0,0.0,GPM_3IMERGHH_07,V07B,3B-HHR.MS.MRG.3IMERG.20230814-S160000-E162959.0960.V07B.HDF5,2023-08-14T16:00:00,2026-09-14T18:31:54.934900+00:00,DERIVED,flash flood,True,DATE_ONLY,0.0,0.0,0.6149999685585499,0.6149999685585499,0.6149999685585499,0.6149999685585499,,,1.1899999380111694,0.6149999685585499,-0.019999999552965164,0.0,
FL-UK-2023-02,2023-08-14,2023-08-14T20:00:00,29.75,78.54999542236328,0.0,0.0,GPM_3IMERGHH_07,V07B,3B-HHR.MS.MRG.3IMERG.20230814-S200000-E202959.1200.V07B.HDF5,2023-08-14T20:00:00,2026-09-14T18:31:54.934900+00:00,DERIVED,flash flood,True,DATE_ONLY,0.0,0.0,0.6149999685585499,0.6149999685585499,0.6149999685585499,0.6149999685585499,,,1.1899999380111694,0.6149999685585499,0.0,0.0,
FL-UK-2023-02,2023-08-14,2023-08-14T00:00:00,29.75,78.6500015258789,1.4499999284744263,0.7249999642372131,GPM_3IMERGHH_07,V07B,3B-HHR.MS.MRG.3IMERG.20230814-S000000-E002959.0000.V07B.HDF5,2023-08-14T00:00:00,2026-09-14T18:31:54.934900+00:00,DERIVED,flash flood,True,DATE_ONLY,0.7249999642372131,0.7249999642372131,0.7249999642372131,0.7249999642372131,0.7249999642372131,0.7249999642372131,,,1.4499999284744263,0.7249999642372131,,5.9950385885096,
FL-UK-2023-02,2023-08-14,2023-08-14T04:00:00,29.75,78.6500015258789,0.28999999165534973,0.14499999582767487,GPM_3IMERGHH_07,V07B,3B-HHR.MS.MRG.3IMERG.20230814-S040000-E042959.0240.V07B.HDF5,2023-08-14T04:00:00,2026-09-14T18:31:54.934900+00:00,DERIVED,flash flood,True,DATE_ONLY,0.14499999582767487,0.869999960064888,0.869999960064888,0.869999960064888,0.869999960064888,0.869999960064888,,,1.4499999284744263,0.869999960064888,,5.995864920554635,
FL-UK-2023-02,2023-08-14,2023-08-14T08:00:00,29.75,78.6500015258789,0.0,0.0,GPM_3IMERGHH_07,V07B,3B-HHR.MS.MRG.3IMERG.20230814-S080000-E082959.0480.V07B.HDF5,2023-08-14T08:00:00,2026-09-14T18:31:54.934900+00:00,DERIVED,flash flood,True,DATE_ONLY,0.0,0.14499999582767487,0.869999960064888,0.869999960064888,0.869999960064888,0.869999960064888,,,1.4499999284744263,0.869999960064888,-0.5799999684095383,0.9993108372084073,
FL-UK-2023-02,2023-08-14,2023-08-14T12:00:00,29.75,78.6500015258789,0.0,0.0,GPM_3IMERGHH_07,V07B,3B-HHR.MS.MRG.3IMERG.20230814-S120000-E122959.0720.V07B.HDF5,2023-08-14T12:00:00,2026-09-14T18:31:54.934900+00:00,DERIVED,flash flood,True,DATE_ONLY,0.0,0.0,0.869999960064888,0.869999960064888,0.869999960064888,0.869999960064888,,,1.4499999284744263,0.869999960064888,-0.869999960064888,0.0,
FL-UK-2023-02,2023-08-14,2023-08-14T16:00:00,29.75,78.6500015258789,0.0,0.0,GPM_3IMERGHH_07,V07B,3B-HHR.MS.MRG.3IMERG.20230814-S160000-E162959.0960.V07B.HDF5,2023-08-14T16:00:00,2026-09-14T18:31:54.934900+00:00,DERIVED,flash flood,True,DATE_ONLY,0.0,0.0,0.869999960064888,0.869999960064888,0.869999960064888,0.869999960064888,,,1.4499999284744263,0.869999960064888,-0.14499999582767487,0.0,
FL-UK-2023-02,2023-08-14,2023-08-14T20:00:00,29.75,78.6500015258789,0.0,0.0,GPM_3IMERGHH_07,V07B,3B-HHR.MS.MRG.3IMERG.20230814-S200000-E202959.1200.V07B.HDF5,2023-08-14T20:00:00,2026-09-14T18:31:54.934900+00:00,DERIVED,flash flood,True,DATE_ONLY,0.0,0.0,0.869999960064888,0.869999960064888,0.869999960064888,0.869999960064888,,,1.4499999284744263,0.869999960064888,0.0,0.0,
FL-UK-2023-02,2023-08-14,2023-08-14T00:00:00,29.849998474121094,78.44999694824219,1.4399999380111694,0.7199999690055847,GPM_3IMERGHH_07,V07B,3B-HHR.MS.MRG.3IMERG.20230814-S000000-E002959.0000.V07B.HDF5,2023-08-14T00:00:00,2026-09-14T18:31:54.934900+00:00,DERIVED,flash flood,True,DATE_ONLY,0.7199999690055847,0.7199999690055847,0.7199999690055847,0.7199999690055847,0.7199999690055847,0.7199999690055847,,,1.4399999380111694,0.7199999690055847,,5.995004162982455,
FL-UK-2023-02,2023-08-14,2023-08-14T04:00:00,29.849998474121094,78.44999694824219,0.8399999737739563,0.41999998688697815,GPM_3IMERGHH_07,V07B,3B-HHR.MS.MRG.3IMERG.20230814-S040000-E042959.0240.V07B.HDF5,2023-08-14T04:00:00,2026-09-14T18:31:54.934900+00:00,DERIVED,flash flood,True,DATE_ONLY,0.41999998688697815,1.1399999558925629,1.1399999558925629,1.1399999558925629,1.1399999558925629,1.1399999558925629,,,1.4399999380111694,1.1399999558925629,,5.9968437663166645,
FL-UK-2023-02,2023-08-14,2023-08-14T08:00:00,29.849998474121094,78.44999694824219,0.0,0.0,GPM_3IMERGHH_07,V07B,3B-HHR.MS.MRG.3IMERG.20230814-S080000-E082959.0480.V07B.HDF5,2023-08-14T08:00:00,2026-09-14T18:31:54.934900+00:00,DERIVED,flash flood,True,DATE_ONLY,0.0,0.41999998688697815,1.1399999558925629,1.1399999558925629,1.1399999558925629,1.1399999558925629,,,1.4399999380111694,1.1399999558925629,-0.29999998211860657,2.2093635093558053,
FL-UK-2023-02,2023-08-14,2023-08-14T12:00:00,29.849998474121094,78.44999694824219,0.0,0.0,GPM_3IMERGHH_07,V07B,3B-HHR.MS.MRG.3IMERG.20230814-S120000-E122959.0720.V07B.HDF5,2023-08-14T12:00:00,2026-09-14T18:31:54.934900+00:00,DERIVED,flash flood,True,DATE_ONLY,0.0,0.0,1.1399999558925629,1.1399999558925629,1.1399999558925629,1.1399999558925629,,,1.4399999380111694,1.1399999558925629,-1.1399999558925629,0.0,
FL-UK-2023-02,2023-08-14,2023-08-14T16:00:00,29.849998474121094,78.44999694824219,0.0,0.0,GPM_3IMERGHH_07,V07B,3B-HHR.MS.MRG.3IMERG.20230814-S160000-E162959.0960.V07B.HDF5,2023-08-14T16:00:00,2026-09-14T18:31:54.934900+00:00,DERIVED,flash flood,True,DATE_ONLY,0.0,0.0,1.1399999558925629,1.1399999558925629,1.1399999558925629,1.1399999558925629,,,1.4399999380111694,1.1399999558925629,-0.41999998688697815,0.0,
FL-UK-2023-02,2023-08-14,2023-08-14T20:00:00,29.849998474121094,78.44999694824219,0.0,0.0,GPM_3IMERGHH_07,V07B,3B-HHR.MS.MRG.3IMERG.20230814-S200000-E202959.1200.V07B.HDF5,2023-08-14T20:00:00,2026-09-14T18:31:54.934900+00:00,DERIVED,flash flood,True,DATE_ONLY,0.0,0.0,1.1399999558925629,1.1399999558925629,1.1399999558925629,1.1399999558925629,,,1.4399999380111694,1.1399999558925629,0.0,0.0,
FL-UK-2023-02,2023-08-14,2023-08-14T00:00:00,29.849998474121094,78.54999542236328,0.949999988079071,0.4749999940395355,GPM_3IMERGHH_07,V07B,3B-HHR.MS.MRG.3IMERG.20230814-S000000-E002959.0000.V07B.HDF5,2023-08-14T00:00:00,2026-09-14T18:31:54.934900+00:00,DERIVED,flash flood,True,DATE_ONLY,0.4749999940395355,0.4749999940395355,0.4749999940395355,0.4749999940395355,0.4749999940395355,0.4749999940395355,,,0.949999988079071,0.4749999940395355,,5.992430613866448,
FL-UK-2023-02,2023-08-14,2023-08-14T04:00:00,29.849998474121094,78.54999542236328,0.5899999737739563,0.29499998688697815,GPM_3IMERGHH_07,V07B,3B-HHR.MS.MRG.3IMERG.20230814-S040000-E042959.0240.V07B.HDF5,2023-08-14T04:00:00,2026-09-14T18:31:54.934900+00:00,DERIVED,flash flood,True,DATE_ONLY,0.29499998688697815,0.7699999809265137,0.7699999809265137,0.7699999809265137,0.7699999809265137,0.7699999809265137,,,0.949999988079071,0.7699999809265137,,5.995328315482604,
FL-UK-2023-02,2023-08-14,2023-08-14T08:00:00,29.849998474121094,78.54999542236328,0.0,0.0,GPM_3IMERGHH_07,V07B,3B-HHR.MS.MRG.3IMERG.20230814-S080000-E082959.0480.V07B.HDF5,2023-08-14T08:00:00,2026-09-14T18:31:54.934900+00:00,DERIVED,flash flood,True,DATE_ONLY,0.0,0.29499998688697815,0.7699999809265137,0.7699999809265137,0.7699999809265137,0.7699999809265137,,,0.949999988079071,0.7699999809265137,-0.18000000715255737,2.2969114522865017,
FL-UK-2023-02,2023-08-14,2023-08-14T12:00:00,29.849998474121094,78.54999542236328,0.0,0.0,GPM_3IMERGHH_07,V07B,3B-HHR.MS.MRG.3IMERG.20230814-S120000-E122959.0720.V07B.HDF5,2023-08-14T12:00:00,2026-09-14T18:31:54.934900+00:00,DERIVED,flash flood,True,DATE_ONLY,0.0,0.0,0.7699999809265137,0.7699999809265137,0.7699999809265137,0.7699999809265137,,,0.949999988079071,0.7699999809265137,-0.7699999809265137,0.0,
FL-UK-2023-02,2023-08-14,2023-08-14T16:00:00,29.849998474121094,78.54999542236328,0.0,0.0,GPM_3IMERGHH_07,V07B,3B-HHR.MS.MRG.3IMERG.20230814-S160000-E162959.0960.V07B.HDF5,2023-08-14T16:00:00,2026-09-14T18:31:54.934900+00:00,DERIVED,flash flood,True,DATE_ONLY,0.0,0.0,0.7699999809265137,0.7699999809265137,0.7699999809265137,0.7699999809265137,,,0.949999988079071,0.7699999809265137,-0.29499998688697815,0.0,
FL-UK-2023-02,2023-08-14,2023-08-14T20:00:00,29.849998474121094,78.54999542236328,0.0,0.0,GPM_3IMERGHH_07,V07B,3B-HHR.MS.MRG.3IMERG.20230814-S200000-E202959.1200.V07B.HDF5,2023-08-14T20:00:00,2026-09-14T18:31:54.934900+00:00,DERIVED,flash flood,True,DATE_ONLY,0.0,0.0,0.7699999809265137,0.7699999809265137,0.7699999809265137,0.7699999809265137,,,0.949999988079071,0.7699999809265137,0.0,0.0,
FL-UK-2023-02,2023-08-14,2023-08-14T00:00:00,29.849998474121094,78.6500015258789,1.2200000286102295,0.6100000143051147,GPM_3IMERGHH_07,V07B,3B-HHR.MS.MRG.3IMERG.20230814-S000000-E002959.0000.V07B.HDF5,2023-08-14T00:00:00,2026-09-14T18:31:54.934900+00:00,DERIVED,flash flood,True,DATE_ONLY,0.6100000143051147,0.6100000143051147,0.6100000143051147,0.6100000143051147,0.6100000143051147,0.6100000143051147,,,1.2200000286102295,0.6100000143051147,,5.994104159980905,
FL-UK-2023-02,2023-08-14,2023-08-14T04:00:00,29.849998474121094,78.6500015258789,0.41999998688697815,0.20999999344348907,GPM_3IMERGHH_07,V07B,3B-HHR.MS.MRG.3IMERG.20230814-S040000-E042959.0240.V07B.HDF5,2023-08-14T04:00:00,2026-09-14T18:31:54.934900+00:00,DERIVED,flash flood,True,DATE_ONLY,0.20999999344348907,0.8200000077486038,0.8200000077486038,0.8200000077486038,0.8200000077486038,0.8200000077486038,,,1.2200000286102295,0.8200000077486038,,5.995612966163774,
FL-UK-2023-02,2023-08-14,2023-08-14T08:00:00,29.849998474121094,78.6500015258789,0.0,0.0,GPM_3IMERGHH_07,V07B,3B-HHR.MS.MRG.3IMERG.20230814-S080000-E082959.0480.V07B.HDF5,2023-08-14T08:00:00,2026-09-14T18:31:54.934900+00:00,DERIVED,flash flood,True,DATE_ONLY,0.0,0.20999999344348907,0.8200000077486038,0.8200000077486038,0.8200000077486038,0.8200000077486038,,,1.2200000286102295,0.8200000077486038,-0.40000002086162567,1.535461794739519,
FL-UK-2023-02,2023-08-14,2023-08-14T12:00:00,29.849998474121094,78.6500015258789,0.0,0.0,GPM_3IMERGHH_07,V07B,3B-HHR.MS.MRG.3IMERG.20230814-S120000-E122959.0720.V07B.HDF5,2023-08-14T12:00:00,2026-09-14T18:31:54.934900+00:00,DERIVED,flash flood,True,DATE_ONLY,0.0,0.0,0.8200000077486038,0.8200000077486038,0.8200000077486038,0.8200000077486038,,,1.2200000286102295,0.8200000077486038,-0.8200000077486038,0.0,
FL-UK-2023-02,2023-08-14,2023-08-14T16:00:00,29.849998474121094,78.6500015258789,0.0,0.0,GPM_3IMERGHH_07,V07B,3B-HHR.MS.MRG.3IMERG.20230814-S160000-E162959.0960.V07B.HDF5,2023-08-14T16:00:00,2026-09-14T18:31:54.934900+00:00,DERIVED,flash flood,True,DATE_ONLY,0.0,0.0,0.8200000077486038,0.8200000077486038,0.8200000077486038,0.8200000077486038,,,1.2200000286102295,0.8200000077486038,-0.20999999344348907,0.0,
FL-UK-2023-02,2023-08-14,2023-08-14T20:00:00,29.849998474121094,78.6500015258789,0.0,0.0,GPM_3IMERGHH_07,V07B,3B-HHR.MS.MRG.3IMERG.20230814-S200000-E202959.1200.V07B.HDF5,2023-08-14T20:00:00,2026-09-14T18:31:54.934900+00:00,DERIVED,flash flood,True,DATE_ONLY,0.0,0.0,0.8200000077486038,0.8200000077486038,0.8200000077486038,0.8200000077486038,,,1.2200000286102295,0.8200000077486038,0.0,0.0,
FL-UK-2024-01,2024-07-31,2024-07-31T00:00:00,30.549999237060547,78.94999694824219,0.4099999964237213,0.20499999821186066,GPM_3IMERGHH_07,V07B,3B-HHR.MS.MRG.3IMERG.20240731-S000000-E002959.0000.V07B.HDF5,2024-07-31T00:00:00,2026-09-14T18:31:54.934900+00:00,DERIVED,cloudburst-induced flood,True,DATE_ONLY,0.20499999821186066,0.20499999821186066,0.20499999821186066,0.20499999821186066,0.20499999821186066,0.20499999821186066,,,0.4099999964237213,0.20499999821186066,,5.982490272221256,
FL-UK-2024-01,2024-07-31,2024-07-31T04:00:00,30.549999237060547,78.94999694824219,0.0,0.0,GPM_3IMERGHH_07,V07B,3B-HHR.MS.MRG.3IMERG.20240731-S040000-E042959.0240.V07B.HDF5,2024-07-31T04:00:00,2026-09-14T18:31:54.934900+00:00,DERIVED,cloudburst-induced flood,True,DATE_ONLY,0.0,0.20499999821186066,0.20499999821186066,0.20499999821186066,0.20499999821186066,0.20499999821186066,,,0.4099999964237213,0.20499999821186066,,5.982490272221256,
FL-UK-2024-01,2024-07-31,2024-07-31T08:00:00,30.549999237060547,78.94999694824219,0.0,0.0,GPM_3IMERGHH_07,V07B,3B-HHR.MS.MRG.3IMERG.20240731-S080000-E082959.0480.V07B.HDF5,2024-07-31T08:00:00,2026-09-14T18:31:54.934900+00:00,DERIVED,cloudburst-induced flood,True,DATE_ONLY,0.0,0.0,0.20499999821186066,0.20499999821186066,0.20499999821186066,0.20499999821186066,,,0.4099999964237213,0.20499999821186066,-0.20499999821186066,0.0,
FL-UK-2024-01,2024-07-31,2024-07-31T12:00:00,30.549999237060547,78.94999694824219,0.22999998927116394,0.11499999463558197,GPM_3IMERGHH_07,V07B,3B-HHR.MS.MRG.3IMERG.20240731-S120000-E122959.0720.V07B.HDF5,2024-07-31T12:00:00,2026-09-14T18:31:54.934900+00:00,DERIVED,cloudburst-induced flood,True,DATE_ONLY,0.11499999463558197,0.11499999463558197,0.3199999928474426,0.3199999928474426,0.3199999928474426,0.3199999928474426,,,0.4099999964237213,0.3199999928474426,-0.09000000357627869,2.1522145452505606,
FL-UK-2024-01,2024-07-31,2024-07-31T16:00:00,30.549999237060547,78.94999694824219,8.460000038146973,4.230000019073486,GPM_3IMERGHH_07,V07B,3B-HHR.MS.MRG.3IMERG.20240731-S160000-E162959.0960.V07B.HDF5,2024-07-31T16:00:00,2026-09-14T18:31:54.934900+00:00,DERIVED,cloudburst-induced flood,True,DATE_ONLY,4.230000019073486,4.345000013709068,4.550000011920929,4.550000011920929,4.550000011920929,4.550000011920929,,,8.460000038146973,4.550000011920929,4.345000013709068,5.728914871436827,
FL-UK-2024-01,2024-07-31,2024-07-31T20:00:00,30.549999237060547,78.94999694824219,0.5099999904632568,0.2549999952316284,GPM_3IMERGHH_07,V07B,3B-HHR.MS.MRG.3IMERG.20240731-S200000-E202959.1200.V07B.HDF5,2024-07-31T20:00:00,2026-09-14T18:31:54.934900+00:00,DERIVED,cloudburst-induced flood,True,DATE_ONLY,0.2549999952316284,4.485000014305115,4.805000007152557,4.805000007152557,4.805000007152557,4.805000007152557,,,8.460000038146973,4.805000007152557,4.370000019669533,5.599717006363075,
FL-UK-2024-01,2024-07-31,2024-07-31T00:00:00,30.549999237060547,79.04999542236328,0.6100000143051147,0.3050000071525574,GPM_3IMERGHH_07,V07B,3B-HHR.MS.MRG.3IMERG.20240731-S000000-E002959.0000.V07B.HDF5,2024-07-31T00:00:00,2026-09-14T18:31:54.934900+00:00,DERIVED,cloudburst-induced flood,True,DATE_ONLY,0.3050000071525574,0.3050000071525574,0.3050000071525574,0.3050000071525574,0.3050000071525574,0.3050000071525574,,,0.6100000143051147,0.3050000071525574,,5.98821989556367,
FL-UK-2024-01,2024-07-31,2024-07-31T04:00:00,30.549999237060547,79.04999542236328,0.17999999225139618,0.08999999612569809,GPM_3IMERGHH_07,V07B,3B-HHR.MS.MRG.3IMERG.20240731-S040000-E042959.0240.V07B.HDF5,2024-07-31T04:00:00,2026-09-14T18:31:54.934900+00:00,DERIVED,cloudburst-induced flood,True,DATE_ONLY,0.08999999612569809,0.39500000327825546,0.39500000327825546,0.39500000327825546,0.39500000327825546,0.39500000327825546,,,0.6100000143051147,0.39500000327825546,,5.990899898963176,
FL-UK-2024-01,2024-07-31,2024-07-31T08:00:00,30.549999237060547,79.04999542236328,0.0,0.0,GPM_3IMERGHH_07,V07B,3B-HHR.MS.MRG.3IMERG.20240731-S080000-E082959.0480.V07B.HDF5,2024-07-31T08:00:00,2026-09-14T18:31:54.934900+00:00,DERIVED,cloudburst-induced flood,True,DATE_ONLY,0.0,0.08999999612569809,0.39500000327825546,0.39500000327825546,0.39500000327825546,0.39500000327825546,,,0.6100000143051147,0.39500000327825546,-0.21500001102685928,1.3650150967626904,
FL-UK-2024-01,2024-07-31,2024-07-31T12:00:00,30.549999237060547,79.04999542236328,0.1899999976158142,0.0949999988079071,GPM_3IMERGHH_07,V07B,3B-HHR.MS.MRG.3IMERG.20240731-S120000-E122959.0720.V07B.HDF5,2024-07-31T12:00:00,2026-09-14T18:31:54.934900+00:00,DERIVED,cloudburst-induced flood,True,DATE_ONLY,0.0949999988079071,0.0949999988079071,0.49000000208616257,0.49000000208616257,0.49000000208616257,0.49000000208616257,,,0.6100000143051147,0.49000000208616257,-0.30000000447034836,1.1618426221435998,
FL-UK-2024-01,2024-07-31,2024-07-31T16:00:00,30.549999237060547,79.04999542236328,8.90999984741211,4.454999923706055,GPM_3IMERGHH_07,V07B,3B-HHR.MS.MRG.3IMERG.20240731-S160000-E162959.0960.V07B.HDF5,2024-07-31T16:00:00,2026-09-14T18:31:54.934900+00:00,DERIVED,cloudburst-induced flood,True,DATE_ONLY,4.454999923706055,4.549999922513962,4.944999925792217,4.944999925792217,4.944999925792217,4.944999925792217,,,8.90999984741211,4.944999925792217,4.459999926388264,5.520058222402753,
FL-UK-2024-01,2024-07-31,2024-07-31T20:00:00,30.549999237060547,79.04999542236328,0.2199999988079071,0.10999999940395355,GPM_3IMERGHH_07,V07B,3B-HHR.MS.MRG.3IMERG.20240731-S200000-E202959.1200.V07B.HDF5,2024-07-31T20:00:00,2026-09-14T18:31:54.934900+00:00,DERIVED,cloudburst-induced flood,True,DATE_ONLY,0.10999999940395355,4.564999923110008,5.054999925196171,5.054999925196171,5.054999925196171,5.054999925196171,,,8.90999984741211,5.054999925196171,4.469999924302101,5.417754558099698,
FL-UK-2024-01,2024-07-31,2024-07-31T00:00:00,30.549999237060547,79.1500015258789,0.6200000047683716,0.3100000023841858,GPM_3IMERGHH_07,V07B,3B-HHR.MS.MRG.3IMERG.20240731-S000000-E002959.0000.V07B.HDF5,2024-07-31T00:00:00,2026-09-14T18:31:54.934900+00:00,DERIVED,cloudburst-induced flood,True,DATE_ONLY,0.3100000023841858,0.3100000023841858,0.3100000023841858,0.3100000023841858,0.3100000023841858,0.3100000023841858,,,0.6200000047683716,0.3100000023841858,,5.988409530031016,
FL-UK-2024-01,2024-07-31,2024-07-31T04:00:00,30.549999237060547,79.1500015258789,0.0,0.0,GPM_3IMERGHH_07,V07B,3B-HHR.MS.MRG.3IMERG.20240731-S040000-E042959.0240.V07B.HDF5,2024-07-31T04:00:00,2026-09-14T18:31:54.934900+00:00,DERIVED,cloudburst-induced flood,True,DATE_ONLY,0.0,0.3100000023841858,0.3100000023841858,0.3100000023841858,0.3100000023841858,0.3100000023841858,,,0.6200000047683716,0.3100000023841858,,5.988409530031016,
FL-UK-2024-01,2024-07-31,2024-07-31T08:00:00,30.549999237060547,79.1500015258789,0.3199999928474426,0.1599999964237213,GPM_3IMERGHH_07,V07B,3B-HHR.MS.MRG.3IMERG.20240731-S080000-E082959.0480.V07B.HDF5,2024-07-31T08:00:00,2026-09-14T18:31:54.934900+00:00,DERIVED,cloudburst-induced flood,True,DATE_ONLY,0.1599999964237213,0.1599999964237213,0.4699999988079071,0.4699999988079071,0.4699999988079071,0.4699999988079071,,,0.6200000047683716,0.4699999988079071,-0.15000000596046448,2.039948960846019,
FL-UK-2024-01,2024-07-31,2024-07-31T12:00:00,30.549999237060547,79.1500015258789,0.0,0.0,GPM_3IMERGHH_07,V07B,3B-HHR.MS.MRG.3IMERG.20240731-S120000-E122959.0720.V07B.HDF5,2024-07-31T12:00:00,2026-09-14T18:31:54.934900+00:00,DERIVED,cloudburst-induced flood,True,DATE_ONLY,0.0,0.1599999964237213,0.4699999988079071,0.4699999988079071,0.4699999988079071,0.4699999988079071,,,0.6200000047683716,0.4699999988079071,-0.15000000596046448,2.039948960846019,
FL-UK-2024-01,2024-07-31,2024-07-31T16:00:00,30.549999237060547,79.1500015258789,10.729999542236328,5.364999771118164,GPM_3IMERGHH_07,V07B,3B-HHR.MS.MRG.3IMERG.20240731-S160000-E162959.0960.V07B.HDF5,2024-07-31T16:00:00,2026-09-14T18:31:54.934900+00:00,DERIVED,cloudburst-induced flood,True,DATE_ONLY,5.364999771118164,5.364999771118164,5.834999769926071,5.834999769926071,5.834999769926071,5.834999769926071,,,10.729999542236328,5.834999769926071,5.204999774694443,5.51614228114153,
FL-UK-2024-01,2024-07-31,2024-07-31T20:00:00,30.549999237060547,79.1500015258789,0.17999999225139618,0.08999999612569809,GPM_3IMERGHH_07,V07B,3B-HHR.MS.MRG.3IMERG.20240731-S200000-E202959.1200.V07B.HDF5,2024-07-31T20:00:00,2026-09-14T18:31:54.934900+00:00,DERIVED,cloudburst-induced flood,True,DATE_ONLY,0.08999999612569809,5.454999767243862,5.924999766051769,5.924999766051769,5.924999766051769,5.924999766051769,,,10.729999542236328,5.924999766051769,5.294999770820141,5.523491274415111,
FL-UK-2024-01,2024-07-31,2024-07-31T00:00:00,30.649999618530273,78.94999694824219,0.3100000023841858,0.1550000011920929,GPM_3IMERGHH_07,V07B,3B-HHR.MS.MRG.3IMERG.20240731-S000000-E002959.0000.V07B.HDF5,2024-07-31T00:00:00,2026-09-14T18:31:54.934900+00:00,DERIVED,cloudburst-induced flood,True,DATE_ONLY,0.1550000011920929,0.1550000011920929,0.1550000011920929,0.1550000011920929,0.1550000011920929,0.1550000011920929,,,0.3100000023841858,0.1550000011920929,,5.976863753390621,
FL-UK-2024-01,2024-07-31,2024-07-31T04:00:00,30.649999618530273,78.94999694824219,0.17000000178813934,0.08500000089406967,GPM_3IMERGHH_07,V07B,3B-HHR.MS.MRG.3IMERG.20240731-S040000-E042959.0240.V07B.HDF5,2024-07-31T04:00:00,2026-09-14T18:31:54.934900+00:00,DERIVED,cloudburst-induced flood,True,DATE_ONLY,0.08500000089406967,0.24000000208616257,0.24000000208616257,0.24000000208616257,0.24000000208616257,0.24000000208616257,,,0.3100000023841858,0.24000000208616257,,5.985037406613525,
FL-UK-2024-01,2024-07-31,2024-07-31T08:00:00,30.649999618530273,78.94999694824219,0.0,0.0,GPM_3IMERGHH_07,V07B,3B-HHR.MS.MRG.3IMERG.20240731-S080000-E082959.0480.V07B.HDF5,2024-07-31T08:00:00,2026-09-14T18:31:54.934900+00:00,DERIVED,cloudburst-induced flood,True,DATE_ONLY,0.0,0.08500000089406967,0.24000000208616257,0.24000000208616257,0.24000000208616257,0.24000000208616257,,,0.3100000023841858,0.24000000208616257,-0.07000000029802322,2.119700752046457,
FL-UK-2024-01,2024-07-31,2024-07-31T12:00:00,30.649999618530273,78.94999694824219,0.0,0.0,GPM_3IMERGHH_07,V07B,3B-HHR.MS.MRG.3IMERG.20240731-S120000-E122959.0720.V07B.HDF5,2024-07-31T12:00:00,2026-09-14T18:31:54.934900+00:00,DERIVED,cloudburst-induced flood,True,DATE_ONLY,0.0,0.0,0.24000000208616257,0.24000000208616257,0.24000000208616257,0.24000000208616257,,,0.3100000023841858,0.24000000208616257,-0.24000000208616257,0.0,
FL-UK-2024-01,2024-07-31,2024-07-31T16:00:00,30.649999618530273,78.94999694824219,15.559999465942383,7.779999732971191,GPM_3IMERGHH_07,V07B,3B-HHR.MS.MRG.3IMERG.20240731-S160000-E162959.0960.V07B.HDF5,2024-07-31T16:00:00,2026-09-14T18:31:54.934900+00:00,DERIVED,cloudburst-induced flood,True,DATE_ONLY,7.779999732971191,7.779999732971191,8.019999735057354,8.019999735057354,8.019999735057354,8.019999735057354,,,15.559999465942383,8.019999735057354,7.694999732077122,5.8200134578207265,
FL-UK-2024-01,2024-07-31,2024-07-31T20:00:00,30.649999618530273,78.94999694824219,0.20999999344348907,0.10499999672174454,GPM_3IMERGHH_07,V07B,3B-HHR.MS.MRG.3IMERG.20240731-S200000-E202959.1200.V07B.HDF5,2024-07-31T20:00:00,2026-09-14T18:31:54.934900+00:00,DERIVED,cloudburst-induced flood,True,DATE_ONLY,0.10499999672174454,7.884999729692936,8.124999731779099,8.124999731779099,8.124999731779099,8.124999731779099,,,15.559999465942383,8.124999731779099,7.884999729692936,5.822339266002596,
FL-UK-2024-01,2024-07-31,2024-07-31T00:00:00,30.649999618530273,79.04999542236328,0.0,0.0,GPM_3IMERGHH_07,V07B,3B-HHR.MS.MRG.3IMERG.20240731-S000000-E002959.0000.V07B.HDF5,2024-07-31T00:00:00,2026-09-14T18:31:54.934900+00:00,DERIVED,cloudburst-induced flood,True,DATE_ONLY,0.0,0.0,0.0,0.0,0.0,0.0,,,0.0,0.0,,0.0,
FL-UK-2024-01,2024-07-31,2024-07-31T04:00:00,30.649999618530273,79.04999542236328,0.14999999105930328,0.07499999552965164,GPM_3IMERGHH_07,V07B,3B-HHR.MS.MRG.3IMERG.20240731-S040000-E042959.0240.V07B.HDF5,2024-07-31T04:00:00,2026-09-14T18:31:54.934900+00:00,DERIVED,cloudburst-induced flood,True,DATE_ONLY,0.07499999552965164,0.07499999552965164,0.07499999552965164,0.07499999552965164,0.07499999552965164,0.07499999552965164,,,0.14999999105930328,0.07499999552965164,,5.952380949565162,
FL-UK-2024-01,2024-07-31,2024-07-31T08:00:00,30.649999618530273,79.04999542236328,0.0,0.0,GPM_3IMERGHH_07,V07B,3B-HHR.MS.MRG.3IMERG.20240731-S080000-E082959.0480.V07B.HDF5,2024-07-31T08:00:00,2026-09-14T18:31:54.934900+00:00,DERIVED,cloudburst-induced flood,True,DATE_ONLY,0.0,0.07499999552965164,0.07499999552965164,0.07499999552965164,0.07499999552965164,0.07499999552965164,,,0.14999999105930328,0.07499999552965164,0.07499999552965164,5.952380949565162,
FL-UK-2024-01,2024-07-31,2024-07-31T12:00:00,30.649999618530273,79.04999542236328,0.2199999988079071,0.10999999940395355,GPM_3IMERGHH_07,V07B,3B-HHR.MS.MRG.3IMERG.20240731-S120000-E122959.0720.V07B.HDF5,2024-07-31T12:00:00,2026-09-14T18:31:54.934900+00:00,DERIVED,cloudburst-induced flood,True,DATE_ONLY,0.10999999940395355,0.10999999940395355,0.1849999949336052,0.1849999949336052,0.1849999949336052,0.1849999949336052,,,0.2199999988079071,0.1849999949336052,0.03500000387430191,3.556034560560325,
FL-UK-2024-01,2024-07-31,2024-07-31T16:00:00,30.649999618530273,79.04999542236328,8.960000038146973,4.480000019073486,GPM_3IMERGHH_07,V07B,3B-HHR.MS.MRG.3IMERG.20240731-S160000-E162959.0960.V07B.HDF5,2024-07-31T16:00:00,2026-09-14T18:31:54.934900+00:00,DERIVED,cloudburst-induced flood,True,DATE_ONLY,4.480000019073486,4.59000001847744,4.6650000140070915,4.6650000140070915,4.6650000140070915,4.6650000140070915,,,8.960000038146973,4.6650000140070915,4.515000022947788,5.902777783818564,
FL-UK-2024-01,2024-07-31,2024-07-31T20:00:00,30.649999618530273,79.04999542236328,0.19999998807907104,0.09999999403953552,GPM_3IMERGHH_07,V07B,3B-HHR.MS.MRG.3IMERG.20240731-S200000-E202959.1200.V07B.HDF5,2024-07-31T20:00:00,2026-09-14T18:31:54.934900+00:00,DERIVED,cloudburst-induced flood,True,DATE_ONLY,0.09999999403953552,4.580000013113022,4.765000008046627,4.765000008046627,4.765000008046627,4.765000008046627,,,8.960000038146973,4.765000008046627,4.470000013709068,5.766325338315986,
FL-UK-2024-01,2024-07-31,2024-07-31T00:00:00,30.649999618530273,79.1500015258789,1.159999966621399,0.5799999833106995,GPM_3IMERGHH_07,V07B,3B-HHR.MS.MRG.3IMERG.20240731-S000000-E002959.0000.V07B.HDF5,2024-07-31T00:00:00,2026-09-14T18:31:54.934900+00:00,DERIVED,cloudburst-induced flood,True,DATE_ONLY,0.5799999833106995,0.5799999833106995,0.5799999833106995,0.5799999833106995,0.5799999833106995,0.5799999833106995,,,1.159999966621399,0.5799999833106995,,5.993799517562036,
FL-UK-2024-01,2024-07-31,2024-07-31T04:00:00,30.649999618530273,79.1500015258789,0.1599999964237213,0.07999999821186066,GPM_3IMERGHH_07,V07B,3B-HHR.MS.MRG.3IMERG.20240731-S040000-E042959.0240.V07B.HDF5,2024-07-31T04:00:00,2026-09-14T18:31:54.934900+00:00,DERIVED,cloudburst-induced flood,True,DATE_ONLY,0.07999999821186066,0.6599999815225601,0.6599999815225601,0.6599999815225601,0.6599999815225601,0.6599999815225601,,,1.159999966621399,0.6599999815225601,,5.9945504085669175,
FL-UK-2024-01,2024-07-31,2024-07-31T08:00:00,30.649999618530273,79.1500015258789,0.14999999105930328,0.07499999552965164,GPM_3IMERGHH_07,V07B,3B-HHR.MS.MRG.3IMERG.20240731-S080000-E082959.0480.V07B.HDF5,2024-07-31T08:00:00,2026-09-14T18:31:54.934900+00:00,DERIVED,cloudburst-induced flood,True,DATE_ONLY,0.07499999552965164,0.1549999937415123,0.7349999770522118,0.7349999770522118,0.7349999770522118,0.7349999770522118,,,1.159999966621399,0.7349999770522118,-0.42499998956918716,1.2642740503825,
FL-UK-2024-01,2024-07-31,2024-07-31T12:00:00,30.649999618530273,79.1500015258789,0.0,0.0,GPM_3IMERGHH_07,V07B,3B-HHR.MS.MRG.3IMERG.20240731-S120000-E122959.0720.V07B.HDF5,2024-07-31T12:00:00,2026-09-14T18:31:54.934900+00:00,DERIVED,cloudburst-induced flood,True,DATE_ONLY,0.0,0.07499999552965164,0.7349999770522118,0.7349999770522118,0.7349999770522118,0.7349999770522118,,,1.159999966621399,0.7349999770522118,-0.5849999859929085,0.611745496487379,
FL-UK-2024-01,2024-07-31,2024-07-31T16:00:00,30.649999618530273,79.1500015258789,9.5,4.75,GPM_3IMERGHH_07,V07B,3B-HHR.MS.MRG.3IMERG.20240731-S160000-E162959.0960.V07B.HDF5,2024-07-31T16:00:00,2026-09-14T18:31:54.934900+00:00,DERIVED,cloudburst-induced flood,True,DATE_ONLY,4.75,4.75,5.484999977052212,5.484999977052212,5.484999977052212,5.484999977052212,,,9.5,5.484999977052212,4.595000006258488,5.195420759665928,
FL-UK-2024-01,2024-07-31,2024-07-31T20:00:00,30.649999618530273,79.1500015258789,0.3499999940395355,0.17499999701976776,GPM_3IMERGHH_07,V07B,3B-HHR.MS.MRG.3IMERG.20240731-S200000-E202959.1200.V07B.HDF5,2024-07-31T20:00:00,2026-09-14T18:31:54.934900+00:00,DERIVED,cloudburst-induced flood,True,DATE_ONLY,0.17499999701976776,4.924999997019768,5.6599999740719795,5.6599999740719795,5.6599999740719795,5.6599999740719795,,,9.5,5.6599999740719795,4.850000001490116,5.220294689162017,
FL-UK-2024-01,2024-07-31,2024-07-31T00:00:00,30.75,78.94999694824219,0.0,0.0,GPM_3IMERGHH_07,V07B,3B-HHR.MS.MRG.3IMERG.20240731-S000000-E002959.0000.V07B.HDF5,2024-07-31T00:00:00,2026-09-14T18:31:54.934900+00:00,DERIVED,cloudburst-induced flood,True,DATE_ONLY,0.0,0.0,0.0,0.0,0.0,0.0,,,0.0,0.0,,0.0,
FL-UK-2024-01,2024-07-31,2024-07-31T04:00:00,30.75,78.94999694824219,0.0,0.0,GPM_3IMERGHH_07,V07B,3B-HHR.MS.MRG.3IMERG.20240731-S040000-E042959.0240.V07B.HDF5,2024-07-31T04:00:00,2026-09-14T18:31:54.934900+00:00,DERIVED,cloudburst-induced flood,True,DATE_ONLY,0.0,0.0,0.0,0.0,0.0,0.0,,,0.0,0.0,,0.0,
FL-UK-2024-01,2024-07-31,2024-07-31T08:00:00,30.75,78.94999694824219,0.0,0.0,GPM_3IMERGHH_07,V07B,3B-HHR.MS.MRG.3IMERG.20240731-S080000-E082959.0480.V07B.HDF5,2024-07-31T08:00:00,2026-09-14T18:31:54.934900+00:00,DERIVED,cloudburst-induced flood,True,DATE_ONLY,0.0,0.0,0.0,0.0,0.0,0.0,,,0.0,0.0,0.0,0.0,
FL-UK-2024-01,2024-07-31,2024-07-31T12:00:00,30.75,78.94999694824219,0.5299999713897705,0.26499998569488525,GPM_3IMERGHH_07,V07B,3B-HHR.MS.MRG.3IMERG.20240731-S120000-E122959.0720.V07B.HDF5,2024-07-31T12:00:00,2026-09-14T18:31:54.934900+00:00,DERIVED,cloudburst-induced flood,True,DATE_ONLY,0.26499998569488525,0.26499998569488525,0.26499998569488525,0.26499998569488525,0.26499998569488525,0.26499998569488525,,,0.5299999713897705,0.26499998569488525,0.26499998569488525,5.986445782402505,
FL-UK-2024-01,2024-07-31,2024-07-31T16:00:00,30.75,78.94999694824219,0.8899999856948853,0.4449999928474426,GPM_3IMERGHH_07,V07B,3B-HHR.MS.MRG.3IMERG.20240731-S160000-E162959.0960.V07B.HDF5,2024-07-31T16:00:00,2026-09-14T18:31:54.934900+00:00,DERIVED,cloudburst-induced flood,True,DATE_ONLY,0.4449999928474426,0.7099999785423279,0.7099999785423279,0.7099999785423279,0.7099999785423279,0.7099999785423279,,,0.8899999856948853,0.7099999785423279,0.7099999785423279,5.994933858557968,
FL-UK-2024-01,2024-07-31,2024-07-31T20:00:00,30.75,78.94999694824219,1.6699999570846558,0.8349999785423279,GPM_3IMERGHH_07,V07B,3B-HHR.MS.MRG.3IMERG.20240731-S200000-E202959.1200.V07B.HDF5,2024-07-31T20:00:00,2026-09-14T18:31:54.934900+00:00,DERIVED,cloudburst-induced flood,True,DATE_ONLY,0.8349999785423279,1.2799999713897705,1.5449999570846558,1.5449999570846558,1.5449999570846558,1.5449999570846558,,,1.6699999570846558,1.5449999570846558,1.0149999856948853,4.968944126282719,
FL-UK-2024-01,2024-07-31,2024-07-31T00:00:00,30.75,79.04999542236328,1.7799999713897705,0.8899999856948853,GPM_3IMERGHH_07,V07B,3B-HHR.MS.MRG.3IMERG.20240731-S000000-E002959.0000.V07B.HDF5,2024-07-31T00:00:00,2026-09-14T18:31:54.934900+00:00,DERIVED,cloudburst-induced flood,True,DATE_ONLY,0.8899999856948853,0.8899999856948853,0.8899999856948853,0.8899999856948853,0.8899999856948853,0.8899999856948853,,,1.7799999713897705,0.8899999856948853,,5.995957781206126,
FL-UK-2024-01,2024-07-31,2024-07-31T04:00:00,30.75,79.04999542236328,0.4099999964237213,0.20499999821186066,GPM_3IMERGHH_07,V07B,3B-HHR.MS.MRG.3IMERG.20240731-S040000-E042959.0240.V07B.HDF5,2024-07-31T04:00:00,2026-09-14T18:31:54.934900+00:00,DERIVED,cloudburst-induced flood,True,DATE_ONLY,0.20499999821186066,1.094999983906746,1.094999983906746,1.094999983906746,1.094999983906746,1.094999983906746,,,1.7799999713897705,1.094999983906746,,5.996714129195984,
FL-UK-2024-01,2024-07-31,2024-07-31T08:00:00,30.75,79.04999542236328,0.0,0.0,GPM_3IMERGHH_07,V07B,3B-HHR.MS.MRG.3IMERG.20240731-S080000-E082959.0480.V07B.HDF5,2024-07-31T08:00:00,2026-09-14T18:31:54.934900+00:00,DERIVED,cloudburst-induced flood,True,DATE_ONLY,0.0,0.20499999821186066,1.094999983906746,1.094999983906746,1.094999983906746,1.094999983906746,,,1.7799999713897705,1.094999983906746,-0.6849999874830246,1.1226725149129408,
FL-UK-2024-01,2024-07-31,2024-07-31T12:00:00,30.75,79.04999542236328,0.5699999928474426,0.2849999964237213,GPM_3IMERGHH_07,V07B,3B-HHR.MS.MRG.3IMERG.20240731-S120000-E122959.0720.V07B.HDF5,2024-07-31T12:00:00,2026-09-14T18:31:54.934900+00:00,DERIVED,cloudburst-induced flood,True,DATE_ONLY,0.2849999964237213,0.2849999964237213,1.3799999803304672,1.3799999803304672,1.3799999803304672,1.3799999803304672,,,1.7799999713897705,1.3799999803304672,-0.8099999874830246,1.2385919186620689,
FL-UK-2024-01,2024-07-31,2024-07-31T16:00:00,30.75,79.04999542236328,8.779999732971191,4.389999866485596,GPM_3IMERGHH_07,V07B,3B-HHR.MS.MRG.3IMERG.20240731-S160000-E162959.0960.V07B.HDF5,2024-07-31T16:00:00,2026-09-14T18:31:54.934900+00:00,DERIVED,cloudburst-induced flood,True,DATE_ONLY,4.389999866485596,4.674999862909317,5.769999846816063,5.769999846816063,5.769999846816063,5.769999846816063,,,8.779999732971191,5.769999846816063,4.469999864697456,4.860846345624282,
FL-UK-2024-01,2024-07-31,2024-07-31T20:00:00,30.75,79.04999542236328,1.7999999523162842,0.8999999761581421,GPM_3IMERGHH_07,V07B,3B-HHR.MS.MRG.3IMERG.20240731-S200000-E202959.1200.V07B.HDF5,2024-07-31T20:00:00,2026-09-14T18:31:54.934900+00:00,DERIVED,cloudburst-induced flood,True,DATE_ONLY,0.8999999761581421,5.289999842643738,6.669999822974205,6.669999822974205,6.669999822974205,6.669999822974205,,,8.779999732971191,6.669999822974205,5.0049998462200165,4.758192651063662,
FL-UK-2024-01,2024-07-31,2024-07-31T00:00:00,30.75,79.1500015258789,1.7799999713897705,0.8899999856948853,GPM_3IMERGHH_07,V07B,3B-HHR.MS.MRG.3IMERG.20240731-S000000-E002959.0000.V07B.HDF5,2024-07-31T00:00:00,2026-09-14T18:31:54.934900+00:00,DERIVED,cloudburst-induced flood,True,DATE_ONLY,0.8899999856948853,0.8899999856948853,0.8899999856948853,0.8899999856948853,0.8899999856948853,0.8899999856948853,,,1.7799999713897705,0.8899999856948853,,5.995957781206126,
FL-UK-2024-01,2024-07-31,2024-07-31T04:00:00,30.75,79.1500015258789,0.4099999964237213,0.20499999821186066,GPM_3IMERGHH_07,V07B,3B-HHR.MS.MRG.3IMERG.20240731-S040000-E042959.0240.V07B.HDF5,2024-07-31T04:00:00,2026-09-14T18:31:54.934900+00:00,DERIVED,cloudburst-induced flood,True,DATE_ONLY,0.20499999821186066,1.094999983906746,1.094999983906746,1.094999983906746,1.094999983906746,1.094999983906746,,,1.7799999713897705,1.094999983906746,,5.996714129195984,
FL-UK-2024-01,2024-07-31,2024-07-31T08:00:00,30.75,79.1500015258789,0.3999999761581421,0.19999998807907104,GPM_3IMERGHH_07,V07B,3B-HHR.MS.MRG.3IMERG.20240731-S080000-E082959.0480.V07B.HDF5,2024-07-31T08:00:00,2026-09-14T18:31:54.934900+00:00,DERIVED,cloudburst-induced flood,True,DATE_ONLY,0.19999998807907104,0.4049999862909317,1.294999971985817,1.294999971985817,1.294999971985817,1.294999971985817,,,1.7799999713897705,1.294999971985817,-0.48499999940395355,1.8755788594384069,
FL-UK-2024-01,2024-07-31,2024-07-31T12:00:00,30.75,79.1500015258789,0.0,0.0,GPM_3IMERGHH_07,V07B,3B-HHR.MS.MRG.3IMERG.20240731-S120000-E122959.0720.V07B.HDF5,2024-07-31T12:00:00,2026-09-14T18:31:54.934900+00:00,DERIVED,cloudburst-induced flood,True,DATE_ONLY,0.0,0.19999998807907104,1.294999971985817,1.294999971985817,1.294999971985817,1.294999971985817,,,1.7799999713897705,1.294999971985817,-0.8949999958276749,0.9262117585840476,
FL-UK-2024-01,2024-07-31,2024-07-31T16:00:00,30.75,79.1500015258789,8.769999504089355,4.384999752044678,GPM_3IMERGHH_07,V07B,3B-HHR.MS.MRG.3IMERG.20240731-S160000-E162959.0960.V07B.HDF5,2024-07-31T16:00:00,2026-09-14T18:31:54.934900+00:00,DERIVED,cloudburst-induced flood,True,DATE_ONLY,4.384999752044678,4.384999752044678,5.679999724030495,5.679999724030495,5.679999724030495,5.679999724030495,,,8.769999504089355,5.679999724030495,3.979999765753746,4.631552968072993,
FL-UK-2024-01,2024-07-31,2024-07-31T20:00:00,30.75,79.1500015258789,1.709999918937683,0.8549999594688416,GPM_3IMERGHH_07,V07B,3B-HHR.MS.MRG.3IMERG.20240731-S200000-E202959.1200.V07B.HDF5,2024-07-31T20:00:00,2026-09-14T18:31:54.934900+00:00,DERIVED,cloudburst-induced flood,True,DATE_ONLY,0.8549999594688416,5.239999711513519,6.534999683499336,6.534999683499336,6.534999683499336,6.534999683499336,,,8.769999504089355,6.534999683499336,5.039999723434448,4.810575890757019,
