event_id,event_date,timestamp,latitude,longitude,precipitation_mm,gpm_precipitation_rate_mm_hr,source_product,source_version,source_granule,observation_time,coord_class,event_type,flash_flood_target_eligible,rainfall_30min_mm,rainfall_1h_mm,rainfall_3h_mm,rainfall_6h_mm,rainfall_12h_mm,rainfall_24h_mm,rainfall_48h_mm,rainfall_72h_mm,event_time_precision,target_suitability,severity,elevation,slope,aspect,curvature,flow_accumulation,topographic_wetness_index,stream_power_index,distance_to_stream,drainage_density,landcover_class,landcover_name,forest_fraction,cropland_fraction,urban_fraction,bare_ground_fraction,surface_sm,rootzone_sm,official_wetness_or_saturation_if_available,gfs_forecast_rainfall_mm,gfs_temperature_2m_c,gfs_relative_humidity_pct,gfs_surface_pressure_hpa,gfs_wind_speed_ms,gfs_cape_jkg,gfs_status,cwc_water_level_m,cwc_discharge_m3s,cwc_rate_of_rise_mh,cwc_warning_level_m,cwc_danger_level_m,cwc_hfl_m,cwc_status
FL-UK-1998-01,1998-08-11,1998-08-08T00:00:00,30.44999885559082,78.94999694824219,0.0,0.0,GPM_3IMERGHH_07,V07B,3B-HHR.MS.MRG.3IMERG.19980808-S000000-E002959.0000.V07B.HDF5,1998-08-08T00:00:00,DERIVED,debris-flow/flood event,False,0.0,0.0,0.0,0.0,0.0,0.0,0.0,0.0,DATE_ONLY,UNSUITABLE_DEBRIS_AVALANCHE,Major,1980.0,31.2,210.0,-0.018,8400,7.2,16.8,85.0,2.1,10,Tree cover,0.68,0.08,0.01,0.23,,,,,,,,,,HISTORICAL_VINTAGE_UNAVAILABLE,,,,,,,UNAVAILABLE
FL-UK-1998-01,1998-08-11,1998-08-09T00:00:00,30.44999885559082,78.94999694824219,0.39499998092651367,0.7899999618530273,GPM_3IMERGHH_07,V07B,3B-HHR.MS.MRG.3IMERG.19980809-S000000-E002959.0000.V07B.HDF5,1998-08-09T00:00:00,DERIVED,debris-flow/flood event,False,0.39499998092651367,0.39499998092651367,0.39499998092651367,0.39499998092651367,0.39499998092651367,0.39499998092651367,0.39499998092651367,0.39499998092651367,DATE_ONLY,UNSUITABLE_DEBRIS_AVALANCHE,Major,1980.0,31.2,210.0,-0.018,8400,7.2,16.8,85.0,2.1,10,Tree cover,0.68,0.08,0.01,0.23,,,,,,,,,,HISTORICAL_VINTAGE_UNAVAILABLE,,,,,,,UNAVAILABLE
FL-UK-1998-01,1998-08-11,1998-08-10T00:00:00,30.44999885559082,78.94999694824219,0.4899999797344208,0.9799999594688416,GPM_3IMERGHH_07,V07B,3B-HHR.MS.MRG.3IMERG.19980810-S000000-E002959.0000.V07B.HDF5,1998-08-10T00:00:00,DERIVED,debris-flow/flood event,False,0.4899999797344208,0.8849999606609344,0.8849999606609344,0.8849999606609344,0.8849999606609344,0.8849999606609344,0.8849999606609344,0.8849999606609344,DATE_ONLY,UNSUITABLE_DEBRIS_AVALANCHE,Major,1980.0,31.2,210.0,-0.018,8400,7.2,16.8,85.0,2.1,10,Tree cover,0.68,0.08,0.01,0.23,,,,,,,,,,HISTORICAL_VINTAGE_UNAVAILABLE,,,,,,,UNAVAILABLE
FL-UK-1998-01,1998-08-11,1998-08-11T00:00:00,30.44999885559082,78.94999694824219,0.1550000011920929,0.3100000023841858,GPM_3IMERGHH_07,V07B,3B-HHR.MS.MRG.3IMERG.19980811-S000000-E002959.0000.V07B.HDF5,1998-08-11T00:00:00,DERIVED,debris-flow/flood event,False,0.1550000011920929,0.6449999809265137,1.0399999618530273,1.0399999618530273,1.0399999618530273,1.0399999618530273,1.0399999618530273,1.0399999618530273,DATE_ONLY,UNSUITABLE_DEBRIS_AVALANCHE,Major,1980.0,31.2,210.0,-0.018,8400,7.2,16.8,85.0,2.1,10,Tree cover,0.68,0.08,0.01,0.23,,,,,,,,,,HISTORICAL_VINTAGE_UNAVAILABLE,,,,,,,UNAVAILABLE
FL-UK-1998-01,1998-08-11,1998-08-12T00:00:00,30.44999885559082,78.94999694824219,0.1599999964237213,0.3199999928474426,GPM_3IMERGHH_07,V07B,3B-HHR.MS.MRG.3IMERG.19980812-S000000-E002959.0000.V07B.HDF5,1998-08-12T00:00:00,DERIVED,debris-flow/flood event,False,0.1599999964237213,0.3149999976158142,1.1999999582767487,1.1999999582767487,1.1999999582767487,1.1999999582767487,1.1999999582767487,1.1999999582767487,DATE_ONLY,UNSUITABLE_DEBRIS_AVALANCHE,Major,1980.0,31.2,210.0,-0.018,8400,7.2,16.8,85.0,2.1,10,Tree cover,0.68,0.08,0.01,0.23,,,,,,,,,,HISTORICAL_VINTAGE_UNAVAILABLE,,,,,,,UNAVAILABLE
FL-UK-1998-01,1998-08-11,1998-08-13T00:00:00,30.44999885559082,78.94999694824219,0.0,0.0,GPM_3IMERGHH_07,V07B,3B-HHR.MS.MRG.3IMERG.19980813-S000000-E002959.0000.V07B.HDF5,1998-08-13T00:00:00,DERIVED,debris-flow/flood event,False,0.0,0.1599999964237213,1.1999999582767487,1.1999999582767487,1.1999999582767487,1.1999999582767487,1.1999999582767487,1.1999999582767487,DATE_ONLY,UNSUITABLE_DEBRIS_AVALANCHE,Major,1980.0,31.2,210.0,-0.018,8400,7.2,16.8,85.0,2.1,10,Tree cover,0.68,0.08,0.01,0.23,,,,,,,,,,HISTORICAL_VINTAGE_UNAVAILABLE,,,,,,,UNAVAILABLE
FL-UK-1998-01,1998-08-11,1998-08-08T00:00:00,30.44999885559082,79.04999542236328,0.2149999886751175,0.429999977350235,GPM_3IMERGHH_07,V07B,3B-HHR.MS.MRG.3IMERG.19980808-S000000-E002959.0000.V07B.HDF5,1998-08-08T00:00:00,DERIVED,debris-flow/flood event,False,0.2149999886751175,0.2149999886751175,0.2149999886751175,0.2149999886751175,0.2149999886751175,0.2149999886751175,0.2149999886751175,0.2149999886751175,DATE_ONLY,UNSUITABLE_DEBRIS_AVALANCHE,Major,1980.0,31.2,210.0,-0.018,8400,7.2,16.8,85.0,2.1,10,Tree cover,0.68,0.08,0.01,0.23,,,,,,,,,,HISTORICAL_VINTAGE_UNAVAILABLE,,,,,,,UNAVAILABLE
FL-UK-1998-01,1998-08-11,1998-08-09T00:00:00,30.44999885559082,79.04999542236328,0.3649999797344208,0.7299999594688416,GPM_3IMERGHH_07,V07B,3B-HHR.MS.MRG.3IMERG.19980809-S000000-E002959.0000.V07B.HDF5,1998-08-09T00:00:00,DERIVED,debris-flow/flood event,False,0.3649999797344208,0.5799999684095383,0.5799999684095383,0.5799999684095383,0.5799999684095383,0.5799999684095383,0.5799999684095383,0.5799999684095383,DATE_ONLY,UNSUITABLE_DEBRIS_AVALANCHE,Major,1980.0,31.2,210.0,-0.018,8400,7.2,16.8,85.0,2.1,10,Tree cover,0.68,0.08,0.01,0.23,,,,,,,,,,HISTORICAL_VINTAGE_UNAVAILABLE,,,,,,,UNAVAILABLE
FL-UK-1998-01,1998-08-11,1998-08-10T00:00:00,30.44999885559082,79.04999542236328,0.3349999785423279,0.6699999570846558,GPM_3IMERGHH_07,V07B,3B-HHR.MS.MRG.3IMERG.19980810-S000000-E002959.0000.V07B.HDF5,1998-08-10T00:00:00,DERIVED,debris-flow/flood event,False,0.3349999785423279,0.6999999582767487,0.9149999469518661,0.9149999469518661,0.9149999469518661,0.9149999469518661,0.9149999469518661,0.9149999469518661,DATE_ONLY,UNSUITABLE_DEBRIS_AVALANCHE,Major,1980.0,31.2,210.0,-0.018,8400,7.2,16.8,85.0,2.1,10,Tree cover,0.68,0.08,0.01,0.23,,,,,,,,,,HISTORICAL_VINTAGE_UNAVAILABLE,,,,,,,UNAVAILABLE
FL-UK-1998-01,1998-08-11,1998-08-11T00:00:00,30.44999885559082,79.04999542236328,0.41499999165534973,0.8299999833106995,GPM_3IMERGHH_07,V07B,3B-HHR.MS.MRG.3IMERG.19980811-S000000-E002959.0000.V07B.HDF5,1998-08-11T00:00:00,DERIVED,debris-flow/flood event,False,0.41499999165534973,0.7499999701976776,1.3299999386072159,1.3299999386072159,1.3299999386072159,1.3299999386072159,1.3299999386072159,1.3299999386072159,DATE_ONLY,UNSUITABLE_DEBRIS_AVALANCHE,Major,1980.0,31.2,210.0,-0.018,8400,7.2,16.8,85.0,2.1,10,Tree cover,0.68,0.08,0.01,0.23,,,,,,,,,,HISTORICAL_VINTAGE_UNAVAILABLE,,,,,,,UNAVAILABLE
FL-UK-1998-01,1998-08-11,1998-08-12T00:00:00,30.44999885559082,79.04999542236328,0.0,0.0,GPM_3IMERGHH_07,V07B,3B-HHR.MS.MRG.3IMERG.19980812-S000000-E002959.0000.V07B.HDF5,1998-08-12T00:00:00,DERIVED,debris-flow/flood event,False,0.0,0.41499999165534973,1.3299999386072159,1.3299999386072159,1.3299999386072159,1.3299999386072159,1.3299999386072159,1.3299999386072159,DATE_ONLY,UNSUITABLE_DEBRIS_AVALANCHE,Major,1980.0,31.2,210.0,-0.018,8400,7.2,16.8,85.0,2.1,10,Tree cover,0.68,0.08,0.01,0.23,,,,,,,,,,HISTORICAL_VINTAGE_UNAVAILABLE,,,,,,,UNAVAILABLE
FL-UK-1998-01,1998-08-11,1998-08-13T00:00:00,30.44999885559082,79.04999542236328,0.0,0.0,GPM_3IMERGHH_07,V07B,3B-HHR.MS.MRG.3IMERG.19980813-S000000-E002959.0000.V07B.HDF5,1998-08-13T00:00:00,DERIVED,debris-flow/flood event,False,0.0,0.0,1.3299999386072159,1.3299999386072159,1.3299999386072159,1.3299999386072159,1.3299999386072159,1.3299999386072159,DATE_ONLY,UNSUITABLE_DEBRIS_AVALANCHE,Major,1980.0,31.2,210.0,-0.018,8400,7.2,16.8,85.0,2.1,10,Tree cover,0.68,0.08,0.01,0.23,,,,,,,,,,HISTORICAL_VINTAGE_UNAVAILABLE,,,,,,,UNAVAILABLE
FL-UK-1998-01,1998-08-11,1998-08-08T00:00:00,30.44999885559082,79.1500015258789,0.0,0.0,GPM_3IMERGHH_07,V07B,3B-HHR.MS.MRG.3IMERG.19980808-S000000-E002959.0000.V07B.HDF5,1998-08-08T00:00:00,DERIVED,debris-flow/flood event,False,0.0,0.0,0.0,0.0,0.0,0.0,0.0,0.0,DATE_ONLY,UNSUITABLE_DEBRIS_AVALANCHE,Major,1980.0,31.2,210.0,-0.018,8400,7.2,16.8,85.0,2.1,10,Tree cover,0.68,0.08,0.01,0.23,,,,,,,,,,HISTORICAL_VINTAGE_UNAVAILABLE,,,,,,,UNAVAILABLE
FL-UK-1998-01,1998-08-11,1998-08-09T00:00:00,30.44999885559082,79.1500015258789,0.5550000071525574,1.1100000143051147,GPM_3IMERGHH_07,V07B,3B-HHR.MS.MRG.3IMERG.19980809-S000000-E002959.0000.V07B.HDF5,1998-08-09T00:00:00,DERIVED,debris-flow/flood event,False,0.5550000071525574,0.5550000071525574,0.5550000071525574,0.5550000071525574,0.5550000071525574,0.5550000071525574,0.5550000071525574,0.5550000071525574,DATE_ONLY,UNSUITABLE_DEBRIS_AVALANCHE,Major,1980.0,31.2,210.0,-0.018,8400,7.2,16.8,85.0,2.1,10,Tree cover,0.68,0.08,0.01,0.23,,,,,,,,,,HISTORICAL_VINTAGE_UNAVAILABLE,,,,,,,UNAVAILABLE
FL-UK-1998-01,1998-08-11,1998-08-10T00:00:00,30.44999885559082,79.1500015258789,0.32499998807907104,0.6499999761581421,GPM_3IMERGHH_07,V07B,3B-HHR.MS.MRG.3IMERG.19980810-S000000-E002959.0000.V07B.HDF5,1998-08-10T00:00:00,DERIVED,debris-flow/flood event,False,0.32499998807907104,0.8799999952316284,0.8799999952316284,0.8799999952316284,0.8799999952316284,0.8799999952316284,0.8799999952316284,0.8799999952316284,DATE_ONLY,UNSUITABLE_DEBRIS_AVALANCHE,Major,1980.0,31.2,210.0,-0.018,8400,7.2,16.8,85.0,2.1,10,Tree cover,0.68,0.08,0.01,0.23,,,,,,,,,,HISTORICAL_VINTAGE_UNAVAILABLE,,,,,,,UNAVAILABLE
FL-UK-1998-01,1998-08-11,1998-08-11T00:00:00,30.44999885559082,79.1500015258789,0.19999998807907104,0.3999999761581421,GPM_3IMERGHH_07,V07B,3B-HHR.MS.MRG.3IMERG.19980811-S000000-E002959.0000.V07B.HDF5,1998-08-11T00:00:00,DERIVED,debris-flow/flood event,False,0.19999998807907104,0.5249999761581421,1.0799999833106995,1.0799999833106995,1.0799999833106995,1.0799999833106995,1.0799999833106995,1.0799999833106995,DATE_ONLY,UNSUITABLE_DEBRIS_AVALANCHE,Major,1980.0,31.2,210.0,-0.018,8400,7.2,16.8,85.0,2.1,10,Tree cover,0.68,0.08,0.01,0.23,,,,,,,,,,HISTORICAL_VINTAGE_UNAVAILABLE,,,,,,,UNAVAILABLE
FL-UK-1998-01,1998-08-11,1998-08-12T00:00:00,30.44999885559082,79.1500015258789,0.009999999776482582,0.019999999552965164,GPM_3IMERGHH_07,V07B,3B-HHR.MS.MRG.3IMERG.19980812-S000000-E002959.0000.V07B.HDF5,1998-08-12T00:00:00,DERIVED,debris-flow/flood event,False,0.009999999776482582,0.20999998785555363,1.089999983087182,1.089999983087182,1.089999983087182,1.089999983087182,1.089999983087182,1.089999983087182,DATE_ONLY,UNSUITABLE_DEBRIS_AVALANCHE,Major,1980.0,31.2,210.0,-0.018,8400,7.2,16.8,85.0,2.1,10,Tree cover,0.68,0.08,0.01,0.23,,,,,,,,,,HISTORICAL_VINTAGE_UNAVAILABLE,,,,,,,UNAVAILABLE
FL-UK-1998-01,1998-08-11,1998-08-13T00:00:00,30.44999885559082,79.1500015258789,0.0,0.0,GPM_3IMERGHH_07,V07B,3B-HHR.MS.MRG.3IMERG.19980813-S000000-E002959.0000.V07B.HDF5,1998-08-13T00:00:00,DERIVED,debris-flow/flood event,False,0.0,0.009999999776482582,1.089999983087182,1.089999983087182,1.089999983087182,1.089999983087182,1.089999983087182,1.089999983087182,DATE_ONLY,UNSUITABLE_DEBRIS_AVALANCHE,Major,1980.0,31.2,210.0,-0.018,8400,7.2,16.8,85.0,2.1,10,Tree cover,0.68,0.08,0.01,0.23,,,,,,,,,,HISTORICAL_VINTAGE_UNAVAILABLE,,,,,,,UNAVAILABLE
FL-UK-1998-01,1998-08-11,1998-08-08T00:00:00,30.549999237060547,78.94999694824219,0.0,0.0,GPM_3IMERGHH_07,V07B,3B-HHR.MS.MRG.3IMERG.19980808-S000000-E002959.0000.V07B.HDF5,1998-08-08T00:00:00,DERIVED,debris-flow/flood event,False,0.0,0.0,0.0,0.0,0.0,0.0,0.0,0.0,DATE_ONLY,UNSUITABLE_DEBRIS_AVALANCHE,Major,1980.0,31.2,210.0,-0.018,8400,7.2,16.8,85.0,2.1,10,Tree cover,0.68,0.08,0.01,0.23,,,,,,,,,,HISTORICAL_VINTAGE_UNAVAILABLE,,,,,,,UNAVAILABLE
FL-UK-1998-01,1998-08-11,1998-08-09T00:00:00,30.549999237060547,78.94999694824219,0.0,0.0,GPM_3IMERGHH_07,V07B,3B-HHR.MS.MRG.3IMERG.19980809-S000000-E002959.0000.V07B.HDF5,1998-08-09T00:00:00,DERIVED,debris-flow/flood event,False,0.0,0.0,0.0,0.0,0.0,0.0,0.0,0.0,DATE_ONLY,UNSUITABLE_DEBRIS_AVALANCHE,Major,1980.0,31.2,210.0,-0.018,8400,7.2,16.8,85.0,2.1,10,Tree cover,0.68,0.08,0.01,0.23,,,,,,,,,,HISTORICAL_VINTAGE_UNAVAILABLE,,,,,,,UNAVAILABLE
FL-UK-1998-01,1998-08-11,1998-08-10T00:00:00,30.549999237060547,78.94999694824219,4.404999732971191,8.809999465942383,GPM_3IMERGHH_07,V07B,3B-HHR.MS.MRG.3IMERG.19980810-S000000-E002959.0000.V07B.HDF5,1998-08-10T00:00:00,DERIVED,debris-flow/flood event,False,4.404999732971191,4.404999732971191,4.404999732971191,4.404999732971191,4.404999732971191,4.404999732971191,4.404999732971191,4.404999732971191,DATE_ONLY,UNSUITABLE_DEBRIS_AVALANCHE,Major,1980.0,31.2,210.0,-0.018,8400,7.2,16.8,85.0,2.1,10,Tree cover,0.68,0.08,0.01,0.23,,,,,,,,,,HISTORICAL_VINTAGE_UNAVAILABLE,,,,,,,UNAVAILABLE
FL-UK-1998-01,1998-08-11,1998-08-11T00:00:00,30.549999237060547,78.94999694824219,0.0,0.0,GPM_3IMERGHH_07,V07B,3B-HHR.MS.MRG.3IMERG.19980811-S000000-E002959.0000.V07B.HDF5,1998-08-11T00:00:00,DERIVED,debris-flow/flood event,False,0.0,4.404999732971191,4.404999732971191,4.404999732971191,4.404999732971191,4.404999732971191,4.404999732971191,4.404999732971191,DATE_ONLY,UNSUITABLE_DEBRIS_AVALANCHE,Major,1980.0,31.2,210.0,-0.018,8400,7.2,16.8,85.0,2.1,10,Tree cover,0.68,0.08,0.01,0.23,,,,,,,,,,HISTORICAL_VINTAGE_UNAVAILABLE,,,,,,,UNAVAILABLE
FL-UK-1998-01,1998-08-11,1998-08-12T00:00:00,30.549999237060547,78.94999694824219,0.0,0.0,GPM_3IMERGHH_07,V07B,3B-HHR.MS.MRG.3IMERG.19980812-S000000-E002959.0000.V07B.HDF5,1998-08-12T00:00:00,DERIVED,debris-flow/flood event,False,0.0,0.0,4.404999732971191,4.404999732971191,4.404999732971191,4.404999732971191,4.404999732971191,4.404999732971191,DATE_ONLY,UNSUITABLE_DEBRIS_AVALANCHE,Major,1980.0,31.2,210.0,-0.018,8400,7.2,16.8,85.0,2.1,10,Tree cover,0.68,0.08,0.01,0.23,,,,,,,,,,HISTORICAL_VINTAGE_UNAVAILABLE,,,,,,,UNAVAILABLE
FL-UK-1998-01,1998-08-11,1998-08-13T00:00:00,30.549999237060547,78.94999694824219,0.0,0.0,GPM_3IMERGHH_07,V07B,3B-HHR.MS.MRG.3IMERG.19980813-S000000-E002959.0000.V07B.HDF5,1998-08-13T00:00:00,DERIVED,debris-flow/flood event,False,0.0,0.0,4.404999732971191,4.404999732971191,4.404999732971191,4.404999732971191,4.404999732971191,4.404999732971191,DATE_ONLY,UNSUITABLE_DEBRIS_AVALANCHE,Major,1980.0,31.2,210.0,-0.018,8400,7.2,16.8,85.0,2.1,10,Tree cover,0.68,0.08,0.01,0.23,,,,,,,,,,HISTORICAL_VINTAGE_UNAVAILABLE,,,,,,,UNAVAILABLE
FL-UK-1998-01,1998-08-11,1998-08-08T00:00:00,30.549999237060547,79.04999542236328,0.0,0.0,GPM_3IMERGHH_07,V07B,3B-HHR.MS.MRG.3IMERG.19980808-S000000-E002959.0000.V07B.HDF5,1998-08-08T00:00:00,DERIVED,debris-flow/flood event,False,0.0,0.0,0.0,0.0,0.0,0.0,0.0,0.0,DATE_ONLY,UNSUITABLE_DEBRIS_AVALANCHE,Major,1980.0,31.2,210.0,-0.018,8400,7.2,16.8,85.0,2.1,10,Tree cover,0.68,0.08,0.01,0.23,,,,,,,,,,HISTORICAL_VINTAGE_UNAVAILABLE,,,,,,,UNAVAILABLE
FL-UK-1998-01,1998-08-11,1998-08-09T00:00:00,30.549999237060547,79.04999542236328,0.0,0.0,GPM_3IMERGHH_07,V07B,3B-HHR.MS.MRG.3IMERG.19980809-S000000-E002959.0000.V07B.HDF5,1998-08-09T00:00:00,DERIVED,debris-flow/flood event,False,0.0,0.0,0.0,0.0,0.0,0.0,0.0,0.0,DATE_ONLY,UNSUITABLE_DEBRIS_AVALANCHE,Major,1980.0,31.2,210.0,-0.018,8400,7.2,16.8,85.0,2.1,10,Tree cover,0.68,0.08,0.01,0.23,,,,,,,,,,HISTORICAL_VINTAGE_UNAVAILABLE,,,,,,,UNAVAILABLE
FL-UK-1998-01,1998-08-11,1998-08-10T00:00:00,30.549999237060547,79.04999542236328,0.39499998092651367,0.7899999618530273,GPM_3IMERGHH_07,V07B,3B-HHR.MS.MRG.3IMERG.19980810-S000000-E002959.0000.V07B.HDF5,1998-08-10T00:00:00,DERIVED,debris-flow/flood event,False,0.39499998092651367,0.39499998092651367,0.39499998092651367,0.39499998092651367,0.39499998092651367,0.39499998092651367,0.39499998092651367,0.39499998092651367,DATE_ONLY,UNSUITABLE_DEBRIS_AVALANCHE,Major,1980.0,31.2,210.0,-0.018,8400,7.2,16.8,85.0,2.1,10,Tree cover,0.68,0.08,0.01,0.23,,,,,,,,,,HISTORICAL_VINTAGE_UNAVAILABLE,,,,,,,UNAVAILABLE
FL-UK-1998-01,1998-08-11,1998-08-11T00:00:00,30.549999237060547,79.04999542236328,0.25,0.5,GPM_3IMERGHH_07,V07B,3B-HHR.MS.MRG.3IMERG.19980811-S000000-E002959.0000.V07B.HDF5,1998-08-11T00:00:00,DERIVED,debris-flow/flood event,False,0.25,0.6449999809265137,0.6449999809265137,0.6449999809265137,0.6449999809265137,0.6449999809265137,0.6449999809265137,0.6449999809265137,DATE_ONLY,UNSUITABLE_DEBRIS_AVALANCHE,Major,1980.0,31.2,210.0,-0.018,8400,7.2,16.8,85.0,2.1,10,Tree cover,0.68,0.08,0.01,0.23,,,,,,,,,,HISTORICAL_VINTAGE_UNAVAILABLE,,,,,,,UNAVAILABLE
FL-UK-1998-01,1998-08-11,1998-08-12T00:00:00,30.549999237060547,79.04999542236328,0.0,0.0,GPM_3IMERGHH_07,V07B,3B-HHR.MS.MRG.3IMERG.19980812-S000000-E002959.0000.V07B.HDF5,1998-08-12T00:00:00,DERIVED,debris-flow/flood event,False,0.0,0.25,0.6449999809265137,0.6449999809265137,0.6449999809265137,0.6449999809265137,0.6449999809265137,0.6449999809265137,DATE_ONLY,UNSUITABLE_DEBRIS_AVALANCHE,Major,1980.0,31.2,210.0,-0.018,8400,7.2,16.8,85.0,2.1,10,Tree cover,0.68,0.08,0.01,0.23,,,,,,,,,,HISTORICAL_VINTAGE_UNAVAILABLE,,,,,,,UNAVAILABLE
FL-UK-1998-01,1998-08-11,1998-08-13T00:00:00,30.549999237060547,79.04999542236328,0.0,0.0,GPM_3IMERGHH_07,V07B,3B-HHR.MS.MRG.3IMERG.19980813-S000000-E002959.0000.V07B.HDF5,1998-08-13T00:00:00,DERIVED,debris-flow/flood event,False,0.0,0.0,0.6449999809265137,0.6449999809265137,0.6449999809265137,0.6449999809265137,0.6449999809265137,0.6449999809265137,DATE_ONLY,UNSUITABLE_DEBRIS_AVALANCHE,Major,1980.0,31.2,210.0,-0.018,8400,7.2,16.8,85.0,2.1,10,Tree cover,0.68,0.08,0.01,0.23,,,,,,,,,,HISTORICAL_VINTAGE_UNAVAILABLE,,,,,,,UNAVAILABLE
FL-UK-1998-01,1998-08-11,1998-08-08T00:00:00,30.549999237060547,79.1500015258789,0.0,0.0,GPM_3IMERGHH_07,V07B,3B-HHR.MS.MRG.3IMERG.19980808-S000000-E002959.0000.V07B.HDF5,1998-08-08T00:00:00,DERIVED,debris-flow/flood event,False,0.0,0.0,0.0,0.0,0.0,0.0,0.0,0.0,DATE_ONLY,UNSUITABLE_DEBRIS_AVALANCHE,Major,1980.0,31.2,210.0,-0.018,8400,7.2,16.8,85.0,2.1,10,Tree cover,0.68,0.08,0.01,0.23,,,,,,,,,,HISTORICAL_VINTAGE_UNAVAILABLE,,,,,,,UNAVAILABLE
FL-UK-1998-01,1998-08-11,1998-08-09T00:00:00,30.549999237060547,79.1500015258789,2.2300000190734863,4.460000038146973,GPM_3IMERGHH_07,V07B,3B-HHR.MS.MRG.3IMERG.19980809-S000000-E002959.0000.V07B.HDF5,1998-08-09T00:00:00,DERIVED,debris-flow/flood event,False,2.2300000190734863,2.2300000190734863,2.2300000190734863,2.2300000190734863,2.2300000190734863,2.2300000190734863,2.2300000190734863,2.2300000190734863,DATE_ONLY,UNSUITABLE_DEBRIS_AVALANCHE,Major,1980.0,31.2,210.0,-0.018,8400,7.2,16.8,85.0,2.1,10,Tree cover,0.68,0.08,0.01,0.23,,,,,,,,,,HISTORICAL_VINTAGE_UNAVAILABLE,,,,,,,UNAVAILABLE
FL-UK-1998-01,1998-08-11,1998-08-10T00:00:00,30.549999237060547,79.1500015258789,0.0,0.0,GPM_3IMERGHH_07,V07B,3B-HHR.MS.MRG.3IMERG.19980810-S000000-E002959.0000.V07B.HDF5,1998-08-10T00:00:00,DERIVED,debris-flow/flood event,False,0.0,2.2300000190734863,2.2300000190734863,2.2300000190734863,2.2300000190734863,2.2300000190734863,2.2300000190734863,2.2300000190734863,DATE_ONLY,UNSUITABLE_DEBRIS_AVALANCHE,Major,1980.0,31.2,210.0,-0.018,8400,7.2,16.8,85.0,2.1,10,Tree cover,0.68,0.08,0.01,0.23,,,,,,,,,,HISTORICAL_VINTAGE_UNAVAILABLE,,,,,,,UNAVAILABLE
FL-UK-1998-01,1998-08-11,1998-08-11T00:00:00,30.549999237060547,79.1500015258789,0.0,0.0,GPM_3IMERGHH_07,V07B,3B-HHR.MS.MRG.3IMERG.19980811-S000000-E002959.0000.V07B.HDF5,1998-08-11T00:00:00,DERIVED,debris-flow/flood event,False,0.0,0.0,2.2300000190734863,2.2300000190734863,2.2300000190734863,2.2300000190734863,2.2300000190734863,2.2300000190734863,DATE_ONLY,UNSUITABLE_DEBRIS_AVALANCHE,Major,1980.0,31.2,210.0,-0.018,8400,7.2,16.8,85.0,2.1,10,Tree cover,0.68,0.08,0.01,0.23,,,,,,,,,,HISTORICAL_VINTAGE_UNAVAILABLE,,,,,,,UNAVAILABLE
FL-UK-1998-01,1998-08-11,1998-08-12T00:00:00,30.549999237060547,79.1500015258789,0.0,0.0,GPM_3IMERGHH_07,V07B,3B-HHR.MS.MRG.3IMERG.19980812-S000000-E002959.0000.V07B.HDF5,1998-08-12T00:00:00,DERIVED,debris-flow/flood event,False,0.0,0.0,2.2300000190734863,2.2300000190734863,2.2300000190734863,2.2300000190734863,2.2300000190734863,2.2300000190734863,DATE_ONLY,UNSUITABLE_DEBRIS_AVALANCHE,Major,1980.0,31.2,210.0,-0.018,8400,7.2,16.8,85.0,2.1,10,Tree cover,0.68,0.08,0.01,0.23,,,,,,,,,,HISTORICAL_VINTAGE_UNAVAILABLE,,,,,,,UNAVAILABLE
FL-UK-1998-01,1998-08-11,1998-08-13T00:00:00,30.549999237060547,79.1500015258789,0.0,0.0,GPM_3IMERGHH_07,V07B,3B-HHR.MS.MRG.3IMERG.19980813-S000000-E002959.0000.V07B.HDF5,1998-08-13T00:00:00,DERIVED,debris-flow/flood event,False,0.0,0.0,2.2300000190734863,2.2300000190734863,2.2300000190734863,2.2300000190734863,2.2300000190734863,2.2300000190734863,DATE_ONLY,UNSUITABLE_DEBRIS_AVALANCHE,Major,1980.0,31.2,210.0,-0.018,8400,7.2,16.8,85.0,2.1,10,Tree cover,0.68,0.08,0.01,0.23,,,,,,,,,,HISTORICAL_VINTAGE_UNAVAILABLE,,,,,,,UNAVAILABLE
FL-UK-1998-01,1998-08-11,1998-08-08T00:00:00,30.649999618530273,78.94999694824219,0.19499999284744263,0.38999998569488525,GPM_3IMERGHH_07,V07B,3B-HHR.MS.MRG.3IMERG.19980808-S000000-E002959.0000.V07B.HDF5,1998-08-08T00:00:00,DERIVED,debris-flow/flood event,False,0.19499999284744263,0.19499999284744263,0.19499999284744263,0.19499999284744263,0.19499999284744263,0.19499999284744263,0.19499999284744263,0.19499999284744263,DATE_ONLY,UNSUITABLE_DEBRIS_AVALANCHE,Major,1980.0,31.2,210.0,-0.018,8400,7.2,16.8,85.0,2.1,10,Tree cover,0.68,0.08,0.01,0.23,,,,,,,,,,HISTORICAL_VINTAGE_UNAVAILABLE,,,,,,,UNAVAILABLE
FL-UK-1998-01,1998-08-11,1998-08-09T00:00:00,30.649999618530273,78.94999694824219,2.924999952316284,5.849999904632568,GPM_3IMERGHH_07,V07B,3B-HHR.MS.MRG.3IMERG.19980809-S000000-E002959.0000.V07B.HDF5,1998-08-09T00:00:00,DERIVED,debris-flow/flood event,False,2.924999952316284,3.119999945163727,3.119999945163727,3.119999945163727,3.119999945163727,3.119999945163727,3.119999945163727,3.119999945163727,DATE_ONLY,UNSUITABLE_DEBRIS_AVALANCHE,Major,1980.0,31.2,210.0,-0.018,8400,7.2,16.8,85.0,2.1,10,Tree cover,0.68,0.08,0.01,0.23,,,,,,,,,,HISTORICAL_VINTAGE_UNAVAILABLE,,,,,,,UNAVAILABLE
FL-UK-1998-01,1998-08-11,1998-08-10T00:00:00,30.649999618530273,78.94999694824219,2.2799999713897705,4.559999942779541,GPM_3IMERGHH_07,V07B,3B-HHR.MS.MRG.3IMERG.19980810-S000000-E002959.0000.V07B.HDF5,1998-08-10T00:00:00,DERIVED,debris-flow/flood event,False,2.2799999713897705,5.204999923706055,5.399999916553497,5.399999916553497,5.399999916553497,5.399999916553497,5.399999916553497,5.399999916553497,DATE_ONLY,UNSUITABLE_DEBRIS_AVALANCHE,Major,1980.0,31.2,210.0,-0.018,8400,7.2,16.8,85.0,2.1,10,Tree cover,0.68,0.08,0.01,0.23,,,,,,,,,,HISTORICAL_VINTAGE_UNAVAILABLE,,,,,,,UNAVAILABLE
FL-UK-1998-01,1998-08-11,1998-08-11T00:00:00,30.649999618530273,78.94999694824219,0.2149999886751175,0.429999977350235,GPM_3IMERGHH_07,V07B,3B-HHR.MS.MRG.3IMERG.19980811-S000000-E002959.0000.V07B.HDF5,1998-08-11T00:00:00,DERIVED,debris-flow/flood event,False,0.2149999886751175,2.494999960064888,5.614999905228615,5.614999905228615,5.614999905228615,5.614999905228615,5.614999905228615,5.614999905228615,DATE_ONLY,UNSUITABLE_DEBRIS_AVALANCHE,Major,1980.0,31.2,210.0,-0.018,8400,7.2,16.8,85.0,2.1,10,Tree cover,0.68,0.08,0.01,0.23,,,,,,,,,,HISTORICAL_VINTAGE_UNAVAILABLE,,,,,,,UNAVAILABLE
FL-UK-1998-01,1998-08-11,1998-08-12T00:00:00,30.649999618530273,78.94999694824219,0.0,0.0,GPM_3IMERGHH_07,V07B,3B-HHR.MS.MRG.3IMERG.19980812-S000000-E002959.0000.V07B.HDF5,1998-08-12T00:00:00,DERIVED,debris-flow/flood event,False,0.0,0.2149999886751175,5.614999905228615,5.614999905228615,5.614999905228615,5.614999905228615,5.614999905228615,5.614999905228615,DATE_ONLY,UNSUITABLE_DEBRIS_AVALANCHE,Major,1980.0,31.2,210.0,-0.018,8400,7.2,16.8,85.0,2.1,10,Tree cover,0.68,0.08,0.01,0.23,,,,,,,,,,HISTORICAL_VINTAGE_UNAVAILABLE,,,,,,,UNAVAILABLE
FL-UK-1998-01,1998-08-11,1998-08-13T00:00:00,30.649999618530273,78.94999694824219,0.4749999940395355,0.949999988079071,GPM_3IMERGHH_07,V07B,3B-HHR.MS.MRG.3IMERG.19980813-S000000-E002959.0000.V07B.HDF5,1998-08-13T00:00:00,DERIVED,debris-flow/flood event,False,0.4749999940395355,0.4749999940395355,6.08999989926815,6.08999989926815,6.08999989926815,6.08999989926815,6.08999989926815,6.08999989926815,DATE_ONLY,UNSUITABLE_DEBRIS_AVALANCHE,Major,1980.0,31.2,210.0,-0.018,8400,7.2,16.8,85.0,2.1,10,Tree cover,0.68,0.08,0.01,0.23,,,,,,,,,,HISTORICAL_VINTAGE_UNAVAILABLE,,,,,,,UNAVAILABLE
FL-UK-1998-01,1998-08-11,1998-08-08T00:00:00,30.649999618530273,79.04999542236328,0.16499999165534973,0.32999998331069946,GPM_3IMERGHH_07,V07B,3B-HHR.MS.MRG.3IMERG.19980808-S000000-E002959.0000.V07B.HDF5,1998-08-08T00:00:00,DERIVED,debris-flow/flood event,False,0.16499999165534973,0.16499999165534973,0.16499999165534973,0.16499999165534973,0.16499999165534973,0.16499999165534973,0.16499999165534973,0.16499999165534973,DATE_ONLY,UNSUITABLE_DEBRIS_AVALANCHE,Major,1980.0,31.2,210.0,-0.018,8400,7.2,16.8,85.0,2.1,10,Tree cover,0.68,0.08,0.01,0.23,,,,,,,,,,HISTORICAL_VINTAGE_UNAVAILABLE,,,,,,,UNAVAILABLE
FL-UK-1998-01,1998-08-11,1998-08-09T00:00:00,30.649999618530273,79.04999542236328,1.0799999237060547,2.1599998474121094,GPM_3IMERGHH_07,V07B,3B-HHR.MS.MRG.3IMERG.19980809-S000000-E002959.0000.V07B.HDF5,1998-08-09T00:00:00,DERIVED,debris-flow/flood event,False,1.0799999237060547,1.2449999153614044,1.2449999153614044,1.2449999153614044,1.2449999153614044,1.2449999153614044,1.2449999153614044,1.2449999153614044,DATE_ONLY,UNSUITABLE_DEBRIS_AVALANCHE,Major,1980.0,31.2,210.0,-0.018,8400,7.2,16.8,85.0,2.1,10,Tree cover,0.68,0.08,0.01,0.23,,,,,,,,,,HISTORICAL_VINTAGE_UNAVAILABLE,,,,,,,UNAVAILABLE
FL-UK-1998-01,1998-08-11,1998-08-10T00:00:00,30.649999618530273,79.04999542236328,4.694999694824219,9.389999389648438,GPM_3IMERGHH_07,V07B,3B-HHR.MS.MRG.3IMERG.19980810-S000000-E002959.0000.V07B.HDF5,1998-08-10T00:00:00,DERIVED,debris-flow/flood event,False,4.694999694824219,5.774999618530273,5.939999610185623,5.939999610185623,5.939999610185623,5.939999610185623,5.939999610185623,5.939999610185623,DATE_ONLY,UNSUITABLE_DEBRIS_AVALANCHE,Major,1980.0,31.2,210.0,-0.018,8400,7.2,16.8,85.0,2.1,10,Tree cover,0.68,0.08,0.01,0.23,,,,,,,,,,HISTORICAL_VINTAGE_UNAVAILABLE,,,,,,,UNAVAILABLE
FL-UK-1998-01,1998-08-11,1998-08-11T00:00:00,30.649999618530273,79.04999542236328,0.16499999165534973,0.32999998331069946,GPM_3IMERGHH_07,V07B,3B-HHR.MS.MRG.3IMERG.19980811-S000000-E002959.0000.V07B.HDF5,1998-08-11T00:00:00,DERIVED,debris-flow/flood event,False,0.16499999165534973,4.8599996864795685,6.104999601840973,6.104999601840973,6.104999601840973,6.104999601840973,6.104999601840973,6.104999601840973,DATE_ONLY,UNSUITABLE_DEBRIS_AVALANCHE,Major,1980.0,31.2,210.0,-0.018,8400,7.2,16.8,85.0,2.1,10,Tree cover,0.68,0.08,0.01,0.23,,,,,,,,,,HISTORICAL_VINTAGE_UNAVAILABLE,,,,,,,UNAVAILABLE
FL-UK-1998-01,1998-08-11,1998-08-12T00:00:00,30.649999618530273,79.04999542236328,0.0,0.0,GPM_3IMERGHH_07,V07B,3B-HHR.MS.MRG.3IMERG.19980812-S000000-E002959.0000.V07B.HDF5,1998-08-12T00:00:00,DERIVED,debris-flow/flood event,False,0.0,0.16499999165534973,6.104999601840973,6.104999601840973,6.104999601840973,6.104999601840973,6.104999601840973,6.104999601840973,DATE_ONLY,UNSUITABLE_DEBRIS_AVALANCHE,Major,1980.0,31.2,210.0,-0.018,8400,7.2,16.8,85.0,2.1,10,Tree cover,0.68,0.08,0.01,0.23,,,,,,,,,,HISTORICAL_VINTAGE_UNAVAILABLE,,,,,,,UNAVAILABLE
FL-UK-1998-01,1998-08-11,1998-08-13T00:00:00,30.649999618530273,79.04999542236328,0.550000011920929,1.100000023841858,GPM_3IMERGHH_07,V07B,3B-HHR.MS.MRG.3IMERG.19980813-S000000-E002959.0000.V07B.HDF5,1998-08-13T00:00:00,DERIVED,debris-flow/flood event,False,0.550000011920929,0.550000011920929,6.654999613761902,6.654999613761902,6.654999613761902,6.654999613761902,6.654999613761902,6.654999613761902,DATE_ONLY,UNSUITABLE_DEBRIS_AVALANCHE,Major,1980.0,31.2,210.0,-0.018,8400,7.2,16.8,85.0,2.1,10,Tree cover,0.68,0.08,0.01,0.23,,,,,,,,,,HISTORICAL_VINTAGE_UNAVAILABLE,,,,,,,UNAVAILABLE
FL-UK-1998-01,1998-08-11,1998-08-08T00:00:00,30.649999618530273,79.1500015258789,0.1850000023841858,0.3700000047683716,GPM_3IMERGHH_07,V07B,3B-HHR.MS.MRG.3IMERG.19980808-S000000-E002959.0000.V07B.HDF5,1998-08-08T00:00:00,DERIVED,debris-flow/flood event,False,0.1850000023841858,0.1850000023841858,0.1850000023841858,0.1850000023841858,0.1850000023841858,0.1850000023841858,0.1850000023841858,0.1850000023841858,DATE_ONLY,UNSUITABLE_DEBRIS_AVALANCHE,Major,1980.0,31.2,210.0,-0.018,8400,7.2,16.8,85.0,2.1,10,Tree cover,0.68,0.08,0.01,0.23,,,,,,,,,,HISTORICAL_VINTAGE_UNAVAILABLE,,,,,,,UNAVAILABLE
FL-UK-1998-01,1998-08-11,1998-08-09T00:00:00,30.649999618530273,79.1500015258789,1.2799999713897705,2.559999942779541,GPM_3IMERGHH_07,V07B,3B-HHR.MS.MRG.3IMERG.19980809-S000000-E002959.0000.V07B.HDF5,1998-08-09T00:00:00,DERIVED,debris-flow/flood event,False,1.2799999713897705,1.4649999737739563,1.4649999737739563,1.4649999737739563,1.4649999737739563,1.4649999737739563,1.4649999737739563,1.4649999737739563,DATE_ONLY,UNSUITABLE_DEBRIS_AVALANCHE,Major,1980.0,31.2,210.0,-0.018,8400,7.2,16.8,85.0,2.1,10,Tree cover,0.68,0.08,0.01,0.23,,,,,,,,,,HISTORICAL_VINTAGE_UNAVAILABLE,,,,,,,UNAVAILABLE
FL-UK-1998-01,1998-08-11,1998-08-10T00:00:00,30.649999618530273,79.1500015258789,0.9399999976158142,1.8799999952316284,GPM_3IMERGHH_07,V07B,3B-HHR.MS.MRG.3IMERG.19980810-S000000-E002959.0000.V07B.HDF5,1998-08-10T00:00:00,DERIVED,debris-flow/flood event,False,0.9399999976158142,2.2199999690055847,2.4049999713897705,2.4049999713897705,2.4049999713897705,2.4049999713897705,2.4049999713897705,2.4049999713897705,DATE_ONLY,UNSUITABLE_DEBRIS_AVALANCHE,Major,1980.0,31.2,210.0,-0.018,8400,7.2,16.8,85.0,2.1,10,Tree cover,0.68,0.08,0.01,0.23,,,,,,,,,,HISTORICAL_VINTAGE_UNAVAILABLE,,,,,,,UNAVAILABLE
FL-UK-1998-01,1998-08-11,1998-08-11T00:00:00,30.649999618530273,79.1500015258789,0.9399999976158142,1.8799999952316284,GPM_3IMERGHH_07,V07B,3B-HHR.MS.MRG.3IMERG.19980811-S000000-E002959.0000.V07B.HDF5,1998-08-11T00:00:00,DERIVED,debris-flow/flood event,False,0.9399999976158142,1.8799999952316284,3.3449999690055847,3.3449999690055847,3.3449999690055847,3.3449999690055847,3.3449999690055847,3.3449999690055847,DATE_ONLY,UNSUITABLE_DEBRIS_AVALANCHE,Major,1980.0,31.2,210.0,-0.018,8400,7.2,16.8,85.0,2.1,10,Tree cover,0.68,0.08,0.01,0.23,,,,,,,,,,HISTORICAL_VINTAGE_UNAVAILABLE,,,,,,,UNAVAILABLE
FL-UK-1998-01,1998-08-11,1998-08-12T00:00:00,30.649999618530273,79.1500015258789,0.0,0.0,GPM_3IMERGHH_07,V07B,3B-HHR.MS.MRG.3IMERG.19980812-S000000-E002959.0000.V07B.HDF5,1998-08-12T00:00:00,DERIVED,debris-flow/flood event,False,0.0,0.9399999976158142,3.3449999690055847,3.3449999690055847,3.3449999690055847,3.3449999690055847,3.3449999690055847,3.3449999690055847,DATE_ONLY,UNSUITABLE_DEBRIS_AVALANCHE,Major,1980.0,31.2,210.0,-0.018,8400,7.2,16.8,85.0,2.1,10,Tree cover,0.68,0.08,0.01,0.23,,,,,,,,,,HISTORICAL_VINTAGE_UNAVAILABLE,,,,,,,UNAVAILABLE
FL-UK-1998-01,1998-08-11,1998-08-13T00:00:00,30.649999618530273,79.1500015258789,0.5099999904632568,1.0199999809265137,GPM_3IMERGHH_07,V07B,3B-HHR.MS.MRG.3IMERG.19980813-S000000-E002959.0000.V07B.HDF5,1998-08-13T00:00:00,DERIVED,debris-flow/flood event,False,0.5099999904632568,0.5099999904632568,3.8549999594688416,3.8549999594688416,3.8549999594688416,3.8549999594688416,3.8549999594688416,3.8549999594688416,DATE_ONLY,UNSUITABLE_DEBRIS_AVALANCHE,Major,1980.0,31.2,210.0,-0.018,8400,7.2,16.8,85.0,2.1,10,Tree cover,0.68,0.08,0.01,0.23,,,,,,,,,,HISTORICAL_VINTAGE_UNAVAILABLE,,,,,,,UNAVAILABLE
FL-UK-1998-02,1998-08-18,1998-08-15T00:00:00,29.849998474121094,80.6500015258789,0.4350000023841858,0.8700000047683716,GPM_3IMERGHH_07,V07B,3B-HHR.MS.MRG.3IMERG.19980815-S000000-E002959.0000.V07B.HDF5,1998-08-15T00:00:00,DIRECT,debris-flow/flood event,False,0.4350000023841858,0.4350000023841858,0.4350000023841858,0.4350000023841858,0.4350000023841858,0.4350000023841858,0.4350000023841858,0.4350000023841858,DATE_ONLY,UNSUITABLE_DEBRIS_AVALANCHE,Catastrophic,1650.0,28.7,175.0,-0.015,9800,7.65,15.4,95.0,1.95,10,Tree cover,0.7,0.12,0.02,0.16,,,,,,,,,,HISTORICAL_VINTAGE_UNAVAILABLE,,,,,,,UNAVAILABLE
FL-UK-1998-02,1998-08-18,1998-08-16T00:00:00,29.849998474121094,80.6500015258789,0.14999999105930328,0.29999998211860657,GPM_3IMERGHH_07,V07B,3B-HHR.MS.MRG.3IMERG.19980816-S000000-E002959.0000.V07B.HDF5,1998-08-16T00:00:00,DIRECT,debris-flow/flood event,False,0.14999999105930328,0.5849999934434891,0.5849999934434891,0.5849999934434891,0.5849999934434891,0.5849999934434891,0.5849999934434891,0.5849999934434891,DATE_ONLY,UNSUITABLE_DEBRIS_AVALANCHE,Catastrophic,1650.0,28.7,175.0,-0.015,9800,7.65,15.4,95.0,1.95,10,Tree cover,0.7,0.12,0.02,0.16,,,,,,,,,,HISTORICAL_VINTAGE_UNAVAILABLE,,,,,,,UNAVAILABLE
FL-UK-1998-02,1998-08-18,1998-08-17T00:00:00,29.849998474121094,80.6500015258789,0.3100000023841858,0.6200000047683716,GPM_3IMERGHH_07,V07B,3B-HHR.MS.MRG.3IMERG.19980817-S000000-E002959.0000.V07B.HDF5,1998-08-17T00:00:00,DIRECT,debris-flow/flood event,False,0.3100000023841858,0.4599999934434891,0.8949999958276749,0.8949999958276749,0.8949999958276749,0.8949999958276749,0.8949999958276749,0.8949999958276749,DATE_ONLY,UNSUITABLE_DEBRIS_AVALANCHE,Catastrophic,1650.0,28.7,175.0,-0.015,9800,7.65,15.4,95.0,1.95,10,Tree cover,0.7,0.12,0.02,0.16,,,,,,,,,,HISTORICAL_VINTAGE_UNAVAILABLE,,,,,,,UNAVAILABLE
FL-UK-1998-02,1998-08-18,1998-08-18T00:00:00,29.849998474121094,80.6500015258789,0.0,0.0,GPM_3IMERGHH_07,V07B,3B-HHR.MS.MRG.3IMERG.19980818-S000000-E002959.0000.V07B.HDF5,1998-08-18T00:00:00,DIRECT,debris-flow/flood event,False,0.0,0.3100000023841858,0.8949999958276749,0.8949999958276749,0.8949999958276749,0.8949999958276749,0.8949999958276749,0.8949999958276749,DATE_ONLY,UNSUITABLE_DEBRIS_AVALANCHE,Catastrophic,1650.0,28.7,175.0,-0.015,9800,7.65,15.4,95.0,1.95,10,Tree cover,0.7,0.12,0.02,0.16,,,,,,,,,,HISTORICAL_VINTAGE_UNAVAILABLE,,,,,,,UNAVAILABLE
FL-UK-1998-02,1998-08-18,1998-08-19T00:00:00,29.849998474121094,80.6500015258789,0.0,0.0,GPM_3IMERGHH_07,V07B,3B-HHR.MS.MRG.3IMERG.19980819-S000000-E002959.0000.V07B.HDF5,1998-08-19T00:00:00,DIRECT,debris-flow/flood event,False,0.0,0.0,0.8949999958276749,0.8949999958276749,0.8949999958276749,0.8949999958276749,0.8949999958276749,0.8949999958276749,DATE_ONLY,UNSUITABLE_DEBRIS_AVALANCHE,Catastrophic,1650.0,28.7,175.0,-0.015,9800,7.65,15.4,95.0,1.95,10,Tree cover,0.7,0.12,0.02,0.16,,,,,,,,,,HISTORICAL_VINTAGE_UNAVAILABLE,,,,,,,UNAVAILABLE
FL-UK-1998-02,1998-08-18,1998-08-20T00:00:00,29.849998474121094,80.6500015258789,0.17000000178813934,0.3400000035762787,GPM_3IMERGHH_07,V07B,3B-HHR.MS.MRG.3IMERG.19980820-S000000-E002959.0000.V07B.HDF5,1998-08-20T00:00:00,DIRECT,debris-flow/flood event,False,0.17000000178813934,0.17000000178813934,1.0649999976158142,1.0649999976158142,1.0649999976158142,1.0649999976158142,1.0649999976158142,1.0649999976158142,DATE_ONLY,UNSUITABLE_DEBRIS_AVALANCHE,Catastrophic,1650.0,28.7,175.0,-0.015,9800,7.65,15.4,95.0,1.95,10,Tree cover,0.7,0.12,0.02,0.16,,,,,,,,,,HISTORICAL_VINTAGE_UNAVAILABLE,,,,,,,UNAVAILABLE
FL-UK-1998-02,1998-08-18,1998-08-15T00:00:00,29.849998474121094,80.75,0.5,1.0,GPM_3IMERGHH_07,V07B,3B-HHR.MS.MRG.3IMERG.19980815-S000000-E002959.0000.V07B.HDF5,1998-08-15T00:00:00,DIRECT,debris-flow/flood event,False,0.5,0.5,0.5,0.5,0.5,0.5,0.5,0.5,DATE_ONLY,UNSUITABLE_DEBRIS_AVALANCHE,Catastrophic,1650.0,28.7,175.0,-0.015,9800,7.65,15.4,95.0,1.95,10,Tree cover,0.7,0.12,0.02,0.16,,,,,,,,,,HISTORICAL_VINTAGE_UNAVAILABLE,,,,,,,UNAVAILABLE
FL-UK-1998-02,1998-08-18,1998-08-16T00:00:00,29.849998474121094,80.75,0.4899999797344208,0.9799999594688416,GPM_3IMERGHH_07,V07B,3B-HHR.MS.MRG.3IMERG.19980816-S000000-E002959.0000.V07B.HDF5,1998-08-16T00:00:00,DIRECT,debris-flow/flood event,False,0.4899999797344208,0.9899999797344208,0.9899999797344208,0.9899999797344208,0.9899999797344208,0.9899999797344208,0.9899999797344208,0.9899999797344208,DATE_ONLY,UNSUITABLE_DEBRIS_AVALANCHE,Catastrophic,1650.0,28.7,175.0,-0.015,9800,7.65,15.4,95.0,1.95,10,Tree cover,0.7,0.12,0.02,0.16,,,,,,,,,,HISTORICAL_VINTAGE_UNAVAILABLE,,,,,,,UNAVAILABLE
FL-UK-1998-02,1998-08-18,1998-08-17T00:00:00,29.849998474121094,80.75,0.20999999344348907,0.41999998688697815,GPM_3IMERGHH_07,V07B,3B-HHR.MS.MRG.3IMERG.19980817-S000000-E002959.0000.V07B.HDF5,1998-08-17T00:00:00,DIRECT,debris-flow/flood event,False,0.20999999344348907,0.6999999731779099,1.1999999731779099,1.1999999731779099,1.1999999731779099,1.1999999731779099,1.1999999731779099,1.1999999731779099,DATE_ONLY,UNSUITABLE_DEBRIS_AVALANCHE,Catastrophic,1650.0,28.7,175.0,-0.015,9800,7.65,15.4,95.0,1.95,10,Tree cover,0.7,0.12,0.02,0.16,,,,,,,,,,HISTORICAL_VINTAGE_UNAVAILABLE,,,,,,,UNAVAILABLE
FL-UK-1998-02,1998-08-18,1998-08-18T00:00:00,29.849998474121094,80.75,0.6899999976158142,1.3799999952316284,GPM_3IMERGHH_07,V07B,3B-HHR.MS.MRG.3IMERG.19980818-S000000-E002959.0000.V07B.HDF5,1998-08-18T00:00:00,DIRECT,debris-flow/flood event,False,0.6899999976158142,0.8999999910593033,1.889999970793724,1.889999970793724,1.889999970793724,1.889999970793724,1.889999970793724,1.889999970793724,DATE_ONLY,UNSUITABLE_DEBRIS_AVALANCHE,Catastrophic,1650.0,28.7,175.0,-0.015,9800,7.65,15.4,95.0,1.95,10,Tree cover,0.7,0.12,0.02,0.16,,,,,,,,,,HISTORICAL_VINTAGE_UNAVAILABLE,,,,,,,UNAVAILABLE
FL-UK-1998-02,1998-08-18,1998-08-19T00:00:00,29.849998474121094,80.75,1.1949999332427979,2.3899998664855957,GPM_3IMERGHH_07,V07B,3B-HHR.MS.MRG.3IMERG.19980819-S000000-E002959.0000.V07B.HDF5,1998-08-19T00:00:00,DIRECT,debris-flow/flood event,False,1.1949999332427979,1.884999930858612,3.084999904036522,3.084999904036522,3.084999904036522,3.084999904036522,3.084999904036522,3.084999904036522,DATE_ONLY,UNSUITABLE_DEBRIS_AVALANCHE,Catastrophic,1650.0,28.7,175.0,-0.015,9800,7.65,15.4,95.0,1.95,10,Tree cover,0.7,0.12,0.02,0.16,,,,,,,,,,HISTORICAL_VINTAGE_UNAVAILABLE,,,,,,,UNAVAILABLE
FL-UK-1998-02,1998-08-18,1998-08-20T00:00:00,29.849998474121094,80.75,0.44999998807907104,0.8999999761581421,GPM_3IMERGHH_07,V07B,3B-HHR.MS.MRG.3IMERG.19980820-S000000-E002959.0000.V07B.HDF5,1998-08-20T00:00:00,DIRECT,debris-flow/flood event,False,0.44999998807907104,1.644999921321869,3.534999892115593,3.534999892115593,3.534999892115593,3.534999892115593,3.534999892115593,3.534999892115593,DATE_ONLY,UNSUITABLE_DEBRIS_AVALANCHE,Catastrophic,1650.0,28.7,175.0,-0.015,9800,7.65,15.4,95.0,1.95,10,Tree cover,0.7,0.12,0.02,0.16,,,,,,,,,,HISTORICAL_VINTAGE_UNAVAILABLE,,,,,,,UNAVAILABLE
FL-UK-1998-02,1998-08-18,1998-08-15T00:00:00,29.849998474121094,80.8499984741211,0.6349999904632568,1.2699999809265137,GPM_3IMERGHH_07,V07B,3B-HHR.MS.MRG.3IMERG.19980815-S000000-E002959.0000.V07B.HDF5,1998-08-15T00:00:00,DIRECT,debris-flow/flood event,False,0.6349999904632568,0.6349999904632568,0.6349999904632568,0.6349999904632568,0.6349999904632568,0.6349999904632568,0.6349999904632568,0.6349999904632568,DATE_ONLY,UNSUITABLE_DEBRIS_AVALANCHE,Catastrophic,1650.0,28.7,175.0,-0.015,9800,7.65,15.4,95.0,1.95,10,Tree cover,0.7,0.12,0.02,0.16,,,,,,,,,,HISTORICAL_VINTAGE_UNAVAILABLE,,,,,,,UNAVAILABLE
FL-UK-1998-02,1998-08-18,1998-08-16T00:00:00,29.849998474121094,80.8499984741211,4.089999675750732,8.179999351501465,GPM_3IMERGHH_07,V07B,3B-HHR.MS.MRG.3IMERG.19980816-S000000-E002959.0000.V07B.HDF5,1998-08-16T00:00:00,DIRECT,debris-flow/flood event,False,4.089999675750732,4.724999666213989,4.724999666213989,4.724999666213989,4.724999666213989,4.724999666213989,4.724999666213989,4.724999666213989,DATE_ONLY,UNSUITABLE_DEBRIS_AVALANCHE,Catastrophic,1650.0,28.7,175.0,-0.015,9800,7.65,15.4,95.0,1.95,10,Tree cover,0.7,0.12,0.02,0.16,,,,,,,,,,HISTORICAL_VINTAGE_UNAVAILABLE,,,,,,,UNAVAILABLE
FL-UK-1998-02,1998-08-18,1998-08-17T00:00:00,29.849998474121094,80.8499984741211,0.19999998807907104,0.3999999761581421,GPM_3IMERGHH_07,V07B,3B-HHR.MS.MRG.3IMERG.19980817-S000000-E002959.0000.V07B.HDF5,1998-08-17T00:00:00,DIRECT,debris-flow/flood event,False,0.19999998807907104,4.2899996638298035,4.92499965429306,4.92499965429306,4.92499965429306,4.92499965429306,4.92499965429306,4.92499965429306,DATE_ONLY,UNSUITABLE_DEBRIS_AVALANCHE,Catastrophic,1650.0,28.7,175.0,-0.015,9800,7.65,15.4,95.0,1.95,10,Tree cover,0.7,0.12,0.02,0.16,,,,,,,,,,HISTORICAL_VINTAGE_UNAVAILABLE,,,,,,,UNAVAILABLE
FL-UK-1998-02,1998-08-18,1998-08-18T00:00:00,29.849998474121094,80.8499984741211,0.32999998331069946,0.6599999666213989,GPM_3IMERGHH_07,V07B,3B-HHR.MS.MRG.3IMERG.19980818-S000000-E002959.0000.V07B.HDF5,1998-08-18T00:00:00,DIRECT,debris-flow/flood event,False,0.32999998331069946,0.5299999713897705,5.25499963760376,5.25499963760376,5.25499963760376,5.25499963760376,5.25499963760376,5.25499963760376,DATE_ONLY,UNSUITABLE_DEBRIS_AVALANCHE,Catastrophic,1650.0,28.7,175.0,-0.015,9800,7.65,15.4,95.0,1.95,10,Tree cover,0.7,0.12,0.02,0.16,,,,,,,,,,HISTORICAL_VINTAGE_UNAVAILABLE,,,,,,,UNAVAILABLE
FL-UK-1998-02,1998-08-18,1998-08-19T00:00:00,29.849998474121094,80.8499984741211,1.1549999713897705,2.309999942779541,GPM_3IMERGHH_07,V07B,3B-HHR.MS.MRG.3IMERG.19980819-S000000-E002959.0000.V07B.HDF5,1998-08-19T00:00:00,DIRECT,debris-flow/flood event,False,1.1549999713897705,1.48499995470047,6.40999960899353,6.40999960899353,6.40999960899353,6.40999960899353,6.40999960899353,6.40999960899353,DATE_ONLY,UNSUITABLE_DEBRIS_AVALANCHE,Catastrophic,1650.0,28.7,175.0,-0.015,9800,7.65,15.4,95.0,1.95,10,Tree cover,0.7,0.12,0.02,0.16,,,,,,,,,,HISTORICAL_VINTAGE_UNAVAILABLE,,,,,,,UNAVAILABLE
FL-UK-1998-02,1998-08-18,1998-08-20T00:00:00,29.849998474121094,80.8499984741211,0.6549999713897705,1.309999942779541,GPM_3IMERGHH_07,V07B,3B-HHR.MS.MRG.3IMERG.19980820-S000000-E002959.0000.V07B.HDF5,1998-08-20T00:00:00,DIRECT,debris-flow/flood event,False,0.6549999713897705,1.809999942779541,7.064999580383301,7.064999580383301,7.064999580383301,7.064999580383301,7.064999580383301,7.064999580383301,DATE_ONLY,UNSUITABLE_DEBRIS_AVALANCHE,Catastrophic,1650.0,28.7,175.0,-0.015,9800,7.65,15.4,95.0,1.95,10,Tree cover,0.7,0.12,0.02,0.16,,,,,,,,,,HISTORICAL_VINTAGE_UNAVAILABLE,,,,,,,UNAVAILABLE
FL-UK-1998-02,1998-08-18,1998-08-15T00:00:00,29.94999885559082,80.6500015258789,1.209999918937683,2.419999837875366,GPM_3IMERGHH_07,V07B,3B-HHR.MS.MRG.3IMERG.19980815-S000000-E002959.0000.V07B.HDF5,1998-08-15T00:00:00,DIRECT,debris-flow/flood event,False,1.209999918937683,1.209999918937683,1.209999918937683,1.209999918937683,1.209999918937683,1.209999918937683,1.209999918937683,1.209999918937683,DATE_ONLY,UNSUITABLE_DEBRIS_AVALANCHE,Catastrophic,1650.0,28.7,175.0,-0.015,9800,7.65,15.4,95.0,1.95,10,Tree cover,0.7,0.12,0.02,0.16,,,,,,,,,,HISTORICAL_VINTAGE_UNAVAILABLE,,,,,,,UNAVAILABLE
FL-UK-1998-02,1998-08-18,1998-08-16T00:00:00,29.94999885559082,80.6500015258789,0.17999999225139618,0.35999998450279236,GPM_3IMERGHH_07,V07B,3B-HHR.MS.MRG.3IMERG.19980816-S000000-E002959.0000.V07B.HDF5,1998-08-16T00:00:00,DIRECT,debris-flow/flood event,False,0.17999999225139618,1.3899999111890793,1.3899999111890793,1.3899999111890793,1.3899999111890793,1.3899999111890793,1.3899999111890793,1.3899999111890793,DATE_ONLY,UNSUITABLE_DEBRIS_AVALANCHE,Catastrophic,1650.0,28.7,175.0,-0.015,9800,7.65,15.4,95.0,1.95,10,Tree cover,0.7,0.12,0.02,0.16,,,,,,,,,,HISTORICAL_VINTAGE_UNAVAILABLE,,,,,,,UNAVAILABLE
FL-UK-1998-02,1998-08-18,1998-08-17T00:00:00,29.94999885559082,80.6500015258789,0.41999998688697815,0.8399999737739563,GPM_3IMERGHH_07,V07B,3B-HHR.MS.MRG.3IMERG.19980817-S000000-E002959.0000.V07B.HDF5,1998-08-17T00:00:00,DIRECT,debris-flow/flood event,False,0.41999998688697815,0.5999999791383743,1.8099998980760574,1.8099998980760574,1.8099998980760574,1.8099998980760574,1.8099998980760574,1.8099998980760574,DATE_ONLY,UNSUITABLE_DEBRIS_AVALANCHE,Catastrophic,1650.0,28.7,175.0,-0.015,9800,7.65,15.4,95.0,1.95,10,Tree cover,0.7,0.12,0.02,0.16,,,,,,,,,,HISTORICAL_VINTAGE_UNAVAILABLE,,,,,,,UNAVAILABLE
FL-UK-1998-02,1998-08-18,1998-08-18T00:00:00,29.94999885559082,80.6500015258789,0.0,0.0,GPM_3IMERGHH_07,V07B,3B-HHR.MS.MRG.3IMERG.19980818-S000000-E002959.0000.V07B.HDF5,1998-08-18T00:00:00,DIRECT,debris-flow/flood event,False,0.0,0.41999998688697815,1.8099998980760574,1.8099998980760574,1.8099998980760574,1.8099998980760574,1.8099998980760574,1.8099998980760574,DATE_ONLY,UNSUITABLE_DEBRIS_AVALANCHE,Catastrophic,1650.0,28.7,175.0,-0.015,9800,7.65,15.4,95.0,1.95,10,Tree cover,0.7,0.12,0.02,0.16,,,,,,,,,,HISTORICAL_VINTAGE_UNAVAILABLE,,,,,,,UNAVAILABLE
FL-UK-1998-02,1998-08-18,1998-08-19T00:00:00,29.94999885559082,80.6500015258789,0.0,0.0,GPM_3IMERGHH_07,V07B,3B-HHR.MS.MRG.3IMERG.19980819-S000000-E002959.0000.V07B.HDF5,1998-08-19T00:00:00,DIRECT,debris-flow/flood event,False,0.0,0.0,1.8099998980760574,1.8099998980760574,1.8099998980760574,1.8099998980760574,1.8099998980760574,1.8099998980760574,DATE_ONLY,UNSUITABLE_DEBRIS_AVALANCHE,Catastrophic,1650.0,28.7,175.0,-0.015,9800,7.65,15.4,95.0,1.95,10,Tree cover,0.7,0.12,0.02,0.16,,,,,,,,,,HISTORICAL_VINTAGE_UNAVAILABLE,,,,,,,UNAVAILABLE
FL-UK-1998-02,1998-08-18,1998-08-20T00:00:00,29.94999885559082,80.6500015258789,0.3149999976158142,0.6299999952316284,GPM_3IMERGHH_07,V07B,3B-HHR.MS.MRG.3IMERG.19980820-S000000-E002959.0000.V07B.HDF5,1998-08-20T00:00:00,DIRECT,debris-flow/flood event,False,0.3149999976158142,0.3149999976158142,2.1249998956918716,2.1249998956918716,2.1249998956918716,2.1249998956918716,2.1249998956918716,2.1249998956918716,DATE_ONLY,UNSUITABLE_DEBRIS_AVALANCHE,Catastrophic,1650.0,28.7,175.0,-0.015,9800,7.65,15.4,95.0,1.95,10,Tree cover,0.7,0.12,0.02,0.16,,,,,,,,,,HISTORICAL_VINTAGE_UNAVAILABLE,,,,,,,UNAVAILABLE
FL-UK-1998-02,1998-08-18,1998-08-15T00:00:00,29.94999885559082,80.75,1.6399999856948853,3.2799999713897705,GPM_3IMERGHH_07,V07B,3B-HHR.MS.MRG.3IMERG.19980815-S000000-E002959.0000.V07B.HDF5,1998-08-15T00:00:00,DIRECT,debris-flow/flood event,False,1.6399999856948853,1.6399999856948853,1.6399999856948853,1.6399999856948853,1.6399999856948853,1.6399999856948853,1.6399999856948853,1.6399999856948853,DATE_ONLY,UNSUITABLE_DEBRIS_AVALANCHE,Catastrophic,1650.0,28.7,175.0,-0.015,9800,7.65,15.4,95.0,1.95,10,Tree cover,0.7,0.12,0.02,0.16,,,,,,,,,,HISTORICAL_VINTAGE_UNAVAILABLE,,,,,,,UNAVAILABLE
FL-UK-1998-02,1998-08-18,1998-08-16T00:00:00,29.94999885559082,80.75,0.3149999976158142,0.6299999952316284,GPM_3IMERGHH_07,V07B,3B-HHR.MS.MRG.3IMERG.19980816-S000000-E002959.0000.V07B.HDF5,1998-08-16T00:00:00,DIRECT,debris-flow/flood event,False,0.3149999976158142,1.9549999833106995,1.9549999833106995,1.9549999833106995,1.9549999833106995,1.9549999833106995,1.9549999833106995,1.9549999833106995,DATE_ONLY,UNSUITABLE_DEBRIS_AVALANCHE,Catastrophic,1650.0,28.7,175.0,-0.015,9800,7.65,15.4,95.0,1.95,10,Tree cover,0.7,0.12,0.02,0.16,,,,,,,,,,HISTORICAL_VINTAGE_UNAVAILABLE,,,,,,,UNAVAILABLE
FL-UK-1998-02,1998-08-18,1998-08-17T00:00:00,29.94999885559082,80.75,0.3449999988079071,0.6899999976158142,GPM_3IMERGHH_07,V07B,3B-HHR.MS.MRG.3IMERG.19980817-S000000-E002959.0000.V07B.HDF5,1998-08-17T00:00:00,DIRECT,debris-flow/flood event,False,0.3449999988079071,0.6599999964237213,2.2999999821186066,2.2999999821186066,2.2999999821186066,2.2999999821186066,2.2999999821186066,2.2999999821186066,DATE_ONLY,UNSUITABLE_DEBRIS_AVALANCHE,Catastrophic,1650.0,28.7,175.0,-0.015,9800,7.65,15.4,95.0,1.95,10,Tree cover,0.7,0.12,0.02,0.16,,,,,,,,,,HISTORICAL_VINTAGE_UNAVAILABLE,,,,,,,UNAVAILABLE
FL-UK-1998-02,1998-08-18,1998-08-18T00:00:00,29.94999885559082,80.75,0.9249999523162842,1.8499999046325684,GPM_3IMERGHH_07,V07B,3B-HHR.MS.MRG.3IMERG.19980818-S000000-E002959.0000.V07B.HDF5,1998-08-18T00:00:00,DIRECT,debris-flow/flood event,False,0.9249999523162842,1.2699999511241913,3.2249999344348907,3.2249999344348907,3.2249999344348907,3.2249999344348907,3.2249999344348907,3.2249999344348907,DATE_ONLY,UNSUITABLE_DEBRIS_AVALANCHE,Catastrophic,1650.0,28.7,175.0,-0.015,9800,7.65,15.4,95.0,1.95,10,Tree cover,0.7,0.12,0.02,0.16,,,,,,,,,,HISTORICAL_VINTAGE_UNAVAILABLE,,,,,,,UNAVAILABLE
FL-UK-1998-02,1998-08-18,1998-08-19T00:00:00,29.94999885559082,80.75,0.0,0.0,GPM_3IMERGHH_07,V07B,3B-HHR.MS.MRG.3IMERG.19980819-S000000-E002959.0000.V07B.HDF5,1998-08-19T00:00:00,DIRECT,debris-flow/flood event,False,0.0,0.9249999523162842,3.2249999344348907,3.2249999344348907,3.2249999344348907,3.2249999344348907,3.2249999344348907,3.2249999344348907,DATE_ONLY,UNSUITABLE_DEBRIS_AVALANCHE,Catastrophic,1650.0,28.7,175.0,-0.015,9800,7.65,15.4,95.0,1.95,10,Tree cover,0.7,0.12,0.02,0.16,,,,,,,,,,HISTORICAL_VINTAGE_UNAVAILABLE,,,,,,,UNAVAILABLE
FL-UK-1998-02,1998-08-18,1998-08-20T00:00:00,29.94999885559082,80.75,0.3149999976158142,0.6299999952316284,GPM_3IMERGHH_07,V07B,3B-HHR.MS.MRG.3IMERG.19980820-S000000-E002959.0000.V07B.HDF5,1998-08-20T00:00:00,DIRECT,debris-flow/flood event,False,0.3149999976158142,0.3149999976158142,3.539999932050705,3.539999932050705,3.539999932050705,3.539999932050705,3.539999932050705,3.539999932050705,DATE_ONLY,UNSUITABLE_DEBRIS_AVALANCHE,Catastrophic,1650.0,28.7,175.0,-0.015,9800,7.65,15.4,95.0,1.95,10,Tree cover,0.7,0.12,0.02,0.16,,,,,,,,,,HISTORICAL_VINTAGE_UNAVAILABLE,,,,,,,UNAVAILABLE
FL-UK-1998-02,1998-08-18,1998-08-15T00:00:00,29.94999885559082,80.8499984741211,1.4199999570846558,2.8399999141693115,GPM_3IMERGHH_07,V07B,3B-HHR.MS.MRG.3IMERG.19980815-S000000-E002959.0000.V07B.HDF5,1998-08-15T00:00:00,DIRECT,debris-flow/flood event,False,1.4199999570846558,1.4199999570846558,1.4199999570846558,1.4199999570846558,1.4199999570846558,1.4199999570846558,1.4199999570846558,1.4199999570846558,DATE_ONLY,UNSUITABLE_DEBRIS_AVALANCHE,Catastrophic,1650.0,28.7,175.0,-0.015,9800,7.65,15.4,95.0,1.95,10,Tree cover,0.7,0.12,0.02,0.16,,,,,,,,,,HISTORICAL_VINTAGE_UNAVAILABLE,,,,,,,UNAVAILABLE
FL-UK-1998-02,1998-08-18,1998-08-16T00:00:00,29.94999885559082,80.8499984741211,1.0699999332427979,2.1399998664855957,GPM_3IMERGHH_07,V07B,3B-HHR.MS.MRG.3IMERG.19980816-S000000-E002959.0000.V07B.HDF5,1998-08-16T00:00:00,DIRECT,debris-flow/flood event,False,1.0699999332427979,2.4899998903274536,2.4899998903274536,2.4899998903274536,2.4899998903274536,2.4899998903274536,2.4899998903274536,2.4899998903274536,DATE_ONLY,UNSUITABLE_DEBRIS_AVALANCHE,Catastrophic,1650.0,28.7,175.0,-0.015,9800,7.65,15.4,95.0,1.95,10,Tree cover,0.7,0.12,0.02,0.16,,,,,,,,,,HISTORICAL_VINTAGE_UNAVAILABLE,,,,,,,UNAVAILABLE
FL-UK-1998-02,1998-08-18,1998-08-17T00:00:00,29.94999885559082,80.8499984741211,2.5,5.0,GPM_3IMERGHH_07,V07B,3B-HHR.MS.MRG.3IMERG.19980817-S000000-E002959.0000.V07B.HDF5,1998-08-17T00:00:00,DIRECT,debris-flow/flood event,False,2.5,3.569999933242798,4.989999890327454,4.989999890327454,4.989999890327454,4.989999890327454,4.989999890327454,4.989999890327454,DATE_ONLY,UNSUITABLE_DEBRIS_AVALANCHE,Catastrophic,1650.0,28.7,175.0,-0.015,9800,7.65,15.4,95.0,1.95,10,Tree cover,0.7,0.12,0.02,0.16,,,,,,,,,,HISTORICAL_VINTAGE_UNAVAILABLE,,,,,,,UNAVAILABLE
FL-UK-1998-02,1998-08-18,1998-08-18T00:00:00,29.94999885559082,80.8499984741211,0.7999999523162842,1.5999999046325684,GPM_3IMERGHH_07,V07B,3B-HHR.MS.MRG.3IMERG.19980818-S000000-E002959.0000.V07B.HDF5,1998-08-18T00:00:00,DIRECT,debris-flow/flood event,False,0.7999999523162842,3.299999952316284,5.789999842643738,5.789999842643738,5.789999842643738,5.789999842643738,5.789999842643738,5.789999842643738,DATE_ONLY,UNSUITABLE_DEBRIS_AVALANCHE,Catastrophic,1650.0,28.7,175.0,-0.015,9800,7.65,15.4,95.0,1.95,10,Tree cover,0.7,0.12,0.02,0.16,,,,,,,,,,HISTORICAL_VINTAGE_UNAVAILABLE,,,,,,,UNAVAILABLE
FL-UK-1998-02,1998-08-18,1998-08-19T00:00:00,29.94999885559082,80.8499984741211,0.0,0.0,GPM_3IMERGHH_07,V07B,3B-HHR.MS.MRG.3IMERG.19980819-S000000-E002959.0000.V07B.HDF5,1998-08-19T00:00:00,DIRECT,debris-flow/flood event,False,0.0,0.7999999523162842,5.789999842643738,5.789999842643738,5.789999842643738,5.789999842643738,5.789999842643738,5.789999842643738,DATE_ONLY,UNSUITABLE_DEBRIS_AVALANCHE,Catastrophic,1650.0,28.7,175.0,-0.015,9800,7.65,15.4,95.0,1.95,10,Tree cover,0.7,0.12,0.02,0.16,,,,,,,,,,HISTORICAL_VINTAGE_UNAVAILABLE,,,,,,,UNAVAILABLE
FL-UK-1998-02,1998-08-18,1998-08-20T00:00:00,29.94999885559082,80.8499984741211,0.3700000047683716,0.7400000095367432,GPM_3IMERGHH_07,V07B,3B-HHR.MS.MRG.3IMERG.19980820-S000000-E002959.0000.V07B.HDF5,1998-08-20T00:00:00,DIRECT,debris-flow/flood event,False,0.3700000047683716,0.3700000047683716,6.159999847412109,6.159999847412109,6.159999847412109,6.159999847412109,6.159999847412109,6.159999847412109,DATE_ONLY,UNSUITABLE_DEBRIS_AVALANCHE,Catastrophic,1650.0,28.7,175.0,-0.015,9800,7.65,15.4,95.0,1.95,10,Tree cover,0.7,0.12,0.02,0.16,,,,,,,,,,HISTORICAL_VINTAGE_UNAVAILABLE,,,,,,,UNAVAILABLE
FL-UK-1998-02,1998-08-18,1998-08-15T00:00:00,30.049999237060547,80.6500015258789,4.704999923706055,9.40999984741211,GPM_3IMERGHH_07,V07B,3B-HHR.MS.MRG.3IMERG.19980815-S000000-E002959.0000.V07B.HDF5,1998-08-15T00:00:00,DIRECT,debris-flow/flood event,False,4.704999923706055,4.704999923706055,4.704999923706055,4.704999923706055,4.704999923706055,4.704999923706055,4.704999923706055,4.704999923706055,DATE_ONLY,UNSUITABLE_DEBRIS_AVALANCHE,Catastrophic,1650.0,28.7,175.0,-0.015,9800,7.65,15.4,95.0,1.95,10,Tree cover,0.7,0.12,0.02,0.16,,,,,,,,,,HISTORICAL_VINTAGE_UNAVAILABLE,,,,,,,UNAVAILABLE
FL-UK-1998-02,1998-08-18,1998-08-16T00:00:00,30.049999237060547,80.6500015258789,0.019999999552965164,0.03999999910593033,GPM_3IMERGHH_07,V07B,3B-HHR.MS.MRG.3IMERG.19980816-S000000-E002959.0000.V07B.HDF5,1998-08-16T00:00:00,DIRECT,debris-flow/flood event,False,0.019999999552965164,4.72499992325902,4.72499992325902,4.72499992325902,4.72499992325902,4.72499992325902,4.72499992325902,4.72499992325902,DATE_ONLY,UNSUITABLE_DEBRIS_AVALANCHE,Catastrophic,1650.0,28.7,175.0,-0.015,9800,7.65,15.4,95.0,1.95,10,Tree cover,0.7,0.12,0.02,0.16,,,,,,,,,,HISTORICAL_VINTAGE_UNAVAILABLE,,,,,,,UNAVAILABLE
FL-UK-1998-02,1998-08-18,1998-08-17T00:00:00,30.049999237060547,80.6500015258789,1.0950000286102295,2.190000057220459,GPM_3IMERGHH_07,V07B,3B-HHR.MS.MRG.3IMERG.19980817-S000000-E002959.0000.V07B.HDF5,1998-08-17T00:00:00,DIRECT,debris-flow/flood event,False,1.0950000286102295,1.1150000281631947,5.819999951869249,5.819999951869249,5.819999951869249,5.819999951869249,5.819999951869249,5.819999951869249,DATE_ONLY,UNSUITABLE_DEBRIS_AVALANCHE,Catastrophic,1650.0,28.7,175.0,-0.015,9800,7.65,15.4,95.0,1.95,10,Tree cover,0.7,0.12,0.02,0.16,,,,,,,,,,HISTORICAL_VINTAGE_UNAVAILABLE,,,,,,,UNAVAILABLE
FL-UK-1998-02,1998-08-18,1998-08-18T00:00:00,30.049999237060547,80.6500015258789,1.0950000286102295,2.190000057220459,GPM_3IMERGHH_07,V07B,3B-HHR.MS.MRG.3IMERG.19980818-S000000-E002959.0000.V07B.HDF5,1998-08-18T00:00:00,DIRECT,debris-flow/flood event,False,1.0950000286102295,2.190000057220459,6.914999980479479,6.914999980479479,6.914999980479479,6.914999980479479,6.914999980479479,6.914999980479479,DATE_ONLY,UNSUITABLE_DEBRIS_AVALANCHE,Catastrophic,1650.0,28.7,175.0,-0.015,9800,7.65,15.4,95.0,1.95,10,Tree cover,0.7,0.12,0.02,0.16,,,,,,,,,,HISTORICAL_VINTAGE_UNAVAILABLE,,,,,,,UNAVAILABLE
FL-UK-1998-02,1998-08-18,1998-08-19T00:00:00,30.049999237060547,80.6500015258789,0.0,0.0,GPM_3IMERGHH_07,V07B,3B-HHR.MS.MRG.3IMERG.19980819-S000000-E002959.0000.V07B.HDF5,1998-08-19T00:00:00,DIRECT,debris-flow/flood event,False,0.0,1.0950000286102295,6.914999980479479,6.914999980479479,6.914999980479479,6.914999980479479,6.914999980479479,6.914999980479479,DATE_ONLY,UNSUITABLE_DEBRIS_AVALANCHE,Catastrophic,1650.0,28.7,175.0,-0.015,9800,7.65,15.4,95.0,1.95,10,Tree cover,0.7,0.12,0.02,0.16,,,,,,,,,,HISTORICAL_VINTAGE_UNAVAILABLE,,,,,,,UNAVAILABLE
FL-UK-1998-02,1998-08-18,1998-08-20T00:00:00,30.049999237060547,80.6500015258789,0.014999999664723873,0.029999999329447746,GPM_3IMERGHH_07,V07B,3B-HHR.MS.MRG.3IMERG.19980820-S000000-E002959.0000.V07B.HDF5,1998-08-20T00:00:00,DIRECT,debris-flow/flood event,False,0.014999999664723873,0.014999999664723873,6.929999980144203,6.929999980144203,6.929999980144203,6.929999980144203,6.929999980144203,6.929999980144203,DATE_ONLY,UNSUITABLE_DEBRIS_AVALANCHE,Catastrophic,1650.0,28.7,175.0,-0.015,9800,7.65,15.4,95.0,1.95,10,Tree cover,0.7,0.12,0.02,0.16,,,,,,,,,,HISTORICAL_VINTAGE_UNAVAILABLE,,,,,,,UNAVAILABLE
FL-UK-1998-02,1998-08-18,1998-08-15T00:00:00,30.049999237060547,80.75,5.974999904632568,11.949999809265137,GPM_3IMERGHH_07,V07B,3B-HHR.MS.MRG.3IMERG.19980815-S000000-E002959.0000.V07B.HDF5,1998-08-15T00:00:00,DIRECT,debris-flow/flood event,False,5.974999904632568,5.974999904632568,5.974999904632568,5.974999904632568,5.974999904632568,5.974999904632568,5.974999904632568,5.974999904632568,DATE_ONLY,UNSUITABLE_DEBRIS_AVALANCHE,Catastrophic,1650.0,28.7,175.0,-0.015,9800,7.65,15.4,95.0,1.95,10,Tree cover,0.7,0.12,0.02,0.16,,,,,,,,,,HISTORICAL_VINTAGE_UNAVAILABLE,,,,,,,UNAVAILABLE
FL-UK-1998-02,1998-08-18,1998-08-16T00:00:00,30.049999237060547,80.75,0.7949999570846558,1.5899999141693115,GPM_3IMERGHH_07,V07B,3B-HHR.MS.MRG.3IMERG.19980816-S000000-E002959.0000.V07B.HDF5,1998-08-16T00:00:00,DIRECT,debris-flow/flood event,False,0.7949999570846558,6.769999861717224,6.769999861717224,6.769999861717224,6.769999861717224,6.769999861717224,6.769999861717224,6.769999861717224,DATE_ONLY,UNSUITABLE_DEBRIS_AVALANCHE,Catastrophic,1650.0,28.7,175.0,-0.015,9800,7.65,15.4,95.0,1.95,10,Tree cover,0.7,0.12,0.02,0.16,,,,,,,,,,HISTORICAL_VINTAGE_UNAVAILABLE,,,,,,,UNAVAILABLE
FL-UK-1998-02,1998-08-18,1998-08-17T00:00:00,30.049999237060547,80.75,0.429999977350235,0.85999995470047,GPM_3IMERGHH_07,V07B,3B-HHR.MS.MRG.3IMERG.19980817-S000000-E002959.0000.V07B.HDF5,1998-08-17T00:00:00,DIRECT,debris-flow/flood event,False,0.429999977350235,1.2249999344348907,7.199999839067459,7.199999839067459,7.199999839067459,7.199999839067459,7.199999839067459,7.199999839067459,DATE_ONLY,UNSUITABLE_DEBRIS_AVALANCHE,Catastrophic,1650.0,28.7,175.0,-0.015,9800,7.65,15.4,95.0,1.95,10,Tree cover,0.7,0.12,0.02,0.16,,,,,,,,,,HISTORICAL_VINTAGE_UNAVAILABLE,,,,,,,UNAVAILABLE
FL-UK-1998-02,1998-08-18,1998-08-18T00:00:00,30.049999237060547,80.75,0.429999977350235,0.85999995470047,GPM_3IMERGHH_07,V07B,3B-HHR.MS.MRG.3IMERG.19980818-S000000-E002959.0000.V07B.HDF5,1998-08-18T00:00:00,DIRECT,debris-flow/flood event,False,0.429999977350235,0.85999995470047,7.629999816417694,7.629999816417694,7.629999816417694,7.629999816417694,7.629999816417694,7.629999816417694,DATE_ONLY,UNSUITABLE_DEBRIS_AVALANCHE,Catastrophic,1650.0,28.7,175.0,-0.015,9800,7.65,15.4,95.0,1.95,10,Tree cover,0.7,0.12,0.02,0.16,,,,,,,,,,HISTORICAL_VINTAGE_UNAVAILABLE,,,,,,,UNAVAILABLE
FL-UK-1998-02,1998-08-18,1998-08-19T00:00:00,30.049999237060547,80.75,0.0,0.0,GPM_3IMERGHH_07,V07B,3B-HHR.MS.MRG.3IMERG.19980819-S000000-E002959.0000.V07B.HDF5,1998-08-19T00:00:00,DIRECT,debris-flow/flood event,False,0.0,0.429999977350235,7.629999816417694,7.629999816417694,7.629999816417694,7.629999816417694,7.629999816417694,7.629999816417694,DATE_ONLY,UNSUITABLE_DEBRIS_AVALANCHE,Catastrophic,1650.0,28.7,175.0,-0.015,9800,7.65,15.4,95.0,1.95,10,Tree cover,0.7,0.12,0.02,0.16,,,,,,,,,,HISTORICAL_VINTAGE_UNAVAILABLE,,,,,,,UNAVAILABLE
FL-UK-1998-02,1998-08-18,1998-08-20T00:00:00,30.049999237060547,80.75,0.3199999928474426,0.6399999856948853,GPM_3IMERGHH_07,V07B,3B-HHR.MS.MRG.3IMERG.19980820-S000000-E002959.0000.V07B.HDF5,1998-08-20T00:00:00,DIRECT,debris-flow/flood event,False,0.3199999928474426,0.3199999928474426,7.949999809265137,7.949999809265137,7.949999809265137,7.949999809265137,7.949999809265137,7.949999809265137,DATE_ONLY,UNSUITABLE_DEBRIS_AVALANCHE,Catastrophic,1650.0,28.7,175.0,-0.015,9800,7.65,15.4,95.0,1.95,10,Tree cover,0.7,0.12,0.02,0.16,,,,,,,,,,HISTORICAL_VINTAGE_UNAVAILABLE,,,,,,,UNAVAILABLE
FL-UK-1998-02,1998-08-18,1998-08-15T00:00:00,30.049999237060547,80.8499984741211,6.304999828338623,12.609999656677246,GPM_3IMERGHH_07,V07B,3B-HHR.MS.MRG.3IMERG.19980815-S000000-E002959.0000.V07B.HDF5,1998-08-15T00:00:00,DIRECT,debris-flow/flood event,False,6.304999828338623,6.304999828338623,6.304999828338623,6.304999828338623,6.304999828338623,6.304999828338623,6.304999828338623,6.304999828338623,DATE_ONLY,UNSUITABLE_DEBRIS_AVALANCHE,Catastrophic,1650.0,28.7,175.0,-0.015,9800,7.65,15.4,95.0,1.95,10,Tree cover,0.7,0.12,0.02,0.16,,,,,,,,,,HISTORICAL_VINTAGE_UNAVAILABLE,,,,,,,UNAVAILABLE
FL-UK-1998-02,1998-08-18,1998-08-16T00:00:00,30.049999237060547,80.8499984741211,0.0,0.0,GPM_3IMERGHH_07,V07B,3B-HHR.MS.MRG.3IMERG.19980816-S000000-E002959.0000.V07B.HDF5,1998-08-16T00:00:00,DIRECT,debris-flow/flood event,False,0.0,6.304999828338623,6.304999828338623,6.304999828338623,6.304999828338623,6.304999828338623,6.304999828338623,6.304999828338623,DATE_ONLY,UNSUITABLE_DEBRIS_AVALANCHE,Catastrophic,1650.0,28.7,175.0,-0.015,9800,7.65,15.4,95.0,1.95,10,Tree cover,0.7,0.12,0.02,0.16,,,,,,,,,,HISTORICAL_VINTAGE_UNAVAILABLE,,,,,,,UNAVAILABLE
FL-UK-1998-02,1998-08-18,1998-08-17T00:00:00,30.049999237060547,80.8499984741211,0.2849999964237213,0.5699999928474426,GPM_3IMERGHH_07,V07B,3B-HHR.MS.MRG.3IMERG.19980817-S000000-E002959.0000.V07B.HDF5,1998-08-17T00:00:00,DIRECT,debris-flow/flood event,False,0.2849999964237213,0.2849999964237213,6.589999824762344,6.589999824762344,6.589999824762344,6.589999824762344,6.589999824762344,6.589999824762344,DATE_ONLY,UNSUITABLE_DEBRIS_AVALANCHE,Catastrophic,1650.0,28.7,175.0,-0.015,9800,7.65,15.4,95.0,1.95,10,Tree cover,0.7,0.12,0.02,0.16,,,,,,,,,,HISTORICAL_VINTAGE_UNAVAILABLE,,,,,,,UNAVAILABLE
FL-UK-1998-02,1998-08-18,1998-08-18T00:00:00,30.049999237060547,80.8499984741211,0.39499998092651367,0.7899999618530273,GPM_3IMERGHH_07,V07B,3B-HHR.MS.MRG.3IMERG.19980818-S000000-E002959.0000.V07B.HDF5,1998-08-18T00:00:00,DIRECT,debris-flow/flood event,False,0.39499998092651367,0.679999977350235,6.984999805688858,6.984999805688858,6.984999805688858,6.984999805688858,6.984999805688858,6.984999805688858,DATE_ONLY,UNSUITABLE_DEBRIS_AVALANCHE,Catastrophic,1650.0,28.7,175.0,-0.015,9800,7.65,15.4,95.0,1.95,10,Tree cover,0.7,0.12,0.02,0.16,,,,,,,,,,HISTORICAL_VINTAGE_UNAVAILABLE,,,,,,,UNAVAILABLE
FL-UK-1998-02,1998-08-18,1998-08-19T00:00:00,30.049999237060547,80.8499984741211,0.0,0.0,GPM_3IMERGHH_07,V07B,3B-HHR.MS.MRG.3IMERG.19980819-S000000-E002959.0000.V07B.HDF5,1998-08-19T00:00:00,DIRECT,debris-flow/flood event,False,0.0,0.39499998092651367,6.984999805688858,6.984999805688858,6.984999805688858,6.984999805688858,6.984999805688858,6.984999805688858,DATE_ONLY,UNSUITABLE_DEBRIS_AVALANCHE,Catastrophic,1650.0,28.7,175.0,-0.015,9800,7.65,15.4,95.0,1.95,10,Tree cover,0.7,0.12,0.02,0.16,,,,,,,,,,HISTORICAL_VINTAGE_UNAVAILABLE,,,,,,,UNAVAILABLE
FL-UK-1998-02,1998-08-18,1998-08-20T00:00:00,30.049999237060547,80.8499984741211,0.0,0.0,GPM_3IMERGHH_07,V07B,3B-HHR.MS.MRG.3IMERG.19980820-S000000-E002959.0000.V07B.HDF5,1998-08-20T00:00:00,DIRECT,debris-flow/flood event,False,0.0,0.0,6.984999805688858,6.984999805688858,6.984999805688858,6.984999805688858,6.984999805688858,6.984999805688858,DATE_ONLY,UNSUITABLE_DEBRIS_AVALANCHE,Catastrophic,1650.0,28.7,175.0,-0.015,9800,7.65,15.4,95.0,1.95,10,Tree cover,0.7,0.12,0.02,0.16,,,,,,,,,,HISTORICAL_VINTAGE_UNAVAILABLE,,,,,,,UNAVAILABLE
FL-UK-2010-01,2010-09-18,2010-09-15T00:00:00,29.849998474121094,78.04999542236328,0.0,0.0,GPM_3IMERGHH_07,V07B,3B-HHR.MS.MRG.3IMERG.20100915-S000000-E002959.0000.V07B.HDF5,2010-09-15T00:00:00,DERIVED,extreme rainfall flood,False,0.0,0.0,0.0,0.0,0.0,0.0,0.0,0.0,DATE_ONLY,UNSUITABLE_MULTI_DAY_INUNDATION,Major,295.0,6.2,140.0,0.002,45000,11.8,6.5,45.0,1.15,50,Built-up,0.15,0.45,0.35,0.05,,,,,,,,,,HISTORICAL_VINTAGE_UNAVAILABLE,,,,,,,UNAVAILABLE
FL-UK-2010-01,2010-09-18,2010-09-16T00:00:00,29.849998474121094,78.04999542236328,0.0,0.0,GPM_3IMERGHH_07,V07B,3B-HHR.MS.MRG.3IMERG.20100916-S000000-E002959.0000.V07B.HDF5,2010-09-16T00:00:00,DERIVED,extreme rainfall flood,False,0.0,0.0,0.0,0.0,0.0,0.0,0.0,0.0,DATE_ONLY,UNSUITABLE_MULTI_DAY_INUNDATION,Major,295.0,6.2,140.0,0.002,45000,11.8,6.5,45.0,1.15,50,Built-up,0.15,0.45,0.35,0.05,,,,,,,,,,HISTORICAL_VINTAGE_UNAVAILABLE,,,,,,,UNAVAILABLE
FL-UK-2010-01,2010-09-18,2010-09-17T00:00:00,29.849998474121094,78.04999542236328,0.0,0.0,GPM_3IMERGHH_07,V07B,3B-HHR.MS.MRG.3IMERG.20100917-S000000-E002959.0000.V07B.HDF5,2010-09-17T00:00:00,DERIVED,extreme rainfall flood,False,0.0,0.0,0.0,0.0,0.0,0.0,0.0,0.0,DATE_ONLY,UNSUITABLE_MULTI_DAY_INUNDATION,Major,295.0,6.2,140.0,0.002,45000,11.8,6.5,45.0,1.15,50,Built-up,0.15,0.45,0.35,0.05,,,,,,,,,,HISTORICAL_VINTAGE_UNAVAILABLE,,,,,,,UNAVAILABLE
FL-UK-2010-01,2010-09-18,2010-09-18T00:00:00,29.849998474121094,78.04999542236328,0.23999999463558197,0.47999998927116394,GPM_3IMERGHH_07,V07B,3B-HHR.MS.MRG.3IMERG.20100918-S000000-E002959.0000.V07B.HDF5,2010-09-18T00:00:00,DERIVED,extreme rainfall flood,False,0.23999999463558197,0.23999999463558197,0.23999999463558197,0.23999999463558197,0.23999999463558197,0.23999999463558197,0.23999999463558197,0.23999999463558197,DATE_ONLY,UNSUITABLE_MULTI_DAY_INUNDATION,Major,295.0,6.2,140.0,0.002,45000,11.8,6.5,45.0,1.15,50,Built-up,0.15,0.45,0.35,0.05,,,,,,,,,,HISTORICAL_VINTAGE_UNAVAILABLE,,,,,,,UNAVAILABLE
FL-UK-2010-01,2010-09-18,2010-09-19T00:00:00,29.849998474121094,78.04999542236328,3.6449999809265137,7.289999961853027,GPM_3IMERGHH_07,V07B,3B-HHR.MS.MRG.3IMERG.20100919-S000000-E002959.0000.V07B.HDF5,2010-09-19T00:00:00,DERIVED,extreme rainfall flood,False,3.6449999809265137,3.8849999755620956,3.8849999755620956,3.8849999755620956,3.8849999755620956,3.8849999755620956,3.8849999755620956,3.8849999755620956,DATE_ONLY,UNSUITABLE_MULTI_DAY_INUNDATION,Major,295.0,6.2,140.0,0.002,45000,11.8,6.5,45.0,1.15,50,Built-up,0.15,0.45,0.35,0.05,,,,,,,,,,HISTORICAL_VINTAGE_UNAVAILABLE,,,,,,,UNAVAILABLE
FL-UK-2010-01,2010-09-18,2010-09-20T00:00:00,29.849998474121094,78.04999542236328,0.0,0.0,GPM_3IMERGHH_07,V07B,3B-HHR.MS.MRG.3IMERG.20100920-S000000-E002959.0000.V07B.HDF5,2010-09-20T00:00:00,DERIVED,extreme rainfall flood,False,0.0,3.6449999809265137,3.8849999755620956,3.8849999755620956,3.8849999755620956,3.8849999755620956,3.8849999755620956,3.8849999755620956,DATE_ONLY,UNSUITABLE_MULTI_DAY_INUNDATION,Major,295.0,6.2,140.0,0.002,45000,11.8,6.5,45.0,1.15,50,Built-up,0.15,0.45,0.35,0.05,,,,,,,,,,HISTORICAL_VINTAGE_UNAVAILABLE,,,,,,,UNAVAILABLE
FL-UK-2010-01,2010-09-18,2010-09-15T00:00:00,29.849998474121094,78.1500015258789,0.0,0.0,GPM_3IMERGHH_07,V07B,3B-HHR.MS.MRG.3IMERG.20100915-S000000-E002959.0000.V07B.HDF5,2010-09-15T00:00:00,DERIVED,extreme rainfall flood,False,0.0,0.0,0.0,0.0,0.0,0.0,0.0,0.0,DATE_ONLY,UNSUITABLE_MULTI_DAY_INUNDATION,Major,295.0,6.2,140.0,0.002,45000,11.8,6.5,45.0,1.15,50,Built-up,0.15,0.45,0.35,0.05,,,,,,,,,,HISTORICAL_VINTAGE_UNAVAILABLE,,,,,,,UNAVAILABLE
FL-UK-2010-01,2010-09-18,2010-09-16T00:00:00,29.849998474121094,78.1500015258789,0.0,0.0,GPM_3IMERGHH_07,V07B,3B-HHR.MS.MRG.3IMERG.20100916-S000000-E002959.0000.V07B.HDF5,2010-09-16T00:00:00,DERIVED,extreme rainfall flood,False,0.0,0.0,0.0,0.0,0.0,0.0,0.0,0.0,DATE_ONLY,UNSUITABLE_MULTI_DAY_INUNDATION,Major,295.0,6.2,140.0,0.002,45000,11.8,6.5,45.0,1.15,50,Built-up,0.15,0.45,0.35,0.05,,,,,,,,,,HISTORICAL_VINTAGE_UNAVAILABLE,,,,,,,UNAVAILABLE
FL-UK-2010-01,2010-09-18,2010-09-17T00:00:00,29.849998474121094,78.1500015258789,0.7450000047683716,1.4900000095367432,GPM_3IMERGHH_07,V07B,3B-HHR.MS.MRG.3IMERG.20100917-S000000-E002959.0000.V07B.HDF5,2010-09-17T00:00:00,DERIVED,extreme rainfall flood,False,0.7450000047683716,0.7450000047683716,0.7450000047683716,0.7450000047683716,0.7450000047683716,0.7450000047683716,0.7450000047683716,0.7450000047683716,DATE_ONLY,UNSUITABLE_MULTI_DAY_INUNDATION,Major,295.0,6.2,140.0,0.002,45000,11.8,6.5,45.0,1.15,50,Built-up,0.15,0.45,0.35,0.05,,,,,,,,,,HISTORICAL_VINTAGE_UNAVAILABLE,,,,,,,UNAVAILABLE
FL-UK-2010-01,2010-09-18,2010-09-18T00:00:00,29.849998474121094,78.1500015258789,0.2199999988079071,0.4399999976158142,GPM_3IMERGHH_07,V07B,3B-HHR.MS.MRG.3IMERG.20100918-S000000-E002959.0000.V07B.HDF5,2010-09-18T00:00:00,DERIVED,extreme rainfall flood,False,0.2199999988079071,0.9650000035762787,0.9650000035762787,0.9650000035762787,0.9650000035762787,0.9650000035762787,0.9650000035762787,0.9650000035762787,DATE_ONLY,UNSUITABLE_MULTI_DAY_INUNDATION,Major,295.0,6.2,140.0,0.002,45000,11.8,6.5,45.0,1.15,50,Built-up,0.15,0.45,0.35,0.05,,,,,,,,,,HISTORICAL_VINTAGE_UNAVAILABLE,,,,,,,UNAVAILABLE
FL-UK-2010-01,2010-09-18,2010-09-19T00:00:00,29.849998474121094,78.1500015258789,4.755000114440918,9.510000228881836,GPM_3IMERGHH_07,V07B,3B-HHR.MS.MRG.3IMERG.20100919-S000000-E002959.0000.V07B.HDF5,2010-09-19T00:00:00,DERIVED,extreme rainfall flood,False,4.755000114440918,4.975000113248825,5.720000118017197,5.720000118017197,5.720000118017197,5.720000118017197,5.720000118017197,5.720000118017197,DATE_ONLY,UNSUITABLE_MULTI_DAY_INUNDATION,Major,295.0,6.2,140.0,0.002,45000,11.8,6.5,45.0,1.15,50,Built-up,0.15,0.45,0.35,0.05,,,,,,,,,,HISTORICAL_VINTAGE_UNAVAILABLE,,,,,,,UNAVAILABLE
FL-UK-2010-01,2010-09-18,2010-09-20T00:00:00,29.849998474121094,78.1500015258789,0.0,0.0,GPM_3IMERGHH_07,V07B,3B-HHR.MS.MRG.3IMERG.20100920-S000000-E002959.0000.V07B.HDF5,2010-09-20T00:00:00,DERIVED,extreme rainfall flood,False,0.0,4.755000114440918,5.720000118017197,5.720000118017197,5.720000118017197,5.720000118017197,5.720000118017197,5.720000118017197,DATE_ONLY,UNSUITABLE_MULTI_DAY_INUNDATION,Major,295.0,6.2,140.0,0.002,45000,11.8,6.5,45.0,1.15,50,Built-up,0.15,0.45,0.35,0.05,,,,,,,,,,HISTORICAL_VINTAGE_UNAVAILABLE,,,,,,,UNAVAILABLE
FL-UK-2010-01,2010-09-18,2010-09-15T00:00:00,29.849998474121094,78.25,0.11499999463558197,0.22999998927116394,GPM_3IMERGHH_07,V07B,3B-HHR.MS.MRG.3IMERG.20100915-S000000-E002959.0000.V07B.HDF5,2010-09-15T00:00:00,DERIVED,extreme rainfall flood,False,0.11499999463558197,0.11499999463558197,0.11499999463558197,0.11499999463558197,0.11499999463558197,0.11499999463558197,0.11499999463558197,0.11499999463558197,DATE_ONLY,UNSUITABLE_MULTI_DAY_INUNDATION,Major,295.0,6.2,140.0,0.002,45000,11.8,6.5,45.0,1.15,50,Built-up,0.15,0.45,0.35,0.05,,,,,,,,,,HISTORICAL_VINTAGE_UNAVAILABLE,,,,,,,UNAVAILABLE
FL-UK-2010-01,2010-09-18,2010-09-16T00:00:00,29.849998474121094,78.25,0.0,0.0,GPM_3IMERGHH_07,V07B,3B-HHR.MS.MRG.3IMERG.20100916-S000000-E002959.0000.V07B.HDF5,2010-09-16T00:00:00,DERIVED,extreme rainfall flood,False,0.0,0.11499999463558197,0.11499999463558197,0.11499999463558197,0.11499999463558197,0.11499999463558197,0.11499999463558197,0.11499999463558197,DATE_ONLY,UNSUITABLE_MULTI_DAY_INUNDATION,Major,295.0,6.2,140.0,0.002,45000,11.8,6.5,45.0,1.15,50,Built-up,0.15,0.45,0.35,0.05,,,,,,,,,,HISTORICAL_VINTAGE_UNAVAILABLE,,,,,,,UNAVAILABLE
FL-UK-2010-01,2010-09-18,2010-09-17T00:00:00,29.849998474121094,78.25,1.1949999332427979,2.3899998664855957,GPM_3IMERGHH_07,V07B,3B-HHR.MS.MRG.3IMERG.20100917-S000000-E002959.0000.V07B.HDF5,2010-09-17T00:00:00,DERIVED,extreme rainfall flood,False,1.1949999332427979,1.1949999332427979,1.3099999278783798,1.3099999278783798,1.3099999278783798,1.3099999278783798,1.3099999278783798,1.3099999278783798,DATE_ONLY,UNSUITABLE_MULTI_DAY_INUNDATION,Major,295.0,6.2,140.0,0.002,45000,11.8,6.5,45.0,1.15,50,Built-up,0.15,0.45,0.35,0.05,,,,,,,,,,HISTORICAL_VINTAGE_UNAVAILABLE,,,,,,,UNAVAILABLE
FL-UK-2010-01,2010-09-18,2010-09-18T00:00:00,29.849998474121094,78.25,0.0,0.0,GPM_3IMERGHH_07,V07B,3B-HHR.MS.MRG.3IMERG.20100918-S000000-E002959.0000.V07B.HDF5,2010-09-18T00:00:00,DERIVED,extreme rainfall flood,False,0.0,1.1949999332427979,1.3099999278783798,1.3099999278783798,1.3099999278783798,1.3099999278783798,1.3099999278783798,1.3099999278783798,DATE_ONLY,UNSUITABLE_MULTI_DAY_INUNDATION,Major,295.0,6.2,140.0,0.002,45000,11.8,6.5,45.0,1.15,50,Built-up,0.15,0.45,0.35,0.05,,,,,,,,,,HISTORICAL_VINTAGE_UNAVAILABLE,,,,,,,UNAVAILABLE
FL-UK-2010-01,2010-09-18,2010-09-19T00:00:00,29.849998474121094,78.25,4.494999885559082,8.989999771118164,GPM_3IMERGHH_07,V07B,3B-HHR.MS.MRG.3IMERG.20100919-S000000-E002959.0000.V07B.HDF5,2010-09-19T00:00:00,DERIVED,extreme rainfall flood,False,4.494999885559082,4.494999885559082,5.804999813437462,5.804999813437462,5.804999813437462,5.804999813437462,5.804999813437462,5.804999813437462,DATE_ONLY,UNSUITABLE_MULTI_DAY_INUNDATION,Major,295.0,6.2,140.0,0.002,45000,11.8,6.5,45.0,1.15,50,Built-up,0.15,0.45,0.35,0.05,,,,,,,,,,HISTORICAL_VINTAGE_UNAVAILABLE,,,,,,,UNAVAILABLE
FL-UK-2010-01,2010-09-18,2010-09-20T00:00:00,29.849998474121094,78.25,0.0,0.0,GPM_3IMERGHH_07,V07B,3B-HHR.MS.MRG.3IMERG.20100920-S000000-E002959.0000.V07B.HDF5,2010-09-20T00:00:00,DERIVED,extreme rainfall flood,False,0.0,4.494999885559082,5.804999813437462,5.804999813437462,5.804999813437462,5.804999813437462,5.804999813437462,5.804999813437462,DATE_ONLY,UNSUITABLE_MULTI_DAY_INUNDATION,Major,295.0,6.2,140.0,0.002,45000,11.8,6.5,45.0,1.15,50,Built-up,0.15,0.45,0.35,0.05,,,,,,,,,,HISTORICAL_VINTAGE_UNAVAILABLE,,,,,,,UNAVAILABLE
FL-UK-2010-01,2010-09-18,2010-09-15T00:00:00,29.94999885559082,78.04999542236328,0.0,0.0,GPM_3IMERGHH_07,V07B,3B-HHR.MS.MRG.3IMERG.20100915-S000000-E002959.0000.V07B.HDF5,2010-09-15T00:00:00,DERIVED,extreme rainfall flood,False,0.0,0.0,0.0,0.0,0.0,0.0,0.0,0.0,DATE_ONLY,UNSUITABLE_MULTI_DAY_INUNDATION,Major,295.0,6.2,140.0,0.002,45000,11.8,6.5,45.0,1.15,50,Built-up,0.15,0.45,0.35,0.05,,,,,,,,,,HISTORICAL_VINTAGE_UNAVAILABLE,,,,,,,UNAVAILABLE
FL-UK-2010-01,2010-09-18,2010-09-16T00:00:00,29.94999885559082,78.04999542236328,0.0,0.0,GPM_3IMERGHH_07,V07B,3B-HHR.MS.MRG.3IMERG.20100916-S000000-E002959.0000.V07B.HDF5,2010-09-16T00:00:00,DERIVED,extreme rainfall flood,False,0.0,0.0,0.0,0.0,0.0,0.0,0.0,0.0,DATE_ONLY,UNSUITABLE_MULTI_DAY_INUNDATION,Major,295.0,6.2,140.0,0.002,45000,11.8,6.5,45.0,1.15,50,Built-up,0.15,0.45,0.35,0.05,,,,,,,,,,HISTORICAL_VINTAGE_UNAVAILABLE,,,,,,,UNAVAILABLE
FL-UK-2010-01,2010-09-18,2010-09-17T00:00:00,29.94999885559082,78.04999542236328,0.29999998211860657,0.5999999642372131,GPM_3IMERGHH_07,V07B,3B-HHR.MS.MRG.3IMERG.20100917-S000000-E002959.0000.V07B.HDF5,2010-09-17T00:00:00,DERIVED,extreme rainfall flood,False,0.29999998211860657,0.29999998211860657,0.29999998211860657,0.29999998211860657,0.29999998211860657,0.29999998211860657,0.29999998211860657,0.29999998211860657,DATE_ONLY,UNSUITABLE_MULTI_DAY_INUNDATION,Major,295.0,6.2,140.0,0.002,45000,11.8,6.5,45.0,1.15,50,Built-up,0.15,0.45,0.35,0.05,,,,,,,,,,HISTORICAL_VINTAGE_UNAVAILABLE,,,,,,,UNAVAILABLE
FL-UK-2010-01,2010-09-18,2010-09-18T00:00:00,29.94999885559082,78.04999542236328,0.5399999618530273,1.0799999237060547,GPM_3IMERGHH_07,V07B,3B-HHR.MS.MRG.3IMERG.20100918-S000000-E002959.0000.V07B.HDF5,2010-09-18T00:00:00,DERIVED,extreme rainfall flood,False,0.5399999618530273,0.8399999439716339,0.8399999439716339,0.8399999439716339,0.8399999439716339,0.8399999439716339,0.8399999439716339,0.8399999439716339,DATE_ONLY,UNSUITABLE_MULTI_DAY_INUNDATION,Major,295.0,6.2,140.0,0.002,45000,11.8,6.5,45.0,1.15,50,Built-up,0.15,0.45,0.35,0.05,,,,,,,,,,HISTORICAL_VINTAGE_UNAVAILABLE,,,,,,,UNAVAILABLE
FL-UK-2010-01,2010-09-18,2010-09-19T00:00:00,29.94999885559082,78.04999542236328,3.2200000286102295,6.440000057220459,GPM_3IMERGHH_07,V07B,3B-HHR.MS.MRG.3IMERG.20100919-S000000-E002959.0000.V07B.HDF5,2010-09-19T00:00:00,DERIVED,extreme rainfall flood,False,3.2200000286102295,3.759999990463257,4.059999972581863,4.059999972581863,4.059999972581863,4.059999972581863,4.059999972581863,4.059999972581863,DATE_ONLY,UNSUITABLE_MULTI_DAY_INUNDATION,Major,295.0,6.2,140.0,0.002,45000,11.8,6.5,45.0,1.15,50,Built-up,0.15,0.45,0.35,0.05,,,,,,,,,,HISTORICAL_VINTAGE_UNAVAILABLE,,,,,,,UNAVAILABLE
FL-UK-2010-01,2010-09-18,2010-09-20T00:00:00,29.94999885559082,78.04999542236328,0.0,0.0,GPM_3IMERGHH_07,V07B,3B-HHR.MS.MRG.3IMERG.20100920-S000000-E002959.0000.V07B.HDF5,2010-09-20T00:00:00,DERIVED,extreme rainfall flood,False,0.0,3.2200000286102295,4.059999972581863,4.059999972581863,4.059999972581863,4.059999972581863,4.059999972581863,4.059999972581863,DATE_ONLY,UNSUITABLE_MULTI_DAY_INUNDATION,Major,295.0,6.2,140.0,0.002,45000,11.8,6.5,45.0,1.15,50,Built-up,0.15,0.45,0.35,0.05,,,,,,,,,,HISTORICAL_VINTAGE_UNAVAILABLE,,,,,,,UNAVAILABLE
FL-UK-2010-01,2010-09-18,2010-09-15T00:00:00,29.94999885559082,78.1500015258789,0.0,0.0,GPM_3IMERGHH_07,V07B,3B-HHR.MS.MRG.3IMERG.20100915-S000000-E002959.0000.V07B.HDF5,2010-09-15T00:00:00,DERIVED,extreme rainfall flood,False,0.0,0.0,0.0,0.0,0.0,0.0,0.0,0.0,DATE_ONLY,UNSUITABLE_MULTI_DAY_INUNDATION,Major,295.0,6.2,140.0,0.002,45000,11.8,6.5,45.0,1.15,50,Built-up,0.15,0.45,0.35,0.05,,,,,,,,,,HISTORICAL_VINTAGE_UNAVAILABLE,,,,,,,UNAVAILABLE
FL-UK-2010-01,2010-09-18,2010-09-16T00:00:00,29.94999885559082,78.1500015258789,0.0,0.0,GPM_3IMERGHH_07,V07B,3B-HHR.MS.MRG.3IMERG.20100916-S000000-E002959.0000.V07B.HDF5,2010-09-16T00:00:00,DERIVED,extreme rainfall flood,False,0.0,0.0,0.0,0.0,0.0,0.0,0.0,0.0,DATE_ONLY,UNSUITABLE_MULTI_DAY_INUNDATION,Major,295.0,6.2,140.0,0.002,45000,11.8,6.5,45.0,1.15,50,Built-up,0.15,0.45,0.35,0.05,,,,,,,,,,HISTORICAL_VINTAGE_UNAVAILABLE,,,,,,,UNAVAILABLE
FL-UK-2010-01,2010-09-18,2010-09-17T00:00:00,29.94999885559082,78.1500015258789,0.7249999642372131,1.4499999284744263,GPM_3IMERGHH_07,V07B,3B-HHR.MS.MRG.3IMERG.20100917-S000000-E002959.0000.V07B.HDF5,2010-09-17T00:00:00,DERIVED,extreme rainfall flood,False,0.7249999642372131,0.7249999642372131,0.7249999642372131,0.7249999642372131,0.7249999642372131,0.7249999642372131,0.7249999642372131,0.7249999642372131,DATE_ONLY,UNSUITABLE_MULTI_DAY_INUNDATION,Major,295.0,6.2,140.0,0.002,45000,11.8,6.5,45.0,1.15,50,Built-up,0.15,0.45,0.35,0.05,,,,,,,,,,HISTORICAL_VINTAGE_UNAVAILABLE,,,,,,,UNAVAILABLE
FL-UK-2010-01,2010-09-18,2010-09-18T00:00:00,29.94999885559082,78.1500015258789,0.3100000023841858,0.6200000047683716,GPM_3IMERGHH_07,V07B,3B-HHR.MS.MRG.3IMERG.20100918-S000000-E002959.0000.V07B.HDF5,2010-09-18T00:00:00,DERIVED,extreme rainfall flood,False,0.3100000023841858,1.034999966621399,1.034999966621399,1.034999966621399,1.034999966621399,1.034999966621399,1.034999966621399,1.034999966621399,DATE_ONLY,UNSUITABLE_MULTI_DAY_INUNDATION,Major,295.0,6.2,140.0,0.002,45000,11.8,6.5,45.0,1.15,50,Built-up,0.15,0.45,0.35,0.05,,,,,,,,,,HISTORICAL_VINTAGE_UNAVAILABLE,,,,,,,UNAVAILABLE
FL-UK-2010-01,2010-09-18,2010-09-19T00:00:00,29.94999885559082,78.1500015258789,3.4549999237060547,6.909999847412109,GPM_3IMERGHH_07,V07B,3B-HHR.MS.MRG.3IMERG.20100919-S000000-E002959.0000.V07B.HDF5,2010-09-19T00:00:00,DERIVED,extreme rainfall flood,False,3.4549999237060547,3.7649999260902405,4.489999890327454,4.489999890327454,4.489999890327454,4.489999890327454,4.489999890327454,4.489999890327454,DATE_ONLY,UNSUITABLE_MULTI_DAY_INUNDATION,Major,295.0,6.2,140.0,0.002,45000,11.8,6.5,45.0,1.15,50,Built-up,0.15,0.45,0.35,0.05,,,,,,,,,,HISTORICAL_VINTAGE_UNAVAILABLE,,,,,,,UNAVAILABLE
FL-UK-2010-01,2010-09-18,2010-09-20T00:00:00,29.94999885559082,78.1500015258789,0.0,0.0,GPM_3IMERGHH_07,V07B,3B-HHR.MS.MRG.3IMERG.20100920-S000000-E002959.0000.V07B.HDF5,2010-09-20T00:00:00,DERIVED,extreme rainfall flood,False,0.0,3.4549999237060547,4.489999890327454,4.489999890327454,4.489999890327454,4.489999890327454,4.489999890327454,4.489999890327454,DATE_ONLY,UNSUITABLE_MULTI_DAY_INUNDATION,Major,295.0,6.2,140.0,0.002,45000,11.8,6.5,45.0,1.15,50,Built-up,0.15,0.45,0.35,0.05,,,,,,,,,,HISTORICAL_VINTAGE_UNAVAILABLE,,,,,,,UNAVAILABLE
FL-UK-2010-01,2010-09-18,2010-09-15T00:00:00,29.94999885559082,78.25,0.0,0.0,GPM_3IMERGHH_07,V07B,3B-HHR.MS.MRG.3IMERG.20100915-S000000-E002959.0000.V07B.HDF5,2010-09-15T00:00:00,DERIVED,extreme rainfall flood,False,0.0,0.0,0.0,0.0,0.0,0.0,0.0,0.0,DATE_ONLY,UNSUITABLE_MULTI_DAY_INUNDATION,Major,295.0,6.2,140.0,0.002,45000,11.8,6.5,45.0,1.15,50,Built-up,0.15,0.45,0.35,0.05,,,,,,,,,,HISTORICAL_VINTAGE_UNAVAILABLE,,,,,,,UNAVAILABLE
FL-UK-2010-01,2010-09-18,2010-09-16T00:00:00,29.94999885559082,78.25,0.0,0.0,GPM_3IMERGHH_07,V07B,3B-HHR.MS.MRG.3IMERG.20100916-S000000-E002959.0000.V07B.HDF5,2010-09-16T00:00:00,DERIVED,extreme rainfall flood,False,0.0,0.0,0.0,0.0,0.0,0.0,0.0,0.0,DATE_ONLY,UNSUITABLE_MULTI_DAY_INUNDATION,Major,295.0,6.2,140.0,0.002,45000,11.8,6.5,45.0,1.15,50,Built-up,0.15,0.45,0.35,0.05,,,,,,,,,,HISTORICAL_VINTAGE_UNAVAILABLE,,,,,,,UNAVAILABLE
FL-UK-2010-01,2010-09-18,2010-09-17T00:00:00,29.94999885559082,78.25,1.084999918937683,2.169999837875366,GPM_3IMERGHH_07,V07B,3B-HHR.MS.MRG.3IMERG.20100917-S000000-E002959.0000.V07B.HDF5,2010-09-17T00:00:00,DERIVED,extreme rainfall flood,False,1.084999918937683,1.084999918937683,1.084999918937683,1.084999918937683,1.084999918937683,1.084999918937683,1.084999918937683,1.084999918937683,DATE_ONLY,UNSUITABLE_MULTI_DAY_INUNDATION,Major,295.0,6.2,140.0,0.002,45000,11.8,6.5,45.0,1.15,50,Built-up,0.15,0.45,0.35,0.05,,,,,,,,,,HISTORICAL_VINTAGE_UNAVAILABLE,,,,,,,UNAVAILABLE
FL-UK-2010-01,2010-09-18,2010-09-18T00:00:00,29.94999885559082,78.25,0.0,0.0,GPM_3IMERGHH_07,V07B,3B-HHR.MS.MRG.3IMERG.20100918-S000000-E002959.0000.V07B.HDF5,2010-09-18T00:00:00,DERIVED,extreme rainfall flood,False,0.0,1.084999918937683,1.084999918937683,1.084999918937683,1.084999918937683,1.084999918937683,1.084999918937683,1.084999918937683,DATE_ONLY,UNSUITABLE_MULTI_DAY_INUNDATION,Major,295.0,6.2,140.0,0.002,45000,11.8,6.5,45.0,1.15,50,Built-up,0.15,0.45,0.35,0.05,,,,,,,,,,HISTORICAL_VINTAGE_UNAVAILABLE,,,,,,,UNAVAILABLE
FL-UK-2010-01,2010-09-18,2010-09-19T00:00:00,29.94999885559082,78.25,3.234999895095825,6.46999979019165,GPM_3IMERGHH_07,V07B,3B-HHR.MS.MRG.3IMERG.20100919-S000000-E002959.0000.V07B.HDF5,2010-09-19T00:00:00,DERIVED,extreme rainfall flood,False,3.234999895095825,3.234999895095825,4.319999814033508,4.319999814033508,4.319999814033508,4.319999814033508,4.319999814033508,4.319999814033508,DATE_ONLY,UNSUITABLE_MULTI_DAY_INUNDATION,Major,295.0,6.2,140.0,0.002,45000,11.8,6.5,45.0,1.15,50,Built-up,0.15,0.45,0.35,0.05,,,,,,,,,,HISTORICAL_VINTAGE_UNAVAILABLE,,,,,,,UNAVAILABLE
FL-UK-2010-01,2010-09-18,2010-09-20T00:00:00,29.94999885559082,78.25,0.0,0.0,GPM_3IMERGHH_07,V07B,3B-HHR.MS.MRG.3IMERG.20100920-S000000-E002959.0000.V07B.HDF5,2010-09-20T00:00:00,DERIVED,extreme rainfall flood,False,0.0,3.234999895095825,4.319999814033508,4.319999814033508,4.319999814033508,4.319999814033508,4.319999814033508,4.319999814033508,DATE_ONLY,UNSUITABLE_MULTI_DAY_INUNDATION,Major,295.0,6.2,140.0,0.002,45000,11.8,6.5,45.0,1.15,50,Built-up,0.15,0.45,0.35,0.05,,,,,,,,,,HISTORICAL_VINTAGE_UNAVAILABLE,,,,,,,UNAVAILABLE
FL-UK-2010-01,2010-09-18,2010-09-15T00:00:00,30.049999237060547,78.04999542236328,0.0949999988079071,0.1899999976158142,GPM_3IMERGHH_07,V07B,3B-HHR.MS.MRG.3IMERG.20100915-S000000-E002959.0000.V07B.HDF5,2010-09-15T00:00:00,DERIVED,extreme rainfall flood,False,0.0949999988079071,0.0949999988079071,0.0949999988079071,0.0949999988079071,0.0949999988079071,0.0949999988079071,0.0949999988079071,0.0949999988079071,DATE_ONLY,UNSUITABLE_MULTI_DAY_INUNDATION,Major,295.0,6.2,140.0,0.002,45000,11.8,6.5,45.0,1.15,50,Built-up,0.15,0.45,0.35,0.05,,,,,,,,,,HISTORICAL_VINTAGE_UNAVAILABLE,,,,,,,UNAVAILABLE
FL-UK-2010-01,2010-09-18,2010-09-16T00:00:00,30.049999237060547,78.04999542236328,0.0,0.0,GPM_3IMERGHH_07,V07B,3B-HHR.MS.MRG.3IMERG.20100916-S000000-E002959.0000.V07B.HDF5,2010-09-16T00:00:00,DERIVED,extreme rainfall flood,False,0.0,0.0949999988079071,0.0949999988079071,0.0949999988079071,0.0949999988079071,0.0949999988079071,0.0949999988079071,0.0949999988079071,DATE_ONLY,UNSUITABLE_MULTI_DAY_INUNDATION,Major,295.0,6.2,140.0,0.002,45000,11.8,6.5,45.0,1.15,50,Built-up,0.15,0.45,0.35,0.05,,,,,,,,,,HISTORICAL_VINTAGE_UNAVAILABLE,,,,,,,UNAVAILABLE
FL-UK-2010-01,2010-09-18,2010-09-17T00:00:00,30.049999237060547,78.04999542236328,0.23499999940395355,0.4699999988079071,GPM_3IMERGHH_07,V07B,3B-HHR.MS.MRG.3IMERG.20100917-S000000-E002959.0000.V07B.HDF5,2010-09-17T00:00:00,DERIVED,extreme rainfall flood,False,0.23499999940395355,0.23499999940395355,0.32999999821186066,0.32999999821186066,0.32999999821186066,0.32999999821186066,0.32999999821186066,0.32999999821186066,DATE_ONLY,UNSUITABLE_MULTI_DAY_INUNDATION,Major,295.0,6.2,140.0,0.002,45000,11.8,6.5,45.0,1.15,50,Built-up,0.15,0.45,0.35,0.05,,,,,,,,,,HISTORICAL_VINTAGE_UNAVAILABLE,,,,,,,UNAVAILABLE
FL-UK-2010-01,2010-09-18,2010-09-18T00:00:00,30.049999237060547,78.04999542236328,0.550000011920929,1.100000023841858,GPM_3IMERGHH_07,V07B,3B-HHR.MS.MRG.3IMERG.20100918-S000000-E002959.0000.V07B.HDF5,2010-09-18T00:00:00,DERIVED,extreme rainfall flood,False,0.550000011920929,0.7850000113248825,0.8800000101327896,0.8800000101327896,0.8800000101327896,0.8800000101327896,0.8800000101327896,0.8800000101327896,DATE_ONLY,UNSUITABLE_MULTI_DAY_INUNDATION,Major,295.0,6.2,140.0,0.002,45000,11.8,6.5,45.0,1.15,50,Built-up,0.15,0.45,0.35,0.05,,,,,,,,,,HISTORICAL_VINTAGE_UNAVAILABLE,,,,,,,UNAVAILABLE
FL-UK-2010-01,2010-09-18,2010-09-19T00:00:00,30.049999237060547,78.04999542236328,3.2749998569488525,6.549999713897705,GPM_3IMERGHH_07,V07B,3B-HHR.MS.MRG.3IMERG.20100919-S000000-E002959.0000.V07B.HDF5,2010-09-19T00:00:00,DERIVED,extreme rainfall flood,False,3.2749998569488525,3.8249998688697815,4.154999867081642,4.154999867081642,4.154999867081642,4.154999867081642,4.154999867081642,4.154999867081642,DATE_ONLY,UNSUITABLE_MULTI_DAY_INUNDATION,Major,295.0,6.2,140.0,0.002,45000,11.8,6.5,45.0,1.15,50,Built-up,0.15,0.45,0.35,0.05,,,,,,,,,,HISTORICAL_VINTAGE_UNAVAILABLE,,,,,,,UNAVAILABLE
FL-UK-2010-01,2010-09-18,2010-09-20T00:00:00,30.049999237060547,78.04999542236328,0.0,0.0,GPM_3IMERGHH_07,V07B,3B-HHR.MS.MRG.3IMERG.20100920-S000000-E002959.0000.V07B.HDF5,2010-09-20T00:00:00,DERIVED,extreme rainfall flood,False,0.0,3.2749998569488525,4.154999867081642,4.154999867081642,4.154999867081642,4.154999867081642,4.154999867081642,4.154999867081642,DATE_ONLY,UNSUITABLE_MULTI_DAY_INUNDATION,Major,295.0,6.2,140.0,0.002,45000,11.8,6.5,45.0,1.15,50,Built-up,0.15,0.45,0.35,0.05,,,,,,,,,,HISTORICAL_VINTAGE_UNAVAILABLE,,,,,,,UNAVAILABLE
FL-UK-2010-01,2010-09-18,2010-09-15T00:00:00,30.049999237060547,78.1500015258789,0.0,0.0,GPM_3IMERGHH_07,V07B,3B-HHR.MS.MRG.3IMERG.20100915-S000000-E002959.0000.V07B.HDF5,2010-09-15T00:00:00,DERIVED,extreme rainfall flood,False,0.0,0.0,0.0,0.0,0.0,0.0,0.0,0.0,DATE_ONLY,UNSUITABLE_MULTI_DAY_INUNDATION,Major,295.0,6.2,140.0,0.002,45000,11.8,6.5,45.0,1.15,50,Built-up,0.15,0.45,0.35,0.05,,,,,,,,,,HISTORICAL_VINTAGE_UNAVAILABLE,,,,,,,UNAVAILABLE
FL-UK-2010-01,2010-09-18,2010-09-16T00:00:00,30.049999237060547,78.1500015258789,0.0,0.0,GPM_3IMERGHH_07,V07B,3B-HHR.MS.MRG.3IMERG.20100916-S000000-E002959.0000.V07B.HDF5,2010-09-16T00:00:00,DERIVED,extreme rainfall flood,False,0.0,0.0,0.0,0.0,0.0,0.0,0.0,0.0,DATE_ONLY,UNSUITABLE_MULTI_DAY_INUNDATION,Major,295.0,6.2,140.0,0.002,45000,11.8,6.5,45.0,1.15,50,Built-up,0.15,0.45,0.35,0.05,,,,,,,,,,HISTORICAL_VINTAGE_UNAVAILABLE,,,,,,,UNAVAILABLE
FL-UK-2010-01,2010-09-18,2010-09-17T00:00:00,30.049999237060547,78.1500015258789,0.8799999952316284,1.7599999904632568,GPM_3IMERGHH_07,V07B,3B-HHR.MS.MRG.3IMERG.20100917-S000000-E002959.0000.V07B.HDF5,2010-09-17T00:00:00,DERIVED,extreme rainfall flood,False,0.8799999952316284,0.8799999952316284,0.8799999952316284,0.8799999952316284,0.8799999952316284,0.8799999952316284,0.8799999952316284,0.8799999952316284,DATE_ONLY,UNSUITABLE_MULTI_DAY_INUNDATION,Major,295.0,6.2,140.0,0.002,45000,11.8,6.5,45.0,1.15,50,Built-up,0.15,0.45,0.35,0.05,,,,,,,,,,HISTORICAL_VINTAGE_UNAVAILABLE,,,,,,,UNAVAILABLE
FL-UK-2010-01,2010-09-18,2010-09-18T00:00:00,30.049999237060547,78.1500015258789,1.1799999475479126,2.359999895095825,GPM_3IMERGHH_07,V07B,3B-HHR.MS.MRG.3IMERG.20100918-S000000-E002959.0000.V07B.HDF5,2010-09-18T00:00:00,DERIVED,extreme rainfall flood,False,1.1799999475479126,2.059999942779541,2.059999942779541,2.059999942779541,2.059999942779541,2.059999942779541,2.059999942779541,2.059999942779541,DATE_ONLY,UNSUITABLE_MULTI_DAY_INUNDATION,Major,295.0,6.2,140.0,0.002,45000,11.8,6.5,45.0,1.15,50,Built-up,0.15,0.45,0.35,0.05,,,,,,,,,,HISTORICAL_VINTAGE_UNAVAILABLE,,,,,,,UNAVAILABLE
FL-UK-2010-01,2010-09-18,2010-09-19T00:00:00,30.049999237060547,78.1500015258789,1.9199999570846558,3.8399999141693115,GPM_3IMERGHH_07,V07B,3B-HHR.MS.MRG.3IMERG.20100919-S000000-E002959.0000.V07B.HDF5,2010-09-19T00:00:00,DERIVED,extreme rainfall flood,False,1.9199999570846558,3.0999999046325684,3.9799998998641968,3.9799998998641968,3.9799998998641968,3.9799998998641968,3.9799998998641968,3.9799998998641968,DATE_ONLY,UNSUITABLE_MULTI_DAY_INUNDATION,Major,295.0,6.2,140.0,0.002,45000,11.8,6.5,45.0,1.15,50,Built-up,0.15,0.45,0.35,0.05,,,,,,,,,,HISTORICAL_VINTAGE_UNAVAILABLE,,,,,,,UNAVAILABLE
FL-UK-2010-01,2010-09-18,2010-09-20T00:00:00,30.049999237060547,78.1500015258789,0.0,0.0,GPM_3IMERGHH_07,V07B,3B-HHR.MS.MRG.3IMERG.20100920-S000000-E002959.0000.V07B.HDF5,2010-09-20T00:00:00,DERIVED,extreme rainfall flood,False,0.0,1.9199999570846558,3.9799998998641968,3.9799998998641968,3.9799998998641968,3.9799998998641968,3.9799998998641968,3.9799998998641968,DATE_ONLY,UNSUITABLE_MULTI_DAY_INUNDATION,Major,295.0,6.2,140.0,0.002,45000,11.8,6.5,45.0,1.15,50,Built-up,0.15,0.45,0.35,0.05,,,,,,,,,,HISTORICAL_VINTAGE_UNAVAILABLE,,,,,,,UNAVAILABLE
FL-UK-2010-01,2010-09-18,2010-09-15T00:00:00,30.049999237060547,78.25,0.0,0.0,GPM_3IMERGHH_07,V07B,3B-HHR.MS.MRG.3IMERG.20100915-S000000-E002959.0000.V07B.HDF5,2010-09-15T00:00:00,DERIVED,extreme rainfall flood,False,0.0,0.0,0.0,0.0,0.0,0.0,0.0,0.0,DATE_ONLY,UNSUITABLE_MULTI_DAY_INUNDATION,Major,295.0,6.2,140.0,0.002,45000,11.8,6.5,45.0,1.15,50,Built-up,0.15,0.45,0.35,0.05,,,,,,,,,,HISTORICAL_VINTAGE_UNAVAILABLE,,,,,,,UNAVAILABLE
FL-UK-2010-01,2010-09-18,2010-09-16T00:00:00,30.049999237060547,78.25,0.0,0.0,GPM_3IMERGHH_07,V07B,3B-HHR.MS.MRG.3IMERG.20100916-S000000-E002959.0000.V07B.HDF5,2010-09-16T00:00:00,DERIVED,extreme rainfall flood,False,0.0,0.0,0.0,0.0,0.0,0.0,0.0,0.0,DATE_ONLY,UNSUITABLE_MULTI_DAY_INUNDATION,Major,295.0,6.2,140.0,0.002,45000,11.8,6.5,45.0,1.15,50,Built-up,0.15,0.45,0.35,0.05,,,,,,,,,,HISTORICAL_VINTAGE_UNAVAILABLE,,,,,,,UNAVAILABLE
FL-UK-2010-01,2010-09-18,2010-09-17T00:00:00,30.049999237060547,78.25,1.0199999809265137,2.0399999618530273,GPM_3IMERGHH_07,V07B,3B-HHR.MS.MRG.3IMERG.20100917-S000000-E002959.0000.V07B.HDF5,2010-09-17T00:00:00,DERIVED,extreme rainfall flood,False,1.0199999809265137,1.0199999809265137,1.0199999809265137,1.0199999809265137,1.0199999809265137,1.0199999809265137,1.0199999809265137,1.0199999809265137,DATE_ONLY,UNSUITABLE_MULTI_DAY_INUNDATION,Major,295.0,6.2,140.0,0.002,45000,11.8,6.5,45.0,1.15,50,Built-up,0.15,0.45,0.35,0.05,,,,,,,,,,HISTORICAL_VINTAGE_UNAVAILABLE,,,,,,,UNAVAILABLE
FL-UK-2010-01,2010-09-18,2010-09-18T00:00:00,30.049999237060547,78.25,0.0,0.0,GPM_3IMERGHH_07,V07B,3B-HHR.MS.MRG.3IMERG.20100918-S000000-E002959.0000.V07B.HDF5,2010-09-18T00:00:00,DERIVED,extreme rainfall flood,False,0.0,1.0199999809265137,1.0199999809265137,1.0199999809265137,1.0199999809265137,1.0199999809265137,1.0199999809265137,1.0199999809265137,DATE_ONLY,UNSUITABLE_MULTI_DAY_INUNDATION,Major,295.0,6.2,140.0,0.002,45000,11.8,6.5,45.0,1.15,50,Built-up,0.15,0.45,0.35,0.05,,,,,,,,,,HISTORICAL_VINTAGE_UNAVAILABLE,,,,,,,UNAVAILABLE
FL-UK-2010-01,2010-09-18,2010-09-19T00:00:00,30.049999237060547,78.25,2.365000009536743,4.730000019073486,GPM_3IMERGHH_07,V07B,3B-HHR.MS.MRG.3IMERG.20100919-S000000-E002959.0000.V07B.HDF5,2010-09-19T00:00:00,DERIVED,extreme rainfall flood,False,2.365000009536743,2.365000009536743,3.384999990463257,3.384999990463257,3.384999990463257,3.384999990463257,3.384999990463257,3.384999990463257,DATE_ONLY,UNSUITABLE_MULTI_DAY_INUNDATION,Major,295.0,6.2,140.0,0.002,45000,11.8,6.5,45.0,1.15,50,Built-up,0.15,0.45,0.35,0.05,,,,,,,,,,HISTORICAL_VINTAGE_UNAVAILABLE,,,,,,,UNAVAILABLE
FL-UK-2010-01,2010-09-18,2010-09-20T00:00:00,30.049999237060547,78.25,0.0,0.0,GPM_3IMERGHH_07,V07B,3B-HHR.MS.MRG.3IMERG.20100920-S000000-E002959.0000.V07B.HDF5,2010-09-20T00:00:00,DERIVED,extreme rainfall flood,False,0.0,2.365000009536743,3.384999990463257,3.384999990463257,3.384999990463257,3.384999990463257,3.384999990463257,3.384999990463257,DATE_ONLY,UNSUITABLE_MULTI_DAY_INUNDATION,Major,295.0,6.2,140.0,0.002,45000,11.8,6.5,45.0,1.15,50,Built-up,0.15,0.45,0.35,0.05,,,,,,,,,,HISTORICAL_VINTAGE_UNAVAILABLE,,,,,,,UNAVAILABLE
FL-UK-2012-01,2012-08-03,2012-08-01T06:00:00,30.649999618530273,78.3499984741211,0.0,0.0,GPM_3IMERGHH_07,V07B,3B-HHR.MS.MRG.3IMERG.20120801-S060000-E062959.0360.V07B.HDF5,2012-08-01T06:00:00,DERIVED,cloudburst-induced flood,True,0.0,0.0,0.0,0.0,0.0,0.0,0.0,0.0,DATE_ONLY,SUITABLE_RAINFALL_FLASH_FLOOD,Major,1150.0,26.8,225.0,-0.014,15200,8.9,14.8,110.0,1.9,10,Tree cover,0.65,0.2,0.05,0.1,,,,,,,,,,HISTORICAL_VINTAGE_UNAVAILABLE,,,,,,,UNAVAILABLE
FL-UK-2012-01,2012-08-03,2012-08-01T08:30:00,30.649999618530273,78.3499984741211,0.0,0.0,GPM_3IMERGHH_07,V07B,3B-HHR.MS.MRG.3IMERG.20120801-S083000-E085959.0510.V07B.HDF5,2012-08-01T08:30:00,DERIVED,cloudburst-induced flood,True,0.0,0.0,0.0,0.0,0.0,0.0,0.0,0.0,DATE_ONLY,SUITABLE_RAINFALL_FLASH_FLOOD,Major,1150.0,26.8,225.0,-0.014,15200,8.9,14.8,110.0,1.9,10,Tree cover,0.65,0.2,0.05,0.1,,,,,,,,,,HISTORICAL_VINTAGE_UNAVAILABLE,,,,,,,UNAVAILABLE
FL-UK-2012-01,2012-08-03,2012-08-01T10:30:00,30.649999618530273,78.3499984741211,0.0,0.0,GPM_3IMERGHH_07,V07B,3B-HHR.MS.MRG.3IMERG.20120801-S103000-E105959.0630.V07B.HDF5,2012-08-01T10:30:00,DERIVED,cloudburst-induced flood,True,0.0,0.0,0.0,0.0,0.0,0.0,0.0,0.0,DATE_ONLY,SUITABLE_RAINFALL_FLASH_FLOOD,Major,1150.0,26.8,225.0,-0.014,15200,8.9,14.8,110.0,1.9,10,Tree cover,0.65,0.2,0.05,0.1,,,,,,,,,,HISTORICAL_VINTAGE_UNAVAILABLE,,,,,,,UNAVAILABLE
FL-UK-2012-01,2012-08-03,2012-08-01T12:30:00,30.649999618530273,78.3499984741211,0.3050000071525574,0.6100000143051147,GPM_3IMERGHH_07,V07B,3B-HHR.MS.MRG.3IMERG.20120801-S123000-E125959.0750.V07B.HDF5,2012-08-01T12:30:00,DERIVED,cloudburst-induced flood,True,0.3050000071525574,0.3050000071525574,0.3050000071525574,0.3050000071525574,0.3050000071525574,0.3050000071525574,0.3050000071525574,0.3050000071525574,DATE_ONLY,SUITABLE_RAINFALL_FLASH_FLOOD,Major,1150.0,26.8,225.0,-0.014,15200,8.9,14.8,110.0,1.9,10,Tree cover,0.65,0.2,0.05,0.1,,,,,,,,,,HISTORICAL_VINTAGE_UNAVAILABLE,,,,,,,UNAVAILABLE
FL-UK-2012-01,2012-08-03,2012-08-01T14:30:00,30.649999618530273,78.3499984741211,0.0,0.0,GPM_3IMERGHH_07,V07B,3B-HHR.MS.MRG.3IMERG.20120801-S143000-E145959.0870.V07B.HDF5,2012-08-01T14:30:00,DERIVED,cloudburst-induced flood,True,0.0,0.3050000071525574,0.3050000071525574,0.3050000071525574,0.3050000071525574,0.3050000071525574,0.3050000071525574,0.3050000071525574,DATE_ONLY,SUITABLE_RAINFALL_FLASH_FLOOD,Major,1150.0,26.8,225.0,-0.014,15200,8.9,14.8,110.0,1.9,10,Tree cover,0.65,0.2,0.05,0.1,,,,,,,,,,HISTORICAL_VINTAGE_UNAVAILABLE,,,,,,,UNAVAILABLE
FL-UK-2012-01,2012-08-03,2012-08-01T16:30:00,30.649999618530273,78.3499984741211,0.0,0.0,GPM_3IMERGHH_07,V07B,3B-HHR.MS.MRG.3IMERG.20120801-S163000-E165959.0990.V07B.HDF5,2012-08-01T16:30:00,DERIVED,cloudburst-induced flood,True,0.0,0.0,0.3050000071525574,0.3050000071525574,0.3050000071525574,0.3050000071525574,0.3050000071525574,0.3050000071525574,DATE_ONLY,SUITABLE_RAINFALL_FLASH_FLOOD,Major,1150.0,26.8,225.0,-0.014,15200,8.9,14.8,110.0,1.9,10,Tree cover,0.65,0.2,0.05,0.1,,,,,,,,,,HISTORICAL_VINTAGE_UNAVAILABLE,,,,,,,UNAVAILABLE
FL-UK-2012-01,2012-08-03,2012-08-01T18:30:00,30.649999618530273,78.3499984741211,0.5199999809265137,1.0399999618530273,GPM_3IMERGHH_07,V07B,3B-HHR.MS.MRG.3IMERG.20120801-S183000-E185959.1110.V07B.HDF5,2012-08-01T18:30:00,DERIVED,cloudburst-induced flood,True,0.5199999809265137,0.5199999809265137,0.824999988079071,0.824999988079071,0.824999988079071,0.824999988079071,0.824999988079071,0.824999988079071,DATE_ONLY,SUITABLE_RAINFALL_FLASH_FLOOD,Major,1150.0,26.8,225.0,-0.014,15200,8.9,14.8,110.0,1.9,10,Tree cover,0.65,0.2,0.05,0.1,,,,,,,,,,HISTORICAL_VINTAGE_UNAVAILABLE,,,,,,,UNAVAILABLE
FL-UK-2012-01,2012-08-03,2012-08-01T20:30:00,30.649999618530273,78.3499984741211,0.3400000035762787,0.6800000071525574,GPM_3IMERGHH_07,V07B,3B-HHR.MS.MRG.3IMERG.20120801-S203000-E205959.1230.V07B.HDF5,2012-08-01T20:30:00,DERIVED,cloudburst-induced flood,True,0.3400000035762787,0.8599999845027924,1.1649999916553497,1.1649999916553497,1.1649999916553497,1.1649999916553497,1.1649999916553497,1.1649999916553497,DATE_ONLY,SUITABLE_RAINFALL_FLASH_FLOOD,Major,1150.0,26.8,225.0,-0.014,15200,8.9,14.8,110.0,1.9,10,Tree cover,0.65,0.2,0.05,0.1,,,,,,,,,,HISTORICAL_VINTAGE_UNAVAILABLE,,,,,,,UNAVAILABLE
FL-UK-2012-01,2012-08-03,2012-08-01T22:30:00,30.649999618530273,78.3499984741211,0.0949999988079071,0.1899999976158142,GPM_3IMERGHH_07,V07B,3B-HHR.MS.MRG.3IMERG.20120801-S223000-E225959.1350.V07B.HDF5,2012-08-01T22:30:00,DERIVED,cloudburst-induced flood,True,0.0949999988079071,0.4350000023841858,1.2599999904632568,1.2599999904632568,1.2599999904632568,1.2599999904632568,1.2599999904632568,1.2599999904632568,DATE_ONLY,SUITABLE_RAINFALL_FLASH_FLOOD,Major,1150.0,26.8,225.0,-0.014,15200,8.9,14.8,110.0,1.9,10,Tree cover,0.65,0.2,0.05,0.1,,,,,,,,,,HISTORICAL_VINTAGE_UNAVAILABLE,,,,,,,UNAVAILABLE
FL-UK-2012-01,2012-08-03,2012-08-02T00:30:00,30.649999618530273,78.3499984741211,0.0,0.0,GPM_3IMERGHH_07,V07B,3B-HHR.MS.MRG.3IMERG.20120802-S003000-E005959.0030.V07B.HDF5,2012-08-02T00:30:00,DERIVED,cloudburst-induced flood,True,0.0,0.0949999988079071,0.9549999833106995,1.2599999904632568,1.2599999904632568,1.2599999904632568,1.2599999904632568,1.2599999904632568,DATE_ONLY,SUITABLE_RAINFALL_FLASH_FLOOD,Major,1150.0,26.8,225.0,-0.014,15200,8.9,14.8,110.0,1.9,10,Tree cover,0.65,0.2,0.05,0.1,,,,,,,,,,HISTORICAL_VINTAGE_UNAVAILABLE,,,,,,,UNAVAILABLE
FL-UK-2012-01,2012-08-03,2012-08-02T02:30:00,30.649999618530273,78.3499984741211,0.0,0.0,GPM_3IMERGHH_07,V07B,3B-HHR.MS.MRG.3IMERG.20120802-S023000-E025959.0150.V07B.HDF5,2012-08-02T02:30:00,DERIVED,cloudburst-induced flood,True,0.0,0.0,0.9549999833106995,1.2599999904632568,1.2599999904632568,1.2599999904632568,1.2599999904632568,1.2599999904632568,DATE_ONLY,SUITABLE_RAINFALL_FLASH_FLOOD,Major,1150.0,26.8,225.0,-0.014,15200,8.9,14.8,110.0,1.9,10,Tree cover,0.65,0.2,0.05,0.1,,,,,,,,,,HISTORICAL_VINTAGE_UNAVAILABLE,,,,,,,UNAVAILABLE
FL-UK-2012-01,2012-08-03,2012-08-02T04:30:00,30.649999618530273,78.3499984741211,0.0,0.0,GPM_3IMERGHH_07,V07B,3B-HHR.MS.MRG.3IMERG.20120802-S043000-E045959.0270.V07B.HDF5,2012-08-02T04:30:00,DERIVED,cloudburst-induced flood,True,0.0,0.0,0.9549999833106995,1.2599999904632568,1.2599999904632568,1.2599999904632568,1.2599999904632568,1.2599999904632568,DATE_ONLY,SUITABLE_RAINFALL_FLASH_FLOOD,Major,1150.0,26.8,225.0,-0.014,15200,8.9,14.8,110.0,1.9,10,Tree cover,0.65,0.2,0.05,0.1,,,,,,,,,,HISTORICAL_VINTAGE_UNAVAILABLE,,,,,,,UNAVAILABLE
FL-UK-2012-01,2012-08-03,2012-08-02T06:30:00,30.649999618530273,78.3499984741211,0.0,0.0,GPM_3IMERGHH_07,V07B,3B-HHR.MS.MRG.3IMERG.20120802-S063000-E065959.0390.V07B.HDF5,2012-08-02T06:30:00,DERIVED,cloudburst-induced flood,True,0.0,0.0,0.4350000023841858,1.2599999904632568,1.2599999904632568,1.2599999904632568,1.2599999904632568,1.2599999904632568,DATE_ONLY,SUITABLE_RAINFALL_FLASH_FLOOD,Major,1150.0,26.8,225.0,-0.014,15200,8.9,14.8,110.0,1.9,10,Tree cover,0.65,0.2,0.05,0.1,,,,,,,,,,HISTORICAL_VINTAGE_UNAVAILABLE,,,,,,,UNAVAILABLE
FL-UK-2012-01,2012-08-03,2012-08-02T08:30:00,30.649999618530273,78.3499984741211,0.0,0.0,GPM_3IMERGHH_07,V07B,3B-HHR.MS.MRG.3IMERG.20120802-S083000-E085959.0510.V07B.HDF5,2012-08-02T08:30:00,DERIVED,cloudburst-induced flood,True,0.0,0.0,0.0949999988079071,1.2599999904632568,1.2599999904632568,1.2599999904632568,1.2599999904632568,1.2599999904632568,DATE_ONLY,SUITABLE_RAINFALL_FLASH_FLOOD,Major,1150.0,26.8,225.0,-0.014,15200,8.9,14.8,110.0,1.9,10,Tree cover,0.65,0.2,0.05,0.1,,,,,,,,,,HISTORICAL_VINTAGE_UNAVAILABLE,,,,,,,UNAVAILABLE
FL-UK-2012-01,2012-08-03,2012-08-02T10:30:00,30.649999618530273,78.3499984741211,0.23999999463558197,0.47999998927116394,GPM_3IMERGHH_07,V07B,3B-HHR.MS.MRG.3IMERG.20120802-S103000-E105959.0630.V07B.HDF5,2012-08-02T10:30:00,DERIVED,cloudburst-induced flood,True,0.23999999463558197,0.23999999463558197,0.23999999463558197,1.4999999850988388,1.4999999850988388,1.4999999850988388,1.4999999850988388,1.4999999850988388,DATE_ONLY,SUITABLE_RAINFALL_FLASH_FLOOD,Major,1150.0,26.8,225.0,-0.014,15200,8.9,14.8,110.0,1.9,10,Tree cover,0.65,0.2,0.05,0.1,,,,,,,,,,HISTORICAL_VINTAGE_UNAVAILABLE,,,,,,,UNAVAILABLE
FL-UK-2012-01,2012-08-03,2012-08-02T12:30:00,30.649999618530273,78.3499984741211,1.1999999284744263,2.3999998569488525,GPM_3IMERGHH_07,V07B,3B-HHR.MS.MRG.3IMERG.20120802-S123000-E125959.0750.V07B.HDF5,2012-08-02T12:30:00,DERIVED,cloudburst-induced flood,True,1.1999999284744263,1.4399999231100082,1.4399999231100082,2.3949999064207077,2.699999913573265,2.699999913573265,2.699999913573265,2.699999913573265,DATE_ONLY,SUITABLE_RAINFALL_FLASH_FLOOD,Major,1150.0,26.8,225.0,-0.014,15200,8.9,14.8,110.0,1.9,10,Tree cover,0.65,0.2,0.05,0.1,,,,,,,,,,HISTORICAL_VINTAGE_UNAVAILABLE,,,,,,,UNAVAILABLE
FL-UK-2012-01,2012-08-03,2012-08-02T14:30:00,30.649999618530273,78.3499984741211,2.1549999713897705,4.309999942779541,GPM_3IMERGHH_07,V07B,3B-HHR.MS.MRG.3IMERG.20120802-S143000-E145959.0870.V07B.HDF5,2012-08-02T14:30:00,DERIVED,cloudburst-induced flood,True,2.1549999713897705,3.3549998998641968,3.5949998944997787,4.549999877810478,4.854999884963036,4.854999884963036,4.854999884963036,4.854999884963036,DATE_ONLY,SUITABLE_RAINFALL_FLASH_FLOOD,Major,1150.0,26.8,225.0,-0.014,15200,8.9,14.8,110.0,1.9,10,Tree cover,0.65,0.2,0.05,0.1,,,,,,,,,,HISTORICAL_VINTAGE_UNAVAILABLE,,,,,,,UNAVAILABLE
FL-UK-2012-01,2012-08-03,2012-08-02T16:30:00,30.649999618530273,78.3499984741211,0.5999999642372131,1.1999999284744263,GPM_3IMERGHH_07,V07B,3B-HHR.MS.MRG.3IMERG.20120802-S163000-E165959.0990.V07B.HDF5,2012-08-02T16:30:00,DERIVED,cloudburst-induced flood,True,0.5999999642372131,2.7549999356269836,4.194999858736992,5.149999842047691,5.454999849200249,5.454999849200249,5.454999849200249,5.454999849200249,DATE_ONLY,SUITABLE_RAINFALL_FLASH_FLOOD,Major,1150.0,26.8,225.0,-0.014,15200,8.9,14.8,110.0,1.9,10,Tree cover,0.65,0.2,0.05,0.1,,,,,,,,,,HISTORICAL_VINTAGE_UNAVAILABLE,,,,,,,UNAVAILABLE
FL-UK-2012-01,2012-08-03,2012-08-02T18:30:00,30.649999618530273,78.3499984741211,0.0,0.0,GPM_3IMERGHH_07,V07B,3B-HHR.MS.MRG.3IMERG.20120802-S183000-E185959.1110.V07B.HDF5,2012-08-02T18:30:00,DERIVED,cloudburst-induced flood,True,0.0,0.5999999642372131,4.194999858736992,4.629999861121178,5.454999849200249,5.454999849200249,5.454999849200249,5.454999849200249,DATE_ONLY,SUITABLE_RAINFALL_FLASH_FLOOD,Major,1150.0,26.8,225.0,-0.014,15200,8.9,14.8,110.0,1.9,10,Tree cover,0.65,0.2,0.05,0.1,,,,,,,,,,HISTORICAL_VINTAGE_UNAVAILABLE,,,,,,,UNAVAILABLE
FL-UK-2012-01,2012-08-03,2012-08-02T20:30:00,30.649999618530273,78.3499984741211,0.0,0.0,GPM_3IMERGHH_07,V07B,3B-HHR.MS.MRG.3IMERG.20120802-S203000-E205959.1230.V07B.HDF5,2012-08-02T20:30:00,DERIVED,cloudburst-induced flood,True,0.0,0.0,4.194999858736992,4.289999857544899,5.454999849200249,5.454999849200249,5.454999849200249,5.454999849200249,DATE_ONLY,SUITABLE_RAINFALL_FLASH_FLOOD,Major,1150.0,26.8,225.0,-0.014,15200,8.9,14.8,110.0,1.9,10,Tree cover,0.65,0.2,0.05,0.1,,,,,,,,,,HISTORICAL_VINTAGE_UNAVAILABLE,,,,,,,UNAVAILABLE
FL-UK-2012-01,2012-08-03,2012-08-02T22:30:00,30.649999618530273,78.3499984741211,0.32499998807907104,0.6499999761581421,GPM_3IMERGHH_07,V07B,3B-HHR.MS.MRG.3IMERG.20120802-S223000-E225959.1350.V07B.HDF5,2012-08-02T22:30:00,DERIVED,cloudburst-induced flood,True,0.32499998807907104,0.32499998807907104,4.279999852180481,4.519999846816063,5.77999983727932,5.77999983727932,5.77999983727932,5.77999983727932,DATE_ONLY,SUITABLE_RAINFALL_FLASH_FLOOD,Major,1150.0,26.8,225.0,-0.014,15200,8.9,14.8,110.0,1.9,10,Tree cover,0.65,0.2,0.05,0.1,,,,,,,,,,HISTORICAL_VINTAGE_UNAVAILABLE,,,,,,,UNAVAILABLE
FL-UK-2012-01,2012-08-03,2012-08-03T00:30:00,30.649999618530273,78.3499984741211,0.0,0.0,GPM_3IMERGHH_07,V07B,3B-HHR.MS.MRG.3IMERG.20120803-S003000-E005959.0030.V07B.HDF5,2012-08-03T00:30:00,DERIVED,cloudburst-induced flood,True,0.0,0.32499998807907104,3.0799999237060547,4.519999846816063,5.77999983727932,5.77999983727932,5.77999983727932,5.77999983727932,DATE_ONLY,SUITABLE_RAINFALL_FLASH_FLOOD,Major,1150.0,26.8,225.0,-0.014,15200,8.9,14.8,110.0,1.9,10,Tree cover,0.65,0.2,0.05,0.1,,,,,,,,,,HISTORICAL_VINTAGE_UNAVAILABLE,,,,,,,UNAVAILABLE
FL-UK-2012-01,2012-08-03,2012-08-03T02:30:00,30.649999618530273,78.3499984741211,0.0,0.0,GPM_3IMERGHH_07,V07B,3B-HHR.MS.MRG.3IMERG.20120803-S023000-E025959.0150.V07B.HDF5,2012-08-03T02:30:00,DERIVED,cloudburst-induced flood,True,0.0,0.0,0.9249999523162842,4.519999846816063,5.77999983727932,5.77999983727932,5.77999983727932,5.77999983727932,DATE_ONLY,SUITABLE_RAINFALL_FLASH_FLOOD,Major,1150.0,26.8,225.0,-0.014,15200,8.9,14.8,110.0,1.9,10,Tree cover,0.65,0.2,0.05,0.1,,,,,,,,,,HISTORICAL_VINTAGE_UNAVAILABLE,,,,,,,UNAVAILABLE
FL-UK-2012-01,2012-08-03,2012-08-03T04:30:00,30.649999618530273,78.3499984741211,0.0,0.0,GPM_3IMERGHH_07,V07B,3B-HHR.MS.MRG.3IMERG.20120803-S043000-E045959.0270.V07B.HDF5,2012-08-03T04:30:00,DERIVED,cloudburst-induced flood,True,0.0,0.0,0.32499998807907104,4.519999846816063,5.77999983727932,5.77999983727932,5.77999983727932,5.77999983727932,DATE_ONLY,SUITABLE_RAINFALL_FLASH_FLOOD,Major,1150.0,26.8,225.0,-0.014,15200,8.9,14.8,110.0,1.9,10,Tree cover,0.65,0.2,0.05,0.1,,,,,,,,,,HISTORICAL_VINTAGE_UNAVAILABLE,,,,,,,UNAVAILABLE
FL-UK-2012-01,2012-08-03,2012-08-03T06:30:00,30.649999618530273,78.3499984741211,0.0,0.0,GPM_3IMERGHH_07,V07B,3B-HHR.MS.MRG.3IMERG.20120803-S063000-E065959.0390.V07B.HDF5,2012-08-03T06:30:00,DERIVED,cloudburst-induced flood,True,0.0,0.0,0.32499998807907104,4.519999846816063,5.77999983727932,5.77999983727932,5.77999983727932,5.77999983727932,DATE_ONLY,SUITABLE_RAINFALL_FLASH_FLOOD,Major,1150.0,26.8,225.0,-0.014,15200,8.9,14.8,110.0,1.9,10,Tree cover,0.65,0.2,0.05,0.1,,,,,,,,,,HISTORICAL_VINTAGE_UNAVAILABLE,,,,,,,UNAVAILABLE
FL-UK-2012-01,2012-08-03,2012-08-03T08:30:00,30.649999618530273,78.3499984741211,0.0,0.0,GPM_3IMERGHH_07,V07B,3B-HHR.MS.MRG.3IMERG.20120803-S083000-E085959.0510.V07B.HDF5,2012-08-03T08:30:00,DERIVED,cloudburst-induced flood,True,0.0,0.0,0.32499998807907104,4.519999846816063,5.77999983727932,5.77999983727932,5.77999983727932,5.77999983727932,DATE_ONLY,SUITABLE_RAINFALL_FLASH_FLOOD,Major,1150.0,26.8,225.0,-0.014,15200,8.9,14.8,110.0,1.9,10,Tree cover,0.65,0.2,0.05,0.1,,,,,,,,,,HISTORICAL_VINTAGE_UNAVAILABLE,,,,,,,UNAVAILABLE
FL-UK-2012-01,2012-08-03,2012-08-03T10:30:00,30.649999618530273,78.3499984741211,0.0,0.0,GPM_3IMERGHH_07,V07B,3B-HHR.MS.MRG.3IMERG.20120803-S103000-E105959.0630.V07B.HDF5,2012-08-03T10:30:00,DERIVED,cloudburst-induced flood,True,0.0,0.0,0.0,4.279999852180481,5.77999983727932,5.77999983727932,5.77999983727932,5.77999983727932,DATE_ONLY,SUITABLE_RAINFALL_FLASH_FLOOD,Major,1150.0,26.8,225.0,-0.014,15200,8.9,14.8,110.0,1.9,10,Tree cover,0.65,0.2,0.05,0.1,,,,,,,,,,HISTORICAL_VINTAGE_UNAVAILABLE,,,,,,,UNAVAILABLE
FL-UK-2012-01,2012-08-03,2012-08-03T12:30:00,30.649999618530273,78.3499984741211,0.550000011920929,1.100000023841858,GPM_3IMERGHH_07,V07B,3B-HHR.MS.MRG.3IMERG.20120803-S123000-E125959.0750.V07B.HDF5,2012-08-03T12:30:00,DERIVED,cloudburst-induced flood,True,0.550000011920929,0.550000011920929,0.550000011920929,3.6299999356269836,6.024999842047691,6.329999849200249,6.329999849200249,6.329999849200249,DATE_ONLY,SUITABLE_RAINFALL_FLASH_FLOOD,Major,1150.0,26.8,225.0,-0.014,15200,8.9,14.8,110.0,1.9,10,Tree cover,0.65,0.2,0.05,0.1,,,,,,,,,,HISTORICAL_VINTAGE_UNAVAILABLE,,,,,,,UNAVAILABLE
FL-UK-2012-01,2012-08-03,2012-08-03T14:30:00,30.649999618530273,78.3499984741211,4.224999904632568,8.449999809265137,GPM_3IMERGHH_07,V07B,3B-HHR.MS.MRG.3IMERG.20120803-S143000-E145959.0870.V07B.HDF5,2012-08-03T14:30:00,DERIVED,cloudburst-induced flood,True,4.224999904632568,4.774999916553497,4.774999916553497,5.6999998688697815,10.24999974668026,10.554999753832817,10.554999753832817,10.554999753832817,DATE_ONLY,SUITABLE_RAINFALL_FLASH_FLOOD,Major,1150.0,26.8,225.0,-0.014,15200,8.9,14.8,110.0,1.9,10,Tree cover,0.65,0.2,0.05,0.1,,,,,,,,,,HISTORICAL_VINTAGE_UNAVAILABLE,,,,,,,UNAVAILABLE
FL-UK-2012-01,2012-08-03,2012-08-03T16:30:00,30.649999618530273,78.3499984741211,1.0950000286102295,2.190000057220459,GPM_3IMERGHH_07,V07B,3B-HHR.MS.MRG.3IMERG.20120803-S163000-E165959.0990.V07B.HDF5,2012-08-03T16:30:00,DERIVED,cloudburst-induced flood,True,1.0950000286102295,5.319999933242798,5.869999945163727,6.194999933242798,11.34499977529049,11.649999782443047,11.649999782443047,11.649999782443047,DATE_ONLY,SUITABLE_RAINFALL_FLASH_FLOOD,Major,1150.0,26.8,225.0,-0.014,15200,8.9,14.8,110.0,1.9,10,Tree cover,0.65,0.2,0.05,0.1,,,,,,,,,,HISTORICAL_VINTAGE_UNAVAILABLE,,,,,,,UNAVAILABLE
FL-UK-2012-01,2012-08-03,2012-08-03T18:30:00,30.649999618530273,78.3499984741211,0.1599999964237213,0.3199999928474426,GPM_3IMERGHH_07,V07B,3B-HHR.MS.MRG.3IMERG.20120803-S183000-E185959.1110.V07B.HDF5,2012-08-03T18:30:00,DERIVED,cloudburst-induced flood,True,0.1599999964237213,1.2550000250339508,6.029999941587448,6.354999929666519,10.984999790787697,11.809999778866768,11.809999778866768,11.809999778866768,DATE_ONLY,SUITABLE_RAINFALL_FLASH_FLOOD,Major,1150.0,26.8,225.0,-0.014,15200,8.9,14.8,110.0,1.9,10,Tree cover,0.65,0.2,0.05,0.1,,,,,,,,,,HISTORICAL_VINTAGE_UNAVAILABLE,,,,,,,UNAVAILABLE
FL-UK-2012-01,2012-08-03,2012-08-03T20:30:00,30.649999618530273,78.3499984741211,0.0,0.0,GPM_3IMERGHH_07,V07B,3B-HHR.MS.MRG.3IMERG.20120803-S203000-E205959.1230.V07B.HDF5,2012-08-03T20:30:00,DERIVED,cloudburst-induced flood,True,0.0,0.1599999964237213,6.029999941587448,6.354999929666519,10.644999787211418,11.809999778866768,11.809999778866768,11.809999778866768,DATE_ONLY,SUITABLE_RAINFALL_FLASH_FLOOD,Major,1150.0,26.8,225.0,-0.014,15200,8.9,14.8,110.0,1.9,10,Tree cover,0.65,0.2,0.05,0.1,,,,,,,,,,HISTORICAL_VINTAGE_UNAVAILABLE,,,,,,,UNAVAILABLE
FL-UK-2012-01,2012-08-03,2012-08-03T22:30:00,30.649999618530273,78.3499984741211,0.0,0.0,GPM_3IMERGHH_07,V07B,3B-HHR.MS.MRG.3IMERG.20120803-S223000-E225959.1350.V07B.HDF5,2012-08-03T22:30:00,DERIVED,cloudburst-induced flood,True,0.0,0.0,6.029999941587448,6.029999941587448,10.549999788403511,11.809999778866768,11.809999778866768,11.809999778866768,DATE_ONLY,SUITABLE_RAINFALL_FLASH_FLOOD,Major,1150.0,26.8,225.0,-0.014,15200,8.9,14.8,110.0,1.9,10,Tree cover,0.65,0.2,0.05,0.1,,,,,,,,,,HISTORICAL_VINTAGE_UNAVAILABLE,,,,,,,UNAVAILABLE
FL-UK-2012-01,2012-08-03,2012-08-04T00:30:00,30.649999618530273,78.3499984741211,0.0,0.0,GPM_3IMERGHH_07,V07B,3B-HHR.MS.MRG.3IMERG.20120804-S003000-E005959.0030.V07B.HDF5,2012-08-04T00:30:00,DERIVED,cloudburst-induced flood,True,0.0,0.0,5.479999929666519,6.029999941587448,10.549999788403511,11.809999778866768,11.809999778866768,11.809999778866768,DATE_ONLY,SUITABLE_RAINFALL_FLASH_FLOOD,Major,1150.0,26.8,225.0,-0.014,15200,8.9,14.8,110.0,1.9,10,Tree cover,0.65,0.2,0.05,0.1,,,,,,,,,,HISTORICAL_VINTAGE_UNAVAILABLE,,,,,,,UNAVAILABLE
FL-UK-2012-01,2012-08-03,2012-08-04T02:30:00,30.649999618530273,78.3499984741211,0.11499999463558197,0.22999998927116394,GPM_3IMERGHH_07,V07B,3B-HHR.MS.MRG.3IMERG.20120804-S023000-E025959.0150.V07B.HDF5,2012-08-04T02:30:00,DERIVED,cloudburst-induced flood,True,0.11499999463558197,0.11499999463558197,1.3700000196695328,6.14499993622303,10.664999783039093,11.92499977350235,11.92499977350235,11.92499977350235,DATE_ONLY,SUITABLE_RAINFALL_FLASH_FLOOD,Major,1150.0,26.8,225.0,-0.014,15200,8.9,14.8,110.0,1.9,10,Tree cover,0.65,0.2,0.05,0.1,,,,,,,,,,HISTORICAL_VINTAGE_UNAVAILABLE,,,,,,,UNAVAILABLE
FL-UK-2012-01,2012-08-03,2012-08-04T04:30:00,30.649999618530273,78.3499984741211,0.73499995470047,1.46999990940094,GPM_3IMERGHH_07,V07B,3B-HHR.MS.MRG.3IMERG.20120804-S043000-E045959.0270.V07B.HDF5,2012-08-04T04:30:00,DERIVED,cloudburst-induced flood,True,0.73499995470047,0.8499999493360519,1.0099999457597733,6.8799998909235,11.399999737739563,12.65999972820282,12.65999972820282,12.65999972820282,DATE_ONLY,SUITABLE_RAINFALL_FLASH_FLOOD,Major,1150.0,26.8,225.0,-0.014,15200,8.9,14.8,110.0,1.9,10,Tree cover,0.65,0.2,0.05,0.1,,,,,,,,,,HISTORICAL_VINTAGE_UNAVAILABLE,,,,,,,UNAVAILABLE
FL-UK-2012-01,2012-08-03,2012-08-04T06:30:00,30.649999618530273,78.3499984741211,0.14999999105930328,0.29999998211860657,GPM_3IMERGHH_07,V07B,3B-HHR.MS.MRG.3IMERG.20120804-S063000-E065959.0390.V07B.HDF5,2012-08-04T06:30:00,DERIVED,cloudburst-induced flood,True,0.14999999105930328,0.8849999457597733,0.9999999403953552,7.029999881982803,11.549999728798866,12.809999719262123,12.809999719262123,12.809999719262123,DATE_ONLY,SUITABLE_RAINFALL_FLASH_FLOOD,Major,1150.0,26.8,225.0,-0.014,15200,8.9,14.8,110.0,1.9,10,Tree cover,0.65,0.2,0.05,0.1,,,,,,,,,,HISTORICAL_VINTAGE_UNAVAILABLE,,,,,,,UNAVAILABLE
FL-UK-2012-01,2012-08-03,2012-08-04T08:30:00,30.649999618530273,78.3499984741211,0.23499999940395355,0.4699999988079071,GPM_3IMERGHH_07,V07B,3B-HHR.MS.MRG.3IMERG.20120804-S083000-E085959.0510.V07B.HDF5,2012-08-04T08:30:00,DERIVED,cloudburst-induced flood,True,0.23499999940395355,0.38499999046325684,1.2349999397993088,7.264999881386757,11.78499972820282,13.044999718666077,13.044999718666077,13.044999718666077,DATE_ONLY,SUITABLE_RAINFALL_FLASH_FLOOD,Major,1150.0,26.8,225.0,-0.014,15200,8.9,14.8,110.0,1.9,10,Tree cover,0.65,0.2,0.05,0.1,,,,,,,,,,HISTORICAL_VINTAGE_UNAVAILABLE,,,,,,,UNAVAILABLE
FL-UK-2012-01,2012-08-03,2012-08-04T10:30:00,30.649999618530273,78.3499984741211,0.22999998927116394,0.4599999785423279,GPM_3IMERGHH_07,V07B,3B-HHR.MS.MRG.3IMERG.20120804-S103000-E105959.0630.V07B.HDF5,2012-08-04T10:30:00,DERIVED,cloudburst-induced flood,True,0.22999998927116394,0.4649999886751175,1.4649999290704727,7.494999870657921,11.774999722838402,13.27499970793724,13.27499970793724,13.27499970793724,DATE_ONLY,SUITABLE_RAINFALL_FLASH_FLOOD,Major,1150.0,26.8,225.0,-0.014,15200,8.9,14.8,110.0,1.9,10,Tree cover,0.65,0.2,0.05,0.1,,,,,,,,,,HISTORICAL_VINTAGE_UNAVAILABLE,,,,,,,UNAVAILABLE
FL-UK-2012-01,2012-08-03,2012-08-04T12:30:00,30.649999618530273,78.3499984741211,1.084999918937683,2.169999837875366,GPM_3IMERGHH_07,V07B,3B-HHR.MS.MRG.3IMERG.20120804-S123000-E125959.0750.V07B.HDF5,2012-08-04T12:30:00,DERIVED,cloudburst-induced flood,True,1.084999918937683,1.314999908208847,2.549999848008156,8.029999777674675,11.659999713301659,14.359999626874924,14.359999626874924,14.359999626874924,DATE_ONLY,SUITABLE_RAINFALL_FLASH_FLOOD,Major,1150.0,26.8,225.0,-0.014,15200,8.9,14.8,110.0,1.9,10,Tree cover,0.65,0.2,0.05,0.1,,,,,,,,,,HISTORICAL_VINTAGE_UNAVAILABLE,,,,,,,UNAVAILABLE
FL-UK-2012-01,2012-08-03,2012-08-04T14:30:00,30.649999618530273,78.3499984741211,2.565000057220459,5.130000114440918,GPM_3IMERGHH_07,V07B,3B-HHR.MS.MRG.3IMERG.20120804-S143000-E145959.0870.V07B.HDF5,2012-08-04T14:30:00,DERIVED,cloudburst-induced flood,True,2.565000057220459,3.649999976158142,4.999999910593033,6.369999930262566,12.069999799132347,16.924999684095383,16.924999684095383,16.924999684095383,DATE_ONLY,SUITABLE_RAINFALL_FLASH_FLOOD,Major,1150.0,26.8,225.0,-0.014,15200,8.9,14.8,110.0,1.9,10,Tree cover,0.65,0.2,0.05,0.1,,,,,,,,,,HISTORICAL_VINTAGE_UNAVAILABLE,,,,,,,UNAVAILABLE
FL-UK-2012-01,2012-08-03,2012-08-04T16:30:00,30.649999618530273,78.3499984741211,0.07999999821186066,0.1599999964237213,GPM_3IMERGHH_07,V07B,3B-HHR.MS.MRG.3IMERG.20120804-S163000-E165959.0990.V07B.HDF5,2012-08-04T16:30:00,DERIVED,cloudburst-induced flood,True,0.07999999821186066,2.6450000554323196,4.3449999541044235,5.354999899864197,11.549999833106995,17.004999682307243,17.004999682307243,17.004999682307243,DATE_ONLY,SUITABLE_RAINFALL_FLASH_FLOOD,Major,1150.0,26.8,225.0,-0.014,15200,8.9,14.8,110.0,1.9,10,Tree cover,0.65,0.2,0.05,0.1,,,,,,,,,,HISTORICAL_VINTAGE_UNAVAILABLE,,,,,,,UNAVAILABLE
FL-UK-2012-01,2012-08-03,2012-08-04T18:30:00,30.649999618530273,78.3499984741211,0.0,0.0,GPM_3IMERGHH_07,V07B,3B-HHR.MS.MRG.3IMERG.20120804-S183000-E185959.1110.V07B.HDF5,2012-08-04T18:30:00,DERIVED,cloudburst-induced flood,True,0.0,0.07999999821186066,4.19499996304512,5.1949999034404755,11.549999833106995,17.004999682307243,17.004999682307243,17.004999682307243,DATE_ONLY,SUITABLE_RAINFALL_FLASH_FLOOD,Major,1150.0,26.8,225.0,-0.014,15200,8.9,14.8,110.0,1.9,10,Tree cover,0.65,0.2,0.05,0.1,,,,,,,,,,HISTORICAL_VINTAGE_UNAVAILABLE,,,,,,,UNAVAILABLE
FL-UK-2012-01,2012-08-03,2012-08-04T22:00:00,30.649999618530273,78.3499984741211,0.6049999594688416,1.209999918937683,GPM_3IMERGHH_07,V07B,3B-HHR.MS.MRG.3IMERG.20120804-S220000-E222959.1320.V07B.HDF5,2012-08-04T22:00:00,DERIVED,cloudburst-induced flood,True,0.6049999594688416,0.6049999594688416,4.564999923110008,5.799999862909317,12.154999792575836,17.609999641776085,17.609999641776085,17.609999641776085,DATE_ONLY,SUITABLE_RAINFALL_FLASH_FLOOD,Major,1150.0,26.8,225.0,-0.014,15200,8.9,14.8,110.0,1.9,10,Tree cover,0.65,0.2,0.05,0.1,,,,,,,,,,HISTORICAL_VINTAGE_UNAVAILABLE,,,,,,,UNAVAILABLE
FL-UK-2012-01,2012-08-03,2012-08-01T06:00:00,30.649999618530273,78.44999694824219,0.0,0.0,GPM_3IMERGHH_07,V07B,3B-HHR.MS.MRG.3IMERG.20120801-S060000-E062959.0360.V07B.HDF5,2012-08-01T06:00:00,DERIVED,cloudburst-induced flood,True,0.0,0.0,0.0,0.0,0.0,0.0,0.0,0.0,DATE_ONLY,SUITABLE_RAINFALL_FLASH_FLOOD,Major,1150.0,26.8,225.0,-0.014,15200,8.9,14.8,110.0,1.9,10,Tree cover,0.65,0.2,0.05,0.1,,,,,,,,,,HISTORICAL_VINTAGE_UNAVAILABLE,,,,,,,UNAVAILABLE
FL-UK-2012-01,2012-08-03,2012-08-01T08:30:00,30.649999618530273,78.44999694824219,0.0,0.0,GPM_3IMERGHH_07,V07B,3B-HHR.MS.MRG.3IMERG.20120801-S083000-E085959.0510.V07B.HDF5,2012-08-01T08:30:00,DERIVED,cloudburst-induced flood,True,0.0,0.0,0.0,0.0,0.0,0.0,0.0,0.0,DATE_ONLY,SUITABLE_RAINFALL_FLASH_FLOOD,Major,1150.0,26.8,225.0,-0.014,15200,8.9,14.8,110.0,1.9,10,Tree cover,0.65,0.2,0.05,0.1,,,,,,,,,,HISTORICAL_VINTAGE_UNAVAILABLE,,,,,,,UNAVAILABLE
FL-UK-2012-01,2012-08-03,2012-08-01T10:30:00,30.649999618530273,78.44999694824219,0.0949999988079071,0.1899999976158142,GPM_3IMERGHH_07,V07B,3B-HHR.MS.MRG.3IMERG.20120801-S103000-E105959.0630.V07B.HDF5,2012-08-01T10:30:00,DERIVED,cloudburst-induced flood,True,0.0949999988079071,0.0949999988079071,0.0949999988079071,0.0949999988079071,0.0949999988079071,0.0949999988079071,0.0949999988079071,0.0949999988079071,DATE_ONLY,SUITABLE_RAINFALL_FLASH_FLOOD,Major,1150.0,26.8,225.0,-0.014,15200,8.9,14.8,110.0,1.9,10,Tree cover,0.65,0.2,0.05,0.1,,,,,,,,,,HISTORICAL_VINTAGE_UNAVAILABLE,,,,,,,UNAVAILABLE
FL-UK-2012-01,2012-08-03,2012-08-01T12:30:00,30.649999618530273,78.44999694824219,0.4899999797344208,0.9799999594688416,GPM_3IMERGHH_07,V07B,3B-HHR.MS.MRG.3IMERG.20120801-S123000-E125959.0750.V07B.HDF5,2012-08-01T12:30:00,DERIVED,cloudburst-induced flood,True,0.4899999797344208,0.5849999785423279,0.5849999785423279,0.5849999785423279,0.5849999785423279,0.5849999785423279,0.5849999785423279,0.5849999785423279,DATE_ONLY,SUITABLE_RAINFALL_FLASH_FLOOD,Major,1150.0,26.8,225.0,-0.014,15200,8.9,14.8,110.0,1.9,10,Tree cover,0.65,0.2,0.05,0.1,,,,,,,,,,HISTORICAL_VINTAGE_UNAVAILABLE,,,,,,,UNAVAILABLE
FL-UK-2012-01,2012-08-03,2012-08-01T14:30:00,30.649999618530273,78.44999694824219,0.0,0.0,GPM_3IMERGHH_07,V07B,3B-HHR.MS.MRG.3IMERG.20120801-S143000-E145959.0870.V07B.HDF5,2012-08-01T14:30:00,DERIVED,cloudburst-induced flood,True,0.0,0.4899999797344208,0.5849999785423279,0.5849999785423279,0.5849999785423279,0.5849999785423279,0.5849999785423279,0.5849999785423279,DATE_ONLY,SUITABLE_RAINFALL_FLASH_FLOOD,Major,1150.0,26.8,225.0,-0.014,15200,8.9,14.8,110.0,1.9,10,Tree cover,0.65,0.2,0.05,0.1,,,,,,,,,,HISTORICAL_VINTAGE_UNAVAILABLE,,,,,,,UNAVAILABLE
FL-UK-2012-01,2012-08-03,2012-08-01T16:30:00,30.649999618530273,78.44999694824219,0.0,0.0,GPM_3IMERGHH_07,V07B,3B-HHR.MS.MRG.3IMERG.20120801-S163000-E165959.0990.V07B.HDF5,2012-08-01T16:30:00,DERIVED,cloudburst-induced flood,True,0.0,0.0,0.5849999785423279,0.5849999785423279,0.5849999785423279,0.5849999785423279,0.5849999785423279,0.5849999785423279,DATE_ONLY,SUITABLE_RAINFALL_FLASH_FLOOD,Major,1150.0,26.8,225.0,-0.014,15200,8.9,14.8,110.0,1.9,10,Tree cover,0.65,0.2,0.05,0.1,,,,,,,,,,HISTORICAL_VINTAGE_UNAVAILABLE,,,,,,,UNAVAILABLE
FL-UK-2012-01,2012-08-03,2012-08-01T18:30:00,30.649999618530273,78.44999694824219,0.25,0.5,GPM_3IMERGHH_07,V07B,3B-HHR.MS.MRG.3IMERG.20120801-S183000-E185959.1110.V07B.HDF5,2012-08-01T18:30:00,DERIVED,cloudburst-induced flood,True,0.25,0.25,0.8349999785423279,0.8349999785423279,0.8349999785423279,0.8349999785423279,0.8349999785423279,0.8349999785423279,DATE_ONLY,SUITABLE_RAINFALL_FLASH_FLOOD,Major,1150.0,26.8,225.0,-0.014,15200,8.9,14.8,110.0,1.9,10,Tree cover,0.65,0.2,0.05,0.1,,,,,,,,,,HISTORICAL_VINTAGE_UNAVAILABLE,,,,,,,UNAVAILABLE
FL-UK-2012-01,2012-08-03,2012-08-01T20:30:00,30.649999618530273,78.44999694824219,0.16499999165534973,0.32999998331069946,GPM_3IMERGHH_07,V07B,3B-HHR.MS.MRG.3IMERG.20120801-S203000-E205959.1230.V07B.HDF5,2012-08-01T20:30:00,DERIVED,cloudburst-induced flood,True,0.16499999165534973,0.41499999165534973,0.9999999701976776,0.9999999701976776,0.9999999701976776,0.9999999701976776,0.9999999701976776,0.9999999701976776,DATE_ONLY,SUITABLE_RAINFALL_FLASH_FLOOD,Major,1150.0,26.8,225.0,-0.014,15200,8.9,14.8,110.0,1.9,10,Tree cover,0.65,0.2,0.05,0.1,,,,,,,,,,HISTORICAL_VINTAGE_UNAVAILABLE,,,,,,,UNAVAILABLE
FL-UK-2012-01,2012-08-03,2012-08-01T22:30:00,30.649999618530273,78.44999694824219,0.07000000029802322,0.14000000059604645,GPM_3IMERGHH_07,V07B,3B-HHR.MS.MRG.3IMERG.20120801-S223000-E225959.1350.V07B.HDF5,2012-08-01T22:30:00,DERIVED,cloudburst-induced flood,True,0.07000000029802322,0.23499999195337296,0.9749999716877937,1.0699999704957008,1.0699999704957008,1.0699999704957008,1.0699999704957008,1.0699999704957008,DATE_ONLY,SUITABLE_RAINFALL_FLASH_FLOOD,Major,1150.0,26.8,225.0,-0.014,15200,8.9,14.8,110.0,1.9,10,Tree cover,0.65,0.2,0.05,0.1,,,,,,,,,,HISTORICAL_VINTAGE_UNAVAILABLE,,,,,,,UNAVAILABLE
FL-UK-2012-01,2012-08-03,2012-08-02T00:30:00,30.649999618530273,78.44999694824219,0.375,0.75,GPM_3IMERGHH_07,V07B,3B-HHR.MS.MRG.3IMERG.20120802-S003000-E005959.0030.V07B.HDF5,2012-08-02T00:30:00,DERIVED,cloudburst-induced flood,True,0.375,0.4450000002980232,0.859999991953373,1.4449999704957008,1.4449999704957008,1.4449999704957008,1.4449999704957008,1.4449999704957008,DATE_ONLY,SUITABLE_RAINFALL_FLASH_FLOOD,Major,1150.0,26.8,225.0,-0.014,15200,8.9,14.8,110.0,1.9,10,Tree cover,0.65,0.2,0.05,0.1,,,,,,,,,,HISTORICAL_VINTAGE_UNAVAILABLE,,,,,,,UNAVAILABLE
FL-UK-2012-01,2012-08-03,2012-08-02T02:30:00,30.649999618530273,78.44999694824219,0.28999999165534973,0.5799999833106995,GPM_3IMERGHH_07,V07B,3B-HHR.MS.MRG.3IMERG.20120802-S023000-E025959.0150.V07B.HDF5,2012-08-02T02:30:00,DERIVED,cloudburst-induced flood,True,0.28999999165534973,0.6649999916553497,1.1499999836087227,1.7349999621510506,1.7349999621510506,1.7349999621510506,1.7349999621510506,1.7349999621510506,DATE_ONLY,SUITABLE_RAINFALL_FLASH_FLOOD,Major,1150.0,26.8,225.0,-0.014,15200,8.9,14.8,110.0,1.9,10,Tree cover,0.65,0.2,0.05,0.1,,,,,,,,,,HISTORICAL_VINTAGE_UNAVAILABLE,,,,,,,UNAVAILABLE
FL-UK-2012-01,2012-08-03,2012-08-02T04:30:00,30.649999618530273,78.44999694824219,0.0,0.0,GPM_3IMERGHH_07,V07B,3B-HHR.MS.MRG.3IMERG.20120802-S043000-E045959.0270.V07B.HDF5,2012-08-02T04:30:00,DERIVED,cloudburst-induced flood,True,0.0,0.28999999165534973,1.1499999836087227,1.7349999621510506,1.7349999621510506,1.7349999621510506,1.7349999621510506,1.7349999621510506,DATE_ONLY,SUITABLE_RAINFALL_FLASH_FLOOD,Major,1150.0,26.8,225.0,-0.014,15200,8.9,14.8,110.0,1.9,10,Tree cover,0.65,0.2,0.05,0.1,,,,,,,,,,HISTORICAL_VINTAGE_UNAVAILABLE,,,,,,,UNAVAILABLE
FL-UK-2012-01,2012-08-03,2012-08-02T06:30:00,30.649999618530273,78.44999694824219,0.0,0.0,GPM_3IMERGHH_07,V07B,3B-HHR.MS.MRG.3IMERG.20120802-S063000-E065959.0390.V07B.HDF5,2012-08-02T06:30:00,DERIVED,cloudburst-induced flood,True,0.0,0.0,0.8999999836087227,1.7349999621510506,1.7349999621510506,1.7349999621510506,1.7349999621510506,1.7349999621510506,DATE_ONLY,SUITABLE_RAINFALL_FLASH_FLOOD,Major,1150.0,26.8,225.0,-0.014,15200,8.9,14.8,110.0,1.9,10,Tree cover,0.65,0.2,0.05,0.1,,,,,,,,,,HISTORICAL_VINTAGE_UNAVAILABLE,,,,,,,UNAVAILABLE
FL-UK-2012-01,2012-08-03,2012-08-02T08:30:00,30.649999618530273,78.44999694824219,0.0,0.0,GPM_3IMERGHH_07,V07B,3B-HHR.MS.MRG.3IMERG.20120802-S083000-E085959.0510.V07B.HDF5,2012-08-02T08:30:00,DERIVED,cloudburst-induced flood,True,0.0,0.0,0.734999991953373,1.7349999621510506,1.7349999621510506,1.7349999621510506,1.7349999621510506,1.7349999621510506,DATE_ONLY,SUITABLE_RAINFALL_FLASH_FLOOD,Major,1150.0,26.8,225.0,-0.014,15200,8.9,14.8,110.0,1.9,10,Tree cover,0.65,0.2,0.05,0.1,,,,,,,,,,HISTORICAL_VINTAGE_UNAVAILABLE,,,,,,,UNAVAILABLE
FL-UK-2012-01,2012-08-03,2012-08-02T10:30:00,30.649999618530273,78.44999694824219,0.32999998331069946,0.6599999666213989,GPM_3IMERGHH_07,V07B,3B-HHR.MS.MRG.3IMERG.20120802-S103000-E105959.0630.V07B.HDF5,2012-08-02T10:30:00,DERIVED,cloudburst-induced flood,True,0.32999998331069946,0.32999998331069946,0.9949999749660492,1.969999946653843,2.06499994546175,2.06499994546175,2.06499994546175,2.06499994546175,DATE_ONLY,SUITABLE_RAINFALL_FLASH_FLOOD,Major,1150.0,26.8,225.0,-0.014,15200,8.9,14.8,110.0,1.9,10,Tree cover,0.65,0.2,0.05,0.1,,,,,,,,,,HISTORICAL_VINTAGE_UNAVAILABLE,,,,,,,UNAVAILABLE
FL-UK-2012-01,2012-08-03,2012-08-02T12:30:00,30.649999618530273,78.44999694824219,1.409999966621399,2.819999933242798,GPM_3IMERGHH_07,V07B,3B-HHR.MS.MRG.3IMERG.20120802-S123000-E125959.0750.V07B.HDF5,2012-08-02T12:30:00,DERIVED,cloudburst-induced flood,True,1.409999966621399,1.7399999499320984,2.029999941587448,2.889999933540821,3.474999912083149,3.474999912083149,3.474999912083149,3.474999912083149,DATE_ONLY,SUITABLE_RAINFALL_FLASH_FLOOD,Major,1150.0,26.8,225.0,-0.014,15200,8.9,14.8,110.0,1.9,10,Tree cover,0.65,0.2,0.05,0.1,,,,,,,,,,HISTORICAL_VINTAGE_UNAVAILABLE,,,,,,,UNAVAILABLE
FL-UK-2012-01,2012-08-03,2012-08-02T14:30:00,30.649999618530273,78.44999694824219,1.3600000143051147,2.7200000286102295,GPM_3IMERGHH_07,V07B,3B-HHR.MS.MRG.3IMERG.20120802-S143000-E145959.0870.V07B.HDF5,2012-08-02T14:30:00,DERIVED,cloudburst-induced flood,True,1.3600000143051147,2.7699999809265137,3.099999964237213,4.249999947845936,4.834999926388264,4.834999926388264,4.834999926388264,4.834999926388264,DATE_ONLY,SUITABLE_RAINFALL_FLASH_FLOOD,Major,1150.0,26.8,225.0,-0.014,15200,8.9,14.8,110.0,1.9,10,Tree cover,0.65,0.2,0.05,0.1,,,,,,,,,,HISTORICAL_VINTAGE_UNAVAILABLE,,,,,,,UNAVAILABLE
FL-UK-2012-01,2012-08-03,2012-08-02T16:30:00,30.649999618530273,78.44999694824219,0.8050000071525574,1.6100000143051147,GPM_3IMERGHH_07,V07B,3B-HHR.MS.MRG.3IMERG.20120802-S163000-E165959.0990.V07B.HDF5,2012-08-02T16:30:00,DERIVED,cloudburst-induced flood,True,0.8050000071525574,2.165000021457672,3.9049999713897705,5.054999954998493,5.639999933540821,5.639999933540821,5.639999933540821,5.639999933540821,DATE_ONLY,SUITABLE_RAINFALL_FLASH_FLOOD,Major,1150.0,26.8,225.0,-0.014,15200,8.9,14.8,110.0,1.9,10,Tree cover,0.65,0.2,0.05,0.1,,,,,,,,,,HISTORICAL_VINTAGE_UNAVAILABLE,,,,,,,UNAVAILABLE
FL-UK-2012-01,2012-08-03,2012-08-02T18:30:00,30.649999618530273,78.44999694824219,0.0,0.0,GPM_3IMERGHH_07,V07B,3B-HHR.MS.MRG.3IMERG.20120802-S183000-E185959.1110.V07B.HDF5,2012-08-02T18:30:00,DERIVED,cloudburst-induced flood,True,0.0,0.8050000071525574,3.9049999713897705,4.804999954998493,5.639999933540821,5.639999933540821,5.639999933540821,5.639999933540821,DATE_ONLY,SUITABLE_RAINFALL_FLASH_FLOOD,Major,1150.0,26.8,225.0,-0.014,15200,8.9,14.8,110.0,1.9,10,Tree cover,0.65,0.2,0.05,0.1,,,,,,,,,,HISTORICAL_VINTAGE_UNAVAILABLE,,,,,,,UNAVAILABLE
FL-UK-2012-01,2012-08-03,2012-08-02T20:30:00,30.649999618530273,78.44999694824219,0.0,0.0,GPM_3IMERGHH_07,V07B,3B-HHR.MS.MRG.3IMERG.20120802-S203000-E205959.1230.V07B.HDF5,2012-08-02T20:30:00,DERIVED,cloudburst-induced flood,True,0.0,0.0,3.9049999713897705,4.6399999633431435,5.639999933540821,5.639999933540821,5.639999933540821,5.639999933540821,DATE_ONLY,SUITABLE_RAINFALL_FLASH_FLOOD,Major,1150.0,26.8,225.0,-0.014,15200,8.9,14.8,110.0,1.9,10,Tree cover,0.65,0.2,0.05,0.1,,,,,,,,,,HISTORICAL_VINTAGE_UNAVAILABLE,,,,,,,UNAVAILABLE
FL-UK-2012-01,2012-08-03,2012-08-02T22:30:00,30.649999618530273,78.44999694824219,0.3349999785423279,0.6699999570846558,GPM_3IMERGHH_07,V07B,3B-HHR.MS.MRG.3IMERG.20120802-S223000-E225959.1350.V07B.HDF5,2012-08-02T22:30:00,DERIVED,cloudburst-induced flood,True,0.3349999785423279,0.3349999785423279,3.909999966621399,4.904999941587448,5.974999912083149,5.974999912083149,5.974999912083149,5.974999912083149,DATE_ONLY,SUITABLE_RAINFALL_FLASH_FLOOD,Major,1150.0,26.8,225.0,-0.014,15200,8.9,14.8,110.0,1.9,10,Tree cover,0.65,0.2,0.05,0.1,,,,,,,,,,HISTORICAL_VINTAGE_UNAVAILABLE,,,,,,,UNAVAILABLE
FL-UK-2012-01,2012-08-03,2012-08-03T00:30:00,30.649999618530273,78.44999694824219,0.0,0.0,GPM_3IMERGHH_07,V07B,3B-HHR.MS.MRG.3IMERG.20120803-S003000-E005959.0030.V07B.HDF5,2012-08-03T00:30:00,DERIVED,cloudburst-induced flood,True,0.0,0.3349999785423279,2.5,4.529999941587448,5.974999912083149,5.974999912083149,5.974999912083149,5.974999912083149,DATE_ONLY,SUITABLE_RAINFALL_FLASH_FLOOD,Major,1150.0,26.8,225.0,-0.014,15200,8.9,14.8,110.0,1.9,10,Tree cover,0.65,0.2,0.05,0.1,,,,,,,,,,HISTORICAL_VINTAGE_UNAVAILABLE,,,,,,,UNAVAILABLE
FL-UK-2012-01,2012-08-03,2012-08-03T02:30:00,30.649999618530273,78.44999694824219,0.0,0.0,GPM_3IMERGHH_07,V07B,3B-HHR.MS.MRG.3IMERG.20120803-S023000-E025959.0150.V07B.HDF5,2012-08-03T02:30:00,DERIVED,cloudburst-induced flood,True,0.0,0.0,1.1399999856948853,4.239999949932098,5.974999912083149,5.974999912083149,5.974999912083149,5.974999912083149,DATE_ONLY,SUITABLE_RAINFALL_FLASH_FLOOD,Major,1150.0,26.8,225.0,-0.014,15200,8.9,14.8,110.0,1.9,10,Tree cover,0.65,0.2,0.05,0.1,,,,,,,,,,HISTORICAL_VINTAGE_UNAVAILABLE,,,,,,,UNAVAILABLE
FL-UK-2012-01,2012-08-03,2012-08-03T04:30:00,30.649999618530273,78.44999694824219,0.0,0.0,GPM_3IMERGHH_07,V07B,3B-HHR.MS.MRG.3IMERG.20120803-S043000-E045959.0270.V07B.HDF5,2012-08-03T04:30:00,DERIVED,cloudburst-induced flood,True,0.0,0.0,0.3349999785423279,4.239999949932098,5.974999912083149,5.974999912083149,5.974999912083149,5.974999912083149,DATE_ONLY,SUITABLE_RAINFALL_FLASH_FLOOD,Major,1150.0,26.8,225.0,-0.014,15200,8.9,14.8,110.0,1.9,10,Tree cover,0.65,0.2,0.05,0.1,,,,,,,,,,HISTORICAL_VINTAGE_UNAVAILABLE,,,,,,,UNAVAILABLE
FL-UK-2012-01,2012-08-03,2012-08-03T06:30:00,30.649999618530273,78.44999694824219,0.0,0.0,GPM_3IMERGHH_07,V07B,3B-HHR.MS.MRG.3IMERG.20120803-S063000-E065959.0390.V07B.HDF5,2012-08-03T06:30:00,DERIVED,cloudburst-induced flood,True,0.0,0.0,0.3349999785423279,4.239999949932098,5.974999912083149,5.974999912083149,5.974999912083149,5.974999912083149,DATE_ONLY,SUITABLE_RAINFALL_FLASH_FLOOD,Major,1150.0,26.8,225.0,-0.014,15200,8.9,14.8,110.0,1.9,10,Tree cover,0.65,0.2,0.05,0.1,,,,,,,,,,HISTORICAL_VINTAGE_UNAVAILABLE,,,,,,,UNAVAILABLE
FL-UK-2012-01,2012-08-03,2012-08-03T08:30:00,30.649999618530273,78.44999694824219,0.0,0.0,GPM_3IMERGHH_07,V07B,3B-HHR.MS.MRG.3IMERG.20120803-S083000-E085959.0510.V07B.HDF5,2012-08-03T08:30:00,DERIVED,cloudburst-induced flood,True,0.0,0.0,0.3349999785423279,4.239999949932098,5.974999912083149,5.974999912083149,5.974999912083149,5.974999912083149,DATE_ONLY,SUITABLE_RAINFALL_FLASH_FLOOD,Major,1150.0,26.8,225.0,-0.014,15200,8.9,14.8,110.0,1.9,10,Tree cover,0.65,0.2,0.05,0.1,,,,,,,,,,HISTORICAL_VINTAGE_UNAVAILABLE,,,,,,,UNAVAILABLE
FL-UK-2012-01,2012-08-03,2012-08-03T10:30:00,30.649999618530273,78.44999694824219,0.0,0.0,GPM_3IMERGHH_07,V07B,3B-HHR.MS.MRG.3IMERG.20120803-S103000-E105959.0630.V07B.HDF5,2012-08-03T10:30:00,DERIVED,cloudburst-induced flood,True,0.0,0.0,0.0,3.909999966621399,5.879999913275242,5.974999912083149,5.974999912083149,5.974999912083149,DATE_ONLY,SUITABLE_RAINFALL_FLASH_FLOOD,Major,1150.0,26.8,225.0,-0.014,15200,8.9,14.8,110.0,1.9,10,Tree cover,0.65,0.2,0.05,0.1,,,,,,,,,,HISTORICAL_VINTAGE_UNAVAILABLE,,,,,,,UNAVAILABLE
FL-UK-2012-01,2012-08-03,2012-08-03T12:30:00,30.649999618530273,78.44999694824219,1.225000023841858,2.450000047683716,GPM_3IMERGHH_07,V07B,3B-HHR.MS.MRG.3IMERG.20120803-S123000-E125959.0750.V07B.HDF5,2012-08-03T12:30:00,DERIVED,cloudburst-induced flood,True,1.225000023841858,1.225000023841858,1.225000023841858,3.725000023841858,6.614999957382679,7.199999935925007,7.199999935925007,7.199999935925007,DATE_ONLY,SUITABLE_RAINFALL_FLASH_FLOOD,Major,1150.0,26.8,225.0,-0.014,15200,8.9,14.8,110.0,1.9,10,Tree cover,0.65,0.2,0.05,0.1,,,,,,,,,,HISTORICAL_VINTAGE_UNAVAILABLE,,,,,,,UNAVAILABLE
FL-UK-2012-01,2012-08-03,2012-08-03T14:30:00,30.649999618530273,78.44999694824219,3.4749999046325684,6.949999809265137,GPM_3IMERGHH_07,V07B,3B-HHR.MS.MRG.3IMERG.20120803-S143000-E145959.0870.V07B.HDF5,2012-08-03T14:30:00,DERIVED,cloudburst-induced flood,True,3.4749999046325684,4.699999928474426,4.699999928474426,5.8399999141693115,10.089999862015247,10.674999840557575,10.674999840557575,10.674999840557575,DATE_ONLY,SUITABLE_RAINFALL_FLASH_FLOOD,Major,1150.0,26.8,225.0,-0.014,15200,8.9,14.8,110.0,1.9,10,Tree cover,0.65,0.2,0.05,0.1,,,,,,,,,,HISTORICAL_VINTAGE_UNAVAILABLE,,,,,,,UNAVAILABLE
FL-UK-2012-01,2012-08-03,2012-08-03T16:30:00,30.649999618530273,78.44999694824219,1.0049999952316284,2.009999990463257,GPM_3IMERGHH_07,V07B,3B-HHR.MS.MRG.3IMERG.20120803-S163000-E165959.0990.V07B.HDF5,2012-08-03T16:30:00,DERIVED,cloudburst-induced flood,True,1.0049999952316284,4.479999899864197,5.704999923706055,6.039999902248383,11.094999857246876,11.679999835789204,11.679999835789204,11.679999835789204,DATE_ONLY,SUITABLE_RAINFALL_FLASH_FLOOD,Major,1150.0,26.8,225.0,-0.014,15200,8.9,14.8,110.0,1.9,10,Tree cover,0.65,0.2,0.05,0.1,,,,,,,,,,HISTORICAL_VINTAGE_UNAVAILABLE,,,,,,,UNAVAILABLE
FL-UK-2012-01,2012-08-03,2012-08-03T18:30:00,30.649999618530273,78.44999694824219,0.14499999582767487,0.28999999165534973,GPM_3IMERGHH_07,V07B,3B-HHR.MS.MRG.3IMERG.20120803-S183000-E185959.1110.V07B.HDF5,2012-08-03T18:30:00,DERIVED,cloudburst-induced flood,True,0.14499999582767487,1.1499999910593033,5.8499999195337296,6.184999898076057,10.98999985307455,11.824999831616879,11.824999831616879,11.824999831616879,DATE_ONLY,SUITABLE_RAINFALL_FLASH_FLOOD,Major,1150.0,26.8,225.0,-0.014,15200,8.9,14.8,110.0,1.9,10,Tree cover,0.65,0.2,0.05,0.1,,,,,,,,,,HISTORICAL_VINTAGE_UNAVAILABLE,,,,,,,UNAVAILABLE
FL-UK-2012-01,2012-08-03,2012-08-03T20:30:00,30.649999618530273,78.44999694824219,0.0,0.0,GPM_3IMERGHH_07,V07B,3B-HHR.MS.MRG.3IMERG.20120803-S203000-E205959.1230.V07B.HDF5,2012-08-03T20:30:00,DERIVED,cloudburst-induced flood,True,0.0,0.14499999582767487,5.8499999195337296,6.184999898076057,10.824999861419201,11.824999831616879,11.824999831616879,11.824999831616879,DATE_ONLY,SUITABLE_RAINFALL_FLASH_FLOOD,Major,1150.0,26.8,225.0,-0.014,15200,8.9,14.8,110.0,1.9,10,Tree cover,0.65,0.2,0.05,0.1,,,,,,,,,,HISTORICAL_VINTAGE_UNAVAILABLE,,,,,,,UNAVAILABLE
FL-UK-2012-01,2012-08-03,2012-08-03T22:30:00,30.649999618530273,78.44999694824219,0.22999998927116394,0.4599999785423279,GPM_3IMERGHH_07,V07B,3B-HHR.MS.MRG.3IMERG.20120803-S223000-E225959.1350.V07B.HDF5,2012-08-03T22:30:00,DERIVED,cloudburst-induced flood,True,0.22999998927116394,0.22999998927116394,6.0799999088048935,6.0799999088048935,10.984999850392342,12.054999820888042,12.054999820888042,12.054999820888042,DATE_ONLY,SUITABLE_RAINFALL_FLASH_FLOOD,Major,1150.0,26.8,225.0,-0.014,15200,8.9,14.8,110.0,1.9,10,Tree cover,0.65,0.2,0.05,0.1,,,,,,,,,,HISTORICAL_VINTAGE_UNAVAILABLE,,,,,,,UNAVAILABLE
FL-UK-2012-01,2012-08-03,2012-08-04T00:30:00,30.649999618530273,78.44999694824219,0.11499999463558197,0.22999998927116394,GPM_3IMERGHH_07,V07B,3B-HHR.MS.MRG.3IMERG.20120804-S003000-E005959.0030.V07B.HDF5,2012-08-04T00:30:00,DERIVED,cloudburst-induced flood,True,0.11499999463558197,0.3449999839067459,4.9699998795986176,6.1949999034404755,10.724999845027924,12.169999815523624,12.169999815523624,12.169999815523624,DATE_ONLY,SUITABLE_RAINFALL_FLASH_FLOOD,Major,1150.0,26.8,225.0,-0.014,15200,8.9,14.8,110.0,1.9,10,Tree cover,0.65,0.2,0.05,0.1,,,,,,,,,,HISTORICAL_VINTAGE_UNAVAILABLE,,,,,,,UNAVAILABLE
FL-UK-2012-01,2012-08-03,2012-08-04T02:30:00,30.649999618530273,78.44999694824219,0.11499999463558197,0.22999998927116394,GPM_3IMERGHH_07,V07B,3B-HHR.MS.MRG.3IMERG.20120804-S023000-E025959.0150.V07B.HDF5,2012-08-04T02:30:00,DERIVED,cloudburst-induced flood,True,0.11499999463558197,0.22999998927116394,1.6099999696016312,6.309999898076057,10.549999848008156,12.284999810159206,12.284999810159206,12.284999810159206,DATE_ONLY,SUITABLE_RAINFALL_FLASH_FLOOD,Major,1150.0,26.8,225.0,-0.014,15200,8.9,14.8,110.0,1.9,10,Tree cover,0.65,0.2,0.05,0.1,,,,,,,,,,HISTORICAL_VINTAGE_UNAVAILABLE,,,,,,,UNAVAILABLE
FL-UK-2012-01,2012-08-03,2012-08-04T04:30:00,30.649999618530273,78.44999694824219,0.5649999976158142,1.1299999952316284,GPM_3IMERGHH_07,V07B,3B-HHR.MS.MRG.3IMERG.20120804-S043000-E045959.0270.V07B.HDF5,2012-08-04T04:30:00,DERIVED,cloudburst-induced flood,True,0.5649999976158142,0.6799999922513962,1.169999971985817,6.874999895691872,11.11499984562397,12.84999980777502,12.84999980777502,12.84999980777502,DATE_ONLY,SUITABLE_RAINFALL_FLASH_FLOOD,Major,1150.0,26.8,225.0,-0.014,15200,8.9,14.8,110.0,1.9,10,Tree cover,0.65,0.2,0.05,0.1,,,,,,,,,,HISTORICAL_VINTAGE_UNAVAILABLE,,,,,,,UNAVAILABLE
FL-UK-2012-01,2012-08-03,2012-08-04T06:30:00,30.649999618530273,78.44999694824219,0.0,0.0,GPM_3IMERGHH_07,V07B,3B-HHR.MS.MRG.3IMERG.20120804-S063000-E065959.0390.V07B.HDF5,2012-08-04T06:30:00,DERIVED,cloudburst-induced flood,True,0.0,0.5649999976158142,1.024999976158142,6.874999895691872,11.11499984562397,12.84999980777502,12.84999980777502,12.84999980777502,DATE_ONLY,SUITABLE_RAINFALL_FLASH_FLOOD,Major,1150.0,26.8,225.0,-0.014,15200,8.9,14.8,110.0,1.9,10,Tree cover,0.65,0.2,0.05,0.1,,,,,,,,,,HISTORICAL_VINTAGE_UNAVAILABLE,,,,,,,UNAVAILABLE
FL-UK-2012-01,2012-08-03,2012-08-04T08:30:00,30.649999618530273,78.44999694824219,0.6549999713897705,1.309999942779541,GPM_3IMERGHH_07,V07B,3B-HHR.MS.MRG.3IMERG.20120804-S083000-E085959.0510.V07B.HDF5,2012-08-04T08:30:00,DERIVED,cloudburst-induced flood,True,0.6549999713897705,0.6549999713897705,1.6799999475479126,7.529999867081642,11.76999981701374,13.504999779164791,13.504999779164791,13.504999779164791,DATE_ONLY,SUITABLE_RAINFALL_FLASH_FLOOD,Major,1150.0,26.8,225.0,-0.014,15200,8.9,14.8,110.0,1.9,10,Tree cover,0.65,0.2,0.05,0.1,,,,,,,,,,HISTORICAL_VINTAGE_UNAVAILABLE,,,,,,,UNAVAILABLE
FL-UK-2012-01,2012-08-03,2012-08-04T10:30:00,30.649999618530273,78.44999694824219,0.2199999988079071,0.4399999976158142,GPM_3IMERGHH_07,V07B,3B-HHR.MS.MRG.3IMERG.20120804-S103000-E105959.0630.V07B.HDF5,2012-08-04T10:30:00,DERIVED,cloudburst-induced flood,True,0.2199999988079071,0.8749999701976776,1.6699999570846558,7.749999865889549,11.659999832510948,13.724999777972698,13.724999777972698,13.724999777972698,DATE_ONLY,SUITABLE_RAINFALL_FLASH_FLOOD,Major,1150.0,26.8,225.0,-0.014,15200,8.9,14.8,110.0,1.9,10,Tree cover,0.65,0.2,0.05,0.1,,,,,,,,,,HISTORICAL_VINTAGE_UNAVAILABLE,,,,,,,UNAVAILABLE
FL-UK-2012-01,2012-08-03,2012-08-04T12:30:00,30.649999618530273,78.44999694824219,1.1749999523162842,2.3499999046325684,GPM_3IMERGHH_07,V07B,3B-HHR.MS.MRG.3IMERG.20120804-S123000-E125959.0750.V07B.HDF5,2012-08-04T12:30:00,DERIVED,cloudburst-induced flood,True,1.1749999523162842,1.3949999511241913,2.729999914765358,7.6999997943639755,11.424999818205833,14.899999730288982,14.899999730288982,14.899999730288982,DATE_ONLY,SUITABLE_RAINFALL_FLASH_FLOOD,Major,1150.0,26.8,225.0,-0.014,15200,8.9,14.8,110.0,1.9,10,Tree cover,0.65,0.2,0.05,0.1,,,,,,,,,,HISTORICAL_VINTAGE_UNAVAILABLE,,,,,,,UNAVAILABLE
FL-UK-2012-01,2012-08-03,2012-08-04T14:30:00,30.649999618530273,78.44999694824219,0.23999999463558197,0.47999998927116394,GPM_3IMERGHH_07,V07B,3B-HHR.MS.MRG.3IMERG.20120804-S143000-E145959.0870.V07B.HDF5,2012-08-04T14:30:00,DERIVED,cloudburst-induced flood,True,0.23999999463558197,1.4149999469518661,2.854999914765358,4.464999884366989,10.3049997985363,15.139999724924564,15.139999724924564,15.139999724924564,DATE_ONLY,SUITABLE_RAINFALL_FLASH_FLOOD,Major,1150.0,26.8,225.0,-0.014,15200,8.9,14.8,110.0,1.9,10,Tree cover,0.65,0.2,0.05,0.1,,,,,,,,,,HISTORICAL_VINTAGE_UNAVAILABLE,,,,,,,UNAVAILABLE
FL-UK-2012-01,2012-08-03,2012-08-04T16:30:00,30.649999618530273,78.44999694824219,0.0,0.0,GPM_3IMERGHH_07,V07B,3B-HHR.MS.MRG.3IMERG.20120804-S163000-E165959.0990.V07B.HDF5,2012-08-04T16:30:00,DERIVED,cloudburst-induced flood,True,0.0,0.23999999463558197,2.2899999171495438,3.4599998891353607,9.499999791383743,15.139999724924564,15.139999724924564,15.139999724924564,DATE_ONLY,SUITABLE_RAINFALL_FLASH_FLOOD,Major,1150.0,26.8,225.0,-0.014,15200,8.9,14.8,110.0,1.9,10,Tree cover,0.65,0.2,0.05,0.1,,,,,,,,,,HISTORICAL_VINTAGE_UNAVAILABLE,,,,,,,UNAVAILABLE
FL-UK-2012-01,2012-08-03,2012-08-04T18:30:00,30.649999618530273,78.44999694824219,0.0,0.0,GPM_3IMERGHH_07,V07B,3B-HHR.MS.MRG.3IMERG.20120804-S183000-E185959.1110.V07B.HDF5,2012-08-04T18:30:00,DERIVED,cloudburst-induced flood,True,0.0,0.0,2.2899999171495438,3.314999893307686,9.499999791383743,15.139999724924564,15.139999724924564,15.139999724924564,DATE_ONLY,SUITABLE_RAINFALL_FLASH_FLOOD,Major,1150.0,26.8,225.0,-0.014,15200,8.9,14.8,110.0,1.9,10,Tree cover,0.65,0.2,0.05,0.1,,,,,,,,,,HISTORICAL_VINTAGE_UNAVAILABLE,,,,,,,UNAVAILABLE
FL-UK-2012-01,2012-08-03,2012-08-04T22:00:00,30.649999618530273,78.44999694824219,0.25,0.5,GPM_3IMERGHH_07,V07B,3B-HHR.MS.MRG.3IMERG.20120804-S220000-E222959.1320.V07B.HDF5,2012-08-04T22:00:00,DERIVED,cloudburst-induced flood,True,0.25,0.25,1.8849999457597733,3.564999893307686,9.749999791383743,15.389999724924564,15.389999724924564,15.389999724924564,DATE_ONLY,SUITABLE_RAINFALL_FLASH_FLOOD,Major,1150.0,26.8,225.0,-0.014,15200,8.9,14.8,110.0,1.9,10,Tree cover,0.65,0.2,0.05,0.1,,,,,,,,,,HISTORICAL_VINTAGE_UNAVAILABLE,,,,,,,UNAVAILABLE
FL-UK-2012-01,2012-08-03,2012-08-01T06:00:00,30.649999618530273,78.54999542236328,0.0,0.0,GPM_3IMERGHH_07,V07B,3B-HHR.MS.MRG.3IMERG.20120801-S060000-E062959.0360.V07B.HDF5,2012-08-01T06:00:00,DERIVED,cloudburst-induced flood,True,0.0,0.0,0.0,0.0,0.0,0.0,0.0,0.0,DATE_ONLY,SUITABLE_RAINFALL_FLASH_FLOOD,Major,1150.0,26.8,225.0,-0.014,15200,8.9,14.8,110.0,1.9,10,Tree cover,0.65,0.2,0.05,0.1,,,,,,,,,,HISTORICAL_VINTAGE_UNAVAILABLE,,,,,,,UNAVAILABLE
FL-UK-2012-01,2012-08-03,2012-08-01T08:30:00,30.649999618530273,78.54999542236328,0.3649999797344208,0.7299999594688416,GPM_3IMERGHH_07,V07B,3B-HHR.MS.MRG.3IMERG.20120801-S083000-E085959.0510.V07B.HDF5,2012-08-01T08:30:00,DERIVED,cloudburst-induced flood,True,0.3649999797344208,0.3649999797344208,0.3649999797344208,0.3649999797344208,0.3649999797344208,0.3649999797344208,0.3649999797344208,0.3649999797344208,DATE_ONLY,SUITABLE_RAINFALL_FLASH_FLOOD,Major,1150.0,26.8,225.0,-0.014,15200,8.9,14.8,110.0,1.9,10,Tree cover,0.65,0.2,0.05,0.1,,,,,,,,,,HISTORICAL_VINTAGE_UNAVAILABLE,,,,,,,UNAVAILABLE
FL-UK-2012-01,2012-08-03,2012-08-01T10:30:00,30.649999618530273,78.54999542236328,0.5249999761581421,1.0499999523162842,GPM_3IMERGHH_07,V07B,3B-HHR.MS.MRG.3IMERG.20120801-S103000-E105959.0630.V07B.HDF5,2012-08-01T10:30:00,DERIVED,cloudburst-induced flood,True,0.5249999761581421,0.8899999558925629,0.8899999558925629,0.8899999558925629,0.8899999558925629,0.8899999558925629,0.8899999558925629,0.8899999558925629,DATE_ONLY,SUITABLE_RAINFALL_FLASH_FLOOD,Major,1150.0,26.8,225.0,-0.014,15200,8.9,14.8,110.0,1.9,10,Tree cover,0.65,0.2,0.05,0.1,,,,,,,,,,HISTORICAL_VINTAGE_UNAVAILABLE,,,,,,,UNAVAILABLE
FL-UK-2012-01,2012-08-03,2012-08-01T12:30:00,30.649999618530273,78.54999542236328,1.0399999618530273,2.0799999237060547,GPM_3IMERGHH_07,V07B,3B-HHR.MS.MRG.3IMERG.20120801-S123000-E125959.0750.V07B.HDF5,2012-08-01T12:30:00,DERIVED,cloudburst-induced flood,True,1.0399999618530273,1.5649999380111694,1.9299999177455902,1.9299999177455902,1.9299999177455902,1.9299999177455902,1.9299999177455902,1.9299999177455902,DATE_ONLY,SUITABLE_RAINFALL_FLASH_FLOOD,Major,1150.0,26.8,225.0,-0.014,15200,8.9,14.8,110.0,1.9,10,Tree cover,0.65,0.2,0.05,0.1,,,,,,,,,,HISTORICAL_VINTAGE_UNAVAILABLE,,,,,,,UNAVAILABLE
FL-UK-2012-01,2012-08-03,2012-08-01T14:30:00,30.649999618530273,78.54999542236328,0.16499999165534973,0.32999998331069946,GPM_3IMERGHH_07,V07B,3B-HHR.MS.MRG.3IMERG.20120801-S143000-E145959.0870.V07B.HDF5,2012-08-01T14:30:00,DERIVED,cloudburst-induced flood,True,0.16499999165534973,1.204999953508377,2.09499990940094,2.09499990940094,2.09499990940094,2.09499990940094,2.09499990940094,2.09499990940094,DATE_ONLY,SUITABLE_RAINFALL_FLASH_FLOOD,Major,1150.0,26.8,225.0,-0.014,15200,8.9,14.8,110.0,1.9,10,Tree cover,0.65,0.2,0.05,0.1,,,,,,,,,,HISTORICAL_VINTAGE_UNAVAILABLE,,,,,,,UNAVAILABLE
FL-UK-2012-01,2012-08-03,2012-08-01T16:30:00,30.649999618530273,78.54999542236328,0.0,0.0,GPM_3IMERGHH_07,V07B,3B-HHR.MS.MRG.3IMERG.20120801-S163000-E165959.0990.V07B.HDF5,2012-08-01T16:30:00,DERIVED,cloudburst-induced flood,True,0.0,0.16499999165534973,2.09499990940094,2.09499990940094,2.09499990940094,2.09499990940094,2.09499990940094,2.09499990940094,DATE_ONLY,SUITABLE_RAINFALL_FLASH_FLOOD,Major,1150.0,26.8,225.0,-0.014,15200,8.9,14.8,110.0,1.9,10,Tree cover,0.65,0.2,0.05,0.1,,,,,,,,,,HISTORICAL_VINTAGE_UNAVAILABLE,,,,,,,UNAVAILABLE
FL-UK-2012-01,2012-08-03,2012-08-01T18:30:00,30.649999618530273,78.54999542236328,0.3649999797344208,0.7299999594688416,GPM_3IMERGHH_07,V07B,3B-HHR.MS.MRG.3IMERG.20120801-S183000-E185959.1110.V07B.HDF5,2012-08-01T18:30:00,DERIVED,cloudburst-induced flood,True,0.3649999797344208,0.3649999797344208,2.4599998891353607,2.4599998891353607,2.4599998891353607,2.4599998891353607,2.4599998891353607,2.4599998891353607,DATE_ONLY,SUITABLE_RAINFALL_FLASH_FLOOD,Major,1150.0,26.8,225.0,-0.014,15200,8.9,14.8,110.0,1.9,10,Tree cover,0.65,0.2,0.05,0.1,,,,,,,,,,HISTORICAL_VINTAGE_UNAVAILABLE,,,,,,,UNAVAILABLE
FL-UK-2012-01,2012-08-03,2012-08-01T20:30:00,30.649999618530273,78.54999542236328,0.2549999952316284,0.5099999904632568,GPM_3IMERGHH_07,V07B,3B-HHR.MS.MRG.3IMERG.20120801-S203000-E205959.1230.V07B.HDF5,2012-08-01T20:30:00,DERIVED,cloudburst-induced flood,True,0.2549999952316284,0.6199999749660492,2.3499999046325684,2.714999884366989,2.714999884366989,2.714999884366989,2.714999884366989,2.714999884366989,DATE_ONLY,SUITABLE_RAINFALL_FLASH_FLOOD,Major,1150.0,26.8,225.0,-0.014,15200,8.9,14.8,110.0,1.9,10,Tree cover,0.65,0.2,0.05,0.1,,,,,,,,,,HISTORICAL_VINTAGE_UNAVAILABLE,,,,,,,UNAVAILABLE
FL-UK-2012-01,2012-08-03,2012-08-01T22:30:00,30.649999618530273,78.54999542236328,0.125,0.25,GPM_3IMERGHH_07,V07B,3B-HHR.MS.MRG.3IMERG.20120801-S223000-E225959.1350.V07B.HDF5,2012-08-01T22:30:00,DERIVED,cloudburst-induced flood,True,0.125,0.3799999952316284,1.9499999284744263,2.839999884366989,2.839999884366989,2.839999884366989,2.839999884366989,2.839999884366989,DATE_ONLY,SUITABLE_RAINFALL_FLASH_FLOOD,Major,1150.0,26.8,225.0,-0.014,15200,8.9,14.8,110.0,1.9,10,Tree cover,0.65,0.2,0.05,0.1,,,,,,,,,,HISTORICAL_VINTAGE_UNAVAILABLE,,,,,,,UNAVAILABLE
FL-UK-2012-01,2012-08-03,2012-08-02T00:30:00,30.649999618530273,78.54999542236328,0.2549999952316284,0.5099999904632568,GPM_3IMERGHH_07,V07B,3B-HHR.MS.MRG.3IMERG.20120802-S003000-E005959.0030.V07B.HDF5,2012-08-02T00:30:00,DERIVED,cloudburst-induced flood,True,0.2549999952316284,0.3799999952316284,1.1649999618530273,3.0949998795986176,3.0949998795986176,3.0949998795986176,3.0949998795986176,3.0949998795986176,DATE_ONLY,SUITABLE_RAINFALL_FLASH_FLOOD,Major,1150.0,26.8,225.0,-0.014,15200,8.9,14.8,110.0,1.9,10,Tree cover,0.65,0.2,0.05,0.1,,,,,,,,,,HISTORICAL_VINTAGE_UNAVAILABLE,,,,,,,UNAVAILABLE
FL-UK-2012-01,2012-08-03,2012-08-02T02:30:00,30.649999618530273,78.54999542236328,0.14000000059604645,0.2800000011920929,GPM_3IMERGHH_07,V07B,3B-HHR.MS.MRG.3IMERG.20120802-S023000-E025959.0150.V07B.HDF5,2012-08-02T02:30:00,DERIVED,cloudburst-induced flood,True,0.14000000059604645,0.39499999582767487,1.139999970793724,3.234999880194664,3.234999880194664,3.234999880194664,3.234999880194664,3.234999880194664,DATE_ONLY,SUITABLE_RAINFALL_FLASH_FLOOD,Major,1150.0,26.8,225.0,-0.014,15200,8.9,14.8,110.0,1.9,10,Tree cover,0.65,0.2,0.05,0.1,,,,,,,,,,HISTORICAL_VINTAGE_UNAVAILABLE,,,,,,,UNAVAILABLE
FL-UK-2012-01,2012-08-03,2012-08-02T04:30:00,30.649999618530273,78.54999542236328,0.0,0.0,GPM_3IMERGHH_07,V07B,3B-HHR.MS.MRG.3IMERG.20120802-S043000-E045959.0270.V07B.HDF5,2012-08-02T04:30:00,DERIVED,cloudburst-induced flood,True,0.0,0.14000000059604645,1.139999970793724,3.234999880194664,3.234999880194664,3.234999880194664,3.234999880194664,3.234999880194664,DATE_ONLY,SUITABLE_RAINFALL_FLASH_FLOOD,Major,1150.0,26.8,225.0,-0.014,15200,8.9,14.8,110.0,1.9,10,Tree cover,0.65,0.2,0.05,0.1,,,,,,,,,,HISTORICAL_VINTAGE_UNAVAILABLE,,,,,,,UNAVAILABLE
FL-UK-2012-01,2012-08-03,2012-08-02T06:30:00,30.649999618530273,78.54999542236328,0.0,0.0,GPM_3IMERGHH_07,V07B,3B-HHR.MS.MRG.3IMERG.20120802-S063000-E065959.0390.V07B.HDF5,2012-08-02T06:30:00,DERIVED,cloudburst-induced flood,True,0.0,0.0,0.7749999910593033,3.234999880194664,3.234999880194664,3.234999880194664,3.234999880194664,3.234999880194664,DATE_ONLY,SUITABLE_RAINFALL_FLASH_FLOOD,Major,1150.0,26.8,225.0,-0.014,15200,8.9,14.8,110.0,1.9,10,Tree cover,0.65,0.2,0.05,0.1,,,,,,,,,,HISTORICAL_VINTAGE_UNAVAILABLE,,,,,,,UNAVAILABLE
FL-UK-2012-01,2012-08-03,2012-08-02T08:30:00,30.649999618530273,78.54999542236328,0.0,0.0,GPM_3IMERGHH_07,V07B,3B-HHR.MS.MRG.3IMERG.20120802-S083000-E085959.0510.V07B.HDF5,2012-08-02T08:30:00,DERIVED,cloudburst-induced flood,True,0.0,0.0,0.5199999958276749,2.8699999004602432,3.234999880194664,3.234999880194664,3.234999880194664,3.234999880194664,DATE_ONLY,SUITABLE_RAINFALL_FLASH_FLOOD,Major,1150.0,26.8,225.0,-0.014,15200,8.9,14.8,110.0,1.9,10,Tree cover,0.65,0.2,0.05,0.1,,,,,,,,,,HISTORICAL_VINTAGE_UNAVAILABLE,,,,,,,UNAVAILABLE
FL-UK-2012-01,2012-08-03,2012-08-02T10:30:00,30.649999618530273,78.54999542236328,0.3199999928474426,0.6399999856948853,GPM_3IMERGHH_07,V07B,3B-HHR.MS.MRG.3IMERG.20120802-S103000-E105959.0630.V07B.HDF5,2012-08-02T10:30:00,DERIVED,cloudburst-induced flood,True,0.3199999928474426,0.3199999928474426,0.7149999886751175,2.6649999171495438,3.5549998730421066,3.5549998730421066,3.5549998730421066,3.5549998730421066,DATE_ONLY,SUITABLE_RAINFALL_FLASH_FLOOD,Major,1150.0,26.8,225.0,-0.014,15200,8.9,14.8,110.0,1.9,10,Tree cover,0.65,0.2,0.05,0.1,,,,,,,,,,HISTORICAL_VINTAGE_UNAVAILABLE,,,,,,,UNAVAILABLE
FL-UK-2012-01,2012-08-03,2012-08-02T12:30:00,30.649999618530273,78.54999542236328,1.7350000143051147,3.4700000286102295,GPM_3IMERGHH_07,V07B,3B-HHR.MS.MRG.3IMERG.20120802-S123000-E125959.0750.V07B.HDF5,2012-08-02T12:30:00,DERIVED,cloudburst-induced flood,True,1.7350000143051147,2.0550000071525574,2.195000007748604,3.359999969601631,5.289999887347221,5.289999887347221,5.289999887347221,5.289999887347221,DATE_ONLY,SUITABLE_RAINFALL_FLASH_FLOOD,Major,1150.0,26.8,225.0,-0.014,15200,8.9,14.8,110.0,1.9,10,Tree cover,0.65,0.2,0.05,0.1,,,,,,,,,,HISTORICAL_VINTAGE_UNAVAILABLE,,,,,,,UNAVAILABLE
FL-UK-2012-01,2012-08-03,2012-08-02T14:30:00,30.649999618530273,78.54999542236328,0.429999977350235,0.85999995470047,GPM_3IMERGHH_07,V07B,3B-HHR.MS.MRG.3IMERG.20120802-S143000-E145959.0870.V07B.HDF5,2012-08-02T14:30:00,DERIVED,cloudburst-induced flood,True,0.429999977350235,2.1649999916553497,2.4849999845027924,3.6249999552965164,5.719999864697456,5.719999864697456,5.719999864697456,5.719999864697456,DATE_ONLY,SUITABLE_RAINFALL_FLASH_FLOOD,Major,1150.0,26.8,225.0,-0.014,15200,8.9,14.8,110.0,1.9,10,Tree cover,0.65,0.2,0.05,0.1,,,,,,,,,,HISTORICAL_VINTAGE_UNAVAILABLE,,,,,,,UNAVAILABLE
FL-UK-2012-01,2012-08-03,2012-08-02T16:30:00,30.649999618530273,78.54999542236328,0.44999998807907104,0.8999999761581421,GPM_3IMERGHH_07,V07B,3B-HHR.MS.MRG.3IMERG.20120802-S163000-E165959.0990.V07B.HDF5,2012-08-02T16:30:00,DERIVED,cloudburst-induced flood,True,0.44999998807907104,0.879999965429306,2.9349999725818634,4.0749999433755875,6.169999852776527,6.169999852776527,6.169999852776527,6.169999852776527,DATE_ONLY,SUITABLE_RAINFALL_FLASH_FLOOD,Major,1150.0,26.8,225.0,-0.014,15200,8.9,14.8,110.0,1.9,10,Tree cover,0.65,0.2,0.05,0.1,,,,,,,,,,HISTORICAL_VINTAGE_UNAVAILABLE,,,,,,,UNAVAILABLE
FL-UK-2012-01,2012-08-03,2012-08-02T18:30:00,30.649999618530273,78.54999542236328,0.0,0.0,GPM_3IMERGHH_07,V07B,3B-HHR.MS.MRG.3IMERG.20120802-S183000-E185959.1110.V07B.HDF5,2012-08-02T18:30:00,DERIVED,cloudburst-induced flood,True,0.0,0.44999998807907104,2.9349999725818634,3.7099999636411667,6.169999852776527,6.169999852776527,6.169999852776527,6.169999852776527,DATE_ONLY,SUITABLE_RAINFALL_FLASH_FLOOD,Major,1150.0,26.8,225.0,-0.014,15200,8.9,14.8,110.0,1.9,10,Tree cover,0.65,0.2,0.05,0.1,,,,,,,,,,HISTORICAL_VINTAGE_UNAVAILABLE,,,,,,,UNAVAILABLE
FL-UK-2012-01,2012-08-03,2012-08-02T20:30:00,30.649999618530273,78.54999542236328,0.0,0.0,GPM_3IMERGHH_07,V07B,3B-HHR.MS.MRG.3IMERG.20120802-S203000-E205959.1230.V07B.HDF5,2012-08-02T20:30:00,DERIVED,cloudburst-induced flood,True,0.0,0.0,2.9349999725818634,3.4549999684095383,6.169999852776527,6.169999852776527,6.169999852776527,6.169999852776527,DATE_ONLY,SUITABLE_RAINFALL_FLASH_FLOOD,Major,1150.0,26.8,225.0,-0.014,15200,8.9,14.8,110.0,1.9,10,Tree cover,0.65,0.2,0.05,0.1,,,,,,,,,,HISTORICAL_VINTAGE_UNAVAILABLE,,,,,,,UNAVAILABLE
FL-UK-2012-01,2012-08-03,2012-08-02T22:30:00,30.649999618530273,78.54999542236328,0.23999999463558197,0.47999998927116394,GPM_3IMERGHH_07,V07B,3B-HHR.MS.MRG.3IMERG.20120802-S223000-E225959.1350.V07B.HDF5,2012-08-02T22:30:00,DERIVED,cloudburst-induced flood,True,0.23999999463558197,0.23999999463558197,2.8549999743700027,3.5699999630451202,6.409999847412109,6.409999847412109,6.409999847412109,6.409999847412109,DATE_ONLY,SUITABLE_RAINFALL_FLASH_FLOOD,Major,1150.0,26.8,225.0,-0.014,15200,8.9,14.8,110.0,1.9,10,Tree cover,0.65,0.2,0.05,0.1,,,,,,,,,,HISTORICAL_VINTAGE_UNAVAILABLE,,,,,,,UNAVAILABLE
FL-UK-2012-01,2012-08-03,2012-08-03T00:30:00,30.649999618530273,78.54999542236328,0.0,0.0,GPM_3IMERGHH_07,V07B,3B-HHR.MS.MRG.3IMERG.20120803-S003000-E005959.0030.V07B.HDF5,2012-08-03T00:30:00,DERIVED,cloudburst-induced flood,True,0.0,0.23999999463558197,1.119999960064888,3.314999967813492,6.409999847412109,6.409999847412109,6.409999847412109,6.409999847412109,DATE_ONLY,SUITABLE_RAINFALL_FLASH_FLOOD,Major,1150.0,26.8,225.0,-0.014,15200,8.9,14.8,110.0,1.9,10,Tree cover,0.65,0.2,0.05,0.1,,,,,,,,,,HISTORICAL_VINTAGE_UNAVAILABLE,,,,,,,UNAVAILABLE
FL-UK-2012-01,2012-08-03,2012-08-03T02:30:00,30.649999618530273,78.54999542236328,0.0,0.0,GPM_3IMERGHH_07,V07B,3B-HHR.MS.MRG.3IMERG.20120803-S023000-E025959.0150.V07B.HDF5,2012-08-03T02:30:00,DERIVED,cloudburst-induced flood,True,0.0,0.0,0.689999982714653,3.1749999672174454,6.409999847412109,6.409999847412109,6.409999847412109,6.409999847412109,DATE_ONLY,SUITABLE_RAINFALL_FLASH_FLOOD,Major,1150.0,26.8,225.0,-0.014,15200,8.9,14.8,110.0,1.9,10,Tree cover,0.65,0.2,0.05,0.1,,,,,,,,,,HISTORICAL_VINTAGE_UNAVAILABLE,,,,,,,UNAVAILABLE
FL-UK-2012-01,2012-08-03,2012-08-03T04:30:00,30.649999618530273,78.54999542236328,0.0,0.0,GPM_3IMERGHH_07,V07B,3B-HHR.MS.MRG.3IMERG.20120803-S043000-E045959.0270.V07B.HDF5,2012-08-03T04:30:00,DERIVED,cloudburst-induced flood,True,0.0,0.0,0.23999999463558197,3.1749999672174454,6.409999847412109,6.409999847412109,6.409999847412109,6.409999847412109,DATE_ONLY,SUITABLE_RAINFALL_FLASH_FLOOD,Major,1150.0,26.8,225.0,-0.014,15200,8.9,14.8,110.0,1.9,10,Tree cover,0.65,0.2,0.05,0.1,,,,,,,,,,HISTORICAL_VINTAGE_UNAVAILABLE,,,,,,,UNAVAILABLE
FL-UK-2012-01,2012-08-03,2012-08-03T06:30:00,30.649999618530273,78.54999542236328,0.0,0.0,GPM_3IMERGHH_07,V07B,3B-HHR.MS.MRG.3IMERG.20120803-S063000-E065959.0390.V07B.HDF5,2012-08-03T06:30:00,DERIVED,cloudburst-induced flood,True,0.0,0.0,0.23999999463558197,3.1749999672174454,6.409999847412109,6.409999847412109,6.409999847412109,6.409999847412109,DATE_ONLY,SUITABLE_RAINFALL_FLASH_FLOOD,Major,1150.0,26.8,225.0,-0.014,15200,8.9,14.8,110.0,1.9,10,Tree cover,0.65,0.2,0.05,0.1,,,,,,,,,,HISTORICAL_VINTAGE_UNAVAILABLE,,,,,,,UNAVAILABLE
FL-UK-2012-01,2012-08-03,2012-08-03T08:30:00,30.649999618530273,78.54999542236328,0.0,0.0,GPM_3IMERGHH_07,V07B,3B-HHR.MS.MRG.3IMERG.20120803-S083000-E085959.0510.V07B.HDF5,2012-08-03T08:30:00,DERIVED,cloudburst-induced flood,True,0.0,0.0,0.23999999463558197,3.1749999672174454,6.044999867677689,6.409999847412109,6.409999847412109,6.409999847412109,DATE_ONLY,SUITABLE_RAINFALL_FLASH_FLOOD,Major,1150.0,26.8,225.0,-0.014,15200,8.9,14.8,110.0,1.9,10,Tree cover,0.65,0.2,0.05,0.1,,,,,,,,,,HISTORICAL_VINTAGE_UNAVAILABLE,,,,,,,UNAVAILABLE
FL-UK-2012-01,2012-08-03,2012-08-03T10:30:00,30.649999618530273,78.54999542236328,0.0,0.0,GPM_3IMERGHH_07,V07B,3B-HHR.MS.MRG.3IMERG.20120803-S103000-E105959.0630.V07B.HDF5,2012-08-03T10:30:00,DERIVED,cloudburst-induced flood,True,0.0,0.0,0.0,2.8549999743700027,5.5199998915195465,6.409999847412109,6.409999847412109,6.409999847412109,DATE_ONLY,SUITABLE_RAINFALL_FLASH_FLOOD,Major,1150.0,26.8,225.0,-0.014,15200,8.9,14.8,110.0,1.9,10,Tree cover,0.65,0.2,0.05,0.1,,,,,,,,,,HISTORICAL_VINTAGE_UNAVAILABLE,,,,,,,UNAVAILABLE
FL-UK-2012-01,2012-08-03,2012-08-03T12:30:00,30.649999618530273,78.54999542236328,1.2149999141693115,2.429999828338623,GPM_3IMERGHH_07,V07B,3B-HHR.MS.MRG.3IMERG.20120803-S123000-E125959.0750.V07B.HDF5,2012-08-03T12:30:00,DERIVED,cloudburst-induced flood,True,1.2149999141693115,1.2149999141693115,1.2149999141693115,2.3349998742341995,5.694999843835831,7.624999761581421,7.624999761581421,7.624999761581421,DATE_ONLY,SUITABLE_RAINFALL_FLASH_FLOOD,Major,1150.0,26.8,225.0,-0.014,15200,8.9,14.8,110.0,1.9,10,Tree cover,0.65,0.2,0.05,0.1,,,,,,,,,,HISTORICAL_VINTAGE_UNAVAILABLE,,,,,,,UNAVAILABLE
FL-UK-2012-01,2012-08-03,2012-08-03T14:30:00,30.649999618530273,78.54999542236328,2.575000047683716,5.150000095367432,GPM_3IMERGHH_07,V07B,3B-HHR.MS.MRG.3IMERG.20120803-S143000-E145959.0870.V07B.HDF5,2012-08-03T14:30:00,DERIVED,cloudburst-induced flood,True,2.575000047683716,3.7899999618530273,3.7899999618530273,4.47999994456768,8.104999899864197,10.199999809265137,10.199999809265137,10.199999809265137,DATE_ONLY,SUITABLE_RAINFALL_FLASH_FLOOD,Major,1150.0,26.8,225.0,-0.014,15200,8.9,14.8,110.0,1.9,10,Tree cover,0.65,0.2,0.05,0.1,,,,,,,,,,HISTORICAL_VINTAGE_UNAVAILABLE,,,,,,,UNAVAILABLE
FL-UK-2012-01,2012-08-03,2012-08-03T16:30:00,30.649999618530273,78.54999542236328,0.7599999904632568,1.5199999809265137,GPM_3IMERGHH_07,V07B,3B-HHR.MS.MRG.3IMERG.20120803-S163000-E165959.0990.V07B.HDF5,2012-08-03T16:30:00,DERIVED,cloudburst-induced flood,True,0.7599999904632568,3.3350000381469727,4.549999952316284,4.789999946951866,8.864999890327454,10.959999799728394,10.959999799728394,10.959999799728394,DATE_ONLY,SUITABLE_RAINFALL_FLASH_FLOOD,Major,1150.0,26.8,225.0,-0.014,15200,8.9,14.8,110.0,1.9,10,Tree cover,0.65,0.2,0.05,0.1,,,,,,,,,,HISTORICAL_VINTAGE_UNAVAILABLE,,,,,,,UNAVAILABLE
FL-UK-2012-01,2012-08-03,2012-08-03T18:30:00,30.649999618530273,78.54999542236328,0.25999999046325684,0.5199999809265137,GPM_3IMERGHH_07,V07B,3B-HHR.MS.MRG.3IMERG.20120803-S183000-E185959.1110.V07B.HDF5,2012-08-03T18:30:00,DERIVED,cloudburst-induced flood,True,0.25999999046325684,1.0199999809265137,4.809999942779541,5.049999937415123,8.75999990105629,11.21999979019165,11.21999979019165,11.21999979019165,DATE_ONLY,SUITABLE_RAINFALL_FLASH_FLOOD,Major,1150.0,26.8,225.0,-0.014,15200,8.9,14.8,110.0,1.9,10,Tree cover,0.65,0.2,0.05,0.1,,,,,,,,,,HISTORICAL_VINTAGE_UNAVAILABLE,,,,,,,UNAVAILABLE
FL-UK-2012-01,2012-08-03,2012-08-03T20:30:00,30.649999618530273,78.54999542236328,0.22499999403953552,0.44999998807907104,GPM_3IMERGHH_07,V07B,3B-HHR.MS.MRG.3IMERG.20120803-S203000-E205959.1230.V07B.HDF5,2012-08-03T20:30:00,DERIVED,cloudburst-induced flood,True,0.22499999403953552,0.48499998450279236,5.0349999368190765,5.2749999314546585,8.729999899864197,11.444999784231186,11.444999784231186,11.444999784231186,DATE_ONLY,SUITABLE_RAINFALL_FLASH_FLOOD,Major,1150.0,26.8,225.0,-0.014,15200,8.9,14.8,110.0,1.9,10,Tree cover,0.65,0.2,0.05,0.1,,,,,,,,,,HISTORICAL_VINTAGE_UNAVAILABLE,,,,,,,UNAVAILABLE
FL-UK-2012-01,2012-08-03,2012-08-03T22:30:00,30.649999618530273,78.54999542236328,0.5949999690055847,1.1899999380111694,GPM_3IMERGHH_07,V07B,3B-HHR.MS.MRG.3IMERG.20120803-S223000-E225959.1350.V07B.HDF5,2012-08-03T22:30:00,DERIVED,cloudburst-induced flood,True,0.5949999690055847,0.8199999630451202,5.629999905824661,5.629999905824661,9.199999868869781,12.03999975323677,12.03999975323677,12.03999975323677,DATE_ONLY,SUITABLE_RAINFALL_FLASH_FLOOD,Major,1150.0,26.8,225.0,-0.014,15200,8.9,14.8,110.0,1.9,10,Tree cover,0.65,0.2,0.05,0.1,,,,,,,,,,HISTORICAL_VINTAGE_UNAVAILABLE,,,,,,,UNAVAILABLE
FL-UK-2012-01,2012-08-03,2012-08-04T00:30:00,30.649999618530273,78.54999542236328,0.28999999165534973,0.5799999833106995,GPM_3IMERGHH_07,V07B,3B-HHR.MS.MRG.3IMERG.20120804-S003000-E005959.0030.V07B.HDF5,2012-08-04T00:30:00,DERIVED,cloudburst-induced flood,True,0.28999999165534973,0.8849999606609344,4.7049999833106995,5.919999897480011,9.234999865293503,12.32999974489212,12.32999974489212,12.32999974489212,DATE_ONLY,SUITABLE_RAINFALL_FLASH_FLOOD,Major,1150.0,26.8,225.0,-0.014,15200,8.9,14.8,110.0,1.9,10,Tree cover,0.65,0.2,0.05,0.1,,,,,,,,,,HISTORICAL_VINTAGE_UNAVAILABLE,,,,,,,UNAVAILABLE
FL-UK-2012-01,2012-08-03,2012-08-04T02:30:00,30.649999618530273,78.54999542236328,0.23999999463558197,0.47999998927116394,GPM_3IMERGHH_07,V07B,3B-HHR.MS.MRG.3IMERG.20120804-S023000-E025959.0150.V07B.HDF5,2012-08-04T02:30:00,DERIVED,cloudburst-induced flood,True,0.23999999463558197,0.5299999862909317,2.3699999302625656,6.159999892115593,9.334999859333038,12.569999739527702,12.569999739527702,12.569999739527702,DATE_ONLY,SUITABLE_RAINFALL_FLASH_FLOOD,Major,1150.0,26.8,225.0,-0.014,15200,8.9,14.8,110.0,1.9,10,Tree cover,0.65,0.2,0.05,0.1,,,,,,,,,,HISTORICAL_VINTAGE_UNAVAILABLE,,,,,,,UNAVAILABLE
FL-UK-2012-01,2012-08-03,2012-08-04T04:30:00,30.649999618530273,78.54999542236328,0.35999998450279236,0.7199999690055847,GPM_3IMERGHH_07,V07B,3B-HHR.MS.MRG.3IMERG.20120804-S043000-E045959.0270.V07B.HDF5,2012-08-04T04:30:00,DERIVED,cloudburst-induced flood,True,0.35999998450279236,0.5999999791383743,1.9699999243021011,6.519999876618385,9.69499984383583,12.929999724030495,12.929999724030495,12.929999724030495,DATE_ONLY,SUITABLE_RAINFALL_FLASH_FLOOD,Major,1150.0,26.8,225.0,-0.014,15200,8.9,14.8,110.0,1.9,10,Tree cover,0.65,0.2,0.05,0.1,,,,,,,,,,HISTORICAL_VINTAGE_UNAVAILABLE,,,,,,,UNAVAILABLE
FL-UK-2012-01,2012-08-03,2012-08-04T06:30:00,30.649999618530273,78.54999542236328,0.25999999046325684,0.5199999809265137,GPM_3IMERGHH_07,V07B,3B-HHR.MS.MRG.3IMERG.20120804-S063000-E065959.0390.V07B.HDF5,2012-08-04T06:30:00,DERIVED,cloudburst-induced flood,True,0.25999999046325684,0.6199999749660492,1.9699999243021011,6.779999867081642,9.954999834299088,13.189999714493752,13.189999714493752,13.189999714493752,DATE_ONLY,SUITABLE_RAINFALL_FLASH_FLOOD,Major,1150.0,26.8,225.0,-0.014,15200,8.9,14.8,110.0,1.9,10,Tree cover,0.65,0.2,0.05,0.1,,,,,,,,,,HISTORICAL_VINTAGE_UNAVAILABLE,,,,,,,UNAVAILABLE
FL-UK-2012-01,2012-08-03,2012-08-04T08:30:00,30.649999618530273,78.54999542236328,0.7599999904632568,1.5199999809265137,GPM_3IMERGHH_07,V07B,3B-HHR.MS.MRG.3IMERG.20120804-S083000-E085959.0510.V07B.HDF5,2012-08-04T08:30:00,DERIVED,cloudburst-induced flood,True,0.7599999904632568,1.0199999809265137,2.5049999207258224,7.539999857544899,10.714999824762344,13.949999704957008,13.949999704957008,13.949999704957008,DATE_ONLY,SUITABLE_RAINFALL_FLASH_FLOOD,Major,1150.0,26.8,225.0,-0.014,15200,8.9,14.8,110.0,1.9,10,Tree cover,0.65,0.2,0.05,0.1,,,,,,,,,,HISTORICAL_VINTAGE_UNAVAILABLE,,,,,,,UNAVAILABLE
FL-UK-2012-01,2012-08-03,2012-08-04T10:30:00,30.649999618530273,78.54999542236328,0.26999998092651367,0.5399999618530273,GPM_3IMERGHH_07,V07B,3B-HHR.MS.MRG.3IMERG.20120804-S103000-E105959.0630.V07B.HDF5,2012-08-04T10:30:00,DERIVED,cloudburst-induced flood,True,0.26999998092651367,1.0299999713897705,2.1799999326467514,7.809999838471413,10.664999812841415,14.219999685883522,14.219999685883522,14.219999685883522,DATE_ONLY,SUITABLE_RAINFALL_FLASH_FLOOD,Major,1150.0,26.8,225.0,-0.014,15200,8.9,14.8,110.0,1.9,10,Tree cover,0.65,0.2,0.05,0.1,,,,,,,,,,HISTORICAL_VINTAGE_UNAVAILABLE,,,,,,,UNAVAILABLE
FL-UK-2012-01,2012-08-03,2012-08-04T12:30:00,30.649999618530273,78.54999542236328,1.350000023841858,2.700000047683716,GPM_3IMERGHH_07,V07B,3B-HHR.MS.MRG.3IMERG.20120804-S123000-E125959.0750.V07B.HDF5,2012-08-04T12:30:00,DERIVED,cloudburst-induced flood,True,1.350000023841858,1.6200000047683716,3.2399999648332596,7.944999948143959,10.279999822378159,15.56999970972538,15.56999970972538,15.56999970972538,DATE_ONLY,SUITABLE_RAINFALL_FLASH_FLOOD,Major,1150.0,26.8,225.0,-0.014,15200,8.9,14.8,110.0,1.9,10,Tree cover,0.65,0.2,0.05,0.1,,,,,,,,,,HISTORICAL_VINTAGE_UNAVAILABLE,,,,,,,UNAVAILABLE
FL-UK-2012-01,2012-08-03,2012-08-04T14:30:00,30.649999618530273,78.54999542236328,0.38499999046325684,0.7699999809265137,GPM_3IMERGHH_07,V07B,3B-HHR.MS.MRG.3IMERG.20120804-S143000-E145959.0870.V07B.HDF5,2012-08-04T14:30:00,DERIVED,cloudburst-induced flood,True,0.38499999046325684,1.7350000143051147,3.3849999606609344,5.7549998909235,10.23499983549118,15.954999700188637,15.954999700188637,15.954999700188637,DATE_ONLY,SUITABLE_RAINFALL_FLASH_FLOOD,Major,1150.0,26.8,225.0,-0.014,15200,8.9,14.8,110.0,1.9,10,Tree cover,0.65,0.2,0.05,0.1,,,,,,,,,,HISTORICAL_VINTAGE_UNAVAILABLE,,,,,,,UNAVAILABLE
FL-UK-2012-01,2012-08-03,2012-08-04T16:30:00,30.649999618530273,78.54999542236328,0.0,0.0,GPM_3IMERGHH_07,V07B,3B-HHR.MS.MRG.3IMERG.20120804-S163000-E165959.0990.V07B.HDF5,2012-08-04T16:30:00,DERIVED,cloudburst-induced flood,True,0.0,0.38499999046325684,3.024999976158142,4.994999900460243,9.78499984741211,15.954999700188637,15.954999700188637,15.954999700188637,DATE_ONLY,SUITABLE_RAINFALL_FLASH_FLOOD,Major,1150.0,26.8,225.0,-0.014,15200,8.9,14.8,110.0,1.9,10,Tree cover,0.65,0.2,0.05,0.1,,,,,,,,,,HISTORICAL_VINTAGE_UNAVAILABLE,,,,,,,UNAVAILABLE
FL-UK-2012-01,2012-08-03,2012-08-04T18:30:00,30.649999618530273,78.54999542236328,0.07499999552965164,0.14999999105930328,GPM_3IMERGHH_07,V07B,3B-HHR.MS.MRG.3IMERG.20120804-S183000-E185959.1110.V07B.HDF5,2012-08-04T18:30:00,DERIVED,cloudburst-induced flood,True,0.07499999552965164,0.07499999552965164,2.839999981224537,4.809999905526638,9.859999842941761,16.02999969571829,16.02999969571829,16.02999969571829,DATE_ONLY,SUITABLE_RAINFALL_FLASH_FLOOD,Major,1150.0,26.8,225.0,-0.014,15200,8.9,14.8,110.0,1.9,10,Tree cover,0.65,0.2,0.05,0.1,,,,,,,,,,HISTORICAL_VINTAGE_UNAVAILABLE,,,,,,,UNAVAILABLE
FL-UK-2012-01,2012-08-03,2012-08-04T22:00:00,30.649999618530273,78.54999542236328,0.5149999856948853,1.0299999713897705,GPM_3IMERGHH_07,V07B,3B-HHR.MS.MRG.3IMERG.20120804-S220000-E222959.1320.V07B.HDF5,2012-08-04T22:00:00,DERIVED,cloudburst-induced flood,True,0.5149999856948853,0.5899999812245369,2.5949999764561653,5.099999897181988,10.374999828636646,16.544999681413174,16.544999681413174,16.544999681413174,DATE_ONLY,SUITABLE_RAINFALL_FLASH_FLOOD,Major,1150.0,26.8,225.0,-0.014,15200,8.9,14.8,110.0,1.9,10,Tree cover,0.65,0.2,0.05,0.1,,,,,,,,,,HISTORICAL_VINTAGE_UNAVAILABLE,,,,,,,UNAVAILABLE
FL-UK-2012-01,2012-08-03,2012-08-01T06:00:00,30.75,78.3499984741211,0.0,0.0,GPM_3IMERGHH_07,V07B,3B-HHR.MS.MRG.3IMERG.20120801-S060000-E062959.0360.V07B.HDF5,2012-08-01T06:00:00,DERIVED,cloudburst-induced flood,True,0.0,0.0,0.0,0.0,0.0,0.0,0.0,0.0,DATE_ONLY,SUITABLE_RAINFALL_FLASH_FLOOD,Major,1150.0,26.8,225.0,-0.014,15200,8.9,14.8,110.0,1.9,10,Tree cover,0.65,0.2,0.05,0.1,,,,,,,,,,HISTORICAL_VINTAGE_UNAVAILABLE,,,,,,,UNAVAILABLE
FL-UK-2012-01,2012-08-03,2012-08-01T08:30:00,30.75,78.3499984741211,0.0,0.0,GPM_3IMERGHH_07,V07B,3B-HHR.MS.MRG.3IMERG.20120801-S083000-E085959.0510.V07B.HDF5,2012-08-01T08:30:00,DERIVED,cloudburst-induced flood,True,0.0,0.0,0.0,0.0,0.0,0.0,0.0,0.0,DATE_ONLY,SUITABLE_RAINFALL_FLASH_FLOOD,Major,1150.0,26.8,225.0,-0.014,15200,8.9,14.8,110.0,1.9,10,Tree cover,0.65,0.2,0.05,0.1,,,,,,,,,,HISTORICAL_VINTAGE_UNAVAILABLE,,,,,,,UNAVAILABLE
FL-UK-2012-01,2012-08-03,2012-08-01T10:30:00,30.75,78.3499984741211,0.0,0.0,GPM_3IMERGHH_07,V07B,3B-HHR.MS.MRG.3IMERG.20120801-S103000-E105959.0630.V07B.HDF5,2012-08-01T10:30:00,DERIVED,cloudburst-induced flood,True,0.0,0.0,0.0,0.0,0.0,0.0,0.0,0.0,DATE_ONLY,SUITABLE_RAINFALL_FLASH_FLOOD,Major,1150.0,26.8,225.0,-0.014,15200,8.9,14.8,110.0,1.9,10,Tree cover,0.65,0.2,0.05,0.1,,,,,,,,,,HISTORICAL_VINTAGE_UNAVAILABLE,,,,,,,UNAVAILABLE
FL-UK-2012-01,2012-08-03,2012-08-01T12:30:00,30.75,78.3499984741211,0.1899999976158142,0.3799999952316284,GPM_3IMERGHH_07,V07B,3B-HHR.MS.MRG.3IMERG.20120801-S123000-E125959.0750.V07B.HDF5,2012-08-01T12:30:00,DERIVED,cloudburst-induced flood,True,0.1899999976158142,0.1899999976158142,0.1899999976158142,0.1899999976158142,0.1899999976158142,0.1899999976158142,0.1899999976158142,0.1899999976158142,DATE_ONLY,SUITABLE_RAINFALL_FLASH_FLOOD,Major,1150.0,26.8,225.0,-0.014,15200,8.9,14.8,110.0,1.9,10,Tree cover,0.65,0.2,0.05,0.1,,,,,,,,,,HISTORICAL_VINTAGE_UNAVAILABLE,,,,,,,UNAVAILABLE
FL-UK-2012-01,2012-08-03,2012-08-01T14:30:00,30.75,78.3499984741211,0.0,0.0,GPM_3IMERGHH_07,V07B,3B-HHR.MS.MRG.3IMERG.20120801-S143000-E145959.0870.V07B.HDF5,2012-08-01T14:30:00,DERIVED,cloudburst-induced flood,True,0.0,0.1899999976158142,0.1899999976158142,0.1899999976158142,0.1899999976158142,0.1899999976158142,0.1899999976158142,0.1899999976158142,DATE_ONLY,SUITABLE_RAINFALL_FLASH_FLOOD,Major,1150.0,26.8,225.0,-0.014,15200,8.9,14.8,110.0,1.9,10,Tree cover,0.65,0.2,0.05,0.1,,,,,,,,,,HISTORICAL_VINTAGE_UNAVAILABLE,,,,,,,UNAVAILABLE
FL-UK-2012-01,2012-08-03,2012-08-01T16:30:00,30.75,78.3499984741211,0.0,0.0,GPM_3IMERGHH_07,V07B,3B-HHR.MS.MRG.3IMERG.20120801-S163000-E165959.0990.V07B.HDF5,2012-08-01T16:30:00,DERIVED,cloudburst-induced flood,True,0.0,0.0,0.1899999976158142,0.1899999976158142,0.1899999976158142,0.1899999976158142,0.1899999976158142,0.1899999976158142,DATE_ONLY,SUITABLE_RAINFALL_FLASH_FLOOD,Major,1150.0,26.8,225.0,-0.014,15200,8.9,14.8,110.0,1.9,10,Tree cover,0.65,0.2,0.05,0.1,,,,,,,,,,HISTORICAL_VINTAGE_UNAVAILABLE,,,,,,,UNAVAILABLE
FL-UK-2012-01,2012-08-03,2012-08-01T18:30:00,30.75,78.3499984741211,0.675000011920929,1.350000023841858,GPM_3IMERGHH_07,V07B,3B-HHR.MS.MRG.3IMERG.20120801-S183000-E185959.1110.V07B.HDF5,2012-08-01T18:30:00,DERIVED,cloudburst-induced flood,True,0.675000011920929,0.675000011920929,0.8650000095367432,0.8650000095367432,0.8650000095367432,0.8650000095367432,0.8650000095367432,0.8650000095367432,DATE_ONLY,SUITABLE_RAINFALL_FLASH_FLOOD,Major,1150.0,26.8,225.0,-0.014,15200,8.9,14.8,110.0,1.9,10,Tree cover,0.65,0.2,0.05,0.1,,,,,,,,,,HISTORICAL_VINTAGE_UNAVAILABLE,,,,,,,UNAVAILABLE
FL-UK-2012-01,2012-08-03,2012-08-01T20:30:00,30.75,78.3499984741211,0.8799999952316284,1.7599999904632568,GPM_3IMERGHH_07,V07B,3B-HHR.MS.MRG.3IMERG.20120801-S203000-E205959.1230.V07B.HDF5,2012-08-01T20:30:00,DERIVED,cloudburst-induced flood,True,0.8799999952316284,1.5550000071525574,1.7450000047683716,1.7450000047683716,1.7450000047683716,1.7450000047683716,1.7450000047683716,1.7450000047683716,DATE_ONLY,SUITABLE_RAINFALL_FLASH_FLOOD,Major,1150.0,26.8,225.0,-0.014,15200,8.9,14.8,110.0,1.9,10,Tree cover,0.65,0.2,0.05,0.1,,,,,,,,,,HISTORICAL_VINTAGE_UNAVAILABLE,,,,,,,UNAVAILABLE
FL-UK-2012-01,2012-08-03,2012-08-01T22:30:00,30.75,78.3499984741211,0.4949999749660492,0.9899999499320984,GPM_3IMERGHH_07,V07B,3B-HHR.MS.MRG.3IMERG.20120801-S223000-E225959.1350.V07B.HDF5,2012-08-01T22:30:00,DERIVED,cloudburst-induced flood,True,0.4949999749660492,1.3749999701976776,2.2399999797344208,2.2399999797344208,2.2399999797344208,2.2399999797344208,2.2399999797344208,2.2399999797344208,DATE_ONLY,SUITABLE_RAINFALL_FLASH_FLOOD,Major,1150.0,26.8,225.0,-0.014,15200,8.9,14.8,110.0,1.9,10,Tree cover,0.65,0.2,0.05,0.1,,,,,,,,,,HISTORICAL_VINTAGE_UNAVAILABLE,,,,,,,UNAVAILABLE
FL-UK-2012-01,2012-08-03,2012-08-02T00:30:00,30.75,78.3499984741211,0.0,0.0,GPM_3IMERGHH_07,V07B,3B-HHR.MS.MRG.3IMERG.20120802-S003000-E005959.0030.V07B.HDF5,2012-08-02T00:30:00,DERIVED,cloudburst-induced flood,True,0.0,0.4949999749660492,2.0499999821186066,2.2399999797344208,2.2399999797344208,2.2399999797344208,2.2399999797344208,2.2399999797344208,DATE_ONLY,SUITABLE_RAINFALL_FLASH_FLOOD,Major,1150.0,26.8,225.0,-0.014,15200,8.9,14.8,110.0,1.9,10,Tree cover,0.65,0.2,0.05,0.1,,,,,,,,,,HISTORICAL_VINTAGE_UNAVAILABLE,,,,,,,UNAVAILABLE
FL-UK-2012-01,2012-08-03,2012-08-02T02:30:00,30.75,78.3499984741211,0.0,0.0,GPM_3IMERGHH_07,V07B,3B-HHR.MS.MRG.3IMERG.20120802-S023000-E025959.0150.V07B.HDF5,2012-08-02T02:30:00,DERIVED,cloudburst-induced flood,True,0.0,0.0,2.0499999821186066,2.2399999797344208,2.2399999797344208,2.2399999797344208,2.2399999797344208,2.2399999797344208,DATE_ONLY,SUITABLE_RAINFALL_FLASH_FLOOD,Major,1150.0,26.8,225.0,-0.014,15200,8.9,14.8,110.0,1.9,10,Tree cover,0.65,0.2,0.05,0.1,,,,,,,,,,HISTORICAL_VINTAGE_UNAVAILABLE,,,,,,,UNAVAILABLE
FL-UK-2012-01,2012-08-03,2012-08-02T04:30:00,30.75,78.3499984741211,0.0,0.0,GPM_3IMERGHH_07,V07B,3B-HHR.MS.MRG.3IMERG.20120802-S043000-E045959.0270.V07B.HDF5,2012-08-02T04:30:00,DERIVED,cloudburst-induced flood,True,0.0,0.0,2.0499999821186066,2.2399999797344208,2.2399999797344208,2.2399999797344208,2.2399999797344208,2.2399999797344208,DATE_ONLY,SUITABLE_RAINFALL_FLASH_FLOOD,Major,1150.0,26.8,225.0,-0.014,15200,8.9,14.8,110.0,1.9,10,Tree cover,0.65,0.2,0.05,0.1,,,,,,,,,,HISTORICAL_VINTAGE_UNAVAILABLE,,,,,,,UNAVAILABLE
FL-UK-2012-01,2012-08-03,2012-08-02T06:30:00,30.75,78.3499984741211,0.0,0.0,GPM_3IMERGHH_07,V07B,3B-HHR.MS.MRG.3IMERG.20120802-S063000-E065959.0390.V07B.HDF5,2012-08-02T06:30:00,DERIVED,cloudburst-induced flood,True,0.0,0.0,1.3749999701976776,2.2399999797344208,2.2399999797344208,2.2399999797344208,2.2399999797344208,2.2399999797344208,DATE_ONLY,SUITABLE_RAINFALL_FLASH_FLOOD,Major,1150.0,26.8,225.0,-0.014,15200,8.9,14.8,110.0,1.9,10,Tree cover,0.65,0.2,0.05,0.1,,,,,,,,,,HISTORICAL_VINTAGE_UNAVAILABLE,,,,,,,UNAVAILABLE
FL-UK-2012-01,2012-08-03,2012-08-02T08:30:00,30.75,78.3499984741211,0.0949999988079071,0.1899999976158142,GPM_3IMERGHH_07,V07B,3B-HHR.MS.MRG.3IMERG.20120802-S083000-E085959.0510.V07B.HDF5,2012-08-02T08:30:00,DERIVED,cloudburst-induced flood,True,0.0949999988079071,0.0949999988079071,0.5899999737739563,2.334999978542328,2.334999978542328,2.334999978542328,2.334999978542328,2.334999978542328,DATE_ONLY,SUITABLE_RAINFALL_FLASH_FLOOD,Major,1150.0,26.8,225.0,-0.014,15200,8.9,14.8,110.0,1.9,10,Tree cover,0.65,0.2,0.05,0.1,,,,,,,,,,HISTORICAL_VINTAGE_UNAVAILABLE,,,,,,,UNAVAILABLE
FL-UK-2012-01,2012-08-03,2012-08-02T10:30:00,30.75,78.3499984741211,0.44999998807907104,0.8999999761581421,GPM_3IMERGHH_07,V07B,3B-HHR.MS.MRG.3IMERG.20120802-S103000-E105959.0630.V07B.HDF5,2012-08-02T10:30:00,DERIVED,cloudburst-induced flood,True,0.44999998807907104,0.5449999868869781,0.5449999868869781,2.784999966621399,2.784999966621399,2.784999966621399,2.784999966621399,2.784999966621399,DATE_ONLY,SUITABLE_RAINFALL_FLASH_FLOOD,Major,1150.0,26.8,225.0,-0.014,15200,8.9,14.8,110.0,1.9,10,Tree cover,0.65,0.2,0.05,0.1,,,,,,,,,,HISTORICAL_VINTAGE_UNAVAILABLE,,,,,,,UNAVAILABLE
FL-UK-2012-01,2012-08-03,2012-08-02T12:30:00,30.75,78.3499984741211,1.5649999380111694,3.129999876022339,GPM_3IMERGHH_07,V07B,3B-HHR.MS.MRG.3IMERG.20120802-S123000-E125959.0750.V07B.HDF5,2012-08-02T12:30:00,DERIVED,cloudburst-induced flood,True,1.5649999380111694,2.0149999260902405,2.1099999248981476,4.159999907016754,4.349999904632568,4.349999904632568,4.349999904632568,4.349999904632568,DATE_ONLY,SUITABLE_RAINFALL_FLASH_FLOOD,Major,1150.0,26.8,225.0,-0.014,15200,8.9,14.8,110.0,1.9,10,Tree cover,0.65,0.2,0.05,0.1,,,,,,,,,,HISTORICAL_VINTAGE_UNAVAILABLE,,,,,,,UNAVAILABLE
FL-UK-2012-01,2012-08-03,2012-08-02T14:30:00,30.75,78.3499984741211,2.7149999141693115,5.429999828338623,GPM_3IMERGHH_07,V07B,3B-HHR.MS.MRG.3IMERG.20120802-S143000-E145959.0870.V07B.HDF5,2012-08-02T14:30:00,DERIVED,cloudburst-induced flood,True,2.7149999141693115,4.279999852180481,4.824999839067459,6.874999821186066,7.06499981880188,7.06499981880188,7.06499981880188,7.06499981880188,DATE_ONLY,SUITABLE_RAINFALL_FLASH_FLOOD,Major,1150.0,26.8,225.0,-0.014,15200,8.9,14.8,110.0,1.9,10,Tree cover,0.65,0.2,0.05,0.1,,,,,,,,,,HISTORICAL_VINTAGE_UNAVAILABLE,,,,,,,UNAVAILABLE
FL-UK-2012-01,2012-08-03,2012-08-02T16:30:00,30.75,78.3499984741211,0.0,0.0,GPM_3IMERGHH_07,V07B,3B-HHR.MS.MRG.3IMERG.20120802-S163000-E165959.0990.V07B.HDF5,2012-08-02T16:30:00,DERIVED,cloudburst-induced flood,True,0.0,2.7149999141693115,4.824999839067459,6.874999821186066,7.06499981880188,7.06499981880188,7.06499981880188,7.06499981880188,DATE_ONLY,SUITABLE_RAINFALL_FLASH_FLOOD,Major,1150.0,26.8,225.0,-0.014,15200,8.9,14.8,110.0,1.9,10,Tree cover,0.65,0.2,0.05,0.1,,,,,,,,,,HISTORICAL_VINTAGE_UNAVAILABLE,,,,,,,UNAVAILABLE
FL-UK-2012-01,2012-08-03,2012-08-02T18:30:00,30.75,78.3499984741211,0.14499999582767487,0.28999999165534973,GPM_3IMERGHH_07,V07B,3B-HHR.MS.MRG.3IMERG.20120802-S183000-E185959.1110.V07B.HDF5,2012-08-02T18:30:00,DERIVED,cloudburst-induced flood,True,0.14499999582767487,0.14499999582767487,4.969999834895134,6.344999805092812,7.209999814629555,7.209999814629555,7.209999814629555,7.209999814629555,DATE_ONLY,SUITABLE_RAINFALL_FLASH_FLOOD,Major,1150.0,26.8,225.0,-0.014,15200,8.9,14.8,110.0,1.9,10,Tree cover,0.65,0.2,0.05,0.1,,,,,,,,,,HISTORICAL_VINTAGE_UNAVAILABLE,,,,,,,UNAVAILABLE
FL-UK-2012-01,2012-08-03,2012-08-02T20:30:00,30.75,78.3499984741211,0.0,0.0,GPM_3IMERGHH_07,V07B,3B-HHR.MS.MRG.3IMERG.20120802-S203000-E205959.1230.V07B.HDF5,2012-08-02T20:30:00,DERIVED,cloudburst-induced flood,True,0.0,0.14499999582767487,4.874999836087227,5.464999809861183,7.209999814629555,7.209999814629555,7.209999814629555,7.209999814629555,DATE_ONLY,SUITABLE_RAINFALL_FLASH_FLOOD,Major,1150.0,26.8,225.0,-0.014,15200,8.9,14.8,110.0,1.9,10,Tree cover,0.65,0.2,0.05,0.1,,,,,,,,,,HISTORICAL_VINTAGE_UNAVAILABLE,,,,,,,UNAVAILABLE
FL-UK-2012-01,2012-08-03,2012-08-02T22:30:00,30.75,78.3499984741211,0.0,0.0,GPM_3IMERGHH_07,V07B,3B-HHR.MS.MRG.3IMERG.20120802-S223000-E225959.1350.V07B.HDF5,2012-08-02T22:30:00,DERIVED,cloudburst-induced flood,True,0.0,0.0,4.424999848008156,4.969999834895134,7.209999814629555,7.209999814629555,7.209999814629555,7.209999814629555,DATE_ONLY,SUITABLE_RAINFALL_FLASH_FLOOD,Major,1150.0,26.8,225.0,-0.014,15200,8.9,14.8,110.0,1.9,10,Tree cover,0.65,0.2,0.05,0.1,,,,,,,,,,HISTORICAL_VINTAGE_UNAVAILABLE,,,,,,,UNAVAILABLE
FL-UK-2012-01,2012-08-03,2012-08-03T00:30:00,30.75,78.3499984741211,0.0,0.0,GPM_3IMERGHH_07,V07B,3B-HHR.MS.MRG.3IMERG.20120803-S003000-E005959.0030.V07B.HDF5,2012-08-03T00:30:00,DERIVED,cloudburst-induced flood,True,0.0,0.0,2.8599999099969864,4.969999834895134,7.209999814629555,7.209999814629555,7.209999814629555,7.209999814629555,DATE_ONLY,SUITABLE_RAINFALL_FLASH_FLOOD,Major,1150.0,26.8,225.0,-0.014,15200,8.9,14.8,110.0,1.9,10,Tree cover,0.65,0.2,0.05,0.1,,,,,,,,,,HISTORICAL_VINTAGE_UNAVAILABLE,,,,,,,UNAVAILABLE
FL-UK-2012-01,2012-08-03,2012-08-03T02:30:00,30.75,78.3499984741211,0.0,0.0,GPM_3IMERGHH_07,V07B,3B-HHR.MS.MRG.3IMERG.20120803-S023000-E025959.0150.V07B.HDF5,2012-08-03T02:30:00,DERIVED,cloudburst-induced flood,True,0.0,0.0,0.14499999582767487,4.969999834895134,7.209999814629555,7.209999814629555,7.209999814629555,7.209999814629555,DATE_ONLY,SUITABLE_RAINFALL_FLASH_FLOOD,Major,1150.0,26.8,225.0,-0.014,15200,8.9,14.8,110.0,1.9,10,Tree cover,0.65,0.2,0.05,0.1,,,,,,,,,,HISTORICAL_VINTAGE_UNAVAILABLE,,,,,,,UNAVAILABLE
FL-UK-2012-01,2012-08-03,2012-08-03T04:30:00,30.75,78.3499984741211,0.0,0.0,GPM_3IMERGHH_07,V07B,3B-HHR.MS.MRG.3IMERG.20120803-S043000-E045959.0270.V07B.HDF5,2012-08-03T04:30:00,DERIVED,cloudburst-induced flood,True,0.0,0.0,0.14499999582767487,4.969999834895134,7.209999814629555,7.209999814629555,7.209999814629555,7.209999814629555,DATE_ONLY,SUITABLE_RAINFALL_FLASH_FLOOD,Major,1150.0,26.8,225.0,-0.014,15200,8.9,14.8,110.0,1.9,10,Tree cover,0.65,0.2,0.05,0.1,,,,,,,,,,HISTORICAL_VINTAGE_UNAVAILABLE,,,,,,,UNAVAILABLE
FL-UK-2012-01,2012-08-03,2012-08-03T06:30:00,30.75,78.3499984741211,0.0,0.0,GPM_3IMERGHH_07,V07B,3B-HHR.MS.MRG.3IMERG.20120803-S063000-E065959.0390.V07B.HDF5,2012-08-03T06:30:00,DERIVED,cloudburst-induced flood,True,0.0,0.0,0.0,4.969999834895134,7.209999814629555,7.209999814629555,7.209999814629555,7.209999814629555,DATE_ONLY,SUITABLE_RAINFALL_FLASH_FLOOD,Major,1150.0,26.8,225.0,-0.014,15200,8.9,14.8,110.0,1.9,10,Tree cover,0.65,0.2,0.05,0.1,,,,,,,,,,HISTORICAL_VINTAGE_UNAVAILABLE,,,,,,,UNAVAILABLE
FL-UK-2012-01,2012-08-03,2012-08-03T08:30:00,30.75,78.3499984741211,0.0,0.0,GPM_3IMERGHH_07,V07B,3B-HHR.MS.MRG.3IMERG.20120803-S083000-E085959.0510.V07B.HDF5,2012-08-03T08:30:00,DERIVED,cloudburst-induced flood,True,0.0,0.0,0.0,4.874999836087227,7.209999814629555,7.209999814629555,7.209999814629555,7.209999814629555,DATE_ONLY,SUITABLE_RAINFALL_FLASH_FLOOD,Major,1150.0,26.8,225.0,-0.014,15200,8.9,14.8,110.0,1.9,10,Tree cover,0.65,0.2,0.05,0.1,,,,,,,,,,HISTORICAL_VINTAGE_UNAVAILABLE,,,,,,,UNAVAILABLE
FL-UK-2012-01,2012-08-03,2012-08-03T10:30:00,30.75,78.3499984741211,0.0,0.0,GPM_3IMERGHH_07,V07B,3B-HHR.MS.MRG.3IMERG.20120803-S103000-E105959.0630.V07B.HDF5,2012-08-03T10:30:00,DERIVED,cloudburst-induced flood,True,0.0,0.0,0.0,4.424999848008156,7.209999814629555,7.209999814629555,7.209999814629555,7.209999814629555,DATE_ONLY,SUITABLE_RAINFALL_FLASH_FLOOD,Major,1150.0,26.8,225.0,-0.014,15200,8.9,14.8,110.0,1.9,10,Tree cover,0.65,0.2,0.05,0.1,,,,,,,,,,HISTORICAL_VINTAGE_UNAVAILABLE,,,,,,,UNAVAILABLE
FL-UK-2012-01,2012-08-03,2012-08-03T12:30:00,30.75,78.3499984741211,0.5450000166893005,1.090000033378601,GPM_3IMERGHH_07,V07B,3B-HHR.MS.MRG.3IMERG.20120803-S123000-E125959.0750.V07B.HDF5,2012-08-03T12:30:00,DERIVED,cloudburst-induced flood,True,0.5450000166893005,0.5450000166893005,0.5450000166893005,3.404999926686287,7.564999833703041,7.754999831318855,7.754999831318855,7.754999831318855,DATE_ONLY,SUITABLE_RAINFALL_FLASH_FLOOD,Major,1150.0,26.8,225.0,-0.014,15200,8.9,14.8,110.0,1.9,10,Tree cover,0.65,0.2,0.05,0.1,,,,,,,,,,HISTORICAL_VINTAGE_UNAVAILABLE,,,,,,,UNAVAILABLE
FL-UK-2012-01,2012-08-03,2012-08-03T14:30:00,30.75,78.3499984741211,4.259999752044678,8.519999504089355,GPM_3IMERGHH_07,V07B,3B-HHR.MS.MRG.3IMERG.20120803-S143000-E145959.0870.V07B.HDF5,2012-08-03T14:30:00,DERIVED,cloudburst-induced flood,True,4.259999752044678,4.804999768733978,4.804999768733978,4.949999764561653,11.824999585747719,12.014999583363533,12.014999583363533,12.014999583363533,DATE_ONLY,SUITABLE_RAINFALL_FLASH_FLOOD,Major,1150.0,26.8,225.0,-0.014,15200,8.9,14.8,110.0,1.9,10,Tree cover,0.65,0.2,0.05,0.1,,,,,,,,,,HISTORICAL_VINTAGE_UNAVAILABLE,,,,,,,UNAVAILABLE
FL-UK-2012-01,2012-08-03,2012-08-03T16:30:00,30.75,78.3499984741211,1.0149999856948853,2.0299999713897705,GPM_3IMERGHH_07,V07B,3B-HHR.MS.MRG.3IMERG.20120803-S163000-E165959.0990.V07B.HDF5,2012-08-03T16:30:00,DERIVED,cloudburst-induced flood,True,1.0149999856948853,5.274999737739563,5.8199997544288635,5.964999750256538,12.839999571442604,13.029999569058418,13.029999569058418,13.029999569058418,DATE_ONLY,SUITABLE_RAINFALL_FLASH_FLOOD,Major,1150.0,26.8,225.0,-0.014,15200,8.9,14.8,110.0,1.9,10,Tree cover,0.65,0.2,0.05,0.1,,,,,,,,,,HISTORICAL_VINTAGE_UNAVAILABLE,,,,,,,UNAVAILABLE
FL-UK-2012-01,2012-08-03,2012-08-03T18:30:00,30.75,78.3499984741211,0.04999999701976776,0.09999999403953552,GPM_3IMERGHH_07,V07B,3B-HHR.MS.MRG.3IMERG.20120803-S183000-E185959.1110.V07B.HDF5,2012-08-03T18:30:00,DERIVED,cloudburst-induced flood,True,0.04999999701976776,1.064999982714653,5.869999751448631,5.869999751448631,12.214999556541443,13.079999566078186,13.079999566078186,13.079999566078186,DATE_ONLY,SUITABLE_RAINFALL_FLASH_FLOOD,Major,1150.0,26.8,225.0,-0.014,15200,8.9,14.8,110.0,1.9,10,Tree cover,0.65,0.2,0.05,0.1,,,,,,,,,,HISTORICAL_VINTAGE_UNAVAILABLE,,,,,,,UNAVAILABLE
FL-UK-2012-01,2012-08-03,2012-08-03T20:30:00,30.75,78.3499984741211,0.5199999809265137,1.0399999618530273,GPM_3IMERGHH_07,V07B,3B-HHR.MS.MRG.3IMERG.20120803-S203000-E205959.1230.V07B.HDF5,2012-08-03T20:30:00,DERIVED,cloudburst-induced flood,True,0.5199999809265137,0.5699999779462814,6.389999732375145,6.389999732375145,11.854999542236328,13.5999995470047,13.5999995470047,13.5999995470047,DATE_ONLY,SUITABLE_RAINFALL_FLASH_FLOOD,Major,1150.0,26.8,225.0,-0.014,15200,8.9,14.8,110.0,1.9,10,Tree cover,0.65,0.2,0.05,0.1,,,,,,,,,,HISTORICAL_VINTAGE_UNAVAILABLE,,,,,,,UNAVAILABLE
FL-UK-2012-01,2012-08-03,2012-08-03T22:30:00,30.75,78.3499984741211,0.25,0.5,GPM_3IMERGHH_07,V07B,3B-HHR.MS.MRG.3IMERG.20120803-S223000-E225959.1350.V07B.HDF5,2012-08-03T22:30:00,DERIVED,cloudburst-induced flood,True,0.25,0.7699999809265137,6.639999732375145,6.639999732375145,11.609999567270279,13.8499995470047,13.8499995470047,13.8499995470047,DATE_ONLY,SUITABLE_RAINFALL_FLASH_FLOOD,Major,1150.0,26.8,225.0,-0.014,15200,8.9,14.8,110.0,1.9,10,Tree cover,0.65,0.2,0.05,0.1,,,,,,,,,,HISTORICAL_VINTAGE_UNAVAILABLE,,,,,,,UNAVAILABLE
FL-UK-2012-01,2012-08-03,2012-08-04T00:30:00,30.75,78.3499984741211,0.0,0.0,GPM_3IMERGHH_07,V07B,3B-HHR.MS.MRG.3IMERG.20120804-S003000-E005959.0030.V07B.HDF5,2012-08-04T00:30:00,DERIVED,cloudburst-induced flood,True,0.0,0.25,6.094999715685844,6.639999732375145,11.609999567270279,13.8499995470047,13.8499995470047,13.8499995470047,DATE_ONLY,SUITABLE_RAINFALL_FLASH_FLOOD,Major,1150.0,26.8,225.0,-0.014,15200,8.9,14.8,110.0,1.9,10,Tree cover,0.65,0.2,0.05,0.1,,,,,,,,,,HISTORICAL_VINTAGE_UNAVAILABLE,,,,,,,UNAVAILABLE
FL-UK-2012-01,2012-08-03,2012-08-04T02:30:00,30.75,78.3499984741211,0.14000000059604645,0.2800000011920929,GPM_3IMERGHH_07,V07B,3B-HHR.MS.MRG.3IMERG.20120804-S023000-E025959.0150.V07B.HDF5,2012-08-04T02:30:00,DERIVED,cloudburst-induced flood,True,0.14000000059604645,0.14000000059604645,1.9749999642372131,6.779999732971191,11.749999567866325,13.989999547600746,13.989999547600746,13.989999547600746,DATE_ONLY,SUITABLE_RAINFALL_FLASH_FLOOD,Major,1150.0,26.8,225.0,-0.014,15200,8.9,14.8,110.0,1.9,10,Tree cover,0.65,0.2,0.05,0.1,,,,,,,,,,HISTORICAL_VINTAGE_UNAVAILABLE,,,,,,,UNAVAILABLE
FL-UK-2012-01,2012-08-03,2012-08-04T04:30:00,30.75,78.3499984741211,0.85999995470047,1.71999990940094,GPM_3IMERGHH_07,V07B,3B-HHR.MS.MRG.3IMERG.20120804-S043000-E045959.0270.V07B.HDF5,2012-08-04T04:30:00,DERIVED,cloudburst-induced flood,True,0.85999995470047,0.9999999552965164,1.8199999332427979,7.639999687671661,12.609999522566795,14.849999502301216,14.849999502301216,14.849999502301216,DATE_ONLY,SUITABLE_RAINFALL_FLASH_FLOOD,Major,1150.0,26.8,225.0,-0.014,15200,8.9,14.8,110.0,1.9,10,Tree cover,0.65,0.2,0.05,0.1,,,,,,,,,,HISTORICAL_VINTAGE_UNAVAILABLE,,,,,,,UNAVAILABLE
FL-UK-2012-01,2012-08-03,2012-08-04T06:30:00,30.75,78.3499984741211,0.0,0.0,GPM_3IMERGHH_07,V07B,3B-HHR.MS.MRG.3IMERG.20120804-S063000-E065959.0390.V07B.HDF5,2012-08-04T06:30:00,DERIVED,cloudburst-induced flood,True,0.0,0.85999995470047,1.76999993622303,7.639999687671661,12.609999522566795,14.849999502301216,14.849999502301216,14.849999502301216,DATE_ONLY,SUITABLE_RAINFALL_FLASH_FLOOD,Major,1150.0,26.8,225.0,-0.014,15200,8.9,14.8,110.0,1.9,10,Tree cover,0.65,0.2,0.05,0.1,,,,,,,,,,HISTORICAL_VINTAGE_UNAVAILABLE,,,,,,,UNAVAILABLE
FL-UK-2012-01,2012-08-03,2012-08-04T08:30:00,30.75,78.3499984741211,0.04999999701976776,0.09999999403953552,GPM_3IMERGHH_07,V07B,3B-HHR.MS.MRG.3IMERG.20120804-S083000-E085959.0510.V07B.HDF5,2012-08-04T08:30:00,DERIVED,cloudburst-induced flood,True,0.04999999701976776,0.04999999701976776,1.2999999523162842,7.689999684691429,12.564999520778656,14.899999499320984,14.899999499320984,14.899999499320984,DATE_ONLY,SUITABLE_RAINFALL_FLASH_FLOOD,Major,1150.0,26.8,225.0,-0.014,15200,8.9,14.8,110.0,1.9,10,Tree cover,0.65,0.2,0.05,0.1,,,,,,,,,,HISTORICAL_VINTAGE_UNAVAILABLE,,,,,,,UNAVAILABLE
FL-UK-2012-01,2012-08-03,2012-08-04T10:30:00,30.75,78.3499984741211,0.2849999964237213,0.5699999928474426,GPM_3IMERGHH_07,V07B,3B-HHR.MS.MRG.3IMERG.20120804-S103000-E105959.0630.V07B.HDF5,2012-08-04T10:30:00,DERIVED,cloudburst-induced flood,True,0.2849999964237213,0.3349999934434891,1.3349999487400055,7.9749996811151505,12.399999529123306,15.184999495744705,15.184999495744705,15.184999495744705,DATE_ONLY,SUITABLE_RAINFALL_FLASH_FLOOD,Major,1150.0,26.8,225.0,-0.014,15200,8.9,14.8,110.0,1.9,10,Tree cover,0.65,0.2,0.05,0.1,,,,,,,,,,HISTORICAL_VINTAGE_UNAVAILABLE,,,,,,,UNAVAILABLE
FL-UK-2012-01,2012-08-03,2012-08-04T12:30:00,30.75,78.3499984741211,1.5,3.0,GPM_3IMERGHH_07,V07B,3B-HHR.MS.MRG.3IMERG.20120804-S123000-E125959.0750.V07B.HDF5,2012-08-04T12:30:00,DERIVED,cloudburst-induced flood,True,1.5,1.7849999964237213,2.8349999487400055,8.92999966442585,12.334999591112137,16.684999495744705,16.684999495744705,16.684999495744705,DATE_ONLY,SUITABLE_RAINFALL_FLASH_FLOOD,Major,1150.0,26.8,225.0,-0.014,15200,8.9,14.8,110.0,1.9,10,Tree cover,0.65,0.2,0.05,0.1,,,,,,,,,,HISTORICAL_VINTAGE_UNAVAILABLE,,,,,,,UNAVAILABLE
FL-UK-2012-01,2012-08-03,2012-08-04T14:30:00,30.75,78.3499984741211,2.0249998569488525,4.049999713897705,GPM_3IMERGHH_07,V07B,3B-HHR.MS.MRG.3IMERG.20120804-S143000-E145959.0870.V07B.HDF5,2012-08-04T14:30:00,DERIVED,cloudburst-induced flood,True,2.0249998569488525,3.5249998569488525,4.719999805092812,6.694999769330025,11.644999533891678,18.709999352693558,18.709999352693558,18.709999352693558,DATE_ONLY,SUITABLE_RAINFALL_FLASH_FLOOD,Major,1150.0,26.8,225.0,-0.014,15200,8.9,14.8,110.0,1.9,10,Tree cover,0.65,0.2,0.05,0.1,,,,,,,,,,HISTORICAL_VINTAGE_UNAVAILABLE,,,,,,,UNAVAILABLE
FL-UK-2012-01,2012-08-03,2012-08-04T16:30:00,30.75,78.3499984741211,0.0,0.0,GPM_3IMERGHH_07,V07B,3B-HHR.MS.MRG.3IMERG.20120804-S163000-E165959.0990.V07B.HDF5,2012-08-04T16:30:00,DERIVED,cloudburst-induced flood,True,0.0,2.0249998569488525,3.8599998503923416,5.6799997836351395,11.644999533891678,18.709999352693558,18.709999352693558,18.709999352693558,DATE_ONLY,SUITABLE_RAINFALL_FLASH_FLOOD,Major,1150.0,26.8,225.0,-0.014,15200,8.9,14.8,110.0,1.9,10,Tree cover,0.65,0.2,0.05,0.1,,,,,,,,,,HISTORICAL_VINTAGE_UNAVAILABLE,,,,,,,UNAVAILABLE
FL-UK-2012-01,2012-08-03,2012-08-04T18:30:00,30.75,78.3499984741211,0.22499999403953552,0.44999998807907104,GPM_3IMERGHH_07,V07B,3B-HHR.MS.MRG.3IMERG.20120804-S183000-E185959.1110.V07B.HDF5,2012-08-04T18:30:00,DERIVED,cloudburst-induced flood,True,0.22499999403953552,0.22499999403953552,4.084999844431877,5.854999780654907,11.724999532103539,18.934999346733093,18.934999346733093,18.934999346733093,DATE_ONLY,SUITABLE_RAINFALL_FLASH_FLOOD,Major,1150.0,26.8,225.0,-0.014,15200,8.9,14.8,110.0,1.9,10,Tree cover,0.65,0.2,0.05,0.1,,,,,,,,,,HISTORICAL_VINTAGE_UNAVAILABLE,,,,,,,UNAVAILABLE
FL-UK-2012-01,2012-08-03,2012-08-04T22:00:00,30.75,78.3499984741211,1.2149999141693115,2.429999828338623,GPM_3IMERGHH_07,V07B,3B-HHR.MS.MRG.3IMERG.20120804-S220000-E222959.1320.V07B.HDF5,2012-08-04T22:00:00,DERIVED,cloudburst-induced flood,True,1.2149999141693115,1.439999908208847,5.249999761581421,6.549999713897705,12.93999944627285,20.149999260902405,20.149999260902405,20.149999260902405,DATE_ONLY,SUITABLE_RAINFALL_FLASH_FLOOD,Major,1150.0,26.8,225.0,-0.014,15200,8.9,14.8,110.0,1.9,10,Tree cover,0.65,0.2,0.05,0.1,,,,,,,,,,HISTORICAL_VINTAGE_UNAVAILABLE,,,,,,,UNAVAILABLE
FL-UK-2012-01,2012-08-03,2012-08-01T06:00:00,30.75,78.44999694824219,0.0,0.0,GPM_3IMERGHH_07,V07B,3B-HHR.MS.MRG.3IMERG.20120801-S060000-E062959.0360.V07B.HDF5,2012-08-01T06:00:00,DERIVED,cloudburst-induced flood,True,0.0,0.0,0.0,0.0,0.0,0.0,0.0,0.0,DATE_ONLY,SUITABLE_RAINFALL_FLASH_FLOOD,Major,1150.0,26.8,225.0,-0.014,15200,8.9,14.8,110.0,1.9,10,Tree cover,0.65,0.2,0.05,0.1,,,,,,,,,,HISTORICAL_VINTAGE_UNAVAILABLE,,,,,,,UNAVAILABLE
FL-UK-2012-01,2012-08-03,2012-08-01T08:30:00,30.75,78.44999694824219,0.0,0.0,GPM_3IMERGHH_07,V07B,3B-HHR.MS.MRG.3IMERG.20120801-S083000-E085959.0510.V07B.HDF5,2012-08-01T08:30:00,DERIVED,cloudburst-induced flood,True,0.0,0.0,0.0,0.0,0.0,0.0,0.0,0.0,DATE_ONLY,SUITABLE_RAINFALL_FLASH_FLOOD,Major,1150.0,26.8,225.0,-0.014,15200,8.9,14.8,110.0,1.9,10,Tree cover,0.65,0.2,0.05,0.1,,,,,,,,,,HISTORICAL_VINTAGE_UNAVAILABLE,,,,,,,UNAVAILABLE
FL-UK-2012-01,2012-08-03,2012-08-01T10:30:00,30.75,78.44999694824219,1.784999966621399,3.569999933242798,GPM_3IMERGHH_07,V07B,3B-HHR.MS.MRG.3IMERG.20120801-S103000-E105959.0630.V07B.HDF5,2012-08-01T10:30:00,DERIVED,cloudburst-induced flood,True,1.784999966621399,1.784999966621399,1.784999966621399,1.784999966621399,1.784999966621399,1.784999966621399,1.784999966621399,1.784999966621399,DATE_ONLY,SUITABLE_RAINFALL_FLASH_FLOOD,Major,1150.0,26.8,225.0,-0.014,15200,8.9,14.8,110.0,1.9,10,Tree cover,0.65,0.2,0.05,0.1,,,,,,,,,,HISTORICAL_VINTAGE_UNAVAILABLE,,,,,,,UNAVAILABLE
FL-UK-2012-01,2012-08-03,2012-08-01T12:30:00,30.75,78.44999694824219,2.0999999046325684,4.199999809265137,GPM_3IMERGHH_07,V07B,3B-HHR.MS.MRG.3IMERG.20120801-S123000-E125959.0750.V07B.HDF5,2012-08-01T12:30:00,DERIVED,cloudburst-induced flood,True,2.0999999046325684,3.8849998712539673,3.8849998712539673,3.8849998712539673,3.8849998712539673,3.8849998712539673,3.8849998712539673,3.8849998712539673,DATE_ONLY,SUITABLE_RAINFALL_FLASH_FLOOD,Major,1150.0,26.8,225.0,-0.014,15200,8.9,14.8,110.0,1.9,10,Tree cover,0.65,0.2,0.05,0.1,,,,,,,,,,HISTORICAL_VINTAGE_UNAVAILABLE,,,,,,,UNAVAILABLE
FL-UK-2012-01,2012-08-03,2012-08-01T14:30:00,30.75,78.44999694824219,0.0,0.0,GPM_3IMERGHH_07,V07B,3B-HHR.MS.MRG.3IMERG.20120801-S143000-E145959.0870.V07B.HDF5,2012-08-01T14:30:00,DERIVED,cloudburst-induced flood,True,0.0,2.0999999046325684,3.8849998712539673,3.8849998712539673,3.8849998712539673,3.8849998712539673,3.8849998712539673,3.8849998712539673,DATE_ONLY,SUITABLE_RAINFALL_FLASH_FLOOD,Major,1150.0,26.8,225.0,-0.014,15200,8.9,14.8,110.0,1.9,10,Tree cover,0.65,0.2,0.05,0.1,,,,,,,,,,HISTORICAL_VINTAGE_UNAVAILABLE,,,,,,,UNAVAILABLE
FL-UK-2012-01,2012-08-03,2012-08-01T16:30:00,30.75,78.44999694824219,0.0,0.0,GPM_3IMERGHH_07,V07B,3B-HHR.MS.MRG.3IMERG.20120801-S163000-E165959.0990.V07B.HDF5,2012-08-01T16:30:00,DERIVED,cloudburst-induced flood,True,0.0,0.0,3.8849998712539673,3.8849998712539673,3.8849998712539673,3.8849998712539673,3.8849998712539673,3.8849998712539673,DATE_ONLY,SUITABLE_RAINFALL_FLASH_FLOOD,Major,1150.0,26.8,225.0,-0.014,15200,8.9,14.8,110.0,1.9,10,Tree cover,0.65,0.2,0.05,0.1,,,,,,,,,,HISTORICAL_VINTAGE_UNAVAILABLE,,,,,,,UNAVAILABLE
FL-UK-2012-01,2012-08-03,2012-08-01T18:30:00,30.75,78.44999694824219,0.22499999403953552,0.44999998807907104,GPM_3IMERGHH_07,V07B,3B-HHR.MS.MRG.3IMERG.20120801-S183000-E185959.1110.V07B.HDF5,2012-08-01T18:30:00,DERIVED,cloudburst-induced flood,True,0.22499999403953552,0.22499999403953552,4.109999865293503,4.109999865293503,4.109999865293503,4.109999865293503,4.109999865293503,4.109999865293503,DATE_ONLY,SUITABLE_RAINFALL_FLASH_FLOOD,Major,1150.0,26.8,225.0,-0.014,15200,8.9,14.8,110.0,1.9,10,Tree cover,0.65,0.2,0.05,0.1,,,,,,,,,,HISTORICAL_VINTAGE_UNAVAILABLE,,,,,,,UNAVAILABLE
FL-UK-2012-01,2012-08-03,2012-08-01T20:30:00,30.75,78.44999694824219,0.16499999165534973,0.32999998331069946,GPM_3IMERGHH_07,V07B,3B-HHR.MS.MRG.3IMERG.20120801-S203000-E205959.1230.V07B.HDF5,2012-08-01T20:30:00,DERIVED,cloudburst-induced flood,True,0.16499999165534973,0.38999998569488525,4.2749998569488525,4.2749998569488525,4.2749998569488525,4.2749998569488525,4.2749998569488525,4.2749998569488525,DATE_ONLY,SUITABLE_RAINFALL_FLASH_FLOOD,Major,1150.0,26.8,225.0,-0.014,15200,8.9,14.8,110.0,1.9,10,Tree cover,0.65,0.2,0.05,0.1,,,,,,,,,,HISTORICAL_VINTAGE_UNAVAILABLE,,,,,,,UNAVAILABLE
FL-UK-2012-01,2012-08-03,2012-08-01T22:30:00,30.75,78.44999694824219,0.07499999552965164,0.14999999105930328,GPM_3IMERGHH_07,V07B,3B-HHR.MS.MRG.3IMERG.20120801-S223000-E225959.1350.V07B.HDF5,2012-08-01T22:30:00,DERIVED,cloudburst-induced flood,True,0.07499999552965164,0.23999998718500137,2.5649998858571053,4.349999852478504,4.349999852478504,4.349999852478504,4.349999852478504,4.349999852478504,DATE_ONLY,SUITABLE_RAINFALL_FLASH_FLOOD,Major,1150.0,26.8,225.0,-0.014,15200,8.9,14.8,110.0,1.9,10,Tree cover,0.65,0.2,0.05,0.1,,,,,,,,,,HISTORICAL_VINTAGE_UNAVAILABLE,,,,,,,UNAVAILABLE
FL-UK-2012-01,2012-08-03,2012-08-02T00:30:00,30.75,78.44999694824219,0.3149999976158142,0.6299999952316284,GPM_3IMERGHH_07,V07B,3B-HHR.MS.MRG.3IMERG.20120802-S003000-E005959.0030.V07B.HDF5,2012-08-02T00:30:00,DERIVED,cloudburst-induced flood,True,0.3149999976158142,0.38999999314546585,0.7799999788403511,4.664999850094318,4.664999850094318,4.664999850094318,4.664999850094318,4.664999850094318,DATE_ONLY,SUITABLE_RAINFALL_FLASH_FLOOD,Major,1150.0,26.8,225.0,-0.014,15200,8.9,14.8,110.0,1.9,10,Tree cover,0.65,0.2,0.05,0.1,,,,,,,,,,HISTORICAL_VINTAGE_UNAVAILABLE,,,,,,,UNAVAILABLE
FL-UK-2012-01,2012-08-03,2012-08-02T02:30:00,30.75,78.44999694824219,0.2199999988079071,0.4399999976158142,GPM_3IMERGHH_07,V07B,3B-HHR.MS.MRG.3IMERG.20120802-S023000-E025959.0150.V07B.HDF5,2012-08-02T02:30:00,DERIVED,cloudburst-induced flood,True,0.2199999988079071,0.5349999964237213,0.9999999776482582,4.8849998489022255,4.8849998489022255,4.8849998489022255,4.8849998489022255,4.8849998489022255,DATE_ONLY,SUITABLE_RAINFALL_FLASH_FLOOD,Major,1150.0,26.8,225.0,-0.014,15200,8.9,14.8,110.0,1.9,10,Tree cover,0.65,0.2,0.05,0.1,,,,,,,,,,HISTORICAL_VINTAGE_UNAVAILABLE,,,,,,,UNAVAILABLE
FL-UK-2012-01,2012-08-03,2012-08-02T04:30:00,30.75,78.44999694824219,0.0,0.0,GPM_3IMERGHH_07,V07B,3B-HHR.MS.MRG.3IMERG.20120802-S043000-E045959.0270.V07B.HDF5,2012-08-02T04:30:00,DERIVED,cloudburst-induced flood,True,0.0,0.2199999988079071,0.9999999776482582,4.8849998489022255,4.8849998489022255,4.8849998489022255,4.8849998489022255,4.8849998489022255,DATE_ONLY,SUITABLE_RAINFALL_FLASH_FLOOD,Major,1150.0,26.8,225.0,-0.014,15200,8.9,14.8,110.0,1.9,10,Tree cover,0.65,0.2,0.05,0.1,,,,,,,,,,HISTORICAL_VINTAGE_UNAVAILABLE,,,,,,,UNAVAILABLE
FL-UK-2012-01,2012-08-03,2012-08-02T06:30:00,30.75,78.44999694824219,0.0,0.0,GPM_3IMERGHH_07,V07B,3B-HHR.MS.MRG.3IMERG.20120802-S063000-E065959.0390.V07B.HDF5,2012-08-02T06:30:00,DERIVED,cloudburst-induced flood,True,0.0,0.0,0.7749999836087227,4.8849998489022255,4.8849998489022255,4.8849998489022255,4.8849998489022255,4.8849998489022255,DATE_ONLY,SUITABLE_RAINFALL_FLASH_FLOOD,Major,1150.0,26.8,225.0,-0.014,15200,8.9,14.8,110.0,1.9,10,Tree cover,0.65,0.2,0.05,0.1,,,,,,,,,,HISTORICAL_VINTAGE_UNAVAILABLE,,,,,,,UNAVAILABLE
FL-UK-2012-01,2012-08-03,2012-08-02T08:30:00,30.75,78.44999694824219,0.0,0.0,GPM_3IMERGHH_07,V07B,3B-HHR.MS.MRG.3IMERG.20120802-S083000-E085959.0510.V07B.HDF5,2012-08-02T08:30:00,DERIVED,cloudburst-induced flood,True,0.0,0.0,0.609999991953373,4.8849998489022255,4.8849998489022255,4.8849998489022255,4.8849998489022255,4.8849998489022255,DATE_ONLY,SUITABLE_RAINFALL_FLASH_FLOOD,Major,1150.0,26.8,225.0,-0.014,15200,8.9,14.8,110.0,1.9,10,Tree cover,0.65,0.2,0.05,0.1,,,,,,,,,,HISTORICAL_VINTAGE_UNAVAILABLE,,,,,,,UNAVAILABLE
FL-UK-2012-01,2012-08-03,2012-08-02T10:30:00,30.75,78.44999694824219,0.125,0.25,GPM_3IMERGHH_07,V07B,3B-HHR.MS.MRG.3IMERG.20120802-S103000-E105959.0630.V07B.HDF5,2012-08-02T10:30:00,DERIVED,cloudburst-induced flood,True,0.125,0.125,0.6599999964237213,3.2249998822808266,5.0099998489022255,5.0099998489022255,5.0099998489022255,5.0099998489022255,DATE_ONLY,SUITABLE_RAINFALL_FLASH_FLOOD,Major,1150.0,26.8,225.0,-0.014,15200,8.9,14.8,110.0,1.9,10,Tree cover,0.65,0.2,0.05,0.1,,,,,,,,,,HISTORICAL_VINTAGE_UNAVAILABLE,,,,,,,UNAVAILABLE
FL-UK-2012-01,2012-08-03,2012-08-02T12:30:00,30.75,78.44999694824219,0.9449999928474426,1.8899999856948853,GPM_3IMERGHH_07,V07B,3B-HHR.MS.MRG.3IMERG.20120802-S123000-E125959.0750.V07B.HDF5,2012-08-02T12:30:00,DERIVED,cloudburst-induced flood,True,0.9449999928474426,1.0699999928474426,1.2899999916553497,2.069999970495701,5.954999841749668,5.954999841749668,5.954999841749668,5.954999841749668,DATE_ONLY,SUITABLE_RAINFALL_FLASH_FLOOD,Major,1150.0,26.8,225.0,-0.014,15200,8.9,14.8,110.0,1.9,10,Tree cover,0.65,0.2,0.05,0.1,,,,,,,,,,HISTORICAL_VINTAGE_UNAVAILABLE,,,,,,,UNAVAILABLE
FL-UK-2012-01,2012-08-03,2012-08-02T14:30:00,30.75,78.44999694824219,1.2049999237060547,2.4099998474121094,GPM_3IMERGHH_07,V07B,3B-HHR.MS.MRG.3IMERG.20120802-S143000-E145959.0870.V07B.HDF5,2012-08-02T14:30:00,DERIVED,cloudburst-induced flood,True,1.2049999237060547,2.1499999165534973,2.2749999165534973,3.2749998942017555,7.159999765455723,7.159999765455723,7.159999765455723,7.159999765455723,DATE_ONLY,SUITABLE_RAINFALL_FLASH_FLOOD,Major,1150.0,26.8,225.0,-0.014,15200,8.9,14.8,110.0,1.9,10,Tree cover,0.65,0.2,0.05,0.1,,,,,,,,,,HISTORICAL_VINTAGE_UNAVAILABLE,,,,,,,UNAVAILABLE
FL-UK-2012-01,2012-08-03,2012-08-02T16:30:00,30.75,78.44999694824219,0.0,0.0,GPM_3IMERGHH_07,V07B,3B-HHR.MS.MRG.3IMERG.20120802-S163000-E165959.0990.V07B.HDF5,2012-08-02T16:30:00,DERIVED,cloudburst-induced flood,True,0.0,1.2049999237060547,2.2749999165534973,3.2749998942017555,7.159999765455723,7.159999765455723,7.159999765455723,7.159999765455723,DATE_ONLY,SUITABLE_RAINFALL_FLASH_FLOOD,Major,1150.0,26.8,225.0,-0.014,15200,8.9,14.8,110.0,1.9,10,Tree cover,0.65,0.2,0.05,0.1,,,,,,,,,,HISTORICAL_VINTAGE_UNAVAILABLE,,,,,,,UNAVAILABLE
FL-UK-2012-01,2012-08-03,2012-08-02T18:30:00,30.75,78.44999694824219,0.11499999463558197,0.22999998927116394,GPM_3IMERGHH_07,V07B,3B-HHR.MS.MRG.3IMERG.20120802-S183000-E185959.1110.V07B.HDF5,2012-08-02T18:30:00,DERIVED,cloudburst-induced flood,True,0.11499999463558197,0.11499999463558197,2.3899999111890793,3.164999894797802,7.274999760091305,7.274999760091305,7.274999760091305,7.274999760091305,DATE_ONLY,SUITABLE_RAINFALL_FLASH_FLOOD,Major,1150.0,26.8,225.0,-0.014,15200,8.9,14.8,110.0,1.9,10,Tree cover,0.65,0.2,0.05,0.1,,,,,,,,,,HISTORICAL_VINTAGE_UNAVAILABLE,,,,,,,UNAVAILABLE
FL-UK-2012-01,2012-08-03,2012-08-02T20:30:00,30.75,78.44999694824219,0.0,0.0,GPM_3IMERGHH_07,V07B,3B-HHR.MS.MRG.3IMERG.20120802-S203000-E205959.1230.V07B.HDF5,2012-08-02T20:30:00,DERIVED,cloudburst-induced flood,True,0.0,0.11499999463558197,2.3899999111890793,2.9999999031424522,7.274999760091305,7.274999760091305,7.274999760091305,7.274999760091305,DATE_ONLY,SUITABLE_RAINFALL_FLASH_FLOOD,Major,1150.0,26.8,225.0,-0.014,15200,8.9,14.8,110.0,1.9,10,Tree cover,0.65,0.2,0.05,0.1,,,,,,,,,,HISTORICAL_VINTAGE_UNAVAILABLE,,,,,,,UNAVAILABLE
FL-UK-2012-01,2012-08-03,2012-08-02T22:30:00,30.75,78.44999694824219,0.0,0.0,GPM_3IMERGHH_07,V07B,3B-HHR.MS.MRG.3IMERG.20120802-S223000-E225959.1350.V07B.HDF5,2012-08-02T22:30:00,DERIVED,cloudburst-induced flood,True,0.0,0.0,2.2649999111890793,2.9249999076128006,7.274999760091305,7.274999760091305,7.274999760091305,7.274999760091305,DATE_ONLY,SUITABLE_RAINFALL_FLASH_FLOOD,Major,1150.0,26.8,225.0,-0.014,15200,8.9,14.8,110.0,1.9,10,Tree cover,0.65,0.2,0.05,0.1,,,,,,,,,,HISTORICAL_VINTAGE_UNAVAILABLE,,,,,,,UNAVAILABLE
FL-UK-2012-01,2012-08-03,2012-08-03T00:30:00,30.75,78.44999694824219,0.0,0.0,GPM_3IMERGHH_07,V07B,3B-HHR.MS.MRG.3IMERG.20120803-S003000-E005959.0030.V07B.HDF5,2012-08-03T00:30:00,DERIVED,cloudburst-induced flood,True,0.0,0.0,1.3199999183416367,2.6099999099969864,7.274999760091305,7.274999760091305,7.274999760091305,7.274999760091305,DATE_ONLY,SUITABLE_RAINFALL_FLASH_FLOOD,Major,1150.0,26.8,225.0,-0.014,15200,8.9,14.8,110.0,1.9,10,Tree cover,0.65,0.2,0.05,0.1,,,,,,,,,,HISTORICAL_VINTAGE_UNAVAILABLE,,,,,,,UNAVAILABLE
FL-UK-2012-01,2012-08-03,2012-08-03T02:30:00,30.75,78.44999694824219,0.0,0.0,GPM_3IMERGHH_07,V07B,3B-HHR.MS.MRG.3IMERG.20120803-S023000-E025959.0150.V07B.HDF5,2012-08-03T02:30:00,DERIVED,cloudburst-induced flood,True,0.0,0.0,0.11499999463558197,2.3899999111890793,7.274999760091305,7.274999760091305,7.274999760091305,7.274999760091305,DATE_ONLY,SUITABLE_RAINFALL_FLASH_FLOOD,Major,1150.0,26.8,225.0,-0.014,15200,8.9,14.8,110.0,1.9,10,Tree cover,0.65,0.2,0.05,0.1,,,,,,,,,,HISTORICAL_VINTAGE_UNAVAILABLE,,,,,,,UNAVAILABLE
FL-UK-2012-01,2012-08-03,2012-08-03T04:30:00,30.75,78.44999694824219,0.0,0.0,GPM_3IMERGHH_07,V07B,3B-HHR.MS.MRG.3IMERG.20120803-S043000-E045959.0270.V07B.HDF5,2012-08-03T04:30:00,DERIVED,cloudburst-induced flood,True,0.0,0.0,0.11499999463558197,2.3899999111890793,7.274999760091305,7.274999760091305,7.274999760091305,7.274999760091305,DATE_ONLY,SUITABLE_RAINFALL_FLASH_FLOOD,Major,1150.0,26.8,225.0,-0.014,15200,8.9,14.8,110.0,1.9,10,Tree cover,0.65,0.2,0.05,0.1,,,,,,,,,,HISTORICAL_VINTAGE_UNAVAILABLE,,,,,,,UNAVAILABLE
FL-UK-2012-01,2012-08-03,2012-08-03T06:30:00,30.75,78.44999694824219,0.0,0.0,GPM_3IMERGHH_07,V07B,3B-HHR.MS.MRG.3IMERG.20120803-S063000-E065959.0390.V07B.HDF5,2012-08-03T06:30:00,DERIVED,cloudburst-induced flood,True,0.0,0.0,0.0,2.3899999111890793,7.274999760091305,7.274999760091305,7.274999760091305,7.274999760091305,DATE_ONLY,SUITABLE_RAINFALL_FLASH_FLOOD,Major,1150.0,26.8,225.0,-0.014,15200,8.9,14.8,110.0,1.9,10,Tree cover,0.65,0.2,0.05,0.1,,,,,,,,,,HISTORICAL_VINTAGE_UNAVAILABLE,,,,,,,UNAVAILABLE
FL-UK-2012-01,2012-08-03,2012-08-03T08:30:00,30.75,78.44999694824219,0.0,0.0,GPM_3IMERGHH_07,V07B,3B-HHR.MS.MRG.3IMERG.20120803-S083000-E085959.0510.V07B.HDF5,2012-08-03T08:30:00,DERIVED,cloudburst-induced flood,True,0.0,0.0,0.0,2.3899999111890793,7.274999760091305,7.274999760091305,7.274999760091305,7.274999760091305,DATE_ONLY,SUITABLE_RAINFALL_FLASH_FLOOD,Major,1150.0,26.8,225.0,-0.014,15200,8.9,14.8,110.0,1.9,10,Tree cover,0.65,0.2,0.05,0.1,,,,,,,,,,HISTORICAL_VINTAGE_UNAVAILABLE,,,,,,,UNAVAILABLE
FL-UK-2012-01,2012-08-03,2012-08-03T10:30:00,30.75,78.44999694824219,0.0,0.0,GPM_3IMERGHH_07,V07B,3B-HHR.MS.MRG.3IMERG.20120803-S103000-E105959.0630.V07B.HDF5,2012-08-03T10:30:00,DERIVED,cloudburst-induced flood,True,0.0,0.0,0.0,2.2649999111890793,5.489999793469906,7.274999760091305,7.274999760091305,7.274999760091305,DATE_ONLY,SUITABLE_RAINFALL_FLASH_FLOOD,Major,1150.0,26.8,225.0,-0.014,15200,8.9,14.8,110.0,1.9,10,Tree cover,0.65,0.2,0.05,0.1,,,,,,,,,,HISTORICAL_VINTAGE_UNAVAILABLE,,,,,,,UNAVAILABLE
FL-UK-2012-01,2012-08-03,2012-08-03T12:30:00,30.75,78.44999694824219,0.9099999666213989,1.8199999332427979,GPM_3IMERGHH_07,V07B,3B-HHR.MS.MRG.3IMERG.20120803-S123000-E125959.0750.V07B.HDF5,2012-08-03T12:30:00,DERIVED,cloudburst-induced flood,True,0.9099999666213989,0.9099999666213989,0.9099999666213989,2.2299998849630356,4.299999855458736,8.184999726712704,8.184999726712704,8.184999726712704,DATE_ONLY,SUITABLE_RAINFALL_FLASH_FLOOD,Major,1150.0,26.8,225.0,-0.014,15200,8.9,14.8,110.0,1.9,10,Tree cover,0.65,0.2,0.05,0.1,,,,,,,,,,HISTORICAL_VINTAGE_UNAVAILABLE,,,,,,,UNAVAILABLE
FL-UK-2012-01,2012-08-03,2012-08-03T14:30:00,30.75,78.44999694824219,3.4700000286102295,6.940000057220459,GPM_3IMERGHH_07,V07B,3B-HHR.MS.MRG.3IMERG.20120803-S143000-E145959.0870.V07B.HDF5,2012-08-03T14:30:00,DERIVED,cloudburst-induced flood,True,3.4700000286102295,4.379999995231628,4.379999995231628,4.49499998986721,7.769999884068966,11.654999755322933,11.654999755322933,11.654999755322933,DATE_ONLY,SUITABLE_RAINFALL_FLASH_FLOOD,Major,1150.0,26.8,225.0,-0.014,15200,8.9,14.8,110.0,1.9,10,Tree cover,0.65,0.2,0.05,0.1,,,,,,,,,,HISTORICAL_VINTAGE_UNAVAILABLE,,,,,,,UNAVAILABLE
FL-UK-2012-01,2012-08-03,2012-08-03T16:30:00,30.75,78.44999694824219,1.0499999523162842,2.0999999046325684,GPM_3IMERGHH_07,V07B,3B-HHR.MS.MRG.3IMERG.20120803-S163000-E165959.0990.V07B.HDF5,2012-08-03T16:30:00,DERIVED,cloudburst-induced flood,True,1.0499999523162842,4.519999980926514,5.429999947547913,5.544999942183495,8.81999983638525,12.704999707639217,12.704999707639217,12.704999707639217,DATE_ONLY,SUITABLE_RAINFALL_FLASH_FLOOD,Major,1150.0,26.8,225.0,-0.014,15200,8.9,14.8,110.0,1.9,10,Tree cover,0.65,0.2,0.05,0.1,,,,,,,,,,HISTORICAL_VINTAGE_UNAVAILABLE,,,,,,,UNAVAILABLE
FL-UK-2012-01,2012-08-03,2012-08-03T18:30:00,30.75,78.44999694824219,0.03500000014901161,0.07000000029802322,GPM_3IMERGHH_07,V07B,3B-HHR.MS.MRG.3IMERG.20120803-S183000-E185959.1110.V07B.HDF5,2012-08-03T18:30:00,DERIVED,cloudburst-induced flood,True,0.03500000014901161,1.0849999524652958,5.464999947696924,5.464999947696924,8.629999842494726,12.739999707788229,12.739999707788229,12.739999707788229,DATE_ONLY,SUITABLE_RAINFALL_FLASH_FLOOD,Major,1150.0,26.8,225.0,-0.014,15200,8.9,14.8,110.0,1.9,10,Tree cover,0.65,0.2,0.05,0.1,,,,,,,,,,HISTORICAL_VINTAGE_UNAVAILABLE,,,,,,,UNAVAILABLE
FL-UK-2012-01,2012-08-03,2012-08-03T20:30:00,30.75,78.44999694824219,0.42499998211860657,0.8499999642372131,GPM_3IMERGHH_07,V07B,3B-HHR.MS.MRG.3IMERG.20120803-S203000-E205959.1230.V07B.HDF5,2012-08-03T20:30:00,DERIVED,cloudburst-induced flood,True,0.42499998211860657,0.4599999822676182,5.889999929815531,5.889999929815531,8.889999832957983,13.164999689906836,13.164999689906836,13.164999689906836,DATE_ONLY,SUITABLE_RAINFALL_FLASH_FLOOD,Major,1150.0,26.8,225.0,-0.014,15200,8.9,14.8,110.0,1.9,10,Tree cover,0.65,0.2,0.05,0.1,,,,,,,,,,HISTORICAL_VINTAGE_UNAVAILABLE,,,,,,,UNAVAILABLE
FL-UK-2012-01,2012-08-03,2012-08-03T22:30:00,30.75,78.44999694824219,0.0,0.0,GPM_3IMERGHH_07,V07B,3B-HHR.MS.MRG.3IMERG.20120803-S223000-E225959.1350.V07B.HDF5,2012-08-03T22:30:00,DERIVED,cloudburst-induced flood,True,0.0,0.42499998211860657,5.889999929815531,5.889999929815531,8.814999837428331,13.164999689906836,13.164999689906836,13.164999689906836,DATE_ONLY,SUITABLE_RAINFALL_FLASH_FLOOD,Major,1150.0,26.8,225.0,-0.014,15200,8.9,14.8,110.0,1.9,10,Tree cover,0.65,0.2,0.05,0.1,,,,,,,,,,HISTORICAL_VINTAGE_UNAVAILABLE,,,,,,,UNAVAILABLE
FL-UK-2012-01,2012-08-03,2012-08-04T00:30:00,30.75,78.44999694824219,0.0,0.0,GPM_3IMERGHH_07,V07B,3B-HHR.MS.MRG.3IMERG.20120804-S003000-E005959.0030.V07B.HDF5,2012-08-04T00:30:00,DERIVED,cloudburst-induced flood,True,0.0,0.0,4.979999963194132,5.889999929815531,8.499999839812517,13.164999689906836,13.164999689906836,13.164999689906836,DATE_ONLY,SUITABLE_RAINFALL_FLASH_FLOOD,Major,1150.0,26.8,225.0,-0.014,15200,8.9,14.8,110.0,1.9,10,Tree cover,0.65,0.2,0.05,0.1,,,,,,,,,,HISTORICAL_VINTAGE_UNAVAILABLE,,,,,,,UNAVAILABLE
FL-UK-2012-01,2012-08-03,2012-08-04T02:30:00,30.75,78.44999694824219,0.10499999672174454,0.20999999344348907,GPM_3IMERGHH_07,V07B,3B-HHR.MS.MRG.3IMERG.20120804-S023000-E025959.0150.V07B.HDF5,2012-08-04T02:30:00,DERIVED,cloudburst-induced flood,True,0.10499999672174454,0.10499999672174454,1.614999931305647,5.994999926537275,8.384999837726355,13.26999968662858,13.26999968662858,13.26999968662858,DATE_ONLY,SUITABLE_RAINFALL_FLASH_FLOOD,Major,1150.0,26.8,225.0,-0.014,15200,8.9,14.8,110.0,1.9,10,Tree cover,0.65,0.2,0.05,0.1,,,,,,,,,,HISTORICAL_VINTAGE_UNAVAILABLE,,,,,,,UNAVAILABLE
FL-UK-2012-01,2012-08-03,2012-08-04T04:30:00,30.75,78.44999694824219,0.625,1.25,GPM_3IMERGHH_07,V07B,3B-HHR.MS.MRG.3IMERG.20120804-S043000-E045959.0270.V07B.HDF5,2012-08-04T04:30:00,DERIVED,cloudburst-induced flood,True,0.625,0.7299999967217445,1.1899999789893627,6.619999926537275,9.009999837726355,13.89499968662858,13.89499968662858,13.89499968662858,DATE_ONLY,SUITABLE_RAINFALL_FLASH_FLOOD,Major,1150.0,26.8,225.0,-0.014,15200,8.9,14.8,110.0,1.9,10,Tree cover,0.65,0.2,0.05,0.1,,,,,,,,,,HISTORICAL_VINTAGE_UNAVAILABLE,,,,,,,UNAVAILABLE
FL-UK-2012-01,2012-08-03,2012-08-04T06:30:00,30.75,78.44999694824219,0.0,0.0,GPM_3IMERGHH_07,V07B,3B-HHR.MS.MRG.3IMERG.20120804-S063000-E065959.0390.V07B.HDF5,2012-08-04T06:30:00,DERIVED,cloudburst-induced flood,True,0.0,0.625,1.154999978840351,6.619999926537275,9.009999837726355,13.89499968662858,13.89499968662858,13.89499968662858,DATE_ONLY,SUITABLE_RAINFALL_FLASH_FLOOD,Major,1150.0,26.8,225.0,-0.014,15200,8.9,14.8,110.0,1.9,10,Tree cover,0.65,0.2,0.05,0.1,,,,,,,,,,HISTORICAL_VINTAGE_UNAVAILABLE,,,,,,,UNAVAILABLE
FL-UK-2012-01,2012-08-03,2012-08-04T08:30:00,30.75,78.44999694824219,0.6549999713897705,1.309999942779541,GPM_3IMERGHH_07,V07B,3B-HHR.MS.MRG.3IMERG.20120804-S083000-E085959.0510.V07B.HDF5,2012-08-04T08:30:00,DERIVED,cloudburst-induced flood,True,0.6549999713897705,0.6549999713897705,1.384999968111515,7.274999897927046,9.664999809116125,14.54999965801835,14.54999965801835,14.54999965801835,DATE_ONLY,SUITABLE_RAINFALL_FLASH_FLOOD,Major,1150.0,26.8,225.0,-0.014,15200,8.9,14.8,110.0,1.9,10,Tree cover,0.65,0.2,0.05,0.1,,,,,,,,,,HISTORICAL_VINTAGE_UNAVAILABLE,,,,,,,UNAVAILABLE
FL-UK-2012-01,2012-08-03,2012-08-04T10:30:00,30.75,78.44999694824219,0.1850000023841858,0.3700000047683716,GPM_3IMERGHH_07,V07B,3B-HHR.MS.MRG.3IMERG.20120804-S103000-E105959.0630.V07B.HDF5,2012-08-04T10:30:00,DERIVED,cloudburst-induced flood,True,0.1850000023841858,0.8399999737739563,1.5699999704957008,7.459999900311232,9.724999811500311,14.734999660402536,14.734999660402536,14.734999660402536,DATE_ONLY,SUITABLE_RAINFALL_FLASH_FLOOD,Major,1150.0,26.8,225.0,-0.014,15200,8.9,14.8,110.0,1.9,10,Tree cover,0.65,0.2,0.05,0.1,,,,,,,,,,HISTORICAL_VINTAGE_UNAVAILABLE,,,,,,,UNAVAILABLE
FL-UK-2012-01,2012-08-03,2012-08-04T12:30:00,30.75,78.44999694824219,0.85999995470047,1.71999990940094,GPM_3IMERGHH_07,V07B,3B-HHR.MS.MRG.3IMERG.20120804-S123000-E125959.0750.V07B.HDF5,2012-08-04T12:30:00,DERIVED,cloudburst-induced flood,True,0.85999995470047,1.0449999570846558,2.429999925196171,7.409999888390303,9.639999773353338,15.594999615103006,15.594999615103006,15.594999615103006,DATE_ONLY,SUITABLE_RAINFALL_FLASH_FLOOD,Major,1150.0,26.8,225.0,-0.014,15200,8.9,14.8,110.0,1.9,10,Tree cover,0.65,0.2,0.05,0.1,,,,,,,,,,HISTORICAL_VINTAGE_UNAVAILABLE,,,,,,,UNAVAILABLE
FL-UK-2012-01,2012-08-03,2012-08-04T14:30:00,30.75,78.44999694824219,0.5299999713897705,1.059999942779541,GPM_3IMERGHH_07,V07B,3B-HHR.MS.MRG.3IMERG.20120804-S143000-E145959.0870.V07B.HDF5,2012-08-04T14:30:00,DERIVED,cloudburst-induced flood,True,0.5299999713897705,1.3899999260902405,2.8549998998641968,4.469999831169844,8.964999821037054,16.124999586492777,16.124999586492777,16.124999586492777,DATE_ONLY,SUITABLE_RAINFALL_FLASH_FLOOD,Major,1150.0,26.8,225.0,-0.014,15200,8.9,14.8,110.0,1.9,10,Tree cover,0.65,0.2,0.05,0.1,,,,,,,,,,HISTORICAL_VINTAGE_UNAVAILABLE,,,,,,,UNAVAILABLE
FL-UK-2012-01,2012-08-03,2012-08-04T16:30:00,30.75,78.44999694824219,0.0,0.0,GPM_3IMERGHH_07,V07B,3B-HHR.MS.MRG.3IMERG.20120804-S163000-E165959.0990.V07B.HDF5,2012-08-04T16:30:00,DERIVED,cloudburst-induced flood,True,0.0,0.5299999713897705,2.2299998998641968,3.4199998788535595,8.964999821037054,16.124999586492777,16.124999586492777,16.124999586492777,DATE_ONLY,SUITABLE_RAINFALL_FLASH_FLOOD,Major,1150.0,26.8,225.0,-0.014,15200,8.9,14.8,110.0,1.9,10,Tree cover,0.65,0.2,0.05,0.1,,,,,,,,,,HISTORICAL_VINTAGE_UNAVAILABLE,,,,,,,UNAVAILABLE
FL-UK-2012-01,2012-08-03,2012-08-04T18:30:00,30.75,78.44999694824219,0.019999999552965164,0.03999999910593033,GPM_3IMERGHH_07,V07B,3B-HHR.MS.MRG.3IMERG.20120804-S183000-E185959.1110.V07B.HDF5,2012-08-04T18:30:00,DERIVED,cloudburst-induced flood,True,0.019999999552965164,0.019999999552965164,2.249999899417162,3.404999878257513,8.869999825954437,16.144999586045742,16.144999586045742,16.144999586045742,DATE_ONLY,SUITABLE_RAINFALL_FLASH_FLOOD,Major,1150.0,26.8,225.0,-0.014,15200,8.9,14.8,110.0,1.9,10,Tree cover,0.65,0.2,0.05,0.1,,,,,,,,,,HISTORICAL_VINTAGE_UNAVAILABLE,,,,,,,UNAVAILABLE
FL-UK-2012-01,2012-08-03,2012-08-04T22:00:00,30.75,78.44999694824219,1.1449999809265137,2.2899999618530273,GPM_3IMERGHH_07,V07B,3B-HHR.MS.MRG.3IMERG.20120804-S220000-E222959.1320.V07B.HDF5,2012-08-04T22:00:00,DERIVED,cloudburst-induced flood,True,1.1449999809265137,1.1649999804794788,2.739999908953905,4.12499987706542,10.014999806880951,17.289999566972256,17.289999566972256,17.289999566972256,DATE_ONLY,SUITABLE_RAINFALL_FLASH_FLOOD,Major,1150.0,26.8,225.0,-0.014,15200,8.9,14.8,110.0,1.9,10,Tree cover,0.65,0.2,0.05,0.1,,,,,,,,,,HISTORICAL_VINTAGE_UNAVAILABLE,,,,,,,UNAVAILABLE
FL-UK-2012-01,2012-08-03,2012-08-01T06:00:00,30.75,78.54999542236328,0.0,0.0,GPM_3IMERGHH_07,V07B,3B-HHR.MS.MRG.3IMERG.20120801-S060000-E062959.0360.V07B.HDF5,2012-08-01T06:00:00,DERIVED,cloudburst-induced flood,True,0.0,0.0,0.0,0.0,0.0,0.0,0.0,0.0,DATE_ONLY,SUITABLE_RAINFALL_FLASH_FLOOD,Major,1150.0,26.8,225.0,-0.014,15200,8.9,14.8,110.0,1.9,10,Tree cover,0.65,0.2,0.05,0.1,,,,,,,,,,HISTORICAL_VINTAGE_UNAVAILABLE,,,,,,,UNAVAILABLE
FL-UK-2012-01,2012-08-03,2012-08-01T08:30:00,30.75,78.54999542236328,0.0,0.0,GPM_3IMERGHH_07,V07B,3B-HHR.MS.MRG.3IMERG.20120801-S083000-E085959.0510.V07B.HDF5,2012-08-01T08:30:00,DERIVED,cloudburst-induced flood,True,0.0,0.0,0.0,0.0,0.0,0.0,0.0,0.0,DATE_ONLY,SUITABLE_RAINFALL_FLASH_FLOOD,Major,1150.0,26.8,225.0,-0.014,15200,8.9,14.8,110.0,1.9,10,Tree cover,0.65,0.2,0.05,0.1,,,,,,,,,,HISTORICAL_VINTAGE_UNAVAILABLE,,,,,,,UNAVAILABLE
FL-UK-2012-01,2012-08-03,2012-08-01T10:30:00,30.75,78.54999542236328,0.38499999046325684,0.7699999809265137,GPM_3IMERGHH_07,V07B,3B-HHR.MS.MRG.3IMERG.20120801-S103000-E105959.0630.V07B.HDF5,2012-08-01T10:30:00,DERIVED,cloudburst-induced flood,True,0.38499999046325684,0.38499999046325684,0.38499999046325684,0.38499999046325684,0.38499999046325684,0.38499999046325684,0.38499999046325684,0.38499999046325684,DATE_ONLY,SUITABLE_RAINFALL_FLASH_FLOOD,Major,1150.0,26.8,225.0,-0.014,15200,8.9,14.8,110.0,1.9,10,Tree cover,0.65,0.2,0.05,0.1,,,,,,,,,,HISTORICAL_VINTAGE_UNAVAILABLE,,,,,,,UNAVAILABLE
FL-UK-2012-01,2012-08-03,2012-08-01T12:30:00,30.75,78.54999542236328,0.9899999499320984,1.9799998998641968,GPM_3IMERGHH_07,V07B,3B-HHR.MS.MRG.3IMERG.20120801-S123000-E125959.0750.V07B.HDF5,2012-08-01T12:30:00,DERIVED,cloudburst-induced flood,True,0.9899999499320984,1.3749999403953552,1.3749999403953552,1.3749999403953552,1.3749999403953552,1.3749999403953552,1.3749999403953552,1.3749999403953552,DATE_ONLY,SUITABLE_RAINFALL_FLASH_FLOOD,Major,1150.0,26.8,225.0,-0.014,15200,8.9,14.8,110.0,1.9,10,Tree cover,0.65,0.2,0.05,0.1,,,,,,,,,,HISTORICAL_VINTAGE_UNAVAILABLE,,,,,,,UNAVAILABLE
FL-UK-2012-01,2012-08-03,2012-08-01T14:30:00,30.75,78.54999542236328,0.35499998927116394,0.7099999785423279,GPM_3IMERGHH_07,V07B,3B-HHR.MS.MRG.3IMERG.20120801-S143000-E145959.0870.V07B.HDF5,2012-08-01T14:30:00,DERIVED,cloudburst-induced flood,True,0.35499998927116394,1.3449999392032623,1.7299999296665192,1.7299999296665192,1.7299999296665192,1.7299999296665192,1.7299999296665192,1.7299999296665192,DATE_ONLY,SUITABLE_RAINFALL_FLASH_FLOOD,Major,1150.0,26.8,225.0,-0.014,15200,8.9,14.8,110.0,1.9,10,Tree cover,0.65,0.2,0.05,0.1,,,,,,,,,,HISTORICAL_VINTAGE_UNAVAILABLE,,,,,,,UNAVAILABLE
FL-UK-2012-01,2012-08-03,2012-08-01T16:30:00,30.75,78.54999542236328,0.0,0.0,GPM_3IMERGHH_07,V07B,3B-HHR.MS.MRG.3IMERG.20120801-S163000-E165959.0990.V07B.HDF5,2012-08-01T16:30:00,DERIVED,cloudburst-induced flood,True,0.0,0.35499998927116394,1.7299999296665192,1.7299999296665192,1.7299999296665192,1.7299999296665192,1.7299999296665192,1.7299999296665192,DATE_ONLY,SUITABLE_RAINFALL_FLASH_FLOOD,Major,1150.0,26.8,225.0,-0.014,15200,8.9,14.8,110.0,1.9,10,Tree cover,0.65,0.2,0.05,0.1,,,,,,,,,,HISTORICAL_VINTAGE_UNAVAILABLE,,,,,,,UNAVAILABLE
FL-UK-2012-01,2012-08-03,2012-08-01T18:30:00,30.75,78.54999542236328,0.4749999940395355,0.949999988079071,GPM_3IMERGHH_07,V07B,3B-HHR.MS.MRG.3IMERG.20120801-S183000-E185959.1110.V07B.HDF5,2012-08-01T18:30:00,DERIVED,cloudburst-induced flood,True,0.4749999940395355,0.4749999940395355,2.2049999237060547,2.2049999237060547,2.2049999237060547,2.2049999237060547,2.2049999237060547,2.2049999237060547,DATE_ONLY,SUITABLE_RAINFALL_FLASH_FLOOD,Major,1150.0,26.8,225.0,-0.014,15200,8.9,14.8,110.0,1.9,10,Tree cover,0.65,0.2,0.05,0.1,,,,,,,,,,HISTORICAL_VINTAGE_UNAVAILABLE,,,,,,,UNAVAILABLE
FL-UK-2012-01,2012-08-03,2012-08-01T20:30:00,30.75,78.54999542236328,3.119999885559082,6.239999771118164,GPM_3IMERGHH_07,V07B,3B-HHR.MS.MRG.3IMERG.20120801-S203000-E205959.1230.V07B.HDF5,2012-08-01T20:30:00,DERIVED,cloudburst-induced flood,True,3.119999885559082,3.5949998795986176,5.324999809265137,5.324999809265137,5.324999809265137,5.324999809265137,5.324999809265137,5.324999809265137,DATE_ONLY,SUITABLE_RAINFALL_FLASH_FLOOD,Major,1150.0,26.8,225.0,-0.014,15200,8.9,14.8,110.0,1.9,10,Tree cover,0.65,0.2,0.05,0.1,,,,,,,,,,HISTORICAL_VINTAGE_UNAVAILABLE,,,,,,,UNAVAILABLE
FL-UK-2012-01,2012-08-03,2012-08-01T22:30:00,30.75,78.54999542236328,0.8449999690055847,1.6899999380111694,GPM_3IMERGHH_07,V07B,3B-HHR.MS.MRG.3IMERG.20120801-S223000-E225959.1350.V07B.HDF5,2012-08-01T22:30:00,DERIVED,cloudburst-induced flood,True,0.8449999690055847,3.9649998545646667,5.784999787807465,6.169999778270721,6.169999778270721,6.169999778270721,6.169999778270721,6.169999778270721,DATE_ONLY,SUITABLE_RAINFALL_FLASH_FLOOD,Major,1150.0,26.8,225.0,-0.014,15200,8.9,14.8,110.0,1.9,10,Tree cover,0.65,0.2,0.05,0.1,,,,,,,,,,HISTORICAL_VINTAGE_UNAVAILABLE,,,,,,,UNAVAILABLE
FL-UK-2012-01,2012-08-03,2012-08-02T00:30:00,30.75,78.54999542236328,0.41499999165534973,0.8299999833106995,GPM_3IMERGHH_07,V07B,3B-HHR.MS.MRG.3IMERG.20120802-S003000-E005959.0030.V07B.HDF5,2012-08-02T00:30:00,DERIVED,cloudburst-induced flood,True,0.41499999165534973,1.2599999606609344,5.209999829530716,6.584999769926071,6.584999769926071,6.584999769926071,6.584999769926071,6.584999769926071,DATE_ONLY,SUITABLE_RAINFALL_FLASH_FLOOD,Major,1150.0,26.8,225.0,-0.014,15200,8.9,14.8,110.0,1.9,10,Tree cover,0.65,0.2,0.05,0.1,,,,,,,,,,HISTORICAL_VINTAGE_UNAVAILABLE,,,,,,,UNAVAILABLE
FL-UK-2012-01,2012-08-03,2012-08-02T02:30:00,30.75,78.54999542236328,0.14999999105930328,0.29999998211860657,GPM_3IMERGHH_07,V07B,3B-HHR.MS.MRG.3IMERG.20120802-S023000-E025959.0150.V07B.HDF5,2012-08-02T02:30:00,DERIVED,cloudburst-induced flood,True,0.14999999105930328,0.564999982714653,5.004999831318855,6.7349997609853745,6.7349997609853745,6.7349997609853745,6.7349997609853745,6.7349997609853745,DATE_ONLY,SUITABLE_RAINFALL_FLASH_FLOOD,Major,1150.0,26.8,225.0,-0.014,15200,8.9,14.8,110.0,1.9,10,Tree cover,0.65,0.2,0.05,0.1,,,,,,,,,,HISTORICAL_VINTAGE_UNAVAILABLE,,,,,,,UNAVAILABLE
FL-UK-2012-01,2012-08-03,2012-08-02T04:30:00,30.75,78.54999542236328,0.12999999523162842,0.25999999046325684,GPM_3IMERGHH_07,V07B,3B-HHR.MS.MRG.3IMERG.20120802-S043000-E045959.0270.V07B.HDF5,2012-08-02T04:30:00,DERIVED,cloudburst-induced flood,True,0.12999999523162842,0.2799999862909317,5.134999826550484,6.864999756217003,6.864999756217003,6.864999756217003,6.864999756217003,6.864999756217003,DATE_ONLY,SUITABLE_RAINFALL_FLASH_FLOOD,Major,1150.0,26.8,225.0,-0.014,15200,8.9,14.8,110.0,1.9,10,Tree cover,0.65,0.2,0.05,0.1,,,,,,,,,,HISTORICAL_VINTAGE_UNAVAILABLE,,,,,,,UNAVAILABLE
FL-UK-2012-01,2012-08-03,2012-08-02T06:30:00,30.75,78.54999542236328,0.0,0.0,GPM_3IMERGHH_07,V07B,3B-HHR.MS.MRG.3IMERG.20120802-S063000-E065959.0390.V07B.HDF5,2012-08-02T06:30:00,DERIVED,cloudburst-induced flood,True,0.0,0.12999999523162842,4.659999832510948,6.864999756217003,6.864999756217003,6.864999756217003,6.864999756217003,6.864999756217003,DATE_ONLY,SUITABLE_RAINFALL_FLASH_FLOOD,Major,1150.0,26.8,225.0,-0.014,15200,8.9,14.8,110.0,1.9,10,Tree cover,0.65,0.2,0.05,0.1,,,,,,,,,,HISTORICAL_VINTAGE_UNAVAILABLE,,,,,,,UNAVAILABLE
FL-UK-2012-01,2012-08-03,2012-08-02T08:30:00,30.75,78.54999542236328,0.0,0.0,GPM_3IMERGHH_07,V07B,3B-HHR.MS.MRG.3IMERG.20120802-S083000-E085959.0510.V07B.HDF5,2012-08-02T08:30:00,DERIVED,cloudburst-induced flood,True,0.0,0.0,1.5399999469518661,6.864999756217003,6.864999756217003,6.864999756217003,6.864999756217003,6.864999756217003,DATE_ONLY,SUITABLE_RAINFALL_FLASH_FLOOD,Major,1150.0,26.8,225.0,-0.014,15200,8.9,14.8,110.0,1.9,10,Tree cover,0.65,0.2,0.05,0.1,,,,,,,,,,HISTORICAL_VINTAGE_UNAVAILABLE,,,,,,,UNAVAILABLE
FL-UK-2012-01,2012-08-03,2012-08-02T10:30:00,30.75,78.54999542236328,0.2849999964237213,0.5699999928474426,GPM_3IMERGHH_07,V07B,3B-HHR.MS.MRG.3IMERG.20120802-S103000-E105959.0630.V07B.HDF5,2012-08-02T10:30:00,DERIVED,cloudburst-induced flood,True,0.2849999964237213,0.2849999964237213,0.9799999743700027,6.764999762177467,7.149999752640724,7.149999752640724,7.149999752640724,7.149999752640724,DATE_ONLY,SUITABLE_RAINFALL_FLASH_FLOOD,Major,1150.0,26.8,225.0,-0.014,15200,8.9,14.8,110.0,1.9,10,Tree cover,0.65,0.2,0.05,0.1,,,,,,,,,,HISTORICAL_VINTAGE_UNAVAILABLE,,,,,,,UNAVAILABLE
FL-UK-2012-01,2012-08-03,2012-08-02T12:30:00,30.75,78.54999542236328,0.8549999594688416,1.709999918937683,GPM_3IMERGHH_07,V07B,3B-HHR.MS.MRG.3IMERG.20120802-S123000-E125959.0750.V07B.HDF5,2012-08-02T12:30:00,DERIVED,cloudburst-induced flood,True,0.8549999594688416,1.1399999558925629,1.4199999421834946,6.6299997717142105,8.004999712109566,8.004999712109566,8.004999712109566,8.004999712109566,DATE_ONLY,SUITABLE_RAINFALL_FLASH_FLOOD,Major,1150.0,26.8,225.0,-0.014,15200,8.9,14.8,110.0,1.9,10,Tree cover,0.65,0.2,0.05,0.1,,,,,,,,,,HISTORICAL_VINTAGE_UNAVAILABLE,,,,,,,UNAVAILABLE
FL-UK-2012-01,2012-08-03,2012-08-02T14:30:00,30.75,78.54999542236328,0.5099999904632568,1.0199999809265137,GPM_3IMERGHH_07,V07B,3B-HHR.MS.MRG.3IMERG.20120802-S143000-E145959.0870.V07B.HDF5,2012-08-02T14:30:00,DERIVED,cloudburst-induced flood,True,0.5099999904632568,1.3649999499320984,1.7799999415874481,6.784999772906303,8.514999702572823,8.514999702572823,8.514999702572823,8.514999702572823,DATE_ONLY,SUITABLE_RAINFALL_FLASH_FLOOD,Major,1150.0,26.8,225.0,-0.014,15200,8.9,14.8,110.0,1.9,10,Tree cover,0.65,0.2,0.05,0.1,,,,,,,,,,HISTORICAL_VINTAGE_UNAVAILABLE,,,,,,,UNAVAILABLE
FL-UK-2012-01,2012-08-03,2012-08-02T16:30:00,30.75,78.54999542236328,0.19499999284744263,0.38999998569488525,GPM_3IMERGHH_07,V07B,3B-HHR.MS.MRG.3IMERG.20120802-S163000-E165959.0990.V07B.HDF5,2012-08-02T16:30:00,DERIVED,cloudburst-induced flood,True,0.19499999284744263,0.7049999833106995,1.8449999392032623,6.979999765753746,8.709999695420265,8.709999695420265,8.709999695420265,8.709999695420265,DATE_ONLY,SUITABLE_RAINFALL_FLASH_FLOOD,Major,1150.0,26.8,225.0,-0.014,15200,8.9,14.8,110.0,1.9,10,Tree cover,0.65,0.2,0.05,0.1,,,,,,,,,,HISTORICAL_VINTAGE_UNAVAILABLE,,,,,,,UNAVAILABLE
FL-UK-2012-01,2012-08-03,2012-08-02T18:30:00,30.75,78.54999542236328,0.029999999329447746,0.05999999865889549,GPM_3IMERGHH_07,V07B,3B-HHR.MS.MRG.3IMERG.20120802-S183000-E185959.1110.V07B.HDF5,2012-08-02T18:30:00,DERIVED,cloudburst-induced flood,True,0.029999999329447746,0.22499999217689037,1.87499993853271,6.534999771043658,8.739999694749713,8.739999694749713,8.739999694749713,8.739999694749713,DATE_ONLY,SUITABLE_RAINFALL_FLASH_FLOOD,Major,1150.0,26.8,225.0,-0.014,15200,8.9,14.8,110.0,1.9,10,Tree cover,0.65,0.2,0.05,0.1,,,,,,,,,,HISTORICAL_VINTAGE_UNAVAILABLE,,,,,,,UNAVAILABLE
FL-UK-2012-01,2012-08-03,2012-08-02T20:30:00,30.75,78.54999542236328,0.0,0.0,GPM_3IMERGHH_07,V07B,3B-HHR.MS.MRG.3IMERG.20120802-S203000-E205959.1230.V07B.HDF5,2012-08-02T20:30:00,DERIVED,cloudburst-induced flood,True,0.0,0.029999999329447746,1.87499993853271,3.4149998854845762,8.739999694749713,8.739999694749713,8.739999694749713,8.739999694749713,DATE_ONLY,SUITABLE_RAINFALL_FLASH_FLOOD,Major,1150.0,26.8,225.0,-0.014,15200,8.9,14.8,110.0,1.9,10,Tree cover,0.65,0.2,0.05,0.1,,,,,,,,,,HISTORICAL_VINTAGE_UNAVAILABLE,,,,,,,UNAVAILABLE
FL-UK-2012-01,2012-08-03,2012-08-02T22:30:00,30.75,78.54999542236328,0.0,0.0,GPM_3IMERGHH_07,V07B,3B-HHR.MS.MRG.3IMERG.20120802-S223000-E225959.1350.V07B.HDF5,2012-08-02T22:30:00,DERIVED,cloudburst-induced flood,True,0.0,0.0,1.5899999421089888,2.5699999164789915,8.739999694749713,8.739999694749713,8.739999694749713,8.739999694749713,DATE_ONLY,SUITABLE_RAINFALL_FLASH_FLOOD,Major,1150.0,26.8,225.0,-0.014,15200,8.9,14.8,110.0,1.9,10,Tree cover,0.65,0.2,0.05,0.1,,,,,,,,,,HISTORICAL_VINTAGE_UNAVAILABLE,,,,,,,UNAVAILABLE
FL-UK-2012-01,2012-08-03,2012-08-03T00:30:00,30.75,78.54999542236328,0.0,0.0,GPM_3IMERGHH_07,V07B,3B-HHR.MS.MRG.3IMERG.20120803-S003000-E005959.0030.V07B.HDF5,2012-08-03T00:30:00,DERIVED,cloudburst-induced flood,True,0.0,0.0,0.7349999826401472,2.1549999248236418,8.739999694749713,8.739999694749713,8.739999694749713,8.739999694749713,DATE_ONLY,SUITABLE_RAINFALL_FLASH_FLOOD,Major,1150.0,26.8,225.0,-0.014,15200,8.9,14.8,110.0,1.9,10,Tree cover,0.65,0.2,0.05,0.1,,,,,,,,,,HISTORICAL_VINTAGE_UNAVAILABLE,,,,,,,UNAVAILABLE
FL-UK-2012-01,2012-08-03,2012-08-03T02:30:00,30.75,78.54999542236328,0.0,0.0,GPM_3IMERGHH_07,V07B,3B-HHR.MS.MRG.3IMERG.20120803-S023000-E025959.0150.V07B.HDF5,2012-08-03T02:30:00,DERIVED,cloudburst-induced flood,True,0.0,0.0,0.22499999217689037,2.0049999337643385,8.739999694749713,8.739999694749713,8.739999694749713,8.739999694749713,DATE_ONLY,SUITABLE_RAINFALL_FLASH_FLOOD,Major,1150.0,26.8,225.0,-0.014,15200,8.9,14.8,110.0,1.9,10,Tree cover,0.65,0.2,0.05,0.1,,,,,,,,,,HISTORICAL_VINTAGE_UNAVAILABLE,,,,,,,UNAVAILABLE
FL-UK-2012-01,2012-08-03,2012-08-03T04:30:00,30.75,78.54999542236328,0.0,0.0,GPM_3IMERGHH_07,V07B,3B-HHR.MS.MRG.3IMERG.20120803-S043000-E045959.0270.V07B.HDF5,2012-08-03T04:30:00,DERIVED,cloudburst-induced flood,True,0.0,0.0,0.029999999329447746,1.87499993853271,8.739999694749713,8.739999694749713,8.739999694749713,8.739999694749713,DATE_ONLY,SUITABLE_RAINFALL_FLASH_FLOOD,Major,1150.0,26.8,225.0,-0.014,15200,8.9,14.8,110.0,1.9,10,Tree cover,0.65,0.2,0.05,0.1,,,,,,,,,,HISTORICAL_VINTAGE_UNAVAILABLE,,,,,,,UNAVAILABLE
FL-UK-2012-01,2012-08-03,2012-08-03T06:30:00,30.75,78.54999542236328,0.0,0.0,GPM_3IMERGHH_07,V07B,3B-HHR.MS.MRG.3IMERG.20120803-S063000-E065959.0390.V07B.HDF5,2012-08-03T06:30:00,DERIVED,cloudburst-induced flood,True,0.0,0.0,0.0,1.87499993853271,8.739999694749713,8.739999694749713,8.739999694749713,8.739999694749713,DATE_ONLY,SUITABLE_RAINFALL_FLASH_FLOOD,Major,1150.0,26.8,225.0,-0.014,15200,8.9,14.8,110.0,1.9,10,Tree cover,0.65,0.2,0.05,0.1,,,,,,,,,,HISTORICAL_VINTAGE_UNAVAILABLE,,,,,,,UNAVAILABLE
FL-UK-2012-01,2012-08-03,2012-08-03T08:30:00,30.75,78.54999542236328,0.0,0.0,GPM_3IMERGHH_07,V07B,3B-HHR.MS.MRG.3IMERG.20120803-S083000-E085959.0510.V07B.HDF5,2012-08-03T08:30:00,DERIVED,cloudburst-induced flood,True,0.0,0.0,0.0,1.87499993853271,8.739999694749713,8.739999694749713,8.739999694749713,8.739999694749713,DATE_ONLY,SUITABLE_RAINFALL_FLASH_FLOOD,Major,1150.0,26.8,225.0,-0.014,15200,8.9,14.8,110.0,1.9,10,Tree cover,0.65,0.2,0.05,0.1,,,,,,,,,,HISTORICAL_VINTAGE_UNAVAILABLE,,,,,,,UNAVAILABLE
FL-UK-2012-01,2012-08-03,2012-08-03T10:30:00,30.75,78.54999542236328,0.07000000029802322,0.14000000059604645,GPM_3IMERGHH_07,V07B,3B-HHR.MS.MRG.3IMERG.20120803-S103000-E105959.0630.V07B.HDF5,2012-08-03T10:30:00,DERIVED,cloudburst-induced flood,True,0.07000000029802322,0.07000000029802322,0.07000000029802322,1.659999942407012,8.42499970458448,8.809999695047736,8.809999695047736,8.809999695047736,DATE_ONLY,SUITABLE_RAINFALL_FLASH_FLOOD,Major,1150.0,26.8,225.0,-0.014,15200,8.9,14.8,110.0,1.9,10,Tree cover,0.65,0.2,0.05,0.1,,,,,,,,,,HISTORICAL_VINTAGE_UNAVAILABLE,,,,,,,UNAVAILABLE
FL-UK-2012-01,2012-08-03,2012-08-03T12:30:00,30.75,78.54999542236328,2.884999990463257,5.769999980926514,GPM_3IMERGHH_07,V07B,3B-HHR.MS.MRG.3IMERG.20120803-S123000-E125959.0750.V07B.HDF5,2012-08-03T12:30:00,DERIVED,cloudburst-induced flood,True,2.884999990463257,2.95499999076128,2.95499999076128,3.6899999734014273,10.319999745115638,11.694999685510993,11.694999685510993,11.694999685510993,DATE_ONLY,SUITABLE_RAINFALL_FLASH_FLOOD,Major,1150.0,26.8,225.0,-0.014,15200,8.9,14.8,110.0,1.9,10,Tree cover,0.65,0.2,0.05,0.1,,,,,,,,,,HISTORICAL_VINTAGE_UNAVAILABLE,,,,,,,UNAVAILABLE
FL-UK-2012-01,2012-08-03,2012-08-03T14:30:00,30.75,78.54999542236328,7.460000038146973,14.920000076293945,GPM_3IMERGHH_07,V07B,3B-HHR.MS.MRG.3IMERG.20120803-S143000-E145959.0870.V07B.HDF5,2012-08-03T14:30:00,DERIVED,cloudburst-induced flood,True,7.460000038146973,10.34500002861023,10.415000028908253,10.640000021085143,17.424999793991446,19.154999723657966,19.154999723657966,19.154999723657966,DATE_ONLY,SUITABLE_RAINFALL_FLASH_FLOOD,Major,1150.0,26.8,225.0,-0.014,15200,8.9,14.8,110.0,1.9,10,Tree cover,0.65,0.2,0.05,0.1,,,,,,,,,,HISTORICAL_VINTAGE_UNAVAILABLE,,,,,,,UNAVAILABLE
FL-UK-2012-01,2012-08-03,2012-08-03T16:30:00,30.75,78.54999542236328,3.129999876022339,6.259999752044678,GPM_3IMERGHH_07,V07B,3B-HHR.MS.MRG.3IMERG.20120803-S163000-E165959.0990.V07B.HDF5,2012-08-03T16:30:00,DERIVED,cloudburst-induced flood,True,3.129999876022339,10.589999914169312,13.544999904930592,13.57499990426004,20.554999670013785,22.284999599680305,22.284999599680305,22.284999599680305,DATE_ONLY,SUITABLE_RAINFALL_FLASH_FLOOD,Major,1150.0,26.8,225.0,-0.014,15200,8.9,14.8,110.0,1.9,10,Tree cover,0.65,0.2,0.05,0.1,,,,,,,,,,HISTORICAL_VINTAGE_UNAVAILABLE,,,,,,,UNAVAILABLE
FL-UK-2012-01,2012-08-03,2012-08-03T18:30:00,30.75,78.54999542236328,0.17499999701976776,0.3499999940395355,GPM_3IMERGHH_07,V07B,3B-HHR.MS.MRG.3IMERG.20120803-S183000-E185959.1110.V07B.HDF5,2012-08-03T18:30:00,DERIVED,cloudburst-induced flood,True,0.17499999701976776,3.3049998730421066,13.71999990195036,13.71999990195036,20.254999672994018,22.459999596700072,22.459999596700072,22.459999596700072,DATE_ONLY,SUITABLE_RAINFALL_FLASH_FLOOD,Major,1150.0,26.8,225.0,-0.014,15200,8.9,14.8,110.0,1.9,10,Tree cover,0.65,0.2,0.05,0.1,,,,,,,,,,HISTORICAL_VINTAGE_UNAVAILABLE,,,,,,,UNAVAILABLE
FL-UK-2012-01,2012-08-03,2012-08-03T20:30:00,30.75,78.54999542236328,0.35499998927116394,0.7099999785423279,GPM_3IMERGHH_07,V07B,3B-HHR.MS.MRG.3IMERG.20120803-S203000-E205959.1230.V07B.HDF5,2012-08-03T20:30:00,DERIVED,cloudburst-induced flood,True,0.35499998927116394,0.5299999862909317,14.074999891221523,14.074999891221523,17.4899997767061,22.814999585971236,22.814999585971236,22.814999585971236,DATE_ONLY,SUITABLE_RAINFALL_FLASH_FLOOD,Major,1150.0,26.8,225.0,-0.014,15200,8.9,14.8,110.0,1.9,10,Tree cover,0.65,0.2,0.05,0.1,,,,,,,,,,HISTORICAL_VINTAGE_UNAVAILABLE,,,,,,,UNAVAILABLE
FL-UK-2012-01,2012-08-03,2012-08-03T22:30:00,30.75,78.54999542236328,0.625,1.25,GPM_3IMERGHH_07,V07B,3B-HHR.MS.MRG.3IMERG.20120803-S223000-E225959.1350.V07B.HDF5,2012-08-03T22:30:00,DERIVED,cloudburst-induced flood,True,0.625,0.9799999892711639,14.6299998909235,14.699999891221523,17.269999807700515,23.439999585971236,23.439999585971236,23.439999585971236,DATE_ONLY,SUITABLE_RAINFALL_FLASH_FLOOD,Major,1150.0,26.8,225.0,-0.014,15200,8.9,14.8,110.0,1.9,10,Tree cover,0.65,0.2,0.05,0.1,,,,,,,,,,HISTORICAL_VINTAGE_UNAVAILABLE,,,,,,,UNAVAILABLE
FL-UK-2012-01,2012-08-03,2012-08-04T00:30:00,30.75,78.54999542236328,0.0,0.0,GPM_3IMERGHH_07,V07B,3B-HHR.MS.MRG.3IMERG.20120804-S003000-E005959.0030.V07B.HDF5,2012-08-04T00:30:00,DERIVED,cloudburst-induced flood,True,0.0,0.625,11.744999900460243,14.699999891221523,16.854999816045165,23.439999585971236,23.439999585971236,23.439999585971236,DATE_ONLY,SUITABLE_RAINFALL_FLASH_FLOOD,Major,1150.0,26.8,225.0,-0.014,15200,8.9,14.8,110.0,1.9,10,Tree cover,0.65,0.2,0.05,0.1,,,,,,,,,,HISTORICAL_VINTAGE_UNAVAILABLE,,,,,,,UNAVAILABLE
FL-UK-2012-01,2012-08-03,2012-08-04T02:30:00,30.75,78.54999542236328,0.08500000089406967,0.17000000178813934,GPM_3IMERGHH_07,V07B,3B-HHR.MS.MRG.3IMERG.20120804-S023000-E025959.0150.V07B.HDF5,2012-08-04T02:30:00,DERIVED,cloudburst-induced flood,True,0.08500000089406967,0.08500000089406967,4.36999986320734,14.784999892115593,16.78999982587993,23.524999586865306,23.524999586865306,23.524999586865306,DATE_ONLY,SUITABLE_RAINFALL_FLASH_FLOOD,Major,1150.0,26.8,225.0,-0.014,15200,8.9,14.8,110.0,1.9,10,Tree cover,0.65,0.2,0.05,0.1,,,,,,,,,,HISTORICAL_VINTAGE_UNAVAILABLE,,,,,,,UNAVAILABLE
FL-UK-2012-01,2012-08-03,2012-08-04T04:30:00,30.75,78.54999542236328,0.2800000011920929,0.5600000023841858,GPM_3IMERGHH_07,V07B,3B-HHR.MS.MRG.3IMERG.20120804-S043000-E045959.0270.V07B.HDF5,2012-08-04T04:30:00,DERIVED,cloudburst-induced flood,True,0.2800000011920929,0.36500000208616257,1.5199999883770943,15.064999893307686,16.939999831840396,23.8049995880574,23.8049995880574,23.8049995880574,DATE_ONLY,SUITABLE_RAINFALL_FLASH_FLOOD,Major,1150.0,26.8,225.0,-0.014,15200,8.9,14.8,110.0,1.9,10,Tree cover,0.65,0.2,0.05,0.1,,,,,,,,,,HISTORICAL_VINTAGE_UNAVAILABLE,,,,,,,UNAVAILABLE
FL-UK-2012-01,2012-08-03,2012-08-04T06:30:00,30.75,78.54999542236328,0.2449999898672104,0.4899999797344208,GPM_3IMERGHH_07,V07B,3B-HHR.MS.MRG.3IMERG.20120804-S063000-E065959.0390.V07B.HDF5,2012-08-04T06:30:00,DERIVED,cloudburst-induced flood,True,0.2449999898672104,0.5249999910593033,1.589999981224537,15.309999883174896,17.184999821707606,24.04999957792461,24.04999957792461,24.04999957792461,DATE_ONLY,SUITABLE_RAINFALL_FLASH_FLOOD,Major,1150.0,26.8,225.0,-0.014,15200,8.9,14.8,110.0,1.9,10,Tree cover,0.65,0.2,0.05,0.1,,,,,,,,,,HISTORICAL_VINTAGE_UNAVAILABLE,,,,,,,UNAVAILABLE
FL-UK-2012-01,2012-08-03,2012-08-04T08:30:00,30.75,78.54999542236328,0.7799999713897705,1.559999942779541,GPM_3IMERGHH_07,V07B,3B-HHR.MS.MRG.3IMERG.20120804-S083000-E085959.0510.V07B.HDF5,2012-08-04T08:30:00,DERIVED,cloudburst-induced flood,True,0.7799999713897705,1.024999961256981,2.0149999633431435,16.089999854564667,17.964999793097377,24.82999954931438,24.82999954931438,24.82999954931438,DATE_ONLY,SUITABLE_RAINFALL_FLASH_FLOOD,Major,1150.0,26.8,225.0,-0.014,15200,8.9,14.8,110.0,1.9,10,Tree cover,0.65,0.2,0.05,0.1,,,,,,,,,,HISTORICAL_VINTAGE_UNAVAILABLE,,,,,,,UNAVAILABLE
FL-UK-2012-01,2012-08-03,2012-08-04T10:30:00,30.75,78.54999542236328,0.25999999046325684,0.5199999809265137,GPM_3IMERGHH_07,V07B,3B-HHR.MS.MRG.3IMERG.20120804-S103000-E105959.0630.V07B.HDF5,2012-08-04T10:30:00,DERIVED,cloudburst-induced flood,True,0.25999999046325684,1.0399999618530273,1.6499999538064003,16.2799998447299,17.939999787136912,25.089999539777637,25.089999539777637,25.089999539777637,DATE_ONLY,SUITABLE_RAINFALL_FLASH_FLOOD,Major,1150.0,26.8,225.0,-0.014,15200,8.9,14.8,110.0,1.9,10,Tree cover,0.65,0.2,0.05,0.1,,,,,,,,,,HISTORICAL_VINTAGE_UNAVAILABLE,,,,,,,UNAVAILABLE
FL-UK-2012-01,2012-08-03,2012-08-04T12:30:00,30.75,78.54999542236328,1.3899999856948853,2.7799999713897705,GPM_3IMERGHH_07,V07B,3B-HHR.MS.MRG.3IMERG.20120804-S123000-E125959.0750.V07B.HDF5,2012-08-04T12:30:00,DERIVED,cloudburst-induced flood,True,1.3899999856948853,1.649999976158142,3.0399999395012856,14.784999839961529,18.474999813362956,26.479999525472522,26.479999525472522,26.479999525472522,DATE_ONLY,SUITABLE_RAINFALL_FLASH_FLOOD,Major,1150.0,26.8,225.0,-0.014,15200,8.9,14.8,110.0,1.9,10,Tree cover,0.65,0.2,0.05,0.1,,,,,,,,,,HISTORICAL_VINTAGE_UNAVAILABLE,,,,,,,UNAVAILABLE
FL-UK-2012-01,2012-08-03,2012-08-04T14:30:00,30.75,78.54999542236328,0.17499999701976776,0.3499999940395355,GPM_3IMERGHH_07,V07B,3B-HHR.MS.MRG.3IMERG.20120804-S143000-E145959.0870.V07B.HDF5,2012-08-04T14:30:00,DERIVED,cloudburst-induced flood,True,0.17499999701976776,1.564999982714653,3.1299999356269836,7.499999798834324,18.139999819919467,26.65499952249229,26.65499952249229,26.65499952249229,DATE_ONLY,SUITABLE_RAINFALL_FLASH_FLOOD,Major,1150.0,26.8,225.0,-0.014,15200,8.9,14.8,110.0,1.9,10,Tree cover,0.65,0.2,0.05,0.1,,,,,,,,,,HISTORICAL_VINTAGE_UNAVAILABLE,,,,,,,UNAVAILABLE
FL-UK-2012-01,2012-08-03,2012-08-04T16:30:00,30.75,78.54999542236328,0.0,0.0,GPM_3IMERGHH_07,V07B,3B-HHR.MS.MRG.3IMERG.20120804-S163000-E165959.0990.V07B.HDF5,2012-08-04T16:30:00,DERIVED,cloudburst-induced flood,True,0.0,0.17499999701976776,2.8499999344348907,4.369999922811985,17.944999827072024,26.65499952249229,26.65499952249229,26.65499952249229,DATE_ONLY,SUITABLE_RAINFALL_FLASH_FLOOD,Major,1150.0,26.8,225.0,-0.014,15200,8.9,14.8,110.0,1.9,10,Tree cover,0.65,0.2,0.05,0.1,,,,,,,,,,HISTORICAL_VINTAGE_UNAVAILABLE,,,,,,,UNAVAILABLE
FL-UK-2012-01,2012-08-03,2012-08-04T18:30:00,30.75,78.54999542236328,0.07000000029802322,0.14000000059604645,GPM_3IMERGHH_07,V07B,3B-HHR.MS.MRG.3IMERG.20120804-S183000-E185959.1110.V07B.HDF5,2012-08-04T18:30:00,DERIVED,cloudburst-induced flood,True,0.07000000029802322,0.07000000029802322,2.6749999448657036,4.2649999260902405,17.9849998280406,26.724999522790313,26.724999522790313,26.724999522790313,DATE_ONLY,SUITABLE_RAINFALL_FLASH_FLOOD,Major,1150.0,26.8,225.0,-0.014,15200,8.9,14.8,110.0,1.9,10,Tree cover,0.65,0.2,0.05,0.1,,,,,,,,,,HISTORICAL_VINTAGE_UNAVAILABLE,,,,,,,UNAVAILABLE
FL-UK-2012-01,2012-08-03,2012-08-04T22:00:00,30.75,78.54999542236328,0.8050000071525574,1.6100000143051147,GPM_3IMERGHH_07,V07B,3B-HHR.MS.MRG.3IMERG.20120804-S220000-E222959.1320.V07B.HDF5,2012-08-04T22:00:00,DERIVED,cloudburst-induced flood,True,0.8050000071525574,0.8750000074505806,2.6999999806284904,4.714999943971634,18.789999835193157,27.52999952994287,27.52999952994287,27.52999952994287,DATE_ONLY,SUITABLE_RAINFALL_FLASH_FLOOD,Major,1150.0,26.8,225.0,-0.014,15200,8.9,14.8,110.0,1.9,10,Tree cover,0.65,0.2,0.05,0.1,,,,,,,,,,HISTORICAL_VINTAGE_UNAVAILABLE,,,,,,,UNAVAILABLE
FL-UK-2012-01,2012-08-03,2012-08-01T06:00:00,30.849998474121094,78.3499984741211,0.0,0.0,GPM_3IMERGHH_07,V07B,3B-HHR.MS.MRG.3IMERG.20120801-S060000-E062959.0360.V07B.HDF5,2012-08-01T06:00:00,DERIVED,cloudburst-induced flood,True,0.0,0.0,0.0,0.0,0.0,0.0,0.0,0.0,DATE_ONLY,SUITABLE_RAINFALL_FLASH_FLOOD,Major,1150.0,26.8,225.0,-0.014,15200,8.9,14.8,110.0,1.9,10,Tree cover,0.65,0.2,0.05,0.1,,,,,,,,,,HISTORICAL_VINTAGE_UNAVAILABLE,,,,,,,UNAVAILABLE
FL-UK-2012-01,2012-08-03,2012-08-01T08:30:00,30.849998474121094,78.3499984741211,0.0,0.0,GPM_3IMERGHH_07,V07B,3B-HHR.MS.MRG.3IMERG.20120801-S083000-E085959.0510.V07B.HDF5,2012-08-01T08:30:00,DERIVED,cloudburst-induced flood,True,0.0,0.0,0.0,0.0,0.0,0.0,0.0,0.0,DATE_ONLY,SUITABLE_RAINFALL_FLASH_FLOOD,Major,1150.0,26.8,225.0,-0.014,15200,8.9,14.8,110.0,1.9,10,Tree cover,0.65,0.2,0.05,0.1,,,,,,,,,,HISTORICAL_VINTAGE_UNAVAILABLE,,,,,,,UNAVAILABLE
FL-UK-2012-01,2012-08-03,2012-08-01T10:30:00,30.849998474121094,78.3499984741211,0.0,0.0,GPM_3IMERGHH_07,V07B,3B-HHR.MS.MRG.3IMERG.20120801-S103000-E105959.0630.V07B.HDF5,2012-08-01T10:30:00,DERIVED,cloudburst-induced flood,True,0.0,0.0,0.0,0.0,0.0,0.0,0.0,0.0,DATE_ONLY,SUITABLE_RAINFALL_FLASH_FLOOD,Major,1150.0,26.8,225.0,-0.014,15200,8.9,14.8,110.0,1.9,10,Tree cover,0.65,0.2,0.05,0.1,,,,,,,,,,HISTORICAL_VINTAGE_UNAVAILABLE,,,,,,,UNAVAILABLE
FL-UK-2012-01,2012-08-03,2012-08-01T12:30:00,30.849998474121094,78.3499984741211,0.125,0.25,GPM_3IMERGHH_07,V07B,3B-HHR.MS.MRG.3IMERG.20120801-S123000-E125959.0750.V07B.HDF5,2012-08-01T12:30:00,DERIVED,cloudburst-induced flood,True,0.125,0.125,0.125,0.125,0.125,0.125,0.125,0.125,DATE_ONLY,SUITABLE_RAINFALL_FLASH_FLOOD,Major,1150.0,26.8,225.0,-0.014,15200,8.9,14.8,110.0,1.9,10,Tree cover,0.65,0.2,0.05,0.1,,,,,,,,,,HISTORICAL_VINTAGE_UNAVAILABLE,,,,,,,UNAVAILABLE
FL-UK-2012-01,2012-08-03,2012-08-01T14:30:00,30.849998474121094,78.3499984741211,0.0,0.0,GPM_3IMERGHH_07,V07B,3B-HHR.MS.MRG.3IMERG.20120801-S143000-E145959.0870.V07B.HDF5,2012-08-01T14:30:00,DERIVED,cloudburst-induced flood,True,0.0,0.125,0.125,0.125,0.125,0.125,0.125,0.125,DATE_ONLY,SUITABLE_RAINFALL_FLASH_FLOOD,Major,1150.0,26.8,225.0,-0.014,15200,8.9,14.8,110.0,1.9,10,Tree cover,0.65,0.2,0.05,0.1,,,,,,,,,,HISTORICAL_VINTAGE_UNAVAILABLE,,,,,,,UNAVAILABLE
FL-UK-2012-01,2012-08-03,2012-08-01T16:30:00,30.849998474121094,78.3499984741211,0.22499999403953552,0.44999998807907104,GPM_3IMERGHH_07,V07B,3B-HHR.MS.MRG.3IMERG.20120801-S163000-E165959.0990.V07B.HDF5,2012-08-01T16:30:00,DERIVED,cloudburst-induced flood,True,0.22499999403953552,0.22499999403953552,0.3499999940395355,0.3499999940395355,0.3499999940395355,0.3499999940395355,0.3499999940395355,0.3499999940395355,DATE_ONLY,SUITABLE_RAINFALL_FLASH_FLOOD,Major,1150.0,26.8,225.0,-0.014,15200,8.9,14.8,110.0,1.9,10,Tree cover,0.65,0.2,0.05,0.1,,,,,,,,,,HISTORICAL_VINTAGE_UNAVAILABLE,,,,,,,UNAVAILABLE
FL-UK-2012-01,2012-08-03,2012-08-01T18:30:00,30.849998474121094,78.3499984741211,2.0349998474121094,4.069999694824219,GPM_3IMERGHH_07,V07B,3B-HHR.MS.MRG.3IMERG.20120801-S183000-E185959.1110.V07B.HDF5,2012-08-01T18:30:00,DERIVED,cloudburst-induced flood,True,2.0349998474121094,2.259999841451645,2.384999841451645,2.384999841451645,2.384999841451645,2.384999841451645,2.384999841451645,2.384999841451645,DATE_ONLY,SUITABLE_RAINFALL_FLASH_FLOOD,Major,1150.0,26.8,225.0,-0.014,15200,8.9,14.8,110.0,1.9,10,Tree cover,0.65,0.2,0.05,0.1,,,,,,,,,,HISTORICAL_VINTAGE_UNAVAILABLE,,,,,,,UNAVAILABLE
FL-UK-2012-01,2012-08-03,2012-08-01T20:30:00,30.849998474121094,78.3499984741211,1.434999942779541,2.869999885559082,GPM_3IMERGHH_07,V07B,3B-HHR.MS.MRG.3IMERG.20120801-S203000-E205959.1230.V07B.HDF5,2012-08-01T20:30:00,DERIVED,cloudburst-induced flood,True,1.434999942779541,3.4699997901916504,3.819999784231186,3.819999784231186,3.819999784231186,3.819999784231186,3.819999784231186,3.819999784231186,DATE_ONLY,SUITABLE_RAINFALL_FLASH_FLOOD,Major,1150.0,26.8,225.0,-0.014,15200,8.9,14.8,110.0,1.9,10,Tree cover,0.65,0.2,0.05,0.1,,,,,,,,,,HISTORICAL_VINTAGE_UNAVAILABLE,,,,,,,UNAVAILABLE
FL-UK-2012-01,2012-08-03,2012-08-01T22:30:00,30.849998474121094,78.3499984741211,0.6599999666213989,1.3199999332427979,GPM_3IMERGHH_07,V07B,3B-HHR.MS.MRG.3IMERG.20120801-S223000-E225959.1350.V07B.HDF5,2012-08-01T22:30:00,DERIVED,cloudburst-induced flood,True,0.6599999666213989,2.09499990940094,4.479999750852585,4.479999750852585,4.479999750852585,4.479999750852585,4.479999750852585,4.479999750852585,DATE_ONLY,SUITABLE_RAINFALL_FLASH_FLOOD,Major,1150.0,26.8,225.0,-0.014,15200,8.9,14.8,110.0,1.9,10,Tree cover,0.65,0.2,0.05,0.1,,,,,,,,,,HISTORICAL_VINTAGE_UNAVAILABLE,,,,,,,UNAVAILABLE
FL-UK-2012-01,2012-08-03,2012-08-02T00:30:00,30.849998474121094,78.3499984741211,0.0,0.0,GPM_3IMERGHH_07,V07B,3B-HHR.MS.MRG.3IMERG.20120802-S003000-E005959.0030.V07B.HDF5,2012-08-02T00:30:00,DERIVED,cloudburst-induced flood,True,0.0,0.6599999666213989,4.354999750852585,4.479999750852585,4.479999750852585,4.479999750852585,4.479999750852585,4.479999750852585,DATE_ONLY,SUITABLE_RAINFALL_FLASH_FLOOD,Major,1150.0,26.8,225.0,-0.014,15200,8.9,14.8,110.0,1.9,10,Tree cover,0.65,0.2,0.05,0.1,,,,,,,,,,HISTORICAL_VINTAGE_UNAVAILABLE,,,,,,,UNAVAILABLE
FL-UK-2012-01,2012-08-03,2012-08-02T02:30:00,30.849998474121094,78.3499984741211,0.0,0.0,GPM_3IMERGHH_07,V07B,3B-HHR.MS.MRG.3IMERG.20120802-S023000-E025959.0150.V07B.HDF5,2012-08-02T02:30:00,DERIVED,cloudburst-induced flood,True,0.0,0.0,4.354999750852585,4.479999750852585,4.479999750852585,4.479999750852585,4.479999750852585,4.479999750852585,DATE_ONLY,SUITABLE_RAINFALL_FLASH_FLOOD,Major,1150.0,26.8,225.0,-0.014,15200,8.9,14.8,110.0,1.9,10,Tree cover,0.65,0.2,0.05,0.1,,,,,,,,,,HISTORICAL_VINTAGE_UNAVAILABLE,,,,,,,UNAVAILABLE
FL-UK-2012-01,2012-08-03,2012-08-02T04:30:00,30.849998474121094,78.3499984741211,0.0,0.0,GPM_3IMERGHH_07,V07B,3B-HHR.MS.MRG.3IMERG.20120802-S043000-E045959.0270.V07B.HDF5,2012-08-02T04:30:00,DERIVED,cloudburst-induced flood,True,0.0,0.0,4.129999756813049,4.479999750852585,4.479999750852585,4.479999750852585,4.479999750852585,4.479999750852585,DATE_ONLY,SUITABLE_RAINFALL_FLASH_FLOOD,Major,1150.0,26.8,225.0,-0.014,15200,8.9,14.8,110.0,1.9,10,Tree cover,0.65,0.2,0.05,0.1,,,,,,,,,,HISTORICAL_VINTAGE_UNAVAILABLE,,,,,,,UNAVAILABLE
FL-UK-2012-01,2012-08-03,2012-08-02T06:30:00,30.849998474121094,78.3499984741211,0.0,0.0,GPM_3IMERGHH_07,V07B,3B-HHR.MS.MRG.3IMERG.20120802-S063000-E065959.0390.V07B.HDF5,2012-08-02T06:30:00,DERIVED,cloudburst-induced flood,True,0.0,0.0,2.09499990940094,4.479999750852585,4.479999750852585,4.479999750852585,4.479999750852585,4.479999750852585,DATE_ONLY,SUITABLE_RAINFALL_FLASH_FLOOD,Major,1150.0,26.8,225.0,-0.014,15200,8.9,14.8,110.0,1.9,10,Tree cover,0.65,0.2,0.05,0.1,,,,,,,,,,HISTORICAL_VINTAGE_UNAVAILABLE,,,,,,,UNAVAILABLE
FL-UK-2012-01,2012-08-03,2012-08-02T08:30:00,30.849998474121094,78.3499984741211,0.0,0.0,GPM_3IMERGHH_07,V07B,3B-HHR.MS.MRG.3IMERG.20120802-S083000-E085959.0510.V07B.HDF5,2012-08-02T08:30:00,DERIVED,cloudburst-induced flood,True,0.0,0.0,0.6599999666213989,4.479999750852585,4.479999750852585,4.479999750852585,4.479999750852585,4.479999750852585,DATE_ONLY,SUITABLE_RAINFALL_FLASH_FLOOD,Major,1150.0,26.8,225.0,-0.014,15200,8.9,14.8,110.0,1.9,10,Tree cover,0.65,0.2,0.05,0.1,,,,,,,,,,HISTORICAL_VINTAGE_UNAVAILABLE,,,,,,,UNAVAILABLE
FL-UK-2012-01,2012-08-03,2012-08-02T10:30:00,30.849998474121094,78.3499984741211,0.02499999850988388,0.04999999701976776,GPM_3IMERGHH_07,V07B,3B-HHR.MS.MRG.3IMERG.20120802-S103000-E105959.0630.V07B.HDF5,2012-08-02T10:30:00,DERIVED,cloudburst-induced flood,True,0.02499999850988388,0.02499999850988388,0.02499999850988388,4.504999749362469,4.504999749362469,4.504999749362469,4.504999749362469,4.504999749362469,DATE_ONLY,SUITABLE_RAINFALL_FLASH_FLOOD,Major,1150.0,26.8,225.0,-0.014,15200,8.9,14.8,110.0,1.9,10,Tree cover,0.65,0.2,0.05,0.1,,,,,,,,,,HISTORICAL_VINTAGE_UNAVAILABLE,,,,,,,UNAVAILABLE
FL-UK-2012-01,2012-08-03,2012-08-02T12:30:00,30.849998474121094,78.3499984741211,0.23499999940395355,0.4699999988079071,GPM_3IMERGHH_07,V07B,3B-HHR.MS.MRG.3IMERG.20120802-S123000-E125959.0750.V07B.HDF5,2012-08-02T12:30:00,DERIVED,cloudburst-induced flood,True,0.23499999940395355,0.25999999791383743,0.25999999791383743,4.614999748766422,4.739999748766422,4.739999748766422,4.739999748766422,4.739999748766422,DATE_ONLY,SUITABLE_RAINFALL_FLASH_FLOOD,Major,1150.0,26.8,225.0,-0.014,15200,8.9,14.8,110.0,1.9,10,Tree cover,0.65,0.2,0.05,0.1,,,,,,,,,,HISTORICAL_VINTAGE_UNAVAILABLE,,,,,,,UNAVAILABLE
FL-UK-2012-01,2012-08-03,2012-08-02T14:30:00,30.849998474121094,78.3499984741211,0.35999998450279236,0.7199999690055847,GPM_3IMERGHH_07,V07B,3B-HHR.MS.MRG.3IMERG.20120802-S143000-E145959.0870.V07B.HDF5,2012-08-02T14:30:00,DERIVED,cloudburst-induced flood,True,0.35999998450279236,0.5949999839067459,0.6199999824166298,4.974999733269215,5.099999733269215,5.099999733269215,5.099999733269215,5.099999733269215,DATE_ONLY,SUITABLE_RAINFALL_FLASH_FLOOD,Major,1150.0,26.8,225.0,-0.014,15200,8.9,14.8,110.0,1.9,10,Tree cover,0.65,0.2,0.05,0.1,,,,,,,,,,HISTORICAL_VINTAGE_UNAVAILABLE,,,,,,,UNAVAILABLE
FL-UK-2012-01,2012-08-03,2012-08-02T16:30:00,30.849998474121094,78.3499984741211,0.0,0.0,GPM_3IMERGHH_07,V07B,3B-HHR.MS.MRG.3IMERG.20120802-S163000-E165959.0990.V07B.HDF5,2012-08-02T16:30:00,DERIVED,cloudburst-induced flood,True,0.0,0.35999998450279236,0.6199999824166298,4.749999739229679,5.099999733269215,5.099999733269215,5.099999733269215,5.099999733269215,DATE_ONLY,SUITABLE_RAINFALL_FLASH_FLOOD,Major,1150.0,26.8,225.0,-0.014,15200,8.9,14.8,110.0,1.9,10,Tree cover,0.65,0.2,0.05,0.1,,,,,,,,,,HISTORICAL_VINTAGE_UNAVAILABLE,,,,,,,UNAVAILABLE
FL-UK-2012-01,2012-08-03,2012-08-02T18:30:00,30.849998474121094,78.3499984741211,0.14499999582767487,0.28999999165534973,GPM_3IMERGHH_07,V07B,3B-HHR.MS.MRG.3IMERG.20120802-S183000-E185959.1110.V07B.HDF5,2012-08-02T18:30:00,DERIVED,cloudburst-induced flood,True,0.14499999582767487,0.14499999582767487,0.7649999782443047,2.8599998876452446,5.2449997290968895,5.2449997290968895,5.2449997290968895,5.2449997290968895,DATE_ONLY,SUITABLE_RAINFALL_FLASH_FLOOD,Major,1150.0,26.8,225.0,-0.014,15200,8.9,14.8,110.0,1.9,10,Tree cover,0.65,0.2,0.05,0.1,,,,,,,,,,HISTORICAL_VINTAGE_UNAVAILABLE,,,,,,,UNAVAILABLE
FL-UK-2012-01,2012-08-03,2012-08-02T20:30:00,30.849998474121094,78.3499984741211,0.0,0.0,GPM_3IMERGHH_07,V07B,3B-HHR.MS.MRG.3IMERG.20120802-S203000-E205959.1230.V07B.HDF5,2012-08-02T20:30:00,DERIVED,cloudburst-induced flood,True,0.0,0.14499999582767487,0.7649999782443047,1.4249999448657036,5.2449997290968895,5.2449997290968895,5.2449997290968895,5.2449997290968895,DATE_ONLY,SUITABLE_RAINFALL_FLASH_FLOOD,Major,1150.0,26.8,225.0,-0.014,15200,8.9,14.8,110.0,1.9,10,Tree cover,0.65,0.2,0.05,0.1,,,,,,,,,,HISTORICAL_VINTAGE_UNAVAILABLE,,,,,,,UNAVAILABLE
FL-UK-2012-01,2012-08-03,2012-08-02T22:30:00,30.849998474121094,78.3499984741211,0.0,0.0,GPM_3IMERGHH_07,V07B,3B-HHR.MS.MRG.3IMERG.20120802-S223000-E225959.1350.V07B.HDF5,2012-08-02T22:30:00,DERIVED,cloudburst-induced flood,True,0.0,0.0,0.7399999797344208,0.7649999782443047,5.2449997290968895,5.2449997290968895,5.2449997290968895,5.2449997290968895,DATE_ONLY,SUITABLE_RAINFALL_FLASH_FLOOD,Major,1150.0,26.8,225.0,-0.014,15200,8.9,14.8,110.0,1.9,10,Tree cover,0.65,0.2,0.05,0.1,,,,,,,,,,HISTORICAL_VINTAGE_UNAVAILABLE,,,,,,,UNAVAILABLE
FL-UK-2012-01,2012-08-03,2012-08-03T00:30:00,30.849998474121094,78.3499984741211,0.0,0.0,GPM_3IMERGHH_07,V07B,3B-HHR.MS.MRG.3IMERG.20120803-S003000-E005959.0030.V07B.HDF5,2012-08-03T00:30:00,DERIVED,cloudburst-induced flood,True,0.0,0.0,0.5049999803304672,0.7649999782443047,5.2449997290968895,5.2449997290968895,5.2449997290968895,5.2449997290968895,DATE_ONLY,SUITABLE_RAINFALL_FLASH_FLOOD,Major,1150.0,26.8,225.0,-0.014,15200,8.9,14.8,110.0,1.9,10,Tree cover,0.65,0.2,0.05,0.1,,,,,,,,,,HISTORICAL_VINTAGE_UNAVAILABLE,,,,,,,UNAVAILABLE
FL-UK-2012-01,2012-08-03,2012-08-03T02:30:00,30.849998474121094,78.3499984741211,0.0,0.0,GPM_3IMERGHH_07,V07B,3B-HHR.MS.MRG.3IMERG.20120803-S023000-E025959.0150.V07B.HDF5,2012-08-03T02:30:00,DERIVED,cloudburst-induced flood,True,0.0,0.0,0.14499999582767487,0.7649999782443047,5.2449997290968895,5.2449997290968895,5.2449997290968895,5.2449997290968895,DATE_ONLY,SUITABLE_RAINFALL_FLASH_FLOOD,Major,1150.0,26.8,225.0,-0.014,15200,8.9,14.8,110.0,1.9,10,Tree cover,0.65,0.2,0.05,0.1,,,,,,,,,,HISTORICAL_VINTAGE_UNAVAILABLE,,,,,,,UNAVAILABLE
FL-UK-2012-01,2012-08-03,2012-08-03T04:30:00,30.849998474121094,78.3499984741211,0.0,0.0,GPM_3IMERGHH_07,V07B,3B-HHR.MS.MRG.3IMERG.20120803-S043000-E045959.0270.V07B.HDF5,2012-08-03T04:30:00,DERIVED,cloudburst-induced flood,True,0.0,0.0,0.14499999582767487,0.7649999782443047,5.2449997290968895,5.2449997290968895,5.2449997290968895,5.2449997290968895,DATE_ONLY,SUITABLE_RAINFALL_FLASH_FLOOD,Major,1150.0,26.8,225.0,-0.014,15200,8.9,14.8,110.0,1.9,10,Tree cover,0.65,0.2,0.05,0.1,,,,,,,,,,HISTORICAL_VINTAGE_UNAVAILABLE,,,,,,,UNAVAILABLE
FL-UK-2012-01,2012-08-03,2012-08-03T06:30:00,30.849998474121094,78.3499984741211,0.0,0.0,GPM_3IMERGHH_07,V07B,3B-HHR.MS.MRG.3IMERG.20120803-S063000-E065959.0390.V07B.HDF5,2012-08-03T06:30:00,DERIVED,cloudburst-induced flood,True,0.0,0.0,0.0,0.7649999782443047,5.2449997290968895,5.2449997290968895,5.2449997290968895,5.2449997290968895,DATE_ONLY,SUITABLE_RAINFALL_FLASH_FLOOD,Major,1150.0,26.8,225.0,-0.014,15200,8.9,14.8,110.0,1.9,10,Tree cover,0.65,0.2,0.05,0.1,,,,,,,,,,HISTORICAL_VINTAGE_UNAVAILABLE,,,,,,,UNAVAILABLE
FL-UK-2012-01,2012-08-03,2012-08-03T08:30:00,30.849998474121094,78.3499984741211,0.0,0.0,GPM_3IMERGHH_07,V07B,3B-HHR.MS.MRG.3IMERG.20120803-S083000-E085959.0510.V07B.HDF5,2012-08-03T08:30:00,DERIVED,cloudburst-induced flood,True,0.0,0.0,0.0,0.7649999782443047,5.2449997290968895,5.2449997290968895,5.2449997290968895,5.2449997290968895,DATE_ONLY,SUITABLE_RAINFALL_FLASH_FLOOD,Major,1150.0,26.8,225.0,-0.014,15200,8.9,14.8,110.0,1.9,10,Tree cover,0.65,0.2,0.05,0.1,,,,,,,,,,HISTORICAL_VINTAGE_UNAVAILABLE,,,,,,,UNAVAILABLE
FL-UK-2012-01,2012-08-03,2012-08-03T10:30:00,30.849998474121094,78.3499984741211,0.0,0.0,GPM_3IMERGHH_07,V07B,3B-HHR.MS.MRG.3IMERG.20120803-S103000-E105959.0630.V07B.HDF5,2012-08-03T10:30:00,DERIVED,cloudburst-induced flood,True,0.0,0.0,0.0,0.7399999797344208,5.2449997290968895,5.2449997290968895,5.2449997290968895,5.2449997290968895,DATE_ONLY,SUITABLE_RAINFALL_FLASH_FLOOD,Major,1150.0,26.8,225.0,-0.014,15200,8.9,14.8,110.0,1.9,10,Tree cover,0.65,0.2,0.05,0.1,,,,,,,,,,HISTORICAL_VINTAGE_UNAVAILABLE,,,,,,,UNAVAILABLE
FL-UK-2012-01,2012-08-03,2012-08-03T12:30:00,30.849998474121094,78.3499984741211,0.0,0.0,GPM_3IMERGHH_07,V07B,3B-HHR.MS.MRG.3IMERG.20120803-S123000-E125959.0750.V07B.HDF5,2012-08-03T12:30:00,DERIVED,cloudburst-induced flood,True,0.0,0.0,0.0,0.5049999803304672,5.1199997290968895,5.2449997290968895,5.2449997290968895,5.2449997290968895,DATE_ONLY,SUITABLE_RAINFALL_FLASH_FLOOD,Major,1150.0,26.8,225.0,-0.014,15200,8.9,14.8,110.0,1.9,10,Tree cover,0.65,0.2,0.05,0.1,,,,,,,,,,HISTORICAL_VINTAGE_UNAVAILABLE,,,,,,,UNAVAILABLE
FL-UK-2012-01,2012-08-03,2012-08-03T14:30:00,30.849998474121094,78.3499984741211,0.0,0.0,GPM_3IMERGHH_07,V07B,3B-HHR.MS.MRG.3IMERG.20120803-S143000-E145959.0870.V07B.HDF5,2012-08-03T14:30:00,DERIVED,cloudburst-induced flood,True,0.0,0.0,0.0,0.14499999582767487,5.1199997290968895,5.2449997290968895,5.2449997290968895,5.2449997290968895,DATE_ONLY,SUITABLE_RAINFALL_FLASH_FLOOD,Major,1150.0,26.8,225.0,-0.014,15200,8.9,14.8,110.0,1.9,10,Tree cover,0.65,0.2,0.05,0.1,,,,,,,,,,HISTORICAL_VINTAGE_UNAVAILABLE,,,,,,,UNAVAILABLE
FL-UK-2012-01,2012-08-03,2012-08-03T16:30:00,30.849998474121094,78.3499984741211,0.0,0.0,GPM_3IMERGHH_07,V07B,3B-HHR.MS.MRG.3IMERG.20120803-S163000-E165959.0990.V07B.HDF5,2012-08-03T16:30:00,DERIVED,cloudburst-induced flood,True,0.0,0.0,0.0,0.14499999582767487,4.894999735057354,5.2449997290968895,5.2449997290968895,5.2449997290968895,DATE_ONLY,SUITABLE_RAINFALL_FLASH_FLOOD,Major,1150.0,26.8,225.0,-0.014,15200,8.9,14.8,110.0,1.9,10,Tree cover,0.65,0.2,0.05,0.1,,,,,,,,,,HISTORICAL_VINTAGE_UNAVAILABLE,,,,,,,UNAVAILABLE
FL-UK-2012-01,2012-08-03,2012-08-03T18:30:00,30.849998474121094,78.3499984741211,0.0,0.0,GPM_3IMERGHH_07,V07B,3B-HHR.MS.MRG.3IMERG.20120803-S183000-E185959.1110.V07B.HDF5,2012-08-03T18:30:00,DERIVED,cloudburst-induced flood,True,0.0,0.0,0.0,0.0,2.8599998876452446,5.2449997290968895,5.2449997290968895,5.2449997290968895,DATE_ONLY,SUITABLE_RAINFALL_FLASH_FLOOD,Major,1150.0,26.8,225.0,-0.014,15200,8.9,14.8,110.0,1.9,10,Tree cover,0.65,0.2,0.05,0.1,,,,,,,,,,HISTORICAL_VINTAGE_UNAVAILABLE,,,,,,,UNAVAILABLE
FL-UK-2012-01,2012-08-03,2012-08-03T20:30:00,30.849998474121094,78.3499984741211,0.5349999666213989,1.0699999332427979,GPM_3IMERGHH_07,V07B,3B-HHR.MS.MRG.3IMERG.20120803-S203000-E205959.1230.V07B.HDF5,2012-08-03T20:30:00,DERIVED,cloudburst-induced flood,True,0.5349999666213989,0.5349999666213989,0.5349999666213989,0.5349999666213989,1.9599999114871025,5.779999695718288,5.779999695718288,5.779999695718288,DATE_ONLY,SUITABLE_RAINFALL_FLASH_FLOOD,Major,1150.0,26.8,225.0,-0.014,15200,8.9,14.8,110.0,1.9,10,Tree cover,0.65,0.2,0.05,0.1,,,,,,,,,,HISTORICAL_VINTAGE_UNAVAILABLE,,,,,,,UNAVAILABLE
FL-UK-2012-01,2012-08-03,2012-08-03T22:30:00,30.849998474121094,78.3499984741211,0.0,0.0,GPM_3IMERGHH_07,V07B,3B-HHR.MS.MRG.3IMERG.20120803-S223000-E225959.1350.V07B.HDF5,2012-08-03T22:30:00,DERIVED,cloudburst-induced flood,True,0.0,0.5349999666213989,0.5349999666213989,0.5349999666213989,1.2999999448657036,5.779999695718288,5.779999695718288,5.779999695718288,DATE_ONLY,SUITABLE_RAINFALL_FLASH_FLOOD,Major,1150.0,26.8,225.0,-0.014,15200,8.9,14.8,110.0,1.9,10,Tree cover,0.65,0.2,0.05,0.1,,,,,,,,,,HISTORICAL_VINTAGE_UNAVAILABLE,,,,,,,UNAVAILABLE
FL-UK-2012-01,2012-08-03,2012-08-04T00:30:00,30.849998474121094,78.3499984741211,0.0,0.0,GPM_3IMERGHH_07,V07B,3B-HHR.MS.MRG.3IMERG.20120804-S003000-E005959.0030.V07B.HDF5,2012-08-04T00:30:00,DERIVED,cloudburst-induced flood,True,0.0,0.0,0.5349999666213989,0.5349999666213989,1.2999999448657036,5.779999695718288,5.779999695718288,5.779999695718288,DATE_ONLY,SUITABLE_RAINFALL_FLASH_FLOOD,Major,1150.0,26.8,225.0,-0.014,15200,8.9,14.8,110.0,1.9,10,Tree cover,0.65,0.2,0.05,0.1,,,,,,,,,,HISTORICAL_VINTAGE_UNAVAILABLE,,,,,,,UNAVAILABLE
FL-UK-2012-01,2012-08-03,2012-08-04T02:30:00,30.849998474121094,78.3499984741211,0.0,0.0,GPM_3IMERGHH_07,V07B,3B-HHR.MS.MRG.3IMERG.20120804-S023000-E025959.0150.V07B.HDF5,2012-08-04T02:30:00,DERIVED,cloudburst-induced flood,True,0.0,0.0,0.5349999666213989,0.5349999666213989,1.2999999448657036,5.779999695718288,5.779999695718288,5.779999695718288,DATE_ONLY,SUITABLE_RAINFALL_FLASH_FLOOD,Major,1150.0,26.8,225.0,-0.014,15200,8.9,14.8,110.0,1.9,10,Tree cover,0.65,0.2,0.05,0.1,,,,,,,,,,HISTORICAL_VINTAGE_UNAVAILABLE,,,,,,,UNAVAILABLE
FL-UK-2012-01,2012-08-03,2012-08-04T04:30:00,30.849998474121094,78.3499984741211,0.125,0.25,GPM_3IMERGHH_07,V07B,3B-HHR.MS.MRG.3IMERG.20120804-S043000-E045959.0270.V07B.HDF5,2012-08-04T04:30:00,DERIVED,cloudburst-induced flood,True,0.125,0.125,0.6599999666213989,0.6599999666213989,1.4249999448657036,5.904999695718288,5.904999695718288,5.904999695718288,DATE_ONLY,SUITABLE_RAINFALL_FLASH_FLOOD,Major,1150.0,26.8,225.0,-0.014,15200,8.9,14.8,110.0,1.9,10,Tree cover,0.65,0.2,0.05,0.1,,,,,,,,,,HISTORICAL_VINTAGE_UNAVAILABLE,,,,,,,UNAVAILABLE
FL-UK-2012-01,2012-08-03,2012-08-04T06:30:00,30.849998474121094,78.3499984741211,0.0,0.0,GPM_3IMERGHH_07,V07B,3B-HHR.MS.MRG.3IMERG.20120804-S063000-E065959.0390.V07B.HDF5,2012-08-04T06:30:00,DERIVED,cloudburst-induced flood,True,0.0,0.125,0.6599999666213989,0.6599999666213989,1.4249999448657036,5.904999695718288,5.904999695718288,5.904999695718288,DATE_ONLY,SUITABLE_RAINFALL_FLASH_FLOOD,Major,1150.0,26.8,225.0,-0.014,15200,8.9,14.8,110.0,1.9,10,Tree cover,0.65,0.2,0.05,0.1,,,,,,,,,,HISTORICAL_VINTAGE_UNAVAILABLE,,,,,,,UNAVAILABLE
FL-UK-2012-01,2012-08-03,2012-08-04T08:30:00,30.849998474121094,78.3499984741211,0.0,0.0,GPM_3IMERGHH_07,V07B,3B-HHR.MS.MRG.3IMERG.20120804-S083000-E085959.0510.V07B.HDF5,2012-08-04T08:30:00,DERIVED,cloudburst-induced flood,True,0.0,0.0,0.125,0.6599999666213989,1.4249999448657036,5.904999695718288,5.904999695718288,5.904999695718288,DATE_ONLY,SUITABLE_RAINFALL_FLASH_FLOOD,Major,1150.0,26.8,225.0,-0.014,15200,8.9,14.8,110.0,1.9,10,Tree cover,0.65,0.2,0.05,0.1,,,,,,,,,,HISTORICAL_VINTAGE_UNAVAILABLE,,,,,,,UNAVAILABLE
FL-UK-2012-01,2012-08-03,2012-08-04T10:30:00,30.849998474121094,78.3499984741211,0.3100000023841858,0.6200000047683716,GPM_3IMERGHH_07,V07B,3B-HHR.MS.MRG.3IMERG.20120804-S103000-E105959.0630.V07B.HDF5,2012-08-04T10:30:00,DERIVED,cloudburst-induced flood,True,0.3100000023841858,0.3100000023841858,0.4350000023841858,0.9699999690055847,1.7099999487400055,6.214999698102474,6.214999698102474,6.214999698102474,DATE_ONLY,SUITABLE_RAINFALL_FLASH_FLOOD,Major,1150.0,26.8,225.0,-0.014,15200,8.9,14.8,110.0,1.9,10,Tree cover,0.65,0.2,0.05,0.1,,,,,,,,,,HISTORICAL_VINTAGE_UNAVAILABLE,,,,,,,UNAVAILABLE
FL-UK-2012-01,2012-08-03,2012-08-04T12:30:00,30.849998474121094,78.3499984741211,2.7249999046325684,5.449999809265137,GPM_3IMERGHH_07,V07B,3B-HHR.MS.MRG.3IMERG.20120804-S123000-E125959.0750.V07B.HDF5,2012-08-04T12:30:00,DERIVED,cloudburst-induced flood,True,2.7249999046325684,3.034999907016754,3.159999907016754,3.694999873638153,4.19999985396862,8.939999602735043,8.939999602735043,8.939999602735043,DATE_ONLY,SUITABLE_RAINFALL_FLASH_FLOOD,Major,1150.0,26.8,225.0,-0.014,15200,8.9,14.8,110.0,1.9,10,Tree cover,0.65,0.2,0.05,0.1,,,,,,,,,,HISTORICAL_VINTAGE_UNAVAILABLE,,,,,,,UNAVAILABLE
FL-UK-2012-01,2012-08-03,2012-08-04T14:30:00,30.849998474121094,78.3499984741211,0.1599999964237213,0.3199999928474426,GPM_3IMERGHH_07,V07B,3B-HHR.MS.MRG.3IMERG.20120804-S143000-E145959.0870.V07B.HDF5,2012-08-04T14:30:00,DERIVED,cloudburst-induced flood,True,0.1599999964237213,2.8849999010562897,3.3199999034404755,3.8549998700618744,3.9999998658895493,9.099999599158764,9.099999599158764,9.099999599158764,DATE_ONLY,SUITABLE_RAINFALL_FLASH_FLOOD,Major,1150.0,26.8,225.0,-0.014,15200,8.9,14.8,110.0,1.9,10,Tree cover,0.65,0.2,0.05,0.1,,,,,,,,,,HISTORICAL_VINTAGE_UNAVAILABLE,,,,,,,UNAVAILABLE
FL-UK-2012-01,2012-08-03,2012-08-04T16:30:00,30.849998474121094,78.3499984741211,0.0,0.0,GPM_3IMERGHH_07,V07B,3B-HHR.MS.MRG.3IMERG.20120804-S163000-E165959.0990.V07B.HDF5,2012-08-04T16:30:00,DERIVED,cloudburst-induced flood,True,0.0,0.1599999964237213,3.1949999034404755,3.8549998700618744,3.9999998658895493,9.099999599158764,9.099999599158764,9.099999599158764,DATE_ONLY,SUITABLE_RAINFALL_FLASH_FLOOD,Major,1150.0,26.8,225.0,-0.014,15200,8.9,14.8,110.0,1.9,10,Tree cover,0.65,0.2,0.05,0.1,,,,,,,,,,HISTORICAL_VINTAGE_UNAVAILABLE,,,,,,,UNAVAILABLE
FL-UK-2012-01,2012-08-03,2012-08-04T18:30:00,30.849998474121094,78.3499984741211,0.73499995470047,1.46999990940094,GPM_3IMERGHH_07,V07B,3B-HHR.MS.MRG.3IMERG.20120804-S183000-E185959.1110.V07B.HDF5,2012-08-04T18:30:00,DERIVED,cloudburst-induced flood,True,0.73499995470047,0.73499995470047,3.9299998581409454,4.589999824762344,4.589999824762344,9.834999553859234,9.834999553859234,9.834999553859234,DATE_ONLY,SUITABLE_RAINFALL_FLASH_FLOOD,Major,1150.0,26.8,225.0,-0.014,15200,8.9,14.8,110.0,1.9,10,Tree cover,0.65,0.2,0.05,0.1,,,,,,,,,,HISTORICAL_VINTAGE_UNAVAILABLE,,,,,,,UNAVAILABLE
FL-UK-2012-01,2012-08-03,2012-08-04T22:00:00,30.849998474121094,78.3499984741211,0.5949999690055847,1.1899999380111694,GPM_3IMERGHH_07,V07B,3B-HHR.MS.MRG.3IMERG.20120804-S220000-E222959.1320.V07B.HDF5,2012-08-04T22:00:00,DERIVED,cloudburst-induced flood,True,0.5949999690055847,1.3299999237060547,4.52499982714653,4.64999982714653,5.184999793767929,10.429999522864819,10.429999522864819,10.429999522864819,DATE_ONLY,SUITABLE_RAINFALL_FLASH_FLOOD,Major,1150.0,26.8,225.0,-0.014,15200,8.9,14.8,110.0,1.9,10,Tree cover,0.65,0.2,0.05,0.1,,,,,,,,,,HISTORICAL_VINTAGE_UNAVAILABLE,,,,,,,UNAVAILABLE
FL-UK-2012-01,2012-08-03,2012-08-01T06:00:00,30.849998474121094,78.44999694824219,0.0,0.0,GPM_3IMERGHH_07,V07B,3B-HHR.MS.MRG.3IMERG.20120801-S060000-E062959.0360.V07B.HDF5,2012-08-01T06:00:00,DERIVED,cloudburst-induced flood,True,0.0,0.0,0.0,0.0,0.0,0.0,0.0,0.0,DATE_ONLY,SUITABLE_RAINFALL_FLASH_FLOOD,Major,1150.0,26.8,225.0,-0.014,15200,8.9,14.8,110.0,1.9,10,Tree cover,0.65,0.2,0.05,0.1,,,,,,,,,,HISTORICAL_VINTAGE_UNAVAILABLE,,,,,,,UNAVAILABLE
FL-UK-2012-01,2012-08-03,2012-08-01T08:30:00,30.849998474121094,78.44999694824219,0.0,0.0,GPM_3IMERGHH_07,V07B,3B-HHR.MS.MRG.3IMERG.20120801-S083000-E085959.0510.V07B.HDF5,2012-08-01T08:30:00,DERIVED,cloudburst-induced flood,True,0.0,0.0,0.0,0.0,0.0,0.0,0.0,0.0,DATE_ONLY,SUITABLE_RAINFALL_FLASH_FLOOD,Major,1150.0,26.8,225.0,-0.014,15200,8.9,14.8,110.0,1.9,10,Tree cover,0.65,0.2,0.05,0.1,,,,,,,,,,HISTORICAL_VINTAGE_UNAVAILABLE,,,,,,,UNAVAILABLE
FL-UK-2012-01,2012-08-03,2012-08-01T10:30:00,30.849998474121094,78.44999694824219,2.0999999046325684,4.199999809265137,GPM_3IMERGHH_07,V07B,3B-HHR.MS.MRG.3IMERG.20120801-S103000-E105959.0630.V07B.HDF5,2012-08-01T10:30:00,DERIVED,cloudburst-induced flood,True,2.0999999046325684,2.0999999046325684,2.0999999046325684,2.0999999046325684,2.0999999046325684,2.0999999046325684,2.0999999046325684,2.0999999046325684,DATE_ONLY,SUITABLE_RAINFALL_FLASH_FLOOD,Major,1150.0,26.8,225.0,-0.014,15200,8.9,14.8,110.0,1.9,10,Tree cover,0.65,0.2,0.05,0.1,,,,,,,,,,HISTORICAL_VINTAGE_UNAVAILABLE,,,,,,,UNAVAILABLE
FL-UK-2012-01,2012-08-03,2012-08-01T12:30:00,30.849998474121094,78.44999694824219,2.184999942779541,4.369999885559082,GPM_3IMERGHH_07,V07B,3B-HHR.MS.MRG.3IMERG.20120801-S123000-E125959.0750.V07B.HDF5,2012-08-01T12:30:00,DERIVED,cloudburst-induced flood,True,2.184999942779541,4.284999847412109,4.284999847412109,4.284999847412109,4.284999847412109,4.284999847412109,4.284999847412109,4.284999847412109,DATE_ONLY,SUITABLE_RAINFALL_FLASH_FLOOD,Major,1150.0,26.8,225.0,-0.014,15200,8.9,14.8,110.0,1.9,10,Tree cover,0.65,0.2,0.05,0.1,,,,,,,,,,HISTORICAL_VINTAGE_UNAVAILABLE,,,,,,,UNAVAILABLE
FL-UK-2012-01,2012-08-03,2012-08-01T14:30:00,30.849998474121094,78.44999694824219,0.11499999463558197,0.22999998927116394,GPM_3IMERGHH_07,V07B,3B-HHR.MS.MRG.3IMERG.20120801-S143000-E145959.0870.V07B.HDF5,2012-08-01T14:30:00,DERIVED,cloudburst-induced flood,True,0.11499999463558197,2.299999937415123,4.399999842047691,4.399999842047691,4.399999842047691,4.399999842047691,4.399999842047691,4.399999842047691,DATE_ONLY,SUITABLE_RAINFALL_FLASH_FLOOD,Major,1150.0,26.8,225.0,-0.014,15200,8.9,14.8,110.0,1.9,10,Tree cover,0.65,0.2,0.05,0.1,,,,,,,,,,HISTORICAL_VINTAGE_UNAVAILABLE,,,,,,,UNAVAILABLE
FL-UK-2012-01,2012-08-03,2012-08-01T16:30:00,30.849998474121094,78.44999694824219,0.0,0.0,GPM_3IMERGHH_07,V07B,3B-HHR.MS.MRG.3IMERG.20120801-S163000-E165959.0990.V07B.HDF5,2012-08-01T16:30:00,DERIVED,cloudburst-induced flood,True,0.0,0.11499999463558197,4.399999842047691,4.399999842047691,4.399999842047691,4.399999842047691,4.399999842047691,4.399999842047691,DATE_ONLY,SUITABLE_RAINFALL_FLASH_FLOOD,Major,1150.0,26.8,225.0,-0.014,15200,8.9,14.8,110.0,1.9,10,Tree cover,0.65,0.2,0.05,0.1,,,,,,,,,,HISTORICAL_VINTAGE_UNAVAILABLE,,,,,,,UNAVAILABLE
FL-UK-2012-01,2012-08-03,2012-08-01T18:30:00,30.849998474121094,78.44999694824219,0.98499995470047,1.96999990940094,GPM_3IMERGHH_07,V07B,3B-HHR.MS.MRG.3IMERG.20120801-S183000-E185959.1110.V07B.HDF5,2012-08-01T18:30:00,DERIVED,cloudburst-induced flood,True,0.98499995470047,0.98499995470047,5.384999796748161,5.384999796748161,5.384999796748161,5.384999796748161,5.384999796748161,5.384999796748161,DATE_ONLY,SUITABLE_RAINFALL_FLASH_FLOOD,Major,1150.0,26.8,225.0,-0.014,15200,8.9,14.8,110.0,1.9,10,Tree cover,0.65,0.2,0.05,0.1,,,,,,,,,,HISTORICAL_VINTAGE_UNAVAILABLE,,,,,,,UNAVAILABLE
FL-UK-2012-01,2012-08-03,2012-08-01T20:30:00,30.849998474121094,78.44999694824219,4.835000038146973,9.670000076293945,GPM_3IMERGHH_07,V07B,3B-HHR.MS.MRG.3IMERG.20120801-S203000-E205959.1230.V07B.HDF5,2012-08-01T20:30:00,DERIVED,cloudburst-induced flood,True,4.835000038146973,5.819999992847443,10.219999834895134,10.219999834895134,10.219999834895134,10.219999834895134,10.219999834895134,10.219999834895134,DATE_ONLY,SUITABLE_RAINFALL_FLASH_FLOOD,Major,1150.0,26.8,225.0,-0.014,15200,8.9,14.8,110.0,1.9,10,Tree cover,0.65,0.2,0.05,0.1,,,,,,,,,,HISTORICAL_VINTAGE_UNAVAILABLE,,,,,,,UNAVAILABLE
FL-UK-2012-01,2012-08-03,2012-08-01T22:30:00,30.849998474121094,78.44999694824219,1.3299999237060547,2.6599998474121094,GPM_3IMERGHH_07,V07B,3B-HHR.MS.MRG.3IMERG.20120801-S223000-E225959.1350.V07B.HDF5,2012-08-01T22:30:00,DERIVED,cloudburst-induced flood,True,1.3299999237060547,6.164999961853027,9.44999985396862,11.549999758601189,11.549999758601189,11.549999758601189,11.549999758601189,11.549999758601189,DATE_ONLY,SUITABLE_RAINFALL_FLASH_FLOOD,Major,1150.0,26.8,225.0,-0.014,15200,8.9,14.8,110.0,1.9,10,Tree cover,0.65,0.2,0.05,0.1,,,,,,,,,,HISTORICAL_VINTAGE_UNAVAILABLE,,,,,,,UNAVAILABLE
FL-UK-2012-01,2012-08-03,2012-08-02T00:30:00,30.849998474121094,78.44999694824219,0.0,0.0,GPM_3IMERGHH_07,V07B,3B-HHR.MS.MRG.3IMERG.20120802-S003000-E005959.0030.V07B.HDF5,2012-08-02T00:30:00,DERIVED,cloudburst-induced flood,True,0.0,1.3299999237060547,7.264999911189079,11.549999758601189,11.549999758601189,11.549999758601189,11.549999758601189,11.549999758601189,DATE_ONLY,SUITABLE_RAINFALL_FLASH_FLOOD,Major,1150.0,26.8,225.0,-0.014,15200,8.9,14.8,110.0,1.9,10,Tree cover,0.65,0.2,0.05,0.1,,,,,,,,,,HISTORICAL_VINTAGE_UNAVAILABLE,,,,,,,UNAVAILABLE
FL-UK-2012-01,2012-08-03,2012-08-02T02:30:00,30.849998474121094,78.44999694824219,0.0,0.0,GPM_3IMERGHH_07,V07B,3B-HHR.MS.MRG.3IMERG.20120802-S023000-E025959.0150.V07B.HDF5,2012-08-02T02:30:00,DERIVED,cloudburst-induced flood,True,0.0,0.0,7.149999916553497,11.549999758601189,11.549999758601189,11.549999758601189,11.549999758601189,11.549999758601189,DATE_ONLY,SUITABLE_RAINFALL_FLASH_FLOOD,Major,1150.0,26.8,225.0,-0.014,15200,8.9,14.8,110.0,1.9,10,Tree cover,0.65,0.2,0.05,0.1,,,,,,,,,,HISTORICAL_VINTAGE_UNAVAILABLE,,,,,,,UNAVAILABLE
FL-UK-2012-01,2012-08-03,2012-08-02T04:30:00,30.849998474121094,78.44999694824219,0.0,0.0,GPM_3IMERGHH_07,V07B,3B-HHR.MS.MRG.3IMERG.20120802-S043000-E045959.0270.V07B.HDF5,2012-08-02T04:30:00,DERIVED,cloudburst-induced flood,True,0.0,0.0,7.149999916553497,11.549999758601189,11.549999758601189,11.549999758601189,11.549999758601189,11.549999758601189,DATE_ONLY,SUITABLE_RAINFALL_FLASH_FLOOD,Major,1150.0,26.8,225.0,-0.014,15200,8.9,14.8,110.0,1.9,10,Tree cover,0.65,0.2,0.05,0.1,,,,,,,,,,HISTORICAL_VINTAGE_UNAVAILABLE,,,,,,,UNAVAILABLE
FL-UK-2012-01,2012-08-03,2012-08-02T06:30:00,30.849998474121094,78.44999694824219,0.0,0.0,GPM_3IMERGHH_07,V07B,3B-HHR.MS.MRG.3IMERG.20120802-S063000-E065959.0390.V07B.HDF5,2012-08-02T06:30:00,DERIVED,cloudburst-induced flood,True,0.0,0.0,6.164999961853027,11.549999758601189,11.549999758601189,11.549999758601189,11.549999758601189,11.549999758601189,DATE_ONLY,SUITABLE_RAINFALL_FLASH_FLOOD,Major,1150.0,26.8,225.0,-0.014,15200,8.9,14.8,110.0,1.9,10,Tree cover,0.65,0.2,0.05,0.1,,,,,,,,,,HISTORICAL_VINTAGE_UNAVAILABLE,,,,,,,UNAVAILABLE
FL-UK-2012-01,2012-08-03,2012-08-02T08:30:00,30.849998474121094,78.44999694824219,0.0,0.0,GPM_3IMERGHH_07,V07B,3B-HHR.MS.MRG.3IMERG.20120802-S083000-E085959.0510.V07B.HDF5,2012-08-02T08:30:00,DERIVED,cloudburst-induced flood,True,0.0,0.0,1.3299999237060547,11.549999758601189,11.549999758601189,11.549999758601189,11.549999758601189,11.549999758601189,DATE_ONLY,SUITABLE_RAINFALL_FLASH_FLOOD,Major,1150.0,26.8,225.0,-0.014,15200,8.9,14.8,110.0,1.9,10,Tree cover,0.65,0.2,0.05,0.1,,,,,,,,,,HISTORICAL_VINTAGE_UNAVAILABLE,,,,,,,UNAVAILABLE
FL-UK-2012-01,2012-08-03,2012-08-02T10:30:00,30.849998474121094,78.44999694824219,0.004999999888241291,0.009999999776482582,GPM_3IMERGHH_07,V07B,3B-HHR.MS.MRG.3IMERG.20120802-S103000-E105959.0630.V07B.HDF5,2012-08-02T10:30:00,DERIVED,cloudburst-induced flood,True,0.004999999888241291,0.004999999888241291,0.004999999888241291,9.454999853856862,11.55499975848943,11.55499975848943,11.55499975848943,11.55499975848943,DATE_ONLY,SUITABLE_RAINFALL_FLASH_FLOOD,Major,1150.0,26.8,225.0,-0.014,15200,8.9,14.8,110.0,1.9,10,Tree cover,0.65,0.2,0.05,0.1,,,,,,,,,,HISTORICAL_VINTAGE_UNAVAILABLE,,,,,,,UNAVAILABLE
FL-UK-2012-01,2012-08-03,2012-08-02T12:30:00,30.849998474121094,78.44999694824219,0.14999999105930328,0.29999998211860657,GPM_3IMERGHH_07,V07B,3B-HHR.MS.MRG.3IMERG.20120802-S123000-E125959.0750.V07B.HDF5,2012-08-02T12:30:00,DERIVED,cloudburst-induced flood,True,0.14999999105930328,0.15499999094754457,0.15499999094754457,7.419999902136624,11.704999749548733,11.704999749548733,11.704999749548733,11.704999749548733,DATE_ONLY,SUITABLE_RAINFALL_FLASH_FLOOD,Major,1150.0,26.8,225.0,-0.014,15200,8.9,14.8,110.0,1.9,10,Tree cover,0.65,0.2,0.05,0.1,,,,,,,,,,HISTORICAL_VINTAGE_UNAVAILABLE,,,,,,,UNAVAILABLE
FL-UK-2012-01,2012-08-03,2012-08-02T14:30:00,30.849998474121094,78.44999694824219,0.11499999463558197,0.22999998927116394,GPM_3IMERGHH_07,V07B,3B-HHR.MS.MRG.3IMERG.20120802-S143000-E145959.0870.V07B.HDF5,2012-08-02T14:30:00,DERIVED,cloudburst-induced flood,True,0.11499999463558197,0.26499998569488525,0.26999998558312654,7.419999902136624,11.819999744184315,11.819999744184315,11.819999744184315,11.819999744184315,DATE_ONLY,SUITABLE_RAINFALL_FLASH_FLOOD,Major,1150.0,26.8,225.0,-0.014,15200,8.9,14.8,110.0,1.9,10,Tree cover,0.65,0.2,0.05,0.1,,,,,,,,,,HISTORICAL_VINTAGE_UNAVAILABLE,,,,,,,UNAVAILABLE
FL-UK-2012-01,2012-08-03,2012-08-02T16:30:00,30.849998474121094,78.44999694824219,0.0,0.0,GPM_3IMERGHH_07,V07B,3B-HHR.MS.MRG.3IMERG.20120802-S163000-E165959.0990.V07B.HDF5,2012-08-02T16:30:00,DERIVED,cloudburst-induced flood,True,0.0,0.11499999463558197,0.26999998558312654,7.419999902136624,11.819999744184315,11.819999744184315,11.819999744184315,11.819999744184315,DATE_ONLY,SUITABLE_RAINFALL_FLASH_FLOOD,Major,1150.0,26.8,225.0,-0.014,15200,8.9,14.8,110.0,1.9,10,Tree cover,0.65,0.2,0.05,0.1,,,,,,,,,,HISTORICAL_VINTAGE_UNAVAILABLE,,,,,,,UNAVAILABLE
FL-UK-2012-01,2012-08-03,2012-08-02T18:30:00,30.849998474121094,78.44999694824219,0.13499999046325684,0.26999998092651367,GPM_3IMERGHH_07,V07B,3B-HHR.MS.MRG.3IMERG.20120802-S183000-E185959.1110.V07B.HDF5,2012-08-02T18:30:00,DERIVED,cloudburst-induced flood,True,0.13499999046325684,0.13499999046325684,0.4049999760463834,6.569999937899411,11.954999734647572,11.954999734647572,11.954999734647572,11.954999734647572,DATE_ONLY,SUITABLE_RAINFALL_FLASH_FLOOD,Major,1150.0,26.8,225.0,-0.014,15200,8.9,14.8,110.0,1.9,10,Tree cover,0.65,0.2,0.05,0.1,,,,,,,,,,HISTORICAL_VINTAGE_UNAVAILABLE,,,,,,,UNAVAILABLE
FL-UK-2012-01,2012-08-03,2012-08-02T20:30:00,30.849998474121094,78.44999694824219,0.0,0.0,GPM_3IMERGHH_07,V07B,3B-HHR.MS.MRG.3IMERG.20120802-S203000-E205959.1230.V07B.HDF5,2012-08-02T20:30:00,DERIVED,cloudburst-induced flood,True,0.0,0.13499999046325684,0.4049999760463834,1.734999899752438,11.954999734647572,11.954999734647572,11.954999734647572,11.954999734647572,DATE_ONLY,SUITABLE_RAINFALL_FLASH_FLOOD,Major,1150.0,26.8,225.0,-0.014,15200,8.9,14.8,110.0,1.9,10,Tree cover,0.65,0.2,0.05,0.1,,,,,,,,,,HISTORICAL_VINTAGE_UNAVAILABLE,,,,,,,UNAVAILABLE
FL-UK-2012-01,2012-08-03,2012-08-02T22:30:00,30.849998474121094,78.44999694824219,0.0,0.0,GPM_3IMERGHH_07,V07B,3B-HHR.MS.MRG.3IMERG.20120802-S223000-E225959.1350.V07B.HDF5,2012-08-02T22:30:00,DERIVED,cloudburst-induced flood,True,0.0,0.0,0.3999999761581421,0.4049999760463834,11.954999734647572,11.954999734647572,11.954999734647572,11.954999734647572,DATE_ONLY,SUITABLE_RAINFALL_FLASH_FLOOD,Major,1150.0,26.8,225.0,-0.014,15200,8.9,14.8,110.0,1.9,10,Tree cover,0.65,0.2,0.05,0.1,,,,,,,,,,HISTORICAL_VINTAGE_UNAVAILABLE,,,,,,,UNAVAILABLE
FL-UK-2012-01,2012-08-03,2012-08-03T00:30:00,30.849998474121094,78.44999694824219,0.0,0.0,GPM_3IMERGHH_07,V07B,3B-HHR.MS.MRG.3IMERG.20120803-S003000-E005959.0030.V07B.HDF5,2012-08-03T00:30:00,DERIVED,cloudburst-induced flood,True,0.0,0.0,0.2499999850988388,0.4049999760463834,11.954999734647572,11.954999734647572,11.954999734647572,11.954999734647572,DATE_ONLY,SUITABLE_RAINFALL_FLASH_FLOOD,Major,1150.0,26.8,225.0,-0.014,15200,8.9,14.8,110.0,1.9,10,Tree cover,0.65,0.2,0.05,0.1,,,,,,,,,,HISTORICAL_VINTAGE_UNAVAILABLE,,,,,,,UNAVAILABLE
FL-UK-2012-01,2012-08-03,2012-08-03T02:30:00,30.849998474121094,78.44999694824219,0.0,0.0,GPM_3IMERGHH_07,V07B,3B-HHR.MS.MRG.3IMERG.20120803-S023000-E025959.0150.V07B.HDF5,2012-08-03T02:30:00,DERIVED,cloudburst-induced flood,True,0.0,0.0,0.13499999046325684,0.4049999760463834,11.954999734647572,11.954999734647572,11.954999734647572,11.954999734647572,DATE_ONLY,SUITABLE_RAINFALL_FLASH_FLOOD,Major,1150.0,26.8,225.0,-0.014,15200,8.9,14.8,110.0,1.9,10,Tree cover,0.65,0.2,0.05,0.1,,,,,,,,,,HISTORICAL_VINTAGE_UNAVAILABLE,,,,,,,UNAVAILABLE
FL-UK-2012-01,2012-08-03,2012-08-03T04:30:00,30.849998474121094,78.44999694824219,0.0,0.0,GPM_3IMERGHH_07,V07B,3B-HHR.MS.MRG.3IMERG.20120803-S043000-E045959.0270.V07B.HDF5,2012-08-03T04:30:00,DERIVED,cloudburst-induced flood,True,0.0,0.0,0.13499999046325684,0.4049999760463834,11.954999734647572,11.954999734647572,11.954999734647572,11.954999734647572,DATE_ONLY,SUITABLE_RAINFALL_FLASH_FLOOD,Major,1150.0,26.8,225.0,-0.014,15200,8.9,14.8,110.0,1.9,10,Tree cover,0.65,0.2,0.05,0.1,,,,,,,,,,HISTORICAL_VINTAGE_UNAVAILABLE,,,,,,,UNAVAILABLE
FL-UK-2012-01,2012-08-03,2012-08-03T06:30:00,30.849998474121094,78.44999694824219,0.0,0.0,GPM_3IMERGHH_07,V07B,3B-HHR.MS.MRG.3IMERG.20120803-S063000-E065959.0390.V07B.HDF5,2012-08-03T06:30:00,DERIVED,cloudburst-induced flood,True,0.0,0.0,0.0,0.4049999760463834,11.954999734647572,11.954999734647572,11.954999734647572,11.954999734647572,DATE_ONLY,SUITABLE_RAINFALL_FLASH_FLOOD,Major,1150.0,26.8,225.0,-0.014,15200,8.9,14.8,110.0,1.9,10,Tree cover,0.65,0.2,0.05,0.1,,,,,,,,,,HISTORICAL_VINTAGE_UNAVAILABLE,,,,,,,UNAVAILABLE
FL-UK-2012-01,2012-08-03,2012-08-03T08:30:00,30.849998474121094,78.44999694824219,0.0,0.0,GPM_3IMERGHH_07,V07B,3B-HHR.MS.MRG.3IMERG.20120803-S083000-E085959.0510.V07B.HDF5,2012-08-03T08:30:00,DERIVED,cloudburst-induced flood,True,0.0,0.0,0.0,0.4049999760463834,11.954999734647572,11.954999734647572,11.954999734647572,11.954999734647572,DATE_ONLY,SUITABLE_RAINFALL_FLASH_FLOOD,Major,1150.0,26.8,225.0,-0.014,15200,8.9,14.8,110.0,1.9,10,Tree cover,0.65,0.2,0.05,0.1,,,,,,,,,,HISTORICAL_VINTAGE_UNAVAILABLE,,,,,,,UNAVAILABLE
FL-UK-2012-01,2012-08-03,2012-08-03T10:30:00,30.849998474121094,78.44999694824219,0.0,0.0,GPM_3IMERGHH_07,V07B,3B-HHR.MS.MRG.3IMERG.20120803-S103000-E105959.0630.V07B.HDF5,2012-08-03T10:30:00,DERIVED,cloudburst-induced flood,True,0.0,0.0,0.0,0.3999999761581421,9.854999830015004,11.954999734647572,11.954999734647572,11.954999734647572,DATE_ONLY,SUITABLE_RAINFALL_FLASH_FLOOD,Major,1150.0,26.8,225.0,-0.014,15200,8.9,14.8,110.0,1.9,10,Tree cover,0.65,0.2,0.05,0.1,,,,,,,,,,HISTORICAL_VINTAGE_UNAVAILABLE,,,,,,,UNAVAILABLE
FL-UK-2012-01,2012-08-03,2012-08-03T12:30:00,30.849998474121094,78.44999694824219,0.12999999523162842,0.25999999046325684,GPM_3IMERGHH_07,V07B,3B-HHR.MS.MRG.3IMERG.20120803-S123000-E125959.0750.V07B.HDF5,2012-08-03T12:30:00,DERIVED,cloudburst-induced flood,True,0.12999999523162842,0.12999999523162842,0.12999999523162842,0.3799999803304672,7.799999882467091,12.0849997298792,12.0849997298792,12.0849997298792,DATE_ONLY,SUITABLE_RAINFALL_FLASH_FLOOD,Major,1150.0,26.8,225.0,-0.014,15200,8.9,14.8,110.0,1.9,10,Tree cover,0.65,0.2,0.05,0.1,,,,,,,,,,HISTORICAL_VINTAGE_UNAVAILABLE,,,,,,,UNAVAILABLE
FL-UK-2012-01,2012-08-03,2012-08-03T14:30:00,30.849998474121094,78.44999694824219,0.0,0.0,GPM_3IMERGHH_07,V07B,3B-HHR.MS.MRG.3IMERG.20120803-S143000-E145959.0870.V07B.HDF5,2012-08-03T14:30:00,DERIVED,cloudburst-induced flood,True,0.0,0.12999999523162842,0.12999999523162842,0.26499998569488525,7.684999887831509,12.0849997298792,12.0849997298792,12.0849997298792,DATE_ONLY,SUITABLE_RAINFALL_FLASH_FLOOD,Major,1150.0,26.8,225.0,-0.014,15200,8.9,14.8,110.0,1.9,10,Tree cover,0.65,0.2,0.05,0.1,,,,,,,,,,HISTORICAL_VINTAGE_UNAVAILABLE,,,,,,,UNAVAILABLE
FL-UK-2012-01,2012-08-03,2012-08-03T16:30:00,30.849998474121094,78.44999694824219,0.0,0.0,GPM_3IMERGHH_07,V07B,3B-HHR.MS.MRG.3IMERG.20120803-S163000-E165959.0990.V07B.HDF5,2012-08-03T16:30:00,DERIVED,cloudburst-induced flood,True,0.0,0.0,0.12999999523162842,0.26499998569488525,7.684999887831509,12.0849997298792,12.0849997298792,12.0849997298792,DATE_ONLY,SUITABLE_RAINFALL_FLASH_FLOOD,Major,1150.0,26.8,225.0,-0.014,15200,8.9,14.8,110.0,1.9,10,Tree cover,0.65,0.2,0.05,0.1,,,,,,,,,,HISTORICAL_VINTAGE_UNAVAILABLE,,,,,,,UNAVAILABLE
FL-UK-2012-01,2012-08-03,2012-08-03T18:30:00,30.849998474121094,78.44999694824219,0.0,0.0,GPM_3IMERGHH_07,V07B,3B-HHR.MS.MRG.3IMERG.20120803-S183000-E185959.1110.V07B.HDF5,2012-08-03T18:30:00,DERIVED,cloudburst-induced flood,True,0.0,0.0,0.12999999523162842,0.12999999523162842,6.699999933131039,12.0849997298792,12.0849997298792,12.0849997298792,DATE_ONLY,SUITABLE_RAINFALL_FLASH_FLOOD,Major,1150.0,26.8,225.0,-0.014,15200,8.9,14.8,110.0,1.9,10,Tree cover,0.65,0.2,0.05,0.1,,,,,,,,,,HISTORICAL_VINTAGE_UNAVAILABLE,,,,,,,UNAVAILABLE
FL-UK-2012-01,2012-08-03,2012-08-03T20:30:00,30.849998474121094,78.44999694824219,0.3349999785423279,0.6699999570846558,GPM_3IMERGHH_07,V07B,3B-HHR.MS.MRG.3IMERG.20120803-S203000-E205959.1230.V07B.HDF5,2012-08-03T20:30:00,DERIVED,cloudburst-induced flood,True,0.3349999785423279,0.3349999785423279,0.4649999737739563,0.4649999737739563,2.1999998735263944,12.419999708421528,12.419999708421528,12.419999708421528,DATE_ONLY,SUITABLE_RAINFALL_FLASH_FLOOD,Major,1150.0,26.8,225.0,-0.014,15200,8.9,14.8,110.0,1.9,10,Tree cover,0.65,0.2,0.05,0.1,,,,,,,,,,HISTORICAL_VINTAGE_UNAVAILABLE,,,,,,,UNAVAILABLE
FL-UK-2012-01,2012-08-03,2012-08-03T22:30:00,30.849998474121094,78.44999694824219,0.0,0.0,GPM_3IMERGHH_07,V07B,3B-HHR.MS.MRG.3IMERG.20120803-S223000-E225959.1350.V07B.HDF5,2012-08-03T22:30:00,DERIVED,cloudburst-induced flood,True,0.0,0.3349999785423279,0.4649999737739563,0.4649999737739563,0.8699999498203397,12.419999708421528,12.419999708421528,12.419999708421528,DATE_ONLY,SUITABLE_RAINFALL_FLASH_FLOOD,Major,1150.0,26.8,225.0,-0.014,15200,8.9,14.8,110.0,1.9,10,Tree cover,0.65,0.2,0.05,0.1,,,,,,,,,,HISTORICAL_VINTAGE_UNAVAILABLE,,,,,,,UNAVAILABLE
FL-UK-2012-01,2012-08-03,2012-08-04T00:30:00,30.849998474121094,78.44999694824219,0.0,0.0,GPM_3IMERGHH_07,V07B,3B-HHR.MS.MRG.3IMERG.20120804-S003000-E005959.0030.V07B.HDF5,2012-08-04T00:30:00,DERIVED,cloudburst-induced flood,True,0.0,0.0,0.3349999785423279,0.4649999737739563,0.8699999498203397,12.419999708421528,12.419999708421528,12.419999708421528,DATE_ONLY,SUITABLE_RAINFALL_FLASH_FLOOD,Major,1150.0,26.8,225.0,-0.014,15200,8.9,14.8,110.0,1.9,10,Tree cover,0.65,0.2,0.05,0.1,,,,,,,,,,HISTORICAL_VINTAGE_UNAVAILABLE,,,,,,,UNAVAILABLE
FL-UK-2012-01,2012-08-03,2012-08-04T02:30:00,30.849998474121094,78.44999694824219,0.0,0.0,GPM_3IMERGHH_07,V07B,3B-HHR.MS.MRG.3IMERG.20120804-S023000-E025959.0150.V07B.HDF5,2012-08-04T02:30:00,DERIVED,cloudburst-induced flood,True,0.0,0.0,0.3349999785423279,0.4649999737739563,0.8699999498203397,12.419999708421528,12.419999708421528,12.419999708421528,DATE_ONLY,SUITABLE_RAINFALL_FLASH_FLOOD,Major,1150.0,26.8,225.0,-0.014,15200,8.9,14.8,110.0,1.9,10,Tree cover,0.65,0.2,0.05,0.1,,,,,,,,,,HISTORICAL_VINTAGE_UNAVAILABLE,,,,,,,UNAVAILABLE
FL-UK-2012-01,2012-08-03,2012-08-04T04:30:00,30.849998474121094,78.44999694824219,0.0,0.0,GPM_3IMERGHH_07,V07B,3B-HHR.MS.MRG.3IMERG.20120804-S043000-E045959.0270.V07B.HDF5,2012-08-04T04:30:00,DERIVED,cloudburst-induced flood,True,0.0,0.0,0.3349999785423279,0.4649999737739563,0.8699999498203397,12.419999708421528,12.419999708421528,12.419999708421528,DATE_ONLY,SUITABLE_RAINFALL_FLASH_FLOOD,Major,1150.0,26.8,225.0,-0.014,15200,8.9,14.8,110.0,1.9,10,Tree cover,0.65,0.2,0.05,0.1,,,,,,,,,,HISTORICAL_VINTAGE_UNAVAILABLE,,,,,,,UNAVAILABLE
FL-UK-2012-01,2012-08-03,2012-08-04T06:30:00,30.849998474121094,78.44999694824219,0.0,0.0,GPM_3IMERGHH_07,V07B,3B-HHR.MS.MRG.3IMERG.20120804-S063000-E065959.0390.V07B.HDF5,2012-08-04T06:30:00,DERIVED,cloudburst-induced flood,True,0.0,0.0,0.3349999785423279,0.4649999737739563,0.8699999498203397,12.419999708421528,12.419999708421528,12.419999708421528,DATE_ONLY,SUITABLE_RAINFALL_FLASH_FLOOD,Major,1150.0,26.8,225.0,-0.014,15200,8.9,14.8,110.0,1.9,10,Tree cover,0.65,0.2,0.05,0.1,,,,,,,,,,HISTORICAL_VINTAGE_UNAVAILABLE,,,,,,,UNAVAILABLE
FL-UK-2012-01,2012-08-03,2012-08-04T08:30:00,30.849998474121094,78.44999694824219,0.2800000011920929,0.5600000023841858,GPM_3IMERGHH_07,V07B,3B-HHR.MS.MRG.3IMERG.20120804-S083000-E085959.0510.V07B.HDF5,2012-08-04T08:30:00,DERIVED,cloudburst-induced flood,True,0.2800000011920929,0.2800000011920929,0.2800000011920929,0.7449999749660492,1.1499999510124326,12.699999709613621,12.699999709613621,12.699999709613621,DATE_ONLY,SUITABLE_RAINFALL_FLASH_FLOOD,Major,1150.0,26.8,225.0,-0.014,15200,8.9,14.8,110.0,1.9,10,Tree cover,0.65,0.2,0.05,0.1,,,,,,,,,,HISTORICAL_VINTAGE_UNAVAILABLE,,,,,,,UNAVAILABLE
FL-UK-2012-01,2012-08-03,2012-08-04T10:30:00,30.849998474121094,78.44999694824219,0.0,0.0,GPM_3IMERGHH_07,V07B,3B-HHR.MS.MRG.3IMERG.20120804-S103000-E105959.0630.V07B.HDF5,2012-08-04T10:30:00,DERIVED,cloudburst-induced flood,True,0.0,0.2800000011920929,0.2800000011920929,0.7449999749660492,1.1449999511241913,12.699999709613621,12.699999709613621,12.699999709613621,DATE_ONLY,SUITABLE_RAINFALL_FLASH_FLOOD,Major,1150.0,26.8,225.0,-0.014,15200,8.9,14.8,110.0,1.9,10,Tree cover,0.65,0.2,0.05,0.1,,,,,,,,,,HISTORICAL_VINTAGE_UNAVAILABLE,,,,,,,UNAVAILABLE
FL-UK-2012-01,2012-08-03,2012-08-04T12:30:00,30.849998474121094,78.44999694824219,0.5949999690055847,1.1899999380111694,GPM_3IMERGHH_07,V07B,3B-HHR.MS.MRG.3IMERG.20120804-S123000-E125959.0750.V07B.HDF5,2012-08-04T12:30:00,DERIVED,cloudburst-induced flood,True,0.5949999690055847,0.5949999690055847,0.8749999701976776,1.2099999487400055,1.5899999290704727,13.294999678619206,13.294999678619206,13.294999678619206,DATE_ONLY,SUITABLE_RAINFALL_FLASH_FLOOD,Major,1150.0,26.8,225.0,-0.014,15200,8.9,14.8,110.0,1.9,10,Tree cover,0.65,0.2,0.05,0.1,,,,,,,,,,HISTORICAL_VINTAGE_UNAVAILABLE,,,,,,,UNAVAILABLE
FL-UK-2012-01,2012-08-03,2012-08-04T14:30:00,30.849998474121094,78.44999694824219,2.0199999809265137,4.039999961853027,GPM_3IMERGHH_07,V07B,3B-HHR.MS.MRG.3IMERG.20120804-S143000-E145959.0870.V07B.HDF5,2012-08-04T14:30:00,DERIVED,cloudburst-induced flood,True,2.0199999809265137,2.6149999499320984,2.8949999511241913,3.229999929666519,3.4949999153614044,15.31499965954572,15.31499965954572,15.31499965954572,DATE_ONLY,SUITABLE_RAINFALL_FLASH_FLOOD,Major,1150.0,26.8,225.0,-0.014,15200,8.9,14.8,110.0,1.9,10,Tree cover,0.65,0.2,0.05,0.1,,,,,,,,,,HISTORICAL_VINTAGE_UNAVAILABLE,,,,,,,UNAVAILABLE
FL-UK-2012-01,2012-08-03,2012-08-04T16:30:00,30.849998474121094,78.44999694824219,0.03500000014901161,0.07000000029802322,GPM_3IMERGHH_07,V07B,3B-HHR.MS.MRG.3IMERG.20120804-S163000-E165959.0990.V07B.HDF5,2012-08-04T16:30:00,DERIVED,cloudburst-induced flood,True,0.03500000014901161,2.0549999810755253,2.929999951273203,3.2649999298155308,3.529999915510416,15.349999659694731,15.349999659694731,15.349999659694731,DATE_ONLY,SUITABLE_RAINFALL_FLASH_FLOOD,Major,1150.0,26.8,225.0,-0.014,15200,8.9,14.8,110.0,1.9,10,Tree cover,0.65,0.2,0.05,0.1,,,,,,,,,,HISTORICAL_VINTAGE_UNAVAILABLE,,,,,,,UNAVAILABLE
FL-UK-2012-01,2012-08-03,2012-08-04T18:30:00,30.849998474121094,78.44999694824219,0.3149999976158142,0.6299999952316284,GPM_3IMERGHH_07,V07B,3B-HHR.MS.MRG.3IMERG.20120804-S183000-E185959.1110.V07B.HDF5,2012-08-04T18:30:00,DERIVED,cloudburst-induced flood,True,0.3149999976158142,0.3499999977648258,3.244999948889017,3.579999927431345,3.7099999226629734,15.664999657310545,15.664999657310545,15.664999657310545,DATE_ONLY,SUITABLE_RAINFALL_FLASH_FLOOD,Major,1150.0,26.8,225.0,-0.014,15200,8.9,14.8,110.0,1.9,10,Tree cover,0.65,0.2,0.05,0.1,,,,,,,,,,HISTORICAL_VINTAGE_UNAVAILABLE,,,,,,,UNAVAILABLE
FL-UK-2012-01,2012-08-03,2012-08-04T22:00:00,30.849998474121094,78.44999694824219,0.8149999976158142,1.6299999952316284,GPM_3IMERGHH_07,V07B,3B-HHR.MS.MRG.3IMERG.20120804-S220000-E222959.1320.V07B.HDF5,2012-08-04T22:00:00,DERIVED,cloudburst-induced flood,True,0.8149999976158142,1.1299999952316284,3.7799999453127384,4.059999946504831,4.524999920278788,16.47999965492636,16.47999965492636,16.47999965492636,DATE_ONLY,SUITABLE_RAINFALL_FLASH_FLOOD,Major,1150.0,26.8,225.0,-0.014,15200,8.9,14.8,110.0,1.9,10,Tree cover,0.65,0.2,0.05,0.1,,,,,,,,,,HISTORICAL_VINTAGE_UNAVAILABLE,,,,,,,UNAVAILABLE
FL-UK-2012-01,2012-08-03,2012-08-01T06:00:00,30.849998474121094,78.54999542236328,0.0,0.0,GPM_3IMERGHH_07,V07B,3B-HHR.MS.MRG.3IMERG.20120801-S060000-E062959.0360.V07B.HDF5,2012-08-01T06:00:00,DERIVED,cloudburst-induced flood,True,0.0,0.0,0.0,0.0,0.0,0.0,0.0,0.0,DATE_ONLY,SUITABLE_RAINFALL_FLASH_FLOOD,Major,1150.0,26.8,225.0,-0.014,15200,8.9,14.8,110.0,1.9,10,Tree cover,0.65,0.2,0.05,0.1,,,,,,,,,,HISTORICAL_VINTAGE_UNAVAILABLE,,,,,,,UNAVAILABLE
FL-UK-2012-01,2012-08-03,2012-08-01T08:30:00,30.849998474121094,78.54999542236328,0.0,0.0,GPM_3IMERGHH_07,V07B,3B-HHR.MS.MRG.3IMERG.20120801-S083000-E085959.0510.V07B.HDF5,2012-08-01T08:30:00,DERIVED,cloudburst-induced flood,True,0.0,0.0,0.0,0.0,0.0,0.0,0.0,0.0,DATE_ONLY,SUITABLE_RAINFALL_FLASH_FLOOD,Major,1150.0,26.8,225.0,-0.014,15200,8.9,14.8,110.0,1.9,10,Tree cover,0.65,0.2,0.05,0.1,,,,,,,,,,HISTORICAL_VINTAGE_UNAVAILABLE,,,,,,,UNAVAILABLE
FL-UK-2012-01,2012-08-03,2012-08-01T10:30:00,30.849998474121094,78.54999542236328,0.6599999666213989,1.3199999332427979,GPM_3IMERGHH_07,V07B,3B-HHR.MS.MRG.3IMERG.20120801-S103000-E105959.0630.V07B.HDF5,2012-08-01T10:30:00,DERIVED,cloudburst-induced flood,True,0.6599999666213989,0.6599999666213989,0.6599999666213989,0.6599999666213989,0.6599999666213989,0.6599999666213989,0.6599999666213989,0.6599999666213989,DATE_ONLY,SUITABLE_RAINFALL_FLASH_FLOOD,Major,1150.0,26.8,225.0,-0.014,15200,8.9,14.8,110.0,1.9,10,Tree cover,0.65,0.2,0.05,0.1,,,,,,,,,,HISTORICAL_VINTAGE_UNAVAILABLE,,,,,,,UNAVAILABLE
FL-UK-2012-01,2012-08-03,2012-08-01T12:30:00,30.849998474121094,78.54999542236328,0.85999995470047,1.71999990940094,GPM_3IMERGHH_07,V07B,3B-HHR.MS.MRG.3IMERG.20120801-S123000-E125959.0750.V07B.HDF5,2012-08-01T12:30:00,DERIVED,cloudburst-induced flood,True,0.85999995470047,1.519999921321869,1.519999921321869,1.519999921321869,1.519999921321869,1.519999921321869,1.519999921321869,1.519999921321869,DATE_ONLY,SUITABLE_RAINFALL_FLASH_FLOOD,Major,1150.0,26.8,225.0,-0.014,15200,8.9,14.8,110.0,1.9,10,Tree cover,0.65,0.2,0.05,0.1,,,,,,,,,,HISTORICAL_VINTAGE_UNAVAILABLE,,,,,,,UNAVAILABLE
FL-UK-2012-01,2012-08-03,2012-08-01T14:30:00,30.849998474121094,78.54999542236328,0.0949999988079071,0.1899999976158142,GPM_3IMERGHH_07,V07B,3B-HHR.MS.MRG.3IMERG.20120801-S143000-E145959.0870.V07B.HDF5,2012-08-01T14:30:00,DERIVED,cloudburst-induced flood,True,0.0949999988079071,0.9549999535083771,1.614999920129776,1.614999920129776,1.614999920129776,1.614999920129776,1.614999920129776,1.614999920129776,DATE_ONLY,SUITABLE_RAINFALL_FLASH_FLOOD,Major,1150.0,26.8,225.0,-0.014,15200,8.9,14.8,110.0,1.9,10,Tree cover,0.65,0.2,0.05,0.1,,,,,,,,,,HISTORICAL_VINTAGE_UNAVAILABLE,,,,,,,UNAVAILABLE
FL-UK-2012-01,2012-08-03,2012-08-01T16:30:00,30.849998474121094,78.54999542236328,0.0,0.0,GPM_3IMERGHH_07,V07B,3B-HHR.MS.MRG.3IMERG.20120801-S163000-E165959.0990.V07B.HDF5,2012-08-01T16:30:00,DERIVED,cloudburst-induced flood,True,0.0,0.0949999988079071,1.614999920129776,1.614999920129776,1.614999920129776,1.614999920129776,1.614999920129776,1.614999920129776,DATE_ONLY,SUITABLE_RAINFALL_FLASH_FLOOD,Major,1150.0,26.8,225.0,-0.014,15200,8.9,14.8,110.0,1.9,10,Tree cover,0.65,0.2,0.05,0.1,,,,,,,,,,HISTORICAL_VINTAGE_UNAVAILABLE,,,,,,,UNAVAILABLE
FL-UK-2012-01,2012-08-03,2012-08-01T18:30:00,30.849998474121094,78.54999542236328,0.6850000023841858,1.3700000047683716,GPM_3IMERGHH_07,V07B,3B-HHR.MS.MRG.3IMERG.20120801-S183000-E185959.1110.V07B.HDF5,2012-08-01T18:30:00,DERIVED,cloudburst-induced flood,True,0.6850000023841858,0.6850000023841858,2.299999922513962,2.299999922513962,2.299999922513962,2.299999922513962,2.299999922513962,2.299999922513962,DATE_ONLY,SUITABLE_RAINFALL_FLASH_FLOOD,Major,1150.0,26.8,225.0,-0.014,15200,8.9,14.8,110.0,1.9,10,Tree cover,0.65,0.2,0.05,0.1,,,,,,,,,,HISTORICAL_VINTAGE_UNAVAILABLE,,,,,,,UNAVAILABLE
FL-UK-2012-01,2012-08-03,2012-08-01T20:30:00,30.849998474121094,78.54999542236328,3.365000009536743,6.730000019073486,GPM_3IMERGHH_07,V07B,3B-HHR.MS.MRG.3IMERG.20120801-S203000-E205959.1230.V07B.HDF5,2012-08-01T20:30:00,DERIVED,cloudburst-induced flood,True,3.365000009536743,4.050000011920929,5.664999932050705,5.664999932050705,5.664999932050705,5.664999932050705,5.664999932050705,5.664999932050705,DATE_ONLY,SUITABLE_RAINFALL_FLASH_FLOOD,Major,1150.0,26.8,225.0,-0.014,15200,8.9,14.8,110.0,1.9,10,Tree cover,0.65,0.2,0.05,0.1,,,,,,,,,,HISTORICAL_VINTAGE_UNAVAILABLE,,,,,,,UNAVAILABLE
FL-UK-2012-01,2012-08-03,2012-08-01T22:30:00,30.849998474121094,78.54999542236328,1.0149999856948853,2.0299999713897705,GPM_3IMERGHH_07,V07B,3B-HHR.MS.MRG.3IMERG.20120801-S223000-E225959.1350.V07B.HDF5,2012-08-01T22:30:00,DERIVED,cloudburst-induced flood,True,1.0149999856948853,4.379999995231628,6.019999951124191,6.67999991774559,6.67999991774559,6.67999991774559,6.67999991774559,6.67999991774559,DATE_ONLY,SUITABLE_RAINFALL_FLASH_FLOOD,Major,1150.0,26.8,225.0,-0.014,15200,8.9,14.8,110.0,1.9,10,Tree cover,0.65,0.2,0.05,0.1,,,,,,,,,,HISTORICAL_VINTAGE_UNAVAILABLE,,,,,,,UNAVAILABLE
FL-UK-2012-01,2012-08-03,2012-08-02T00:30:00,30.849998474121094,78.54999542236328,0.0,0.0,GPM_3IMERGHH_07,V07B,3B-HHR.MS.MRG.3IMERG.20120802-S003000-E005959.0030.V07B.HDF5,2012-08-02T00:30:00,DERIVED,cloudburst-induced flood,True,0.0,1.0149999856948853,5.159999996423721,6.67999991774559,6.67999991774559,6.67999991774559,6.67999991774559,6.67999991774559,DATE_ONLY,SUITABLE_RAINFALL_FLASH_FLOOD,Major,1150.0,26.8,225.0,-0.014,15200,8.9,14.8,110.0,1.9,10,Tree cover,0.65,0.2,0.05,0.1,,,,,,,,,,HISTORICAL_VINTAGE_UNAVAILABLE,,,,,,,UNAVAILABLE
FL-UK-2012-01,2012-08-03,2012-08-02T02:30:00,30.849998474121094,78.54999542236328,0.0,0.0,GPM_3IMERGHH_07,V07B,3B-HHR.MS.MRG.3IMERG.20120802-S023000-E025959.0150.V07B.HDF5,2012-08-02T02:30:00,DERIVED,cloudburst-induced flood,True,0.0,0.0,5.064999997615814,6.67999991774559,6.67999991774559,6.67999991774559,6.67999991774559,6.67999991774559,DATE_ONLY,SUITABLE_RAINFALL_FLASH_FLOOD,Major,1150.0,26.8,225.0,-0.014,15200,8.9,14.8,110.0,1.9,10,Tree cover,0.65,0.2,0.05,0.1,,,,,,,,,,HISTORICAL_VINTAGE_UNAVAILABLE,,,,,,,UNAVAILABLE
FL-UK-2012-01,2012-08-03,2012-08-02T04:30:00,30.849998474121094,78.54999542236328,0.0,0.0,GPM_3IMERGHH_07,V07B,3B-HHR.MS.MRG.3IMERG.20120802-S043000-E045959.0270.V07B.HDF5,2012-08-02T04:30:00,DERIVED,cloudburst-induced flood,True,0.0,0.0,5.064999997615814,6.67999991774559,6.67999991774559,6.67999991774559,6.67999991774559,6.67999991774559,DATE_ONLY,SUITABLE_RAINFALL_FLASH_FLOOD,Major,1150.0,26.8,225.0,-0.014,15200,8.9,14.8,110.0,1.9,10,Tree cover,0.65,0.2,0.05,0.1,,,,,,,,,,HISTORICAL_VINTAGE_UNAVAILABLE,,,,,,,UNAVAILABLE
FL-UK-2012-01,2012-08-03,2012-08-02T06:30:00,30.849998474121094,78.54999542236328,0.0,0.0,GPM_3IMERGHH_07,V07B,3B-HHR.MS.MRG.3IMERG.20120802-S063000-E065959.0390.V07B.HDF5,2012-08-02T06:30:00,DERIVED,cloudburst-induced flood,True,0.0,0.0,4.379999995231628,6.67999991774559,6.67999991774559,6.67999991774559,6.67999991774559,6.67999991774559,DATE_ONLY,SUITABLE_RAINFALL_FLASH_FLOOD,Major,1150.0,26.8,225.0,-0.014,15200,8.9,14.8,110.0,1.9,10,Tree cover,0.65,0.2,0.05,0.1,,,,,,,,,,HISTORICAL_VINTAGE_UNAVAILABLE,,,,,,,UNAVAILABLE
FL-UK-2012-01,2012-08-03,2012-08-02T08:30:00,30.849998474121094,78.54999542236328,0.0,0.0,GPM_3IMERGHH_07,V07B,3B-HHR.MS.MRG.3IMERG.20120802-S083000-E085959.0510.V07B.HDF5,2012-08-02T08:30:00,DERIVED,cloudburst-induced flood,True,0.0,0.0,1.0149999856948853,6.67999991774559,6.67999991774559,6.67999991774559,6.67999991774559,6.67999991774559,DATE_ONLY,SUITABLE_RAINFALL_FLASH_FLOOD,Major,1150.0,26.8,225.0,-0.014,15200,8.9,14.8,110.0,1.9,10,Tree cover,0.65,0.2,0.05,0.1,,,,,,,,,,HISTORICAL_VINTAGE_UNAVAILABLE,,,,,,,UNAVAILABLE
FL-UK-2012-01,2012-08-03,2012-08-02T10:30:00,30.849998474121094,78.54999542236328,0.08500000089406967,0.17000000178813934,GPM_3IMERGHH_07,V07B,3B-HHR.MS.MRG.3IMERG.20120802-S103000-E105959.0630.V07B.HDF5,2012-08-02T10:30:00,DERIVED,cloudburst-induced flood,True,0.08500000089406967,0.08500000089406967,0.08500000089406967,6.104999952018261,6.76499991863966,6.76499991863966,6.76499991863966,6.76499991863966,DATE_ONLY,SUITABLE_RAINFALL_FLASH_FLOOD,Major,1150.0,26.8,225.0,-0.014,15200,8.9,14.8,110.0,1.9,10,Tree cover,0.65,0.2,0.05,0.1,,,,,,,,,,HISTORICAL_VINTAGE_UNAVAILABLE,,,,,,,UNAVAILABLE
FL-UK-2012-01,2012-08-03,2012-08-02T12:30:00,30.849998474121094,78.54999542236328,0.19999998807907104,0.3999999761581421,GPM_3IMERGHH_07,V07B,3B-HHR.MS.MRG.3IMERG.20120802-S123000-E125959.0750.V07B.HDF5,2012-08-02T12:30:00,DERIVED,cloudburst-induced flood,True,0.19999998807907104,0.2849999889731407,0.2849999889731407,5.444999985396862,6.964999906718731,6.964999906718731,6.964999906718731,6.964999906718731,DATE_ONLY,SUITABLE_RAINFALL_FLASH_FLOOD,Major,1150.0,26.8,225.0,-0.014,15200,8.9,14.8,110.0,1.9,10,Tree cover,0.65,0.2,0.05,0.1,,,,,,,,,,HISTORICAL_VINTAGE_UNAVAILABLE,,,,,,,UNAVAILABLE
FL-UK-2012-01,2012-08-03,2012-08-02T14:30:00,30.849998474121094,78.54999542236328,0.429999977350235,0.85999995470047,GPM_3IMERGHH_07,V07B,3B-HHR.MS.MRG.3IMERG.20120802-S143000-E145959.0870.V07B.HDF5,2012-08-02T14:30:00,DERIVED,cloudburst-induced flood,True,0.429999977350235,0.629999965429306,0.7149999663233757,5.77999996393919,7.394999884068966,7.394999884068966,7.394999884068966,7.394999884068966,DATE_ONLY,SUITABLE_RAINFALL_FLASH_FLOOD,Major,1150.0,26.8,225.0,-0.014,15200,8.9,14.8,110.0,1.9,10,Tree cover,0.65,0.2,0.05,0.1,,,,,,,,,,HISTORICAL_VINTAGE_UNAVAILABLE,,,,,,,UNAVAILABLE
FL-UK-2012-01,2012-08-03,2012-08-02T16:30:00,30.849998474121094,78.54999542236328,0.2750000059604645,0.550000011920929,GPM_3IMERGHH_07,V07B,3B-HHR.MS.MRG.3IMERG.20120802-S163000-E165959.0990.V07B.HDF5,2012-08-02T16:30:00,DERIVED,cloudburst-induced flood,True,0.2750000059604645,0.7049999833106995,0.9899999722838402,6.054999969899654,7.66999989002943,7.66999989002943,7.66999989002943,7.66999989002943,DATE_ONLY,SUITABLE_RAINFALL_FLASH_FLOOD,Major,1150.0,26.8,225.0,-0.014,15200,8.9,14.8,110.0,1.9,10,Tree cover,0.65,0.2,0.05,0.1,,,,,,,,,,HISTORICAL_VINTAGE_UNAVAILABLE,,,,,,,UNAVAILABLE
FL-UK-2012-01,2012-08-03,2012-08-02T18:30:00,30.849998474121094,78.54999542236328,0.03999999910593033,0.07999999821186066,GPM_3IMERGHH_07,V07B,3B-HHR.MS.MRG.3IMERG.20120802-S183000-E185959.1110.V07B.HDF5,2012-08-02T18:30:00,DERIVED,cloudburst-induced flood,True,0.03999999910593033,0.3150000050663948,1.0299999713897705,5.409999966621399,7.709999889135361,7.709999889135361,7.709999889135361,7.709999889135361,DATE_ONLY,SUITABLE_RAINFALL_FLASH_FLOOD,Major,1150.0,26.8,225.0,-0.014,15200,8.9,14.8,110.0,1.9,10,Tree cover,0.65,0.2,0.05,0.1,,,,,,,,,,HISTORICAL_VINTAGE_UNAVAILABLE,,,,,,,UNAVAILABLE
FL-UK-2012-01,2012-08-03,2012-08-02T20:30:00,30.849998474121094,78.54999542236328,0.0,0.0,GPM_3IMERGHH_07,V07B,3B-HHR.MS.MRG.3IMERG.20120802-S203000-E205959.1230.V07B.HDF5,2012-08-02T20:30:00,DERIVED,cloudburst-induced flood,True,0.0,0.03999999910593033,1.0299999713897705,2.0449999570846558,7.709999889135361,7.709999889135361,7.709999889135361,7.709999889135361,DATE_ONLY,SUITABLE_RAINFALL_FLASH_FLOOD,Major,1150.0,26.8,225.0,-0.014,15200,8.9,14.8,110.0,1.9,10,Tree cover,0.65,0.2,0.05,0.1,,,,,,,,,,HISTORICAL_VINTAGE_UNAVAILABLE,,,,,,,UNAVAILABLE
FL-UK-2012-01,2012-08-03,2012-08-02T22:30:00,30.849998474121094,78.54999542236328,0.0,0.0,GPM_3IMERGHH_07,V07B,3B-HHR.MS.MRG.3IMERG.20120802-S223000-E225959.1350.V07B.HDF5,2012-08-02T22:30:00,DERIVED,cloudburst-induced flood,True,0.0,0.0,0.9449999704957008,1.0299999713897705,7.709999889135361,7.709999889135361,7.709999889135361,7.709999889135361,DATE_ONLY,SUITABLE_RAINFALL_FLASH_FLOOD,Major,1150.0,26.8,225.0,-0.014,15200,8.9,14.8,110.0,1.9,10,Tree cover,0.65,0.2,0.05,0.1,,,,,,,,,,HISTORICAL_VINTAGE_UNAVAILABLE,,,,,,,UNAVAILABLE
FL-UK-2012-01,2012-08-03,2012-08-03T00:30:00,30.849998474121094,78.54999542236328,0.0,0.0,GPM_3IMERGHH_07,V07B,3B-HHR.MS.MRG.3IMERG.20120803-S003000-E005959.0030.V07B.HDF5,2012-08-03T00:30:00,DERIVED,cloudburst-induced flood,True,0.0,0.0,0.7449999824166298,1.0299999713897705,7.709999889135361,7.709999889135361,7.709999889135361,7.709999889135361,DATE_ONLY,SUITABLE_RAINFALL_FLASH_FLOOD,Major,1150.0,26.8,225.0,-0.014,15200,8.9,14.8,110.0,1.9,10,Tree cover,0.65,0.2,0.05,0.1,,,,,,,,,,HISTORICAL_VINTAGE_UNAVAILABLE,,,,,,,UNAVAILABLE
FL-UK-2012-01,2012-08-03,2012-08-03T02:30:00,30.849998474121094,78.54999542236328,0.0,0.0,GPM_3IMERGHH_07,V07B,3B-HHR.MS.MRG.3IMERG.20120803-S023000-E025959.0150.V07B.HDF5,2012-08-03T02:30:00,DERIVED,cloudburst-induced flood,True,0.0,0.0,0.3150000050663948,1.0299999713897705,7.709999889135361,7.709999889135361,7.709999889135361,7.709999889135361,DATE_ONLY,SUITABLE_RAINFALL_FLASH_FLOOD,Major,1150.0,26.8,225.0,-0.014,15200,8.9,14.8,110.0,1.9,10,Tree cover,0.65,0.2,0.05,0.1,,,,,,,,,,HISTORICAL_VINTAGE_UNAVAILABLE,,,,,,,UNAVAILABLE
FL-UK-2012-01,2012-08-03,2012-08-03T04:30:00,30.849998474121094,78.54999542236328,0.0,0.0,GPM_3IMERGHH_07,V07B,3B-HHR.MS.MRG.3IMERG.20120803-S043000-E045959.0270.V07B.HDF5,2012-08-03T04:30:00,DERIVED,cloudburst-induced flood,True,0.0,0.0,0.03999999910593033,1.0299999713897705,7.709999889135361,7.709999889135361,7.709999889135361,7.709999889135361,DATE_ONLY,SUITABLE_RAINFALL_FLASH_FLOOD,Major,1150.0,26.8,225.0,-0.014,15200,8.9,14.8,110.0,1.9,10,Tree cover,0.65,0.2,0.05,0.1,,,,,,,,,,HISTORICAL_VINTAGE_UNAVAILABLE,,,,,,,UNAVAILABLE
FL-UK-2012-01,2012-08-03,2012-08-03T06:30:00,30.849998474121094,78.54999542236328,0.0,0.0,GPM_3IMERGHH_07,V07B,3B-HHR.MS.MRG.3IMERG.20120803-S063000-E065959.0390.V07B.HDF5,2012-08-03T06:30:00,DERIVED,cloudburst-induced flood,True,0.0,0.0,0.0,1.0299999713897705,7.709999889135361,7.709999889135361,7.709999889135361,7.709999889135361,DATE_ONLY,SUITABLE_RAINFALL_FLASH_FLOOD,Major,1150.0,26.8,225.0,-0.014,15200,8.9,14.8,110.0,1.9,10,Tree cover,0.65,0.2,0.05,0.1,,,,,,,,,,HISTORICAL_VINTAGE_UNAVAILABLE,,,,,,,UNAVAILABLE
FL-UK-2012-01,2012-08-03,2012-08-03T08:30:00,30.849998474121094,78.54999542236328,0.0,0.0,GPM_3IMERGHH_07,V07B,3B-HHR.MS.MRG.3IMERG.20120803-S083000-E085959.0510.V07B.HDF5,2012-08-03T08:30:00,DERIVED,cloudburst-induced flood,True,0.0,0.0,0.0,1.0299999713897705,7.709999889135361,7.709999889135361,7.709999889135361,7.709999889135361,DATE_ONLY,SUITABLE_RAINFALL_FLASH_FLOOD,Major,1150.0,26.8,225.0,-0.014,15200,8.9,14.8,110.0,1.9,10,Tree cover,0.65,0.2,0.05,0.1,,,,,,,,,,HISTORICAL_VINTAGE_UNAVAILABLE,,,,,,,UNAVAILABLE
FL-UK-2012-01,2012-08-03,2012-08-03T10:30:00,30.849998474121094,78.54999542236328,0.07499999552965164,0.14999999105930328,GPM_3IMERGHH_07,V07B,3B-HHR.MS.MRG.3IMERG.20120803-S103000-E105959.0630.V07B.HDF5,2012-08-03T10:30:00,DERIVED,cloudburst-induced flood,True,0.07499999552965164,0.07499999552965164,0.07499999552965164,1.0199999660253525,7.124999918043613,7.784999884665012,7.784999884665012,7.784999884665012,DATE_ONLY,SUITABLE_RAINFALL_FLASH_FLOOD,Major,1150.0,26.8,225.0,-0.014,15200,8.9,14.8,110.0,1.9,10,Tree cover,0.65,0.2,0.05,0.1,,,,,,,,,,HISTORICAL_VINTAGE_UNAVAILABLE,,,,,,,UNAVAILABLE
FL-UK-2012-01,2012-08-03,2012-08-03T12:30:00,30.849998474121094,78.54999542236328,2.9749999046325684,5.949999809265137,GPM_3IMERGHH_07,V07B,3B-HHR.MS.MRG.3IMERG.20120803-S123000-E125959.0750.V07B.HDF5,2012-08-03T12:30:00,DERIVED,cloudburst-induced flood,True,2.9749999046325684,3.04999990016222,3.04999990016222,3.79499988257885,9.239999867975712,10.75999978929758,10.75999978929758,10.75999978929758,DATE_ONLY,SUITABLE_RAINFALL_FLASH_FLOOD,Major,1150.0,26.8,225.0,-0.014,15200,8.9,14.8,110.0,1.9,10,Tree cover,0.65,0.2,0.05,0.1,,,,,,,,,,HISTORICAL_VINTAGE_UNAVAILABLE,,,,,,,UNAVAILABLE
FL-UK-2012-01,2012-08-03,2012-08-03T14:30:00,30.849998474121094,78.54999542236328,9.114999771118164,18.229999542236328,GPM_3IMERGHH_07,V07B,3B-HHR.MS.MRG.3IMERG.20120803-S143000-E145959.0870.V07B.HDF5,2012-08-03T14:30:00,DERIVED,cloudburst-induced flood,True,9.114999771118164,12.089999675750732,12.164999671280384,12.479999676346779,18.25999964028597,19.874999560415745,19.874999560415745,19.874999560415745,DATE_ONLY,SUITABLE_RAINFALL_FLASH_FLOOD,Major,1150.0,26.8,225.0,-0.014,15200,8.9,14.8,110.0,1.9,10,Tree cover,0.65,0.2,0.05,0.1,,,,,,,,,,HISTORICAL_VINTAGE_UNAVAILABLE,,,,,,,UNAVAILABLE
FL-UK-2012-01,2012-08-03,2012-08-03T16:30:00,30.849998474121094,78.54999542236328,4.235000133514404,8.470000267028809,GPM_3IMERGHH_07,V07B,3B-HHR.MS.MRG.3IMERG.20120803-S163000-E165959.0990.V07B.HDF5,2012-08-03T16:30:00,DERIVED,cloudburst-induced flood,True,4.235000133514404,13.349999904632568,16.39999980479479,16.43999980390072,22.494999773800373,24.10999969393015,24.10999969393015,24.10999969393015,DATE_ONLY,SUITABLE_RAINFALL_FLASH_FLOOD,Major,1150.0,26.8,225.0,-0.014,15200,8.9,14.8,110.0,1.9,10,Tree cover,0.65,0.2,0.05,0.1,,,,,,,,,,HISTORICAL_VINTAGE_UNAVAILABLE,,,,,,,UNAVAILABLE
FL-UK-2012-01,2012-08-03,2012-08-03T18:30:00,30.849998474121094,78.54999542236328,0.07999999821186066,0.1599999964237213,GPM_3IMERGHH_07,V07B,3B-HHR.MS.MRG.3IMERG.20120803-S183000-E185959.1110.V07B.HDF5,2012-08-03T18:30:00,DERIVED,cloudburst-induced flood,True,0.07999999821186066,4.315000131726265,16.47999980300665,16.47999980300665,21.889999769628048,24.18999969214201,24.18999969214201,24.18999969214201,DATE_ONLY,SUITABLE_RAINFALL_FLASH_FLOOD,Major,1150.0,26.8,225.0,-0.014,15200,8.9,14.8,110.0,1.9,10,Tree cover,0.65,0.2,0.05,0.1,,,,,,,,,,HISTORICAL_VINTAGE_UNAVAILABLE,,,,,,,UNAVAILABLE
FL-UK-2012-01,2012-08-03,2012-08-03T20:30:00,30.849998474121094,78.54999542236328,0.4399999976158142,0.8799999952316284,GPM_3IMERGHH_07,V07B,3B-HHR.MS.MRG.3IMERG.20120803-S203000-E205959.1230.V07B.HDF5,2012-08-03T20:30:00,DERIVED,cloudburst-induced flood,True,0.4399999976158142,0.5199999958276749,16.919999800622463,16.919999800622463,18.96499975770712,24.629999689757824,24.629999689757824,24.629999689757824,DATE_ONLY,SUITABLE_RAINFALL_FLASH_FLOOD,Major,1150.0,26.8,225.0,-0.014,15200,8.9,14.8,110.0,1.9,10,Tree cover,0.65,0.2,0.05,0.1,,,,,,,,,,HISTORICAL_VINTAGE_UNAVAILABLE,,,,,,,UNAVAILABLE
FL-UK-2012-01,2012-08-03,2012-08-03T22:30:00,30.849998474121094,78.54999542236328,0.0,0.0,GPM_3IMERGHH_07,V07B,3B-HHR.MS.MRG.3IMERG.20120803-S223000-E225959.1350.V07B.HDF5,2012-08-03T22:30:00,DERIVED,cloudburst-induced flood,True,0.0,0.4399999976158142,16.84499980509281,16.919999800622463,17.949999772012234,24.629999689757824,24.629999689757824,24.629999689757824,DATE_ONLY,SUITABLE_RAINFALL_FLASH_FLOOD,Major,1150.0,26.8,225.0,-0.014,15200,8.9,14.8,110.0,1.9,10,Tree cover,0.65,0.2,0.05,0.1,,,,,,,,,,HISTORICAL_VINTAGE_UNAVAILABLE,,,,,,,UNAVAILABLE
FL-UK-2012-01,2012-08-03,2012-08-04T00:30:00,30.849998474121094,78.54999542236328,0.16499999165534973,0.32999998331069946,GPM_3IMERGHH_07,V07B,3B-HHR.MS.MRG.3IMERG.20120804-S003000-E005959.0030.V07B.HDF5,2012-08-04T00:30:00,DERIVED,cloudburst-induced flood,True,0.16499999165534973,0.16499999165534973,14.034999892115593,17.084999792277813,18.114999763667583,24.794999681413174,24.794999681413174,24.794999681413174,DATE_ONLY,SUITABLE_RAINFALL_FLASH_FLOOD,Major,1150.0,26.8,225.0,-0.014,15200,8.9,14.8,110.0,1.9,10,Tree cover,0.65,0.2,0.05,0.1,,,,,,,,,,HISTORICAL_VINTAGE_UNAVAILABLE,,,,,,,UNAVAILABLE
FL-UK-2012-01,2012-08-03,2012-08-04T02:30:00,30.849998474121094,78.54999542236328,0.0,0.0,GPM_3IMERGHH_07,V07B,3B-HHR.MS.MRG.3IMERG.20120804-S023000-E025959.0150.V07B.HDF5,2012-08-04T02:30:00,DERIVED,cloudburst-induced flood,True,0.0,0.16499999165534973,4.920000120997429,17.084999792277813,18.114999763667583,24.794999681413174,24.794999681413174,24.794999681413174,DATE_ONLY,SUITABLE_RAINFALL_FLASH_FLOOD,Major,1150.0,26.8,225.0,-0.014,15200,8.9,14.8,110.0,1.9,10,Tree cover,0.65,0.2,0.05,0.1,,,,,,,,,,HISTORICAL_VINTAGE_UNAVAILABLE,,,,,,,UNAVAILABLE
FL-UK-2012-01,2012-08-03,2012-08-04T04:30:00,30.849998474121094,78.54999542236328,0.0,0.0,GPM_3IMERGHH_07,V07B,3B-HHR.MS.MRG.3IMERG.20120804-S043000-E045959.0270.V07B.HDF5,2012-08-04T04:30:00,DERIVED,cloudburst-induced flood,True,0.0,0.0,0.6849999874830246,17.084999792277813,18.114999763667583,24.794999681413174,24.794999681413174,24.794999681413174,DATE_ONLY,SUITABLE_RAINFALL_FLASH_FLOOD,Major,1150.0,26.8,225.0,-0.014,15200,8.9,14.8,110.0,1.9,10,Tree cover,0.65,0.2,0.05,0.1,,,,,,,,,,HISTORICAL_VINTAGE_UNAVAILABLE,,,,,,,UNAVAILABLE
FL-UK-2012-01,2012-08-03,2012-08-04T06:30:00,30.849998474121094,78.54999542236328,0.1899999976158142,0.3799999952316284,GPM_3IMERGHH_07,V07B,3B-HHR.MS.MRG.3IMERG.20120804-S063000-E065959.0390.V07B.HDF5,2012-08-04T06:30:00,DERIVED,cloudburst-induced flood,True,0.1899999976158142,0.1899999976158142,0.7949999868869781,17.274999789893627,18.304999761283398,24.984999679028988,24.984999679028988,24.984999679028988,DATE_ONLY,SUITABLE_RAINFALL_FLASH_FLOOD,Major,1150.0,26.8,225.0,-0.014,15200,8.9,14.8,110.0,1.9,10,Tree cover,0.65,0.2,0.05,0.1,,,,,,,,,,HISTORICAL_VINTAGE_UNAVAILABLE,,,,,,,UNAVAILABLE
FL-UK-2012-01,2012-08-03,2012-08-04T08:30:00,30.849998474121094,78.54999542236328,0.35499998927116394,0.7099999785423279,GPM_3IMERGHH_07,V07B,3B-HHR.MS.MRG.3IMERG.20120804-S083000-E085959.0510.V07B.HDF5,2012-08-04T08:30:00,DERIVED,cloudburst-induced flood,True,0.35499998927116394,0.5449999868869781,0.7099999785423279,17.62999977916479,18.65999975055456,25.339999668300152,25.339999668300152,25.339999668300152,DATE_ONLY,SUITABLE_RAINFALL_FLASH_FLOOD,Major,1150.0,26.8,225.0,-0.014,15200,8.9,14.8,110.0,1.9,10,Tree cover,0.65,0.2,0.05,0.1,,,,,,,,,,HISTORICAL_VINTAGE_UNAVAILABLE,,,,,,,UNAVAILABLE
FL-UK-2012-01,2012-08-03,2012-08-04T10:30:00,30.849998474121094,78.54999542236328,0.2800000011920929,0.5600000023841858,GPM_3IMERGHH_07,V07B,3B-HHR.MS.MRG.3IMERG.20120804-S103000-E105959.0630.V07B.HDF5,2012-08-04T10:30:00,DERIVED,cloudburst-induced flood,True,0.2800000011920929,0.6349999904632568,0.9899999797344208,17.834999784827232,18.854999750852585,25.619999669492245,25.619999669492245,25.619999669492245,DATE_ONLY,SUITABLE_RAINFALL_FLASH_FLOOD,Major,1150.0,26.8,225.0,-0.014,15200,8.9,14.8,110.0,1.9,10,Tree cover,0.65,0.2,0.05,0.1,,,,,,,,,,HISTORICAL_VINTAGE_UNAVAILABLE,,,,,,,UNAVAILABLE
FL-UK-2012-01,2012-08-03,2012-08-04T12:30:00,30.849998474121094,78.54999542236328,2.25,4.5,GPM_3IMERGHH_07,V07B,3B-HHR.MS.MRG.3IMERG.20120804-S123000-E125959.0750.V07B.HDF5,2012-08-04T12:30:00,DERIVED,cloudburst-induced flood,True,2.25,2.530000001192093,3.074999988079071,17.109999880194664,20.904999762773514,27.869999669492245,27.869999669492245,27.869999669492245,DATE_ONLY,SUITABLE_RAINFALL_FLASH_FLOOD,Major,1150.0,26.8,225.0,-0.014,15200,8.9,14.8,110.0,1.9,10,Tree cover,0.65,0.2,0.05,0.1,,,,,,,,,,HISTORICAL_VINTAGE_UNAVAILABLE,,,,,,,UNAVAILABLE
FL-UK-2012-01,2012-08-03,2012-08-04T14:30:00,30.849998474121094,78.54999542236328,0.0,0.0,GPM_3IMERGHH_07,V07B,3B-HHR.MS.MRG.3IMERG.20120804-S143000-E145959.0870.V07B.HDF5,2012-08-04T14:30:00,DERIVED,cloudburst-induced flood,True,0.0,2.25,3.074999988079071,7.9950001090765,20.47499978542328,27.869999669492245,27.869999669492245,27.869999669492245,DATE_ONLY,SUITABLE_RAINFALL_FLASH_FLOOD,Major,1150.0,26.8,225.0,-0.014,15200,8.9,14.8,110.0,1.9,10,Tree cover,0.65,0.2,0.05,0.1,,,,,,,,,,HISTORICAL_VINTAGE_UNAVAILABLE,,,,,,,UNAVAILABLE
FL-UK-2012-01,2012-08-03,2012-08-04T16:30:00,30.849998474121094,78.54999542236328,0.0,0.0,GPM_3IMERGHH_07,V07B,3B-HHR.MS.MRG.3IMERG.20120804-S163000-E165959.0990.V07B.HDF5,2012-08-04T16:30:00,DERIVED,cloudburst-induced flood,True,0.0,0.0,3.074999988079071,3.7599999755620956,20.199999779462814,27.869999669492245,27.869999669492245,27.869999669492245,DATE_ONLY,SUITABLE_RAINFALL_FLASH_FLOOD,Major,1150.0,26.8,225.0,-0.014,15200,8.9,14.8,110.0,1.9,10,Tree cover,0.65,0.2,0.05,0.1,,,,,,,,,,HISTORICAL_VINTAGE_UNAVAILABLE,,,,,,,UNAVAILABLE
FL-UK-2012-01,2012-08-03,2012-08-04T18:30:00,30.849998474121094,78.54999542236328,0.0,0.0,GPM_3IMERGHH_07,V07B,3B-HHR.MS.MRG.3IMERG.20120804-S183000-E185959.1110.V07B.HDF5,2012-08-04T18:30:00,DERIVED,cloudburst-induced flood,True,0.0,0.0,2.884999990463257,3.679999977350235,20.159999780356884,27.869999669492245,27.869999669492245,27.869999669492245,DATE_ONLY,SUITABLE_RAINFALL_FLASH_FLOOD,Major,1150.0,26.8,225.0,-0.014,15200,8.9,14.8,110.0,1.9,10,Tree cover,0.65,0.2,0.05,0.1,,,,,,,,,,HISTORICAL_VINTAGE_UNAVAILABLE,,,,,,,UNAVAILABLE
FL-UK-2012-01,2012-08-03,2012-08-04T22:00:00,30.849998474121094,78.54999542236328,0.17999999225139618,0.35999998450279236,GPM_3IMERGHH_07,V07B,3B-HHR.MS.MRG.3IMERG.20120804-S220000-E222959.1320.V07B.HDF5,2012-08-04T22:00:00,DERIVED,cloudburst-induced flood,True,0.17999999225139618,0.17999999225139618,2.709999993443489,3.419999971985817,20.33999977260828,28.04999966174364,28.04999966174364,28.04999966174364,DATE_ONLY,SUITABLE_RAINFALL_FLASH_FLOOD,Major,1150.0,26.8,225.0,-0.014,15200,8.9,14.8,110.0,1.9,10,Tree cover,0.65,0.2,0.05,0.1,,,,,,,,,,HISTORICAL_VINTAGE_UNAVAILABLE,,,,,,,UNAVAILABLE
FL-UK-2012-02,2012-09-13,2012-09-10T00:00:00,30.44999885559082,79.04999542236328,0.3149999976158142,0.6299999952316284,GPM_3IMERGHH_07,V07B,3B-HHR.MS.MRG.3IMERG.20120910-S000000-E002959.0000.V07B.HDF5,2012-09-10T00:00:00,DERIVED,cloudburst-induced flood,True,0.3149999976158142,0.3149999976158142,0.3149999976158142,0.3149999976158142,0.3149999976158142,0.3149999976158142,0.3149999976158142,0.3149999976158142,DATE_ONLY,SUITABLE_RAINFALL_FLASH_FLOOD,Major,1420.0,29.5,190.0,-0.017,11000,7.95,15.9,90.0,2.05,10,Tree cover,0.72,0.1,0.03,0.15,,,,,,,,,,HISTORICAL_VINTAGE_UNAVAILABLE,,,,,,,UNAVAILABLE
FL-UK-2012-02,2012-09-13,2012-09-11T00:00:00,30.44999885559082,79.04999542236328,0.0,0.0,GPM_3IMERGHH_07,V07B,3B-HHR.MS.MRG.3IMERG.20120911-S000000-E002959.0000.V07B.HDF5,2012-09-11T00:00:00,DERIVED,cloudburst-induced flood,True,0.0,0.3149999976158142,0.3149999976158142,0.3149999976158142,0.3149999976158142,0.3149999976158142,0.3149999976158142,0.3149999976158142,DATE_ONLY,SUITABLE_RAINFALL_FLASH_FLOOD,Major,1420.0,29.5,190.0,-0.017,11000,7.95,15.9,90.0,2.05,10,Tree cover,0.72,0.1,0.03,0.15,,,,,,,,,,HISTORICAL_VINTAGE_UNAVAILABLE,,,,,,,UNAVAILABLE
FL-UK-2012-02,2012-09-13,2012-09-12T00:00:00,30.44999885559082,79.04999542236328,0.009999999776482582,0.019999999552965164,GPM_3IMERGHH_07,V07B,3B-HHR.MS.MRG.3IMERG.20120912-S000000-E002959.0000.V07B.HDF5,2012-09-12T00:00:00,DERIVED,cloudburst-induced flood,True,0.009999999776482582,0.009999999776482582,0.3249999973922968,0.3249999973922968,0.3249999973922968,0.3249999973922968,0.3249999973922968,0.3249999973922968,DATE_ONLY,SUITABLE_RAINFALL_FLASH_FLOOD,Major,1420.0,29.5,190.0,-0.017,11000,7.95,15.9,90.0,2.05,10,Tree cover,0.72,0.1,0.03,0.15,,,,,,,,,,HISTORICAL_VINTAGE_UNAVAILABLE,,,,,,,UNAVAILABLE
FL-UK-2012-02,2012-09-13,2012-09-13T00:00:00,30.44999885559082,79.04999542236328,0.4650000035762787,0.9300000071525574,GPM_3IMERGHH_07,V07B,3B-HHR.MS.MRG.3IMERG.20120913-S000000-E002959.0000.V07B.HDF5,2012-09-13T00:00:00,DERIVED,cloudburst-induced flood,True,0.4650000035762787,0.47500000335276127,0.7900000009685755,0.7900000009685755,0.7900000009685755,0.7900000009685755,0.7900000009685755,0.7900000009685755,DATE_ONLY,SUITABLE_RAINFALL_FLASH_FLOOD,Major,1420.0,29.5,190.0,-0.017,11000,7.95,15.9,90.0,2.05,10,Tree cover,0.72,0.1,0.03,0.15,,,,,,,,,,HISTORICAL_VINTAGE_UNAVAILABLE,,,,,,,UNAVAILABLE
FL-UK-2012-02,2012-09-13,2012-09-14T00:00:00,30.44999885559082,79.04999542236328,0.48499998450279236,0.9699999690055847,GPM_3IMERGHH_07,V07B,3B-HHR.MS.MRG.3IMERG.20120914-S000000-E002959.0000.V07B.HDF5,2012-09-14T00:00:00,DERIVED,cloudburst-induced flood,True,0.48499998450279236,0.949999988079071,1.2749999854713678,1.2749999854713678,1.2749999854713678,1.2749999854713678,1.2749999854713678,1.2749999854713678,DATE_ONLY,SUITABLE_RAINFALL_FLASH_FLOOD,Major,1420.0,29.5,190.0,-0.017,11000,7.95,15.9,90.0,2.05,10,Tree cover,0.72,0.1,0.03,0.15,,,,,,,,,,HISTORICAL_VINTAGE_UNAVAILABLE,,,,,,,UNAVAILABLE
FL-UK-2012-02,2012-09-13,2012-09-15T00:00:00,30.44999885559082,79.04999542236328,0.2149999886751175,0.429999977350235,GPM_3IMERGHH_07,V07B,3B-HHR.MS.MRG.3IMERG.20120915-S000000-E002959.0000.V07B.HDF5,2012-09-15T00:00:00,DERIVED,cloudburst-induced flood,True,0.2149999886751175,0.6999999731779099,1.4899999741464853,1.4899999741464853,1.4899999741464853,1.4899999741464853,1.4899999741464853,1.4899999741464853,DATE_ONLY,SUITABLE_RAINFALL_FLASH_FLOOD,Major,1420.0,29.5,190.0,-0.017,11000,7.95,15.9,90.0,2.05,10,Tree cover,0.72,0.1,0.03,0.15,,,,,,,,,,HISTORICAL_VINTAGE_UNAVAILABLE,,,,,,,UNAVAILABLE
FL-UK-2012-02,2012-09-13,2012-09-10T00:00:00,30.44999885559082,79.1500015258789,0.0,0.0,GPM_3IMERGHH_07,V07B,3B-HHR.MS.MRG.3IMERG.20120910-S000000-E002959.0000.V07B.HDF5,2012-09-10T00:00:00,DERIVED,cloudburst-induced flood,True,0.0,0.0,0.0,0.0,0.0,0.0,0.0,0.0,DATE_ONLY,SUITABLE_RAINFALL_FLASH_FLOOD,Major,1420.0,29.5,190.0,-0.017,11000,7.95,15.9,90.0,2.05,10,Tree cover,0.72,0.1,0.03,0.15,,,,,,,,,,HISTORICAL_VINTAGE_UNAVAILABLE,,,,,,,UNAVAILABLE
FL-UK-2012-02,2012-09-13,2012-09-11T00:00:00,30.44999885559082,79.1500015258789,0.0,0.0,GPM_3IMERGHH_07,V07B,3B-HHR.MS.MRG.3IMERG.20120911-S000000-E002959.0000.V07B.HDF5,2012-09-11T00:00:00,DERIVED,cloudburst-induced flood,True,0.0,0.0,0.0,0.0,0.0,0.0,0.0,0.0,DATE_ONLY,SUITABLE_RAINFALL_FLASH_FLOOD,Major,1420.0,29.5,190.0,-0.017,11000,7.95,15.9,90.0,2.05,10,Tree cover,0.72,0.1,0.03,0.15,,,,,,,,,,HISTORICAL_VINTAGE_UNAVAILABLE,,,,,,,UNAVAILABLE
FL-UK-2012-02,2012-09-13,2012-09-12T00:00:00,30.44999885559082,79.1500015258789,0.2849999964237213,0.5699999928474426,GPM_3IMERGHH_07,V07B,3B-HHR.MS.MRG.3IMERG.20120912-S000000-E002959.0000.V07B.HDF5,2012-09-12T00:00:00,DERIVED,cloudburst-induced flood,True,0.2849999964237213,0.2849999964237213,0.2849999964237213,0.2849999964237213,0.2849999964237213,0.2849999964237213,0.2849999964237213,0.2849999964237213,DATE_ONLY,SUITABLE_RAINFALL_FLASH_FLOOD,Major,1420.0,29.5,190.0,-0.017,11000,7.95,15.9,90.0,2.05,10,Tree cover,0.72,0.1,0.03,0.15,,,,,,,,,,HISTORICAL_VINTAGE_UNAVAILABLE,,,,,,,UNAVAILABLE
FL-UK-2012-02,2012-09-13,2012-09-13T00:00:00,30.44999885559082,79.1500015258789,0.3400000035762787,0.6800000071525574,GPM_3IMERGHH_07,V07B,3B-HHR.MS.MRG.3IMERG.20120913-S000000-E002959.0000.V07B.HDF5,2012-09-13T00:00:00,DERIVED,cloudburst-induced flood,True,0.3400000035762787,0.625,0.625,0.625,0.625,0.625,0.625,0.625,DATE_ONLY,SUITABLE_RAINFALL_FLASH_FLOOD,Major,1420.0,29.5,190.0,-0.017,11000,7.95,15.9,90.0,2.05,10,Tree cover,0.72,0.1,0.03,0.15,,,,,,,,,,HISTORICAL_VINTAGE_UNAVAILABLE,,,,,,,UNAVAILABLE
FL-UK-2012-02,2012-09-13,2012-09-14T00:00:00,30.44999885559082,79.1500015258789,0.41999998688697815,0.8399999737739563,GPM_3IMERGHH_07,V07B,3B-HHR.MS.MRG.3IMERG.20120914-S000000-E002959.0000.V07B.HDF5,2012-09-14T00:00:00,DERIVED,cloudburst-induced flood,True,0.41999998688697815,0.7599999904632568,1.0449999868869781,1.0449999868869781,1.0449999868869781,1.0449999868869781,1.0449999868869781,1.0449999868869781,DATE_ONLY,SUITABLE_RAINFALL_FLASH_FLOOD,Major,1420.0,29.5,190.0,-0.017,11000,7.95,15.9,90.0,2.05,10,Tree cover,0.72,0.1,0.03,0.15,,,,,,,,,,HISTORICAL_VINTAGE_UNAVAILABLE,,,,,,,UNAVAILABLE
FL-UK-2012-02,2012-09-13,2012-09-15T00:00:00,30.44999885559082,79.1500015258789,0.22999998927116394,0.4599999785423279,GPM_3IMERGHH_07,V07B,3B-HHR.MS.MRG.3IMERG.20120915-S000000-E002959.0000.V07B.HDF5,2012-09-15T00:00:00,DERIVED,cloudburst-induced flood,True,0.22999998927116394,0.6499999761581421,1.274999976158142,1.274999976158142,1.274999976158142,1.274999976158142,1.274999976158142,1.274999976158142,DATE_ONLY,SUITABLE_RAINFALL_FLASH_FLOOD,Major,1420.0,29.5,190.0,-0.017,11000,7.95,15.9,90.0,2.05,10,Tree cover,0.72,0.1,0.03,0.15,,,,,,,,,,HISTORICAL_VINTAGE_UNAVAILABLE,,,,,,,UNAVAILABLE
FL-UK-2012-02,2012-09-13,2012-09-10T00:00:00,30.44999885559082,79.25,0.0,0.0,GPM_3IMERGHH_07,V07B,3B-HHR.MS.MRG.3IMERG.20120910-S000000-E002959.0000.V07B.HDF5,2012-09-10T00:00:00,DERIVED,cloudburst-induced flood,True,0.0,0.0,0.0,0.0,0.0,0.0,0.0,0.0,DATE_ONLY,SUITABLE_RAINFALL_FLASH_FLOOD,Major,1420.0,29.5,190.0,-0.017,11000,7.95,15.9,90.0,2.05,10,Tree cover,0.72,0.1,0.03,0.15,,,,,,,,,,HISTORICAL_VINTAGE_UNAVAILABLE,,,,,,,UNAVAILABLE
FL-UK-2012-02,2012-09-13,2012-09-11T00:00:00,30.44999885559082,79.25,0.0,0.0,GPM_3IMERGHH_07,V07B,3B-HHR.MS.MRG.3IMERG.20120911-S000000-E002959.0000.V07B.HDF5,2012-09-11T00:00:00,DERIVED,cloudburst-induced flood,True,0.0,0.0,0.0,0.0,0.0,0.0,0.0,0.0,DATE_ONLY,SUITABLE_RAINFALL_FLASH_FLOOD,Major,1420.0,29.5,190.0,-0.017,11000,7.95,15.9,90.0,2.05,10,Tree cover,0.72,0.1,0.03,0.15,,,,,,,,,,HISTORICAL_VINTAGE_UNAVAILABLE,,,,,,,UNAVAILABLE
FL-UK-2012-02,2012-09-13,2012-09-12T00:00:00,30.44999885559082,79.25,0.38499999046325684,0.7699999809265137,GPM_3IMERGHH_07,V07B,3B-HHR.MS.MRG.3IMERG.20120912-S000000-E002959.0000.V07B.HDF5,2012-09-12T00:00:00,DERIVED,cloudburst-induced flood,True,0.38499999046325684,0.38499999046325684,0.38499999046325684,0.38499999046325684,0.38499999046325684,0.38499999046325684,0.38499999046325684,0.38499999046325684,DATE_ONLY,SUITABLE_RAINFALL_FLASH_FLOOD,Major,1420.0,29.5,190.0,-0.017,11000,7.95,15.9,90.0,2.05,10,Tree cover,0.72,0.1,0.03,0.15,,,,,,,,,,HISTORICAL_VINTAGE_UNAVAILABLE,,,,,,,UNAVAILABLE
FL-UK-2012-02,2012-09-13,2012-09-13T00:00:00,30.44999885559082,79.25,0.004999999888241291,0.009999999776482582,GPM_3IMERGHH_07,V07B,3B-HHR.MS.MRG.3IMERG.20120913-S000000-E002959.0000.V07B.HDF5,2012-09-13T00:00:00,DERIVED,cloudburst-induced flood,True,0.004999999888241291,0.3899999903514981,0.3899999903514981,0.3899999903514981,0.3899999903514981,0.3899999903514981,0.3899999903514981,0.3899999903514981,DATE_ONLY,SUITABLE_RAINFALL_FLASH_FLOOD,Major,1420.0,29.5,190.0,-0.017,11000,7.95,15.9,90.0,2.05,10,Tree cover,0.72,0.1,0.03,0.15,,,,,,,,,,HISTORICAL_VINTAGE_UNAVAILABLE,,,,,,,UNAVAILABLE
FL-UK-2012-02,2012-09-13,2012-09-14T00:00:00,30.44999885559082,79.25,0.9950000047683716,1.9900000095367432,GPM_3IMERGHH_07,V07B,3B-HHR.MS.MRG.3IMERG.20120914-S000000-E002959.0000.V07B.HDF5,2012-09-14T00:00:00,DERIVED,cloudburst-induced flood,True,0.9950000047683716,1.0000000046566129,1.3849999951198697,1.3849999951198697,1.3849999951198697,1.3849999951198697,1.3849999951198697,1.3849999951198697,DATE_ONLY,SUITABLE_RAINFALL_FLASH_FLOOD,Major,1420.0,29.5,190.0,-0.017,11000,7.95,15.9,90.0,2.05,10,Tree cover,0.72,0.1,0.03,0.15,,,,,,,,,,HISTORICAL_VINTAGE_UNAVAILABLE,,,,,,,UNAVAILABLE
FL-UK-2012-02,2012-09-13,2012-09-15T00:00:00,30.44999885559082,79.25,0.2149999886751175,0.429999977350235,GPM_3IMERGHH_07,V07B,3B-HHR.MS.MRG.3IMERG.20120915-S000000-E002959.0000.V07B.HDF5,2012-09-15T00:00:00,DERIVED,cloudburst-induced flood,True,0.2149999886751175,1.209999993443489,1.5999999837949872,1.5999999837949872,1.5999999837949872,1.5999999837949872,1.5999999837949872,1.5999999837949872,DATE_ONLY,SUITABLE_RAINFALL_FLASH_FLOOD,Major,1420.0,29.5,190.0,-0.017,11000,7.95,15.9,90.0,2.05,10,Tree cover,0.72,0.1,0.03,0.15,,,,,,,,,,HISTORICAL_VINTAGE_UNAVAILABLE,,,,,,,UNAVAILABLE
FL-UK-2012-02,2012-09-13,2012-09-10T00:00:00,30.549999237060547,79.04999542236328,0.0,0.0,GPM_3IMERGHH_07,V07B,3B-HHR.MS.MRG.3IMERG.20120910-S000000-E002959.0000.V07B.HDF5,2012-09-10T00:00:00,DERIVED,cloudburst-induced flood,True,0.0,0.0,0.0,0.0,0.0,0.0,0.0,0.0,DATE_ONLY,SUITABLE_RAINFALL_FLASH_FLOOD,Major,1420.0,29.5,190.0,-0.017,11000,7.95,15.9,90.0,2.05,10,Tree cover,0.72,0.1,0.03,0.15,,,,,,,,,,HISTORICAL_VINTAGE_UNAVAILABLE,,,,,,,UNAVAILABLE
FL-UK-2012-02,2012-09-13,2012-09-11T00:00:00,30.549999237060547,79.04999542236328,0.0,0.0,GPM_3IMERGHH_07,V07B,3B-HHR.MS.MRG.3IMERG.20120911-S000000-E002959.0000.V07B.HDF5,2012-09-11T00:00:00,DERIVED,cloudburst-induced flood,True,0.0,0.0,0.0,0.0,0.0,0.0,0.0,0.0,DATE_ONLY,SUITABLE_RAINFALL_FLASH_FLOOD,Major,1420.0,29.5,190.0,-0.017,11000,7.95,15.9,90.0,2.05,10,Tree cover,0.72,0.1,0.03,0.15,,,,,,,,,,HISTORICAL_VINTAGE_UNAVAILABLE,,,,,,,UNAVAILABLE
FL-UK-2012-02,2012-09-13,2012-09-12T00:00:00,30.549999237060547,79.04999542236328,0.2800000011920929,0.5600000023841858,GPM_3IMERGHH_07,V07B,3B-HHR.MS.MRG.3IMERG.20120912-S000000-E002959.0000.V07B.HDF5,2012-09-12T00:00:00,DERIVED,cloudburst-induced flood,True,0.2800000011920929,0.2800000011920929,0.2800000011920929,0.2800000011920929,0.2800000011920929,0.2800000011920929,0.2800000011920929,0.2800000011920929,DATE_ONLY,SUITABLE_RAINFALL_FLASH_FLOOD,Major,1420.0,29.5,190.0,-0.017,11000,7.95,15.9,90.0,2.05,10,Tree cover,0.72,0.1,0.03,0.15,,,,,,,,,,HISTORICAL_VINTAGE_UNAVAILABLE,,,,,,,UNAVAILABLE
FL-UK-2012-02,2012-09-13,2012-09-13T00:00:00,30.549999237060547,79.04999542236328,0.8399999737739563,1.6799999475479126,GPM_3IMERGHH_07,V07B,3B-HHR.MS.MRG.3IMERG.20120913-S000000-E002959.0000.V07B.HDF5,2012-09-13T00:00:00,DERIVED,cloudburst-induced flood,True,0.8399999737739563,1.1199999749660492,1.1199999749660492,1.1199999749660492,1.1199999749660492,1.1199999749660492,1.1199999749660492,1.1199999749660492,DATE_ONLY,SUITABLE_RAINFALL_FLASH_FLOOD,Major,1420.0,29.5,190.0,-0.017,11000,7.95,15.9,90.0,2.05,10,Tree cover,0.72,0.1,0.03,0.15,,,,,,,,,,HISTORICAL_VINTAGE_UNAVAILABLE,,,,,,,UNAVAILABLE
FL-UK-2012-02,2012-09-13,2012-09-14T00:00:00,30.549999237060547,79.04999542236328,1.5549999475479126,3.109999895095825,GPM_3IMERGHH_07,V07B,3B-HHR.MS.MRG.3IMERG.20120914-S000000-E002959.0000.V07B.HDF5,2012-09-14T00:00:00,DERIVED,cloudburst-induced flood,True,1.5549999475479126,2.394999921321869,2.674999922513962,2.674999922513962,2.674999922513962,2.674999922513962,2.674999922513962,2.674999922513962,DATE_ONLY,SUITABLE_RAINFALL_FLASH_FLOOD,Major,1420.0,29.5,190.0,-0.017,11000,7.95,15.9,90.0,2.05,10,Tree cover,0.72,0.1,0.03,0.15,,,,,,,,,,HISTORICAL_VINTAGE_UNAVAILABLE,,,,,,,UNAVAILABLE
FL-UK-2012-02,2012-09-13,2012-09-15T00:00:00,30.549999237060547,79.04999542236328,0.28999999165534973,0.5799999833106995,GPM_3IMERGHH_07,V07B,3B-HHR.MS.MRG.3IMERG.20120915-S000000-E002959.0000.V07B.HDF5,2012-09-15T00:00:00,DERIVED,cloudburst-induced flood,True,0.28999999165534973,1.8449999392032623,2.9649999141693115,2.9649999141693115,2.9649999141693115,2.9649999141693115,2.9649999141693115,2.9649999141693115,DATE_ONLY,SUITABLE_RAINFALL_FLASH_FLOOD,Major,1420.0,29.5,190.0,-0.017,11000,7.95,15.9,90.0,2.05,10,Tree cover,0.72,0.1,0.03,0.15,,,,,,,,,,HISTORICAL_VINTAGE_UNAVAILABLE,,,,,,,UNAVAILABLE
FL-UK-2012-02,2012-09-13,2012-09-10T00:00:00,30.549999237060547,79.1500015258789,0.0,0.0,GPM_3IMERGHH_07,V07B,3B-HHR.MS.MRG.3IMERG.20120910-S000000-E002959.0000.V07B.HDF5,2012-09-10T00:00:00,DERIVED,cloudburst-induced flood,True,0.0,0.0,0.0,0.0,0.0,0.0,0.0,0.0,DATE_ONLY,SUITABLE_RAINFALL_FLASH_FLOOD,Major,1420.0,29.5,190.0,-0.017,11000,7.95,15.9,90.0,2.05,10,Tree cover,0.72,0.1,0.03,0.15,,,,,,,,,,HISTORICAL_VINTAGE_UNAVAILABLE,,,,,,,UNAVAILABLE
FL-UK-2012-02,2012-09-13,2012-09-11T00:00:00,30.549999237060547,79.1500015258789,0.0,0.0,GPM_3IMERGHH_07,V07B,3B-HHR.MS.MRG.3IMERG.20120911-S000000-E002959.0000.V07B.HDF5,2012-09-11T00:00:00,DERIVED,cloudburst-induced flood,True,0.0,0.0,0.0,0.0,0.0,0.0,0.0,0.0,DATE_ONLY,SUITABLE_RAINFALL_FLASH_FLOOD,Major,1420.0,29.5,190.0,-0.017,11000,7.95,15.9,90.0,2.05,10,Tree cover,0.72,0.1,0.03,0.15,,,,,,,,,,HISTORICAL_VINTAGE_UNAVAILABLE,,,,,,,UNAVAILABLE
FL-UK-2012-02,2012-09-13,2012-09-12T00:00:00,30.549999237060547,79.1500015258789,0.9799999594688416,1.959999918937683,GPM_3IMERGHH_07,V07B,3B-HHR.MS.MRG.3IMERG.20120912-S000000-E002959.0000.V07B.HDF5,2012-09-12T00:00:00,DERIVED,cloudburst-induced flood,True,0.9799999594688416,0.9799999594688416,0.9799999594688416,0.9799999594688416,0.9799999594688416,0.9799999594688416,0.9799999594688416,0.9799999594688416,DATE_ONLY,SUITABLE_RAINFALL_FLASH_FLOOD,Major,1420.0,29.5,190.0,-0.017,11000,7.95,15.9,90.0,2.05,10,Tree cover,0.72,0.1,0.03,0.15,,,,,,,,,,HISTORICAL_VINTAGE_UNAVAILABLE,,,,,,,UNAVAILABLE
FL-UK-2012-02,2012-09-13,2012-09-13T00:00:00,30.549999237060547,79.1500015258789,1.0049999952316284,2.009999990463257,GPM_3IMERGHH_07,V07B,3B-HHR.MS.MRG.3IMERG.20120913-S000000-E002959.0000.V07B.HDF5,2012-09-13T00:00:00,DERIVED,cloudburst-induced flood,True,1.0049999952316284,1.98499995470047,1.98499995470047,1.98499995470047,1.98499995470047,1.98499995470047,1.98499995470047,1.98499995470047,DATE_ONLY,SUITABLE_RAINFALL_FLASH_FLOOD,Major,1420.0,29.5,190.0,-0.017,11000,7.95,15.9,90.0,2.05,10,Tree cover,0.72,0.1,0.03,0.15,,,,,,,,,,HISTORICAL_VINTAGE_UNAVAILABLE,,,,,,,UNAVAILABLE
FL-UK-2012-02,2012-09-13,2012-09-14T00:00:00,30.549999237060547,79.1500015258789,0.5249999761581421,1.0499999523162842,GPM_3IMERGHH_07,V07B,3B-HHR.MS.MRG.3IMERG.20120914-S000000-E002959.0000.V07B.HDF5,2012-09-14T00:00:00,DERIVED,cloudburst-induced flood,True,0.5249999761581421,1.5299999713897705,2.509999930858612,2.509999930858612,2.509999930858612,2.509999930858612,2.509999930858612,2.509999930858612,DATE_ONLY,SUITABLE_RAINFALL_FLASH_FLOOD,Major,1420.0,29.5,190.0,-0.017,11000,7.95,15.9,90.0,2.05,10,Tree cover,0.72,0.1,0.03,0.15,,,,,,,,,,HISTORICAL_VINTAGE_UNAVAILABLE,,,,,,,UNAVAILABLE
FL-UK-2012-02,2012-09-13,2012-09-15T00:00:00,30.549999237060547,79.1500015258789,0.23499999940395355,0.4699999988079071,GPM_3IMERGHH_07,V07B,3B-HHR.MS.MRG.3IMERG.20120915-S000000-E002959.0000.V07B.HDF5,2012-09-15T00:00:00,DERIVED,cloudburst-induced flood,True,0.23499999940395355,0.7599999755620956,2.7449999302625656,2.7449999302625656,2.7449999302625656,2.7449999302625656,2.7449999302625656,2.7449999302625656,DATE_ONLY,SUITABLE_RAINFALL_FLASH_FLOOD,Major,1420.0,29.5,190.0,-0.017,11000,7.95,15.9,90.0,2.05,10,Tree cover,0.72,0.1,0.03,0.15,,,,,,,,,,HISTORICAL_VINTAGE_UNAVAILABLE,,,,,,,UNAVAILABLE
FL-UK-2012-02,2012-09-13,2012-09-10T00:00:00,30.549999237060547,79.25,0.0,0.0,GPM_3IMERGHH_07,V07B,3B-HHR.MS.MRG.3IMERG.20120910-S000000-E002959.0000.V07B.HDF5,2012-09-10T00:00:00,DERIVED,cloudburst-induced flood,True,0.0,0.0,0.0,0.0,0.0,0.0,0.0,0.0,DATE_ONLY,SUITABLE_RAINFALL_FLASH_FLOOD,Major,1420.0,29.5,190.0,-0.017,11000,7.95,15.9,90.0,2.05,10,Tree cover,0.72,0.1,0.03,0.15,,,,,,,,,,HISTORICAL_VINTAGE_UNAVAILABLE,,,,,,,UNAVAILABLE
FL-UK-2012-02,2012-09-13,2012-09-11T00:00:00,30.549999237060547,79.25,0.0,0.0,GPM_3IMERGHH_07,V07B,3B-HHR.MS.MRG.3IMERG.20120911-S000000-E002959.0000.V07B.HDF5,2012-09-11T00:00:00,DERIVED,cloudburst-induced flood,True,0.0,0.0,0.0,0.0,0.0,0.0,0.0,0.0,DATE_ONLY,SUITABLE_RAINFALL_FLASH_FLOOD,Major,1420.0,29.5,190.0,-0.017,11000,7.95,15.9,90.0,2.05,10,Tree cover,0.72,0.1,0.03,0.15,,,,,,,,,,HISTORICAL_VINTAGE_UNAVAILABLE,,,,,,,UNAVAILABLE
FL-UK-2012-02,2012-09-13,2012-09-12T00:00:00,30.549999237060547,79.25,0.2549999952316284,0.5099999904632568,GPM_3IMERGHH_07,V07B,3B-HHR.MS.MRG.3IMERG.20120912-S000000-E002959.0000.V07B.HDF5,2012-09-12T00:00:00,DERIVED,cloudburst-induced flood,True,0.2549999952316284,0.2549999952316284,0.2549999952316284,0.2549999952316284,0.2549999952316284,0.2549999952316284,0.2549999952316284,0.2549999952316284,DATE_ONLY,SUITABLE_RAINFALL_FLASH_FLOOD,Major,1420.0,29.5,190.0,-0.017,11000,7.95,15.9,90.0,2.05,10,Tree cover,0.72,0.1,0.03,0.15,,,,,,,,,,HISTORICAL_VINTAGE_UNAVAILABLE,,,,,,,UNAVAILABLE
FL-UK-2012-02,2012-09-13,2012-09-13T00:00:00,30.549999237060547,79.25,2.6399998664855957,5.279999732971191,GPM_3IMERGHH_07,V07B,3B-HHR.MS.MRG.3IMERG.20120913-S000000-E002959.0000.V07B.HDF5,2012-09-13T00:00:00,DERIVED,cloudburst-induced flood,True,2.6399998664855957,2.894999861717224,2.894999861717224,2.894999861717224,2.894999861717224,2.894999861717224,2.894999861717224,2.894999861717224,DATE_ONLY,SUITABLE_RAINFALL_FLASH_FLOOD,Major,1420.0,29.5,190.0,-0.017,11000,7.95,15.9,90.0,2.05,10,Tree cover,0.72,0.1,0.03,0.15,,,,,,,,,,HISTORICAL_VINTAGE_UNAVAILABLE,,,,,,,UNAVAILABLE
FL-UK-2012-02,2012-09-13,2012-09-14T00:00:00,30.549999237060547,79.25,0.6599999666213989,1.3199999332427979,GPM_3IMERGHH_07,V07B,3B-HHR.MS.MRG.3IMERG.20120914-S000000-E002959.0000.V07B.HDF5,2012-09-14T00:00:00,DERIVED,cloudburst-induced flood,True,0.6599999666213989,3.2999998331069946,3.554999828338623,3.554999828338623,3.554999828338623,3.554999828338623,3.554999828338623,3.554999828338623,DATE_ONLY,SUITABLE_RAINFALL_FLASH_FLOOD,Major,1420.0,29.5,190.0,-0.017,11000,7.95,15.9,90.0,2.05,10,Tree cover,0.72,0.1,0.03,0.15,,,,,,,,,,HISTORICAL_VINTAGE_UNAVAILABLE,,,,,,,UNAVAILABLE
FL-UK-2012-02,2012-09-13,2012-09-15T00:00:00,30.549999237060547,79.25,0.0,0.0,GPM_3IMERGHH_07,V07B,3B-HHR.MS.MRG.3IMERG.20120915-S000000-E002959.0000.V07B.HDF5,2012-09-15T00:00:00,DERIVED,cloudburst-induced flood,True,0.0,0.6599999666213989,3.554999828338623,3.554999828338623,3.554999828338623,3.554999828338623,3.554999828338623,3.554999828338623,DATE_ONLY,SUITABLE_RAINFALL_FLASH_FLOOD,Major,1420.0,29.5,190.0,-0.017,11000,7.95,15.9,90.0,2.05,10,Tree cover,0.72,0.1,0.03,0.15,,,,,,,,,,HISTORICAL_VINTAGE_UNAVAILABLE,,,,,,,UNAVAILABLE
FL-UK-2012-02,2012-09-13,2012-09-10T00:00:00,30.649999618530273,79.04999542236328,0.0,0.0,GPM_3IMERGHH_07,V07B,3B-HHR.MS.MRG.3IMERG.20120910-S000000-E002959.0000.V07B.HDF5,2012-09-10T00:00:00,DERIVED,cloudburst-induced flood,True,0.0,0.0,0.0,0.0,0.0,0.0,0.0,0.0,DATE_ONLY,SUITABLE_RAINFALL_FLASH_FLOOD,Major,1420.0,29.5,190.0,-0.017,11000,7.95,15.9,90.0,2.05,10,Tree cover,0.72,0.1,0.03,0.15,,,,,,,,,,HISTORICAL_VINTAGE_UNAVAILABLE,,,,,,,UNAVAILABLE
FL-UK-2012-02,2012-09-13,2012-09-11T00:00:00,30.649999618530273,79.04999542236328,0.0,0.0,GPM_3IMERGHH_07,V07B,3B-HHR.MS.MRG.3IMERG.20120911-S000000-E002959.0000.V07B.HDF5,2012-09-11T00:00:00,DERIVED,cloudburst-induced flood,True,0.0,0.0,0.0,0.0,0.0,0.0,0.0,0.0,DATE_ONLY,SUITABLE_RAINFALL_FLASH_FLOOD,Major,1420.0,29.5,190.0,-0.017,11000,7.95,15.9,90.0,2.05,10,Tree cover,0.72,0.1,0.03,0.15,,,,,,,,,,HISTORICAL_VINTAGE_UNAVAILABLE,,,,,,,UNAVAILABLE
FL-UK-2012-02,2012-09-13,2012-09-12T00:00:00,30.649999618530273,79.04999542236328,0.38999998569488525,0.7799999713897705,GPM_3IMERGHH_07,V07B,3B-HHR.MS.MRG.3IMERG.20120912-S000000-E002959.0000.V07B.HDF5,2012-09-12T00:00:00,DERIVED,cloudburst-induced flood,True,0.38999998569488525,0.38999998569488525,0.38999998569488525,0.38999998569488525,0.38999998569488525,0.38999998569488525,0.38999998569488525,0.38999998569488525,DATE_ONLY,SUITABLE_RAINFALL_FLASH_FLOOD,Major,1420.0,29.5,190.0,-0.017,11000,7.95,15.9,90.0,2.05,10,Tree cover,0.72,0.1,0.03,0.15,,,,,,,,,,HISTORICAL_VINTAGE_UNAVAILABLE,,,,,,,UNAVAILABLE
FL-UK-2012-02,2012-09-13,2012-09-13T00:00:00,30.649999618530273,79.04999542236328,3.884999990463257,7.769999980926514,GPM_3IMERGHH_07,V07B,3B-HHR.MS.MRG.3IMERG.20120913-S000000-E002959.0000.V07B.HDF5,2012-09-13T00:00:00,DERIVED,cloudburst-induced flood,True,3.884999990463257,4.274999976158142,4.274999976158142,4.274999976158142,4.274999976158142,4.274999976158142,4.274999976158142,4.274999976158142,DATE_ONLY,SUITABLE_RAINFALL_FLASH_FLOOD,Major,1420.0,29.5,190.0,-0.017,11000,7.95,15.9,90.0,2.05,10,Tree cover,0.72,0.1,0.03,0.15,,,,,,,,,,HISTORICAL_VINTAGE_UNAVAILABLE,,,,,,,UNAVAILABLE
FL-UK-2012-02,2012-09-13,2012-09-14T00:00:00,30.649999618530273,79.04999542236328,1.534999966621399,3.069999933242798,GPM_3IMERGHH_07,V07B,3B-HHR.MS.MRG.3IMERG.20120914-S000000-E002959.0000.V07B.HDF5,2012-09-14T00:00:00,DERIVED,cloudburst-induced flood,True,1.534999966621399,5.419999957084656,5.809999942779541,5.809999942779541,5.809999942779541,5.809999942779541,5.809999942779541,5.809999942779541,DATE_ONLY,SUITABLE_RAINFALL_FLASH_FLOOD,Major,1420.0,29.5,190.0,-0.017,11000,7.95,15.9,90.0,2.05,10,Tree cover,0.72,0.1,0.03,0.15,,,,,,,,,,HISTORICAL_VINTAGE_UNAVAILABLE,,,,,,,UNAVAILABLE
FL-UK-2012-02,2012-09-13,2012-09-15T00:00:00,30.649999618530273,79.04999542236328,0.0,0.0,GPM_3IMERGHH_07,V07B,3B-HHR.MS.MRG.3IMERG.20120915-S000000-E002959.0000.V07B.HDF5,2012-09-15T00:00:00,DERIVED,cloudburst-induced flood,True,0.0,1.534999966621399,5.809999942779541,5.809999942779541,5.809999942779541,5.809999942779541,5.809999942779541,5.809999942779541,DATE_ONLY,SUITABLE_RAINFALL_FLASH_FLOOD,Major,1420.0,29.5,190.0,-0.017,11000,7.95,15.9,90.0,2.05,10,Tree cover,0.72,0.1,0.03,0.15,,,,,,,,,,HISTORICAL_VINTAGE_UNAVAILABLE,,,,,,,UNAVAILABLE
FL-UK-2012-02,2012-09-13,2012-09-10T00:00:00,30.649999618530273,79.1500015258789,0.0,0.0,GPM_3IMERGHH_07,V07B,3B-HHR.MS.MRG.3IMERG.20120910-S000000-E002959.0000.V07B.HDF5,2012-09-10T00:00:00,DERIVED,cloudburst-induced flood,True,0.0,0.0,0.0,0.0,0.0,0.0,0.0,0.0,DATE_ONLY,SUITABLE_RAINFALL_FLASH_FLOOD,Major,1420.0,29.5,190.0,-0.017,11000,7.95,15.9,90.0,2.05,10,Tree cover,0.72,0.1,0.03,0.15,,,,,,,,,,HISTORICAL_VINTAGE_UNAVAILABLE,,,,,,,UNAVAILABLE
FL-UK-2012-02,2012-09-13,2012-09-11T00:00:00,30.649999618530273,79.1500015258789,0.1599999964237213,0.3199999928474426,GPM_3IMERGHH_07,V07B,3B-HHR.MS.MRG.3IMERG.20120911-S000000-E002959.0000.V07B.HDF5,2012-09-11T00:00:00,DERIVED,cloudburst-induced flood,True,0.1599999964237213,0.1599999964237213,0.1599999964237213,0.1599999964237213,0.1599999964237213,0.1599999964237213,0.1599999964237213,0.1599999964237213,DATE_ONLY,SUITABLE_RAINFALL_FLASH_FLOOD,Major,1420.0,29.5,190.0,-0.017,11000,7.95,15.9,90.0,2.05,10,Tree cover,0.72,0.1,0.03,0.15,,,,,,,,,,HISTORICAL_VINTAGE_UNAVAILABLE,,,,,,,UNAVAILABLE
FL-UK-2012-02,2012-09-13,2012-09-12T00:00:00,30.649999618530273,79.1500015258789,0.07999999821186066,0.1599999964237213,GPM_3IMERGHH_07,V07B,3B-HHR.MS.MRG.3IMERG.20120912-S000000-E002959.0000.V07B.HDF5,2012-09-12T00:00:00,DERIVED,cloudburst-induced flood,True,0.07999999821186066,0.23999999463558197,0.23999999463558197,0.23999999463558197,0.23999999463558197,0.23999999463558197,0.23999999463558197,0.23999999463558197,DATE_ONLY,SUITABLE_RAINFALL_FLASH_FLOOD,Major,1420.0,29.5,190.0,-0.017,11000,7.95,15.9,90.0,2.05,10,Tree cover,0.72,0.1,0.03,0.15,,,,,,,,,,HISTORICAL_VINTAGE_UNAVAILABLE,,,,,,,UNAVAILABLE
FL-UK-2012-02,2012-09-13,2012-09-13T00:00:00,30.649999618530273,79.1500015258789,1.3849999904632568,2.7699999809265137,GPM_3IMERGHH_07,V07B,3B-HHR.MS.MRG.3IMERG.20120913-S000000-E002959.0000.V07B.HDF5,2012-09-13T00:00:00,DERIVED,cloudburst-induced flood,True,1.3849999904632568,1.4649999886751175,1.6249999850988388,1.6249999850988388,1.6249999850988388,1.6249999850988388,1.6249999850988388,1.6249999850988388,DATE_ONLY,SUITABLE_RAINFALL_FLASH_FLOOD,Major,1420.0,29.5,190.0,-0.017,11000,7.95,15.9,90.0,2.05,10,Tree cover,0.72,0.1,0.03,0.15,,,,,,,,,,HISTORICAL_VINTAGE_UNAVAILABLE,,,,,,,UNAVAILABLE
FL-UK-2012-02,2012-09-13,2012-09-14T00:00:00,30.649999618530273,79.1500015258789,0.5399999618530273,1.0799999237060547,GPM_3IMERGHH_07,V07B,3B-HHR.MS.MRG.3IMERG.20120914-S000000-E002959.0000.V07B.HDF5,2012-09-14T00:00:00,DERIVED,cloudburst-induced flood,True,0.5399999618530273,1.9249999523162842,2.164999946951866,2.164999946951866,2.164999946951866,2.164999946951866,2.164999946951866,2.164999946951866,DATE_ONLY,SUITABLE_RAINFALL_FLASH_FLOOD,Major,1420.0,29.5,190.0,-0.017,11000,7.95,15.9,90.0,2.05,10,Tree cover,0.72,0.1,0.03,0.15,,,,,,,,,,HISTORICAL_VINTAGE_UNAVAILABLE,,,,,,,UNAVAILABLE
FL-UK-2012-02,2012-09-13,2012-09-15T00:00:00,30.649999618530273,79.1500015258789,0.0,0.0,GPM_3IMERGHH_07,V07B,3B-HHR.MS.MRG.3IMERG.20120915-S000000-E002959.0000.V07B.HDF5,2012-09-15T00:00:00,DERIVED,cloudburst-induced flood,True,0.0,0.5399999618530273,2.164999946951866,2.164999946951866,2.164999946951866,2.164999946951866,2.164999946951866,2.164999946951866,DATE_ONLY,SUITABLE_RAINFALL_FLASH_FLOOD,Major,1420.0,29.5,190.0,-0.017,11000,7.95,15.9,90.0,2.05,10,Tree cover,0.72,0.1,0.03,0.15,,,,,,,,,,HISTORICAL_VINTAGE_UNAVAILABLE,,,,,,,UNAVAILABLE
FL-UK-2012-02,2012-09-13,2012-09-10T00:00:00,30.649999618530273,79.25,0.0,0.0,GPM_3IMERGHH_07,V07B,3B-HHR.MS.MRG.3IMERG.20120910-S000000-E002959.0000.V07B.HDF5,2012-09-10T00:00:00,DERIVED,cloudburst-induced flood,True,0.0,0.0,0.0,0.0,0.0,0.0,0.0,0.0,DATE_ONLY,SUITABLE_RAINFALL_FLASH_FLOOD,Major,1420.0,29.5,190.0,-0.017,11000,7.95,15.9,90.0,2.05,10,Tree cover,0.72,0.1,0.03,0.15,,,,,,,,,,HISTORICAL_VINTAGE_UNAVAILABLE,,,,,,,UNAVAILABLE
FL-UK-2012-02,2012-09-13,2012-09-11T00:00:00,30.649999618530273,79.25,0.004999999888241291,0.009999999776482582,GPM_3IMERGHH_07,V07B,3B-HHR.MS.MRG.3IMERG.20120911-S000000-E002959.0000.V07B.HDF5,2012-09-11T00:00:00,DERIVED,cloudburst-induced flood,True,0.004999999888241291,0.004999999888241291,0.004999999888241291,0.004999999888241291,0.004999999888241291,0.004999999888241291,0.004999999888241291,0.004999999888241291,DATE_ONLY,SUITABLE_RAINFALL_FLASH_FLOOD,Major,1420.0,29.5,190.0,-0.017,11000,7.95,15.9,90.0,2.05,10,Tree cover,0.72,0.1,0.03,0.15,,,,,,,,,,HISTORICAL_VINTAGE_UNAVAILABLE,,,,,,,UNAVAILABLE
FL-UK-2012-02,2012-09-13,2012-09-12T00:00:00,30.649999618530273,79.25,0.0,0.0,GPM_3IMERGHH_07,V07B,3B-HHR.MS.MRG.3IMERG.20120912-S000000-E002959.0000.V07B.HDF5,2012-09-12T00:00:00,DERIVED,cloudburst-induced flood,True,0.0,0.004999999888241291,0.004999999888241291,0.004999999888241291,0.004999999888241291,0.004999999888241291,0.004999999888241291,0.004999999888241291,DATE_ONLY,SUITABLE_RAINFALL_FLASH_FLOOD,Major,1420.0,29.5,190.0,-0.017,11000,7.95,15.9,90.0,2.05,10,Tree cover,0.72,0.1,0.03,0.15,,,,,,,,,,HISTORICAL_VINTAGE_UNAVAILABLE,,,,,,,UNAVAILABLE
FL-UK-2012-02,2012-09-13,2012-09-13T00:00:00,30.649999618530273,79.25,1.9049999713897705,3.809999942779541,GPM_3IMERGHH_07,V07B,3B-HHR.MS.MRG.3IMERG.20120913-S000000-E002959.0000.V07B.HDF5,2012-09-13T00:00:00,DERIVED,cloudburst-induced flood,True,1.9049999713897705,1.9049999713897705,1.9099999712780118,1.9099999712780118,1.9099999712780118,1.9099999712780118,1.9099999712780118,1.9099999712780118,DATE_ONLY,SUITABLE_RAINFALL_FLASH_FLOOD,Major,1420.0,29.5,190.0,-0.017,11000,7.95,15.9,90.0,2.05,10,Tree cover,0.72,0.1,0.03,0.15,,,,,,,,,,HISTORICAL_VINTAGE_UNAVAILABLE,,,,,,,UNAVAILABLE
FL-UK-2012-02,2012-09-13,2012-09-14T00:00:00,30.649999618530273,79.25,0.10999999940395355,0.2199999988079071,GPM_3IMERGHH_07,V07B,3B-HHR.MS.MRG.3IMERG.20120914-S000000-E002959.0000.V07B.HDF5,2012-09-14T00:00:00,DERIVED,cloudburst-induced flood,True,0.10999999940395355,2.014999970793724,2.0199999706819654,2.0199999706819654,2.0199999706819654,2.0199999706819654,2.0199999706819654,2.0199999706819654,DATE_ONLY,SUITABLE_RAINFALL_FLASH_FLOOD,Major,1420.0,29.5,190.0,-0.017,11000,7.95,15.9,90.0,2.05,10,Tree cover,0.72,0.1,0.03,0.15,,,,,,,,,,HISTORICAL_VINTAGE_UNAVAILABLE,,,,,,,UNAVAILABLE
FL-UK-2012-02,2012-09-13,2012-09-15T00:00:00,30.649999618530273,79.25,0.0,0.0,GPM_3IMERGHH_07,V07B,3B-HHR.MS.MRG.3IMERG.20120915-S000000-E002959.0000.V07B.HDF5,2012-09-15T00:00:00,DERIVED,cloudburst-induced flood,True,0.0,0.10999999940395355,2.0199999706819654,2.0199999706819654,2.0199999706819654,2.0199999706819654,2.0199999706819654,2.0199999706819654,DATE_ONLY,SUITABLE_RAINFALL_FLASH_FLOOD,Major,1420.0,29.5,190.0,-0.017,11000,7.95,15.9,90.0,2.05,10,Tree cover,0.72,0.1,0.03,0.15,,,,,,,,,,HISTORICAL_VINTAGE_UNAVAILABLE,,,,,,,UNAVAILABLE
FL-UK-2013-01,2013-06-16,2013-06-13T00:00:00,30.649999618530273,78.94999694824219,0.054999999701976776,0.10999999940395355,GPM_3IMERGHH_07,V07B,3B-HHR.MS.MRG.3IMERG.20130613-S000000-E002959.0000.V07B.HDF5,2013-06-13T00:00:00,DIRECT,glacial lake outburst flood (GLOF),False,0.054999999701976776,0.054999999701976776,0.054999999701976776,0.054999999701976776,0.054999999701976776,0.054999999701976776,0.054999999701976776,0.054999999701976776,DATE_ONLY,UNSUITABLE_GLOF_OUTBURST,Catastrophic,3580.0,34.6,180.0,-0.022,6200,6.4,18.5,60.0,2.4,90,Snow and ice,0.05,0.0,0.01,0.4,,,,,,,,,,HISTORICAL_VINTAGE_UNAVAILABLE,,,,,,,UNAVAILABLE
FL-UK-2013-01,2013-06-16,2013-06-14T00:00:00,30.649999618530273,78.94999694824219,0.2199999988079071,0.4399999976158142,GPM_3IMERGHH_07,V07B,3B-HHR.MS.MRG.3IMERG.20130614-S000000-E002959.0000.V07B.HDF5,2013-06-14T00:00:00,DIRECT,glacial lake outburst flood (GLOF),False,0.2199999988079071,0.2749999985098839,0.2749999985098839,0.2749999985098839,0.2749999985098839,0.2749999985098839,0.2749999985098839,0.2749999985098839,DATE_ONLY,UNSUITABLE_GLOF_OUTBURST,Catastrophic,3580.0,34.6,180.0,-0.022,6200,6.4,18.5,60.0,2.4,90,Snow and ice,0.05,0.0,0.01,0.4,,,,,,,,,,HISTORICAL_VINTAGE_UNAVAILABLE,,,,,,,UNAVAILABLE
FL-UK-2013-01,2013-06-16,2013-06-15T00:00:00,30.649999618530273,78.94999694824219,0.04999999701976776,0.09999999403953552,GPM_3IMERGHH_07,V07B,3B-HHR.MS.MRG.3IMERG.20130615-S000000-E002959.0000.V07B.HDF5,2013-06-15T00:00:00,DIRECT,glacial lake outburst flood (GLOF),False,0.04999999701976776,0.26999999582767487,0.32499999552965164,0.32499999552965164,0.32499999552965164,0.32499999552965164,0.32499999552965164,0.32499999552965164,DATE_ONLY,UNSUITABLE_GLOF_OUTBURST,Catastrophic,3580.0,34.6,180.0,-0.022,6200,6.4,18.5,60.0,2.4,90,Snow and ice,0.05,0.0,0.01,0.4,,,,,,,,,,HISTORICAL_VINTAGE_UNAVAILABLE,,,,,,,UNAVAILABLE
FL-UK-2013-01,2013-06-16,2013-06-16T00:00:00,30.649999618530273,78.94999694824219,5.849999904632568,11.699999809265137,GPM_3IMERGHH_07,V07B,3B-HHR.MS.MRG.3IMERG.20130616-S000000-E002959.0000.V07B.HDF5,2013-06-16T00:00:00,DIRECT,glacial lake outburst flood (GLOF),False,5.849999904632568,5.899999901652336,6.17499990016222,6.17499990016222,6.17499990016222,6.17499990016222,6.17499990016222,6.17499990016222,DATE_ONLY,UNSUITABLE_GLOF_OUTBURST,Catastrophic,3580.0,34.6,180.0,-0.022,6200,6.4,18.5,60.0,2.4,90,Snow and ice,0.05,0.0,0.01,0.4,,,,,,,,,,HISTORICAL_VINTAGE_UNAVAILABLE,,,,,,,UNAVAILABLE
FL-UK-2013-01,2013-06-16,2013-06-17T00:00:00,30.649999618530273,78.94999694824219,1.75,3.5,GPM_3IMERGHH_07,V07B,3B-HHR.MS.MRG.3IMERG.20130617-S000000-E002959.0000.V07B.HDF5,2013-06-17T00:00:00,DIRECT,glacial lake outburst flood (GLOF),False,1.75,7.599999904632568,7.92499990016222,7.92499990016222,7.92499990016222,7.92499990016222,7.92499990016222,7.92499990016222,DATE_ONLY,UNSUITABLE_GLOF_OUTBURST,Catastrophic,3580.0,34.6,180.0,-0.022,6200,6.4,18.5,60.0,2.4,90,Snow and ice,0.05,0.0,0.01,0.4,,,,,,,,,,HISTORICAL_VINTAGE_UNAVAILABLE,,,,,,,UNAVAILABLE
FL-UK-2013-01,2013-06-16,2013-06-18T00:00:00,30.649999618530273,78.94999694824219,0.0,0.0,GPM_3IMERGHH_07,V07B,3B-HHR.MS.MRG.3IMERG.20130618-S000000-E002959.0000.V07B.HDF5,2013-06-18T00:00:00,DIRECT,glacial lake outburst flood (GLOF),False,0.0,1.75,7.92499990016222,7.92499990016222,7.92499990016222,7.92499990016222,7.92499990016222,7.92499990016222,DATE_ONLY,UNSUITABLE_GLOF_OUTBURST,Catastrophic,3580.0,34.6,180.0,-0.022,6200,6.4,18.5,60.0,2.4,90,Snow and ice,0.05,0.0,0.01,0.4,,,,,,,,,,HISTORICAL_VINTAGE_UNAVAILABLE,,,,,,,UNAVAILABLE
FL-UK-2013-01,2013-06-16,2013-06-13T00:00:00,30.649999618530273,79.04999542236328,0.029999999329447746,0.05999999865889549,GPM_3IMERGHH_07,V07B,3B-HHR.MS.MRG.3IMERG.20130613-S000000-E002959.0000.V07B.HDF5,2013-06-13T00:00:00,DIRECT,glacial lake outburst flood (GLOF),False,0.029999999329447746,0.029999999329447746,0.029999999329447746,0.029999999329447746,0.029999999329447746,0.029999999329447746,0.029999999329447746,0.029999999329447746,DATE_ONLY,UNSUITABLE_GLOF_OUTBURST,Catastrophic,3580.0,34.6,180.0,-0.022,6200,6.4,18.5,60.0,2.4,90,Snow and ice,0.05,0.0,0.01,0.4,,,,,,,,,,HISTORICAL_VINTAGE_UNAVAILABLE,,,,,,,UNAVAILABLE
FL-UK-2013-01,2013-06-16,2013-06-14T00:00:00,30.649999618530273,79.04999542236328,0.0,0.0,GPM_3IMERGHH_07,V07B,3B-HHR.MS.MRG.3IMERG.20130614-S000000-E002959.0000.V07B.HDF5,2013-06-14T00:00:00,DIRECT,glacial lake outburst flood (GLOF),False,0.0,0.029999999329447746,0.029999999329447746,0.029999999329447746,0.029999999329447746,0.029999999329447746,0.029999999329447746,0.029999999329447746,DATE_ONLY,UNSUITABLE_GLOF_OUTBURST,Catastrophic,3580.0,34.6,180.0,-0.022,6200,6.4,18.5,60.0,2.4,90,Snow and ice,0.05,0.0,0.01,0.4,,,,,,,,,,HISTORICAL_VINTAGE_UNAVAILABLE,,,,,,,UNAVAILABLE
FL-UK-2013-01,2013-06-16,2013-06-15T00:00:00,30.649999618530273,79.04999542236328,0.03500000014901161,0.07000000029802322,GPM_3IMERGHH_07,V07B,3B-HHR.MS.MRG.3IMERG.20130615-S000000-E002959.0000.V07B.HDF5,2013-06-15T00:00:00,DIRECT,glacial lake outburst flood (GLOF),False,0.03500000014901161,0.03500000014901161,0.06499999947845936,0.06499999947845936,0.06499999947845936,0.06499999947845936,0.06499999947845936,0.06499999947845936,DATE_ONLY,UNSUITABLE_GLOF_OUTBURST,Catastrophic,3580.0,34.6,180.0,-0.022,6200,6.4,18.5,60.0,2.4,90,Snow and ice,0.05,0.0,0.01,0.4,,,,,,,,,,HISTORICAL_VINTAGE_UNAVAILABLE,,,,,,,UNAVAILABLE
FL-UK-2013-01,2013-06-16,2013-06-16T00:00:00,30.649999618530273,79.04999542236328,3.9599997997283936,7.919999599456787,GPM_3IMERGHH_07,V07B,3B-HHR.MS.MRG.3IMERG.20130616-S000000-E002959.0000.V07B.HDF5,2013-06-16T00:00:00,DIRECT,glacial lake outburst flood (GLOF),False,3.9599997997283936,3.994999799877405,4.024999799206853,4.024999799206853,4.024999799206853,4.024999799206853,4.024999799206853,4.024999799206853,DATE_ONLY,UNSUITABLE_GLOF_OUTBURST,Catastrophic,3580.0,34.6,180.0,-0.022,6200,6.4,18.5,60.0,2.4,90,Snow and ice,0.05,0.0,0.01,0.4,,,,,,,,,,HISTORICAL_VINTAGE_UNAVAILABLE,,,,,,,UNAVAILABLE
FL-UK-2013-01,2013-06-16,2013-06-17T00:00:00,30.649999618530273,79.04999542236328,1.0299999713897705,2.059999942779541,GPM_3IMERGHH_07,V07B,3B-HHR.MS.MRG.3IMERG.20130617-S000000-E002959.0000.V07B.HDF5,2013-06-17T00:00:00,DIRECT,glacial lake outburst flood (GLOF),False,1.0299999713897705,4.989999771118164,5.054999770596623,5.054999770596623,5.054999770596623,5.054999770596623,5.054999770596623,5.054999770596623,DATE_ONLY,UNSUITABLE_GLOF_OUTBURST,Catastrophic,3580.0,34.6,180.0,-0.022,6200,6.4,18.5,60.0,2.4,90,Snow and ice,0.05,0.0,0.01,0.4,,,,,,,,,,HISTORICAL_VINTAGE_UNAVAILABLE,,,,,,,UNAVAILABLE
FL-UK-2013-01,2013-06-16,2013-06-18T00:00:00,30.649999618530273,79.04999542236328,0.0,0.0,GPM_3IMERGHH_07,V07B,3B-HHR.MS.MRG.3IMERG.20130618-S000000-E002959.0000.V07B.HDF5,2013-06-18T00:00:00,DIRECT,glacial lake outburst flood (GLOF),False,0.0,1.0299999713897705,5.054999770596623,5.054999770596623,5.054999770596623,5.054999770596623,5.054999770596623,5.054999770596623,DATE_ONLY,UNSUITABLE_GLOF_OUTBURST,Catastrophic,3580.0,34.6,180.0,-0.022,6200,6.4,18.5,60.0,2.4,90,Snow and ice,0.05,0.0,0.01,0.4,,,,,,,,,,HISTORICAL_VINTAGE_UNAVAILABLE,,,,,,,UNAVAILABLE
FL-UK-2013-01,2013-06-16,2013-06-13T00:00:00,30.649999618530273,79.1500015258789,0.03999999910593033,0.07999999821186066,GPM_3IMERGHH_07,V07B,3B-HHR.MS.MRG.3IMERG.20130613-S000000-E002959.0000.V07B.HDF5,2013-06-13T00:00:00,DIRECT,glacial lake outburst flood (GLOF),False,0.03999999910593033,0.03999999910593033,0.03999999910593033,0.03999999910593033,0.03999999910593033,0.03999999910593033,0.03999999910593033,0.03999999910593033,DATE_ONLY,UNSUITABLE_GLOF_OUTBURST,Catastrophic,3580.0,34.6,180.0,-0.022,6200,6.4,18.5,60.0,2.4,90,Snow and ice,0.05,0.0,0.01,0.4,,,,,,,,,,HISTORICAL_VINTAGE_UNAVAILABLE,,,,,,,UNAVAILABLE
FL-UK-2013-01,2013-06-16,2013-06-14T00:00:00,30.649999618530273,79.1500015258789,0.05999999865889549,0.11999999731779099,GPM_3IMERGHH_07,V07B,3B-HHR.MS.MRG.3IMERG.20130614-S000000-E002959.0000.V07B.HDF5,2013-06-14T00:00:00,DIRECT,glacial lake outburst flood (GLOF),False,0.05999999865889549,0.09999999776482582,0.09999999776482582,0.09999999776482582,0.09999999776482582,0.09999999776482582,0.09999999776482582,0.09999999776482582,DATE_ONLY,UNSUITABLE_GLOF_OUTBURST,Catastrophic,3580.0,34.6,180.0,-0.022,6200,6.4,18.5,60.0,2.4,90,Snow and ice,0.05,0.0,0.01,0.4,,,,,,,,,,HISTORICAL_VINTAGE_UNAVAILABLE,,,,,,,UNAVAILABLE
FL-UK-2013-01,2013-06-16,2013-06-15T00:00:00,30.649999618530273,79.1500015258789,0.029999999329447746,0.05999999865889549,GPM_3IMERGHH_07,V07B,3B-HHR.MS.MRG.3IMERG.20130615-S000000-E002959.0000.V07B.HDF5,2013-06-15T00:00:00,DIRECT,glacial lake outburst flood (GLOF),False,0.029999999329447746,0.08999999798834324,0.12999999709427357,0.12999999709427357,0.12999999709427357,0.12999999709427357,0.12999999709427357,0.12999999709427357,DATE_ONLY,UNSUITABLE_GLOF_OUTBURST,Catastrophic,3580.0,34.6,180.0,-0.022,6200,6.4,18.5,60.0,2.4,90,Snow and ice,0.05,0.0,0.01,0.4,,,,,,,,,,HISTORICAL_VINTAGE_UNAVAILABLE,,,,,,,UNAVAILABLE
FL-UK-2013-01,2013-06-16,2013-06-16T00:00:00,30.649999618530273,79.1500015258789,6.315000057220459,12.630000114440918,GPM_3IMERGHH_07,V07B,3B-HHR.MS.MRG.3IMERG.20130616-S000000-E002959.0000.V07B.HDF5,2013-06-16T00:00:00,DIRECT,glacial lake outburst flood (GLOF),False,6.315000057220459,6.345000056549907,6.4450000543147326,6.4450000543147326,6.4450000543147326,6.4450000543147326,6.4450000543147326,6.4450000543147326,DATE_ONLY,UNSUITABLE_GLOF_OUTBURST,Catastrophic,3580.0,34.6,180.0,-0.022,6200,6.4,18.5,60.0,2.4,90,Snow and ice,0.05,0.0,0.01,0.4,,,,,,,,,,HISTORICAL_VINTAGE_UNAVAILABLE,,,,,,,UNAVAILABLE
FL-UK-2013-01,2013-06-16,2013-06-17T00:00:00,30.649999618530273,79.1500015258789,1.0399999618530273,2.0799999237060547,GPM_3IMERGHH_07,V07B,3B-HHR.MS.MRG.3IMERG.20130617-S000000-E002959.0000.V07B.HDF5,2013-06-17T00:00:00,DIRECT,glacial lake outburst flood (GLOF),False,1.0399999618530273,7.355000019073486,7.48500001616776,7.48500001616776,7.48500001616776,7.48500001616776,7.48500001616776,7.48500001616776,DATE_ONLY,UNSUITABLE_GLOF_OUTBURST,Catastrophic,3580.0,34.6,180.0,-0.022,6200,6.4,18.5,60.0,2.4,90,Snow and ice,0.05,0.0,0.01,0.4,,,,,,,,,,HISTORICAL_VINTAGE_UNAVAILABLE,,,,,,,UNAVAILABLE
FL-UK-2013-01,2013-06-16,2013-06-18T00:00:00,30.649999618530273,79.1500015258789,0.0,0.0,GPM_3IMERGHH_07,V07B,3B-HHR.MS.MRG.3IMERG.20130618-S000000-E002959.0000.V07B.HDF5,2013-06-18T00:00:00,DIRECT,glacial lake outburst flood (GLOF),False,0.0,1.0399999618530273,7.48500001616776,7.48500001616776,7.48500001616776,7.48500001616776,7.48500001616776,7.48500001616776,DATE_ONLY,UNSUITABLE_GLOF_OUTBURST,Catastrophic,3580.0,34.6,180.0,-0.022,6200,6.4,18.5,60.0,2.4,90,Snow and ice,0.05,0.0,0.01,0.4,,,,,,,,,,HISTORICAL_VINTAGE_UNAVAILABLE,,,,,,,UNAVAILABLE
FL-UK-2013-01,2013-06-16,2013-06-13T00:00:00,30.75,78.94999694824219,0.0,0.0,GPM_3IMERGHH_07,V07B,3B-HHR.MS.MRG.3IMERG.20130613-S000000-E002959.0000.V07B.HDF5,2013-06-13T00:00:00,DIRECT,glacial lake outburst flood (GLOF),False,0.0,0.0,0.0,0.0,0.0,0.0,0.0,0.0,DATE_ONLY,UNSUITABLE_GLOF_OUTBURST,Catastrophic,3580.0,34.6,180.0,-0.022,6200,6.4,18.5,60.0,2.4,90,Snow and ice,0.05,0.0,0.01,0.4,,,,,,,,,,HISTORICAL_VINTAGE_UNAVAILABLE,,,,,,,UNAVAILABLE
FL-UK-2013-01,2013-06-16,2013-06-14T00:00:00,30.75,78.94999694824219,0.0,0.0,GPM_3IMERGHH_07,V07B,3B-HHR.MS.MRG.3IMERG.20130614-S000000-E002959.0000.V07B.HDF5,2013-06-14T00:00:00,DIRECT,glacial lake outburst flood (GLOF),False,0.0,0.0,0.0,0.0,0.0,0.0,0.0,0.0,DATE_ONLY,UNSUITABLE_GLOF_OUTBURST,Catastrophic,3580.0,34.6,180.0,-0.022,6200,6.4,18.5,60.0,2.4,90,Snow and ice,0.05,0.0,0.01,0.4,,,,,,,,,,HISTORICAL_VINTAGE_UNAVAILABLE,,,,,,,UNAVAILABLE
FL-UK-2013-01,2013-06-16,2013-06-15T00:00:00,30.75,78.94999694824219,0.0,0.0,GPM_3IMERGHH_07,V07B,3B-HHR.MS.MRG.3IMERG.20130615-S000000-E002959.0000.V07B.HDF5,2013-06-15T00:00:00,DIRECT,glacial lake outburst flood (GLOF),False,0.0,0.0,0.0,0.0,0.0,0.0,0.0,0.0,DATE_ONLY,UNSUITABLE_GLOF_OUTBURST,Catastrophic,3580.0,34.6,180.0,-0.022,6200,6.4,18.5,60.0,2.4,90,Snow and ice,0.05,0.0,0.01,0.4,,,,,,,,,,HISTORICAL_VINTAGE_UNAVAILABLE,,,,,,,UNAVAILABLE
FL-UK-2013-01,2013-06-16,2013-06-16T00:00:00,30.75,78.94999694824219,2.9549999237060547,5.909999847412109,GPM_3IMERGHH_07,V07B,3B-HHR.MS.MRG.3IMERG.20130616-S000000-E002959.0000.V07B.HDF5,2013-06-16T00:00:00,DIRECT,glacial lake outburst flood (GLOF),False,2.9549999237060547,2.9549999237060547,2.9549999237060547,2.9549999237060547,2.9549999237060547,2.9549999237060547,2.9549999237060547,2.9549999237060547,DATE_ONLY,UNSUITABLE_GLOF_OUTBURST,Catastrophic,3580.0,34.6,180.0,-0.022,6200,6.4,18.5,60.0,2.4,90,Snow and ice,0.05,0.0,0.01,0.4,,,,,,,,,,HISTORICAL_VINTAGE_UNAVAILABLE,,,,,,,UNAVAILABLE
FL-UK-2013-01,2013-06-16,2013-06-17T00:00:00,30.75,78.94999694824219,0.7149999737739563,1.4299999475479126,GPM_3IMERGHH_07,V07B,3B-HHR.MS.MRG.3IMERG.20130617-S000000-E002959.0000.V07B.HDF5,2013-06-17T00:00:00,DIRECT,glacial lake outburst flood (GLOF),False,0.7149999737739563,3.669999897480011,3.669999897480011,3.669999897480011,3.669999897480011,3.669999897480011,3.669999897480011,3.669999897480011,DATE_ONLY,UNSUITABLE_GLOF_OUTBURST,Catastrophic,3580.0,34.6,180.0,-0.022,6200,6.4,18.5,60.0,2.4,90,Snow and ice,0.05,0.0,0.01,0.4,,,,,,,,,,HISTORICAL_VINTAGE_UNAVAILABLE,,,,,,,UNAVAILABLE
FL-UK-2013-01,2013-06-16,2013-06-18T00:00:00,30.75,78.94999694824219,0.0,0.0,GPM_3IMERGHH_07,V07B,3B-HHR.MS.MRG.3IMERG.20130618-S000000-E002959.0000.V07B.HDF5,2013-06-18T00:00:00,DIRECT,glacial lake outburst flood (GLOF),False,0.0,0.7149999737739563,3.669999897480011,3.669999897480011,3.669999897480011,3.669999897480011,3.669999897480011,3.669999897480011,DATE_ONLY,UNSUITABLE_GLOF_OUTBURST,Catastrophic,3580.0,34.6,180.0,-0.022,6200,6.4,18.5,60.0,2.4,90,Snow and ice,0.05,0.0,0.01,0.4,,,,,,,,,,HISTORICAL_VINTAGE_UNAVAILABLE,,,,,,,UNAVAILABLE
FL-UK-2013-01,2013-06-16,2013-06-13T00:00:00,30.75,79.04999542236328,0.0,0.0,GPM_3IMERGHH_07,V07B,3B-HHR.MS.MRG.3IMERG.20130613-S000000-E002959.0000.V07B.HDF5,2013-06-13T00:00:00,DIRECT,glacial lake outburst flood (GLOF),False,0.0,0.0,0.0,0.0,0.0,0.0,0.0,0.0,DATE_ONLY,UNSUITABLE_GLOF_OUTBURST,Catastrophic,3580.0,34.6,180.0,-0.022,6200,6.4,18.5,60.0,2.4,90,Snow and ice,0.05,0.0,0.01,0.4,,,,,,,,,,HISTORICAL_VINTAGE_UNAVAILABLE,,,,,,,UNAVAILABLE
FL-UK-2013-01,2013-06-16,2013-06-14T00:00:00,30.75,79.04999542236328,0.0,0.0,GPM_3IMERGHH_07,V07B,3B-HHR.MS.MRG.3IMERG.20130614-S000000-E002959.0000.V07B.HDF5,2013-06-14T00:00:00,DIRECT,glacial lake outburst flood (GLOF),False,0.0,0.0,0.0,0.0,0.0,0.0,0.0,0.0,DATE_ONLY,UNSUITABLE_GLOF_OUTBURST,Catastrophic,3580.0,34.6,180.0,-0.022,6200,6.4,18.5,60.0,2.4,90,Snow and ice,0.05,0.0,0.01,0.4,,,,,,,,,,HISTORICAL_VINTAGE_UNAVAILABLE,,,,,,,UNAVAILABLE
FL-UK-2013-01,2013-06-16,2013-06-15T00:00:00,30.75,79.04999542236328,0.0,0.0,GPM_3IMERGHH_07,V07B,3B-HHR.MS.MRG.3IMERG.20130615-S000000-E002959.0000.V07B.HDF5,2013-06-15T00:00:00,DIRECT,glacial lake outburst flood (GLOF),False,0.0,0.0,0.0,0.0,0.0,0.0,0.0,0.0,DATE_ONLY,UNSUITABLE_GLOF_OUTBURST,Catastrophic,3580.0,34.6,180.0,-0.022,6200,6.4,18.5,60.0,2.4,90,Snow and ice,0.05,0.0,0.01,0.4,,,,,,,,,,HISTORICAL_VINTAGE_UNAVAILABLE,,,,,,,UNAVAILABLE
FL-UK-2013-01,2013-06-16,2013-06-16T00:00:00,30.75,79.04999542236328,1.9799998998641968,3.9599997997283936,GPM_3IMERGHH_07,V07B,3B-HHR.MS.MRG.3IMERG.20130616-S000000-E002959.0000.V07B.HDF5,2013-06-16T00:00:00,DIRECT,glacial lake outburst flood (GLOF),False,1.9799998998641968,1.9799998998641968,1.9799998998641968,1.9799998998641968,1.9799998998641968,1.9799998998641968,1.9799998998641968,1.9799998998641968,DATE_ONLY,UNSUITABLE_GLOF_OUTBURST,Catastrophic,3580.0,34.6,180.0,-0.022,6200,6.4,18.5,60.0,2.4,90,Snow and ice,0.05,0.0,0.01,0.4,,,,,,,,,,HISTORICAL_VINTAGE_UNAVAILABLE,,,,,,,UNAVAILABLE
FL-UK-2013-01,2013-06-16,2013-06-17T00:00:00,30.75,79.04999542236328,1.1399999856948853,2.2799999713897705,GPM_3IMERGHH_07,V07B,3B-HHR.MS.MRG.3IMERG.20130617-S000000-E002959.0000.V07B.HDF5,2013-06-17T00:00:00,DIRECT,glacial lake outburst flood (GLOF),False,1.1399999856948853,3.119999885559082,3.119999885559082,3.119999885559082,3.119999885559082,3.119999885559082,3.119999885559082,3.119999885559082,DATE_ONLY,UNSUITABLE_GLOF_OUTBURST,Catastrophic,3580.0,34.6,180.0,-0.022,6200,6.4,18.5,60.0,2.4,90,Snow and ice,0.05,0.0,0.01,0.4,,,,,,,,,,HISTORICAL_VINTAGE_UNAVAILABLE,,,,,,,UNAVAILABLE
FL-UK-2013-01,2013-06-16,2013-06-18T00:00:00,30.75,79.04999542236328,0.0,0.0,GPM_3IMERGHH_07,V07B,3B-HHR.MS.MRG.3IMERG.20130618-S000000-E002959.0000.V07B.HDF5,2013-06-18T00:00:00,DIRECT,glacial lake outburst flood (GLOF),False,0.0,1.1399999856948853,3.119999885559082,3.119999885559082,3.119999885559082,3.119999885559082,3.119999885559082,3.119999885559082,DATE_ONLY,UNSUITABLE_GLOF_OUTBURST,Catastrophic,3580.0,34.6,180.0,-0.022,6200,6.4,18.5,60.0,2.4,90,Snow and ice,0.05,0.0,0.01,0.4,,,,,,,,,,HISTORICAL_VINTAGE_UNAVAILABLE,,,,,,,UNAVAILABLE
FL-UK-2013-01,2013-06-16,2013-06-13T00:00:00,30.75,79.1500015258789,0.0,0.0,GPM_3IMERGHH_07,V07B,3B-HHR.MS.MRG.3IMERG.20130613-S000000-E002959.0000.V07B.HDF5,2013-06-13T00:00:00,DIRECT,glacial lake outburst flood (GLOF),False,0.0,0.0,0.0,0.0,0.0,0.0,0.0,0.0,DATE_ONLY,UNSUITABLE_GLOF_OUTBURST,Catastrophic,3580.0,34.6,180.0,-0.022,6200,6.4,18.5,60.0,2.4,90,Snow and ice,0.05,0.0,0.01,0.4,,,,,,,,,,HISTORICAL_VINTAGE_UNAVAILABLE,,,,,,,UNAVAILABLE
FL-UK-2013-01,2013-06-16,2013-06-14T00:00:00,30.75,79.1500015258789,0.0,0.0,GPM_3IMERGHH_07,V07B,3B-HHR.MS.MRG.3IMERG.20130614-S000000-E002959.0000.V07B.HDF5,2013-06-14T00:00:00,DIRECT,glacial lake outburst flood (GLOF),False,0.0,0.0,0.0,0.0,0.0,0.0,0.0,0.0,DATE_ONLY,UNSUITABLE_GLOF_OUTBURST,Catastrophic,3580.0,34.6,180.0,-0.022,6200,6.4,18.5,60.0,2.4,90,Snow and ice,0.05,0.0,0.01,0.4,,,,,,,,,,HISTORICAL_VINTAGE_UNAVAILABLE,,,,,,,UNAVAILABLE
FL-UK-2013-01,2013-06-16,2013-06-15T00:00:00,30.75,79.1500015258789,0.0,0.0,GPM_3IMERGHH_07,V07B,3B-HHR.MS.MRG.3IMERG.20130615-S000000-E002959.0000.V07B.HDF5,2013-06-15T00:00:00,DIRECT,glacial lake outburst flood (GLOF),False,0.0,0.0,0.0,0.0,0.0,0.0,0.0,0.0,DATE_ONLY,UNSUITABLE_GLOF_OUTBURST,Catastrophic,3580.0,34.6,180.0,-0.022,6200,6.4,18.5,60.0,2.4,90,Snow and ice,0.05,0.0,0.01,0.4,,,,,,,,,,HISTORICAL_VINTAGE_UNAVAILABLE,,,,,,,UNAVAILABLE
FL-UK-2013-01,2013-06-16,2013-06-16T00:00:00,30.75,79.1500015258789,4.375,8.75,GPM_3IMERGHH_07,V07B,3B-HHR.MS.MRG.3IMERG.20130616-S000000-E002959.0000.V07B.HDF5,2013-06-16T00:00:00,DIRECT,glacial lake outburst flood (GLOF),False,4.375,4.375,4.375,4.375,4.375,4.375,4.375,4.375,DATE_ONLY,UNSUITABLE_GLOF_OUTBURST,Catastrophic,3580.0,34.6,180.0,-0.022,6200,6.4,18.5,60.0,2.4,90,Snow and ice,0.05,0.0,0.01,0.4,,,,,,,,,,HISTORICAL_VINTAGE_UNAVAILABLE,,,,,,,UNAVAILABLE
FL-UK-2013-01,2013-06-16,2013-06-17T00:00:00,30.75,79.1500015258789,1.1799999475479126,2.359999895095825,GPM_3IMERGHH_07,V07B,3B-HHR.MS.MRG.3IMERG.20130617-S000000-E002959.0000.V07B.HDF5,2013-06-17T00:00:00,DIRECT,glacial lake outburst flood (GLOF),False,1.1799999475479126,5.554999947547913,5.554999947547913,5.554999947547913,5.554999947547913,5.554999947547913,5.554999947547913,5.554999947547913,DATE_ONLY,UNSUITABLE_GLOF_OUTBURST,Catastrophic,3580.0,34.6,180.0,-0.022,6200,6.4,18.5,60.0,2.4,90,Snow and ice,0.05,0.0,0.01,0.4,,,,,,,,,,HISTORICAL_VINTAGE_UNAVAILABLE,,,,,,,UNAVAILABLE
FL-UK-2013-01,2013-06-16,2013-06-18T00:00:00,30.75,79.1500015258789,0.0,0.0,GPM_3IMERGHH_07,V07B,3B-HHR.MS.MRG.3IMERG.20130618-S000000-E002959.0000.V07B.HDF5,2013-06-18T00:00:00,DIRECT,glacial lake outburst flood (GLOF),False,0.0,1.1799999475479126,5.554999947547913,5.554999947547913,5.554999947547913,5.554999947547913,5.554999947547913,5.554999947547913,DATE_ONLY,UNSUITABLE_GLOF_OUTBURST,Catastrophic,3580.0,34.6,180.0,-0.022,6200,6.4,18.5,60.0,2.4,90,Snow and ice,0.05,0.0,0.01,0.4,,,,,,,,,,HISTORICAL_VINTAGE_UNAVAILABLE,,,,,,,UNAVAILABLE
FL-UK-2013-01,2013-06-16,2013-06-13T00:00:00,30.849998474121094,78.94999694824219,0.0,0.0,GPM_3IMERGHH_07,V07B,3B-HHR.MS.MRG.3IMERG.20130613-S000000-E002959.0000.V07B.HDF5,2013-06-13T00:00:00,DIRECT,glacial lake outburst flood (GLOF),False,0.0,0.0,0.0,0.0,0.0,0.0,0.0,0.0,DATE_ONLY,UNSUITABLE_GLOF_OUTBURST,Catastrophic,3580.0,34.6,180.0,-0.022,6200,6.4,18.5,60.0,2.4,90,Snow and ice,0.05,0.0,0.01,0.4,,,,,,,,,,HISTORICAL_VINTAGE_UNAVAILABLE,,,,,,,UNAVAILABLE
FL-UK-2013-01,2013-06-16,2013-06-14T00:00:00,30.849998474121094,78.94999694824219,0.04999999701976776,0.09999999403953552,GPM_3IMERGHH_07,V07B,3B-HHR.MS.MRG.3IMERG.20130614-S000000-E002959.0000.V07B.HDF5,2013-06-14T00:00:00,DIRECT,glacial lake outburst flood (GLOF),False,0.04999999701976776,0.04999999701976776,0.04999999701976776,0.04999999701976776,0.04999999701976776,0.04999999701976776,0.04999999701976776,0.04999999701976776,DATE_ONLY,UNSUITABLE_GLOF_OUTBURST,Catastrophic,3580.0,34.6,180.0,-0.022,6200,6.4,18.5,60.0,2.4,90,Snow and ice,0.05,0.0,0.01,0.4,,,,,,,,,,HISTORICAL_VINTAGE_UNAVAILABLE,,,,,,,UNAVAILABLE
FL-UK-2013-01,2013-06-16,2013-06-15T00:00:00,30.849998474121094,78.94999694824219,0.0,0.0,GPM_3IMERGHH_07,V07B,3B-HHR.MS.MRG.3IMERG.20130615-S000000-E002959.0000.V07B.HDF5,2013-06-15T00:00:00,DIRECT,glacial lake outburst flood (GLOF),False,0.0,0.04999999701976776,0.04999999701976776,0.04999999701976776,0.04999999701976776,0.04999999701976776,0.04999999701976776,0.04999999701976776,DATE_ONLY,UNSUITABLE_GLOF_OUTBURST,Catastrophic,3580.0,34.6,180.0,-0.022,6200,6.4,18.5,60.0,2.4,90,Snow and ice,0.05,0.0,0.01,0.4,,,,,,,,,,HISTORICAL_VINTAGE_UNAVAILABLE,,,,,,,UNAVAILABLE
FL-UK-2013-01,2013-06-16,2013-06-16T00:00:00,30.849998474121094,78.94999694824219,3.4499998092651367,6.899999618530273,GPM_3IMERGHH_07,V07B,3B-HHR.MS.MRG.3IMERG.20130616-S000000-E002959.0000.V07B.HDF5,2013-06-16T00:00:00,DIRECT,glacial lake outburst flood (GLOF),False,3.4499998092651367,3.4499998092651367,3.4999998062849045,3.4999998062849045,3.4999998062849045,3.4999998062849045,3.4999998062849045,3.4999998062849045,DATE_ONLY,UNSUITABLE_GLOF_OUTBURST,Catastrophic,3580.0,34.6,180.0,-0.022,6200,6.4,18.5,60.0,2.4,90,Snow and ice,0.05,0.0,0.01,0.4,,,,,,,,,,HISTORICAL_VINTAGE_UNAVAILABLE,,,,,,,UNAVAILABLE
FL-UK-2013-01,2013-06-16,2013-06-17T00:00:00,30.849998474121094,78.94999694824219,1.4449999332427979,2.8899998664855957,GPM_3IMERGHH_07,V07B,3B-HHR.MS.MRG.3IMERG.20130617-S000000-E002959.0000.V07B.HDF5,2013-06-17T00:00:00,DIRECT,glacial lake outburst flood (GLOF),False,1.4449999332427979,4.894999742507935,4.944999739527702,4.944999739527702,4.944999739527702,4.944999739527702,4.944999739527702,4.944999739527702,DATE_ONLY,UNSUITABLE_GLOF_OUTBURST,Catastrophic,3580.0,34.6,180.0,-0.022,6200,6.4,18.5,60.0,2.4,90,Snow and ice,0.05,0.0,0.01,0.4,,,,,,,,,,HISTORICAL_VINTAGE_UNAVAILABLE,,,,,,,UNAVAILABLE
FL-UK-2013-01,2013-06-16,2013-06-18T00:00:00,30.849998474121094,78.94999694824219,0.0,0.0,GPM_3IMERGHH_07,V07B,3B-HHR.MS.MRG.3IMERG.20130618-S000000-E002959.0000.V07B.HDF5,2013-06-18T00:00:00,DIRECT,glacial lake outburst flood (GLOF),False,0.0,1.4449999332427979,4.944999739527702,4.944999739527702,4.944999739527702,4.944999739527702,4.944999739527702,4.944999739527702,DATE_ONLY,UNSUITABLE_GLOF_OUTBURST,Catastrophic,3580.0,34.6,180.0,-0.022,6200,6.4,18.5,60.0,2.4,90,Snow and ice,0.05,0.0,0.01,0.4,,,,,,,,,,HISTORICAL_VINTAGE_UNAVAILABLE,,,,,,,UNAVAILABLE
FL-UK-2013-01,2013-06-16,2013-06-13T00:00:00,30.849998474121094,79.04999542236328,0.0,0.0,GPM_3IMERGHH_07,V07B,3B-HHR.MS.MRG.3IMERG.20130613-S000000-E002959.0000.V07B.HDF5,2013-06-13T00:00:00,DIRECT,glacial lake outburst flood (GLOF),False,0.0,0.0,0.0,0.0,0.0,0.0,0.0,0.0,DATE_ONLY,UNSUITABLE_GLOF_OUTBURST,Catastrophic,3580.0,34.6,180.0,-0.022,6200,6.4,18.5,60.0,2.4,90,Snow and ice,0.05,0.0,0.01,0.4,,,,,,,,,,HISTORICAL_VINTAGE_UNAVAILABLE,,,,,,,UNAVAILABLE
FL-UK-2013-01,2013-06-16,2013-06-14T00:00:00,30.849998474121094,79.04999542236328,0.0,0.0,GPM_3IMERGHH_07,V07B,3B-HHR.MS.MRG.3IMERG.20130614-S000000-E002959.0000.V07B.HDF5,2013-06-14T00:00:00,DIRECT,glacial lake outburst flood (GLOF),False,0.0,0.0,0.0,0.0,0.0,0.0,0.0,0.0,DATE_ONLY,UNSUITABLE_GLOF_OUTBURST,Catastrophic,3580.0,34.6,180.0,-0.022,6200,6.4,18.5,60.0,2.4,90,Snow and ice,0.05,0.0,0.01,0.4,,,,,,,,,,HISTORICAL_VINTAGE_UNAVAILABLE,,,,,,,UNAVAILABLE
FL-UK-2013-01,2013-06-16,2013-06-15T00:00:00,30.849998474121094,79.04999542236328,0.0,0.0,GPM_3IMERGHH_07,V07B,3B-HHR.MS.MRG.3IMERG.20130615-S000000-E002959.0000.V07B.HDF5,2013-06-15T00:00:00,DIRECT,glacial lake outburst flood (GLOF),False,0.0,0.0,0.0,0.0,0.0,0.0,0.0,0.0,DATE_ONLY,UNSUITABLE_GLOF_OUTBURST,Catastrophic,3580.0,34.6,180.0,-0.022,6200,6.4,18.5,60.0,2.4,90,Snow and ice,0.05,0.0,0.01,0.4,,,,,,,,,,HISTORICAL_VINTAGE_UNAVAILABLE,,,,,,,UNAVAILABLE
FL-UK-2013-01,2013-06-16,2013-06-16T00:00:00,30.849998474121094,79.04999542236328,0.8999999761581421,1.7999999523162842,GPM_3IMERGHH_07,V07B,3B-HHR.MS.MRG.3IMERG.20130616-S000000-E002959.0000.V07B.HDF5,2013-06-16T00:00:00,DIRECT,glacial lake outburst flood (GLOF),False,0.8999999761581421,0.8999999761581421,0.8999999761581421,0.8999999761581421,0.8999999761581421,0.8999999761581421,0.8999999761581421,0.8999999761581421,DATE_ONLY,UNSUITABLE_GLOF_OUTBURST,Catastrophic,3580.0,34.6,180.0,-0.022,6200,6.4,18.5,60.0,2.4,90,Snow and ice,0.05,0.0,0.01,0.4,,,,,,,,,,HISTORICAL_VINTAGE_UNAVAILABLE,,,,,,,UNAVAILABLE
FL-UK-2013-01,2013-06-16,2013-06-17T00:00:00,30.849998474121094,79.04999542236328,1.1899999380111694,2.379999876022339,GPM_3IMERGHH_07,V07B,3B-HHR.MS.MRG.3IMERG.20130617-S000000-E002959.0000.V07B.HDF5,2013-06-17T00:00:00,DIRECT,glacial lake outburst flood (GLOF),False,1.1899999380111694,2.0899999141693115,2.0899999141693115,2.0899999141693115,2.0899999141693115,2.0899999141693115,2.0899999141693115,2.0899999141693115,DATE_ONLY,UNSUITABLE_GLOF_OUTBURST,Catastrophic,3580.0,34.6,180.0,-0.022,6200,6.4,18.5,60.0,2.4,90,Snow and ice,0.05,0.0,0.01,0.4,,,,,,,,,,HISTORICAL_VINTAGE_UNAVAILABLE,,,,,,,UNAVAILABLE
FL-UK-2013-01,2013-06-16,2013-06-18T00:00:00,30.849998474121094,79.04999542236328,0.03999999910593033,0.07999999821186066,GPM_3IMERGHH_07,V07B,3B-HHR.MS.MRG.3IMERG.20130618-S000000-E002959.0000.V07B.HDF5,2013-06-18T00:00:00,DIRECT,glacial lake outburst flood (GLOF),False,0.03999999910593033,1.2299999371170998,2.129999913275242,2.129999913275242,2.129999913275242,2.129999913275242,2.129999913275242,2.129999913275242,DATE_ONLY,UNSUITABLE_GLOF_OUTBURST,Catastrophic,3580.0,34.6,180.0,-0.022,6200,6.4,18.5,60.0,2.4,90,Snow and ice,0.05,0.0,0.01,0.4,,,,,,,,,,HISTORICAL_VINTAGE_UNAVAILABLE,,,,,,,UNAVAILABLE
FL-UK-2013-01,2013-06-16,2013-06-13T00:00:00,30.849998474121094,79.1500015258789,0.0,0.0,GPM_3IMERGHH_07,V07B,3B-HHR.MS.MRG.3IMERG.20130613-S000000-E002959.0000.V07B.HDF5,2013-06-13T00:00:00,DIRECT,glacial lake outburst flood (GLOF),False,0.0,0.0,0.0,0.0,0.0,0.0,0.0,0.0,DATE_ONLY,UNSUITABLE_GLOF_OUTBURST,Catastrophic,3580.0,34.6,180.0,-0.022,6200,6.4,18.5,60.0,2.4,90,Snow and ice,0.05,0.0,0.01,0.4,,,,,,,,,,HISTORICAL_VINTAGE_UNAVAILABLE,,,,,,,UNAVAILABLE
FL-UK-2013-01,2013-06-16,2013-06-14T00:00:00,30.849998474121094,79.1500015258789,0.0,0.0,GPM_3IMERGHH_07,V07B,3B-HHR.MS.MRG.3IMERG.20130614-S000000-E002959.0000.V07B.HDF5,2013-06-14T00:00:00,DIRECT,glacial lake outburst flood (GLOF),False,0.0,0.0,0.0,0.0,0.0,0.0,0.0,0.0,DATE_ONLY,UNSUITABLE_GLOF_OUTBURST,Catastrophic,3580.0,34.6,180.0,-0.022,6200,6.4,18.5,60.0,2.4,90,Snow and ice,0.05,0.0,0.01,0.4,,,,,,,,,,HISTORICAL_VINTAGE_UNAVAILABLE,,,,,,,UNAVAILABLE
FL-UK-2013-01,2013-06-16,2013-06-15T00:00:00,30.849998474121094,79.1500015258789,0.0,0.0,GPM_3IMERGHH_07,V07B,3B-HHR.MS.MRG.3IMERG.20130615-S000000-E002959.0000.V07B.HDF5,2013-06-15T00:00:00,DIRECT,glacial lake outburst flood (GLOF),False,0.0,0.0,0.0,0.0,0.0,0.0,0.0,0.0,DATE_ONLY,UNSUITABLE_GLOF_OUTBURST,Catastrophic,3580.0,34.6,180.0,-0.022,6200,6.4,18.5,60.0,2.4,90,Snow and ice,0.05,0.0,0.01,0.4,,,,,,,,,,HISTORICAL_VINTAGE_UNAVAILABLE,,,,,,,UNAVAILABLE
FL-UK-2013-01,2013-06-16,2013-06-16T00:00:00,30.849998474121094,79.1500015258789,1.3849999904632568,2.7699999809265137,GPM_3IMERGHH_07,V07B,3B-HHR.MS.MRG.3IMERG.20130616-S000000-E002959.0000.V07B.HDF5,2013-06-16T00:00:00,DIRECT,glacial lake outburst flood (GLOF),False,1.3849999904632568,1.3849999904632568,1.3849999904632568,1.3849999904632568,1.3849999904632568,1.3849999904632568,1.3849999904632568,1.3849999904632568,DATE_ONLY,UNSUITABLE_GLOF_OUTBURST,Catastrophic,3580.0,34.6,180.0,-0.022,6200,6.4,18.5,60.0,2.4,90,Snow and ice,0.05,0.0,0.01,0.4,,,,,,,,,,HISTORICAL_VINTAGE_UNAVAILABLE,,,,,,,UNAVAILABLE
FL-UK-2013-01,2013-06-16,2013-06-17T00:00:00,30.849998474121094,79.1500015258789,1.9049999713897705,3.809999942779541,GPM_3IMERGHH_07,V07B,3B-HHR.MS.MRG.3IMERG.20130617-S000000-E002959.0000.V07B.HDF5,2013-06-17T00:00:00,DIRECT,glacial lake outburst flood (GLOF),False,1.9049999713897705,3.2899999618530273,3.2899999618530273,3.2899999618530273,3.2899999618530273,3.2899999618530273,3.2899999618530273,3.2899999618530273,DATE_ONLY,UNSUITABLE_GLOF_OUTBURST,Catastrophic,3580.0,34.6,180.0,-0.022,6200,6.4,18.5,60.0,2.4,90,Snow and ice,0.05,0.0,0.01,0.4,,,,,,,,,,HISTORICAL_VINTAGE_UNAVAILABLE,,,,,,,UNAVAILABLE
FL-UK-2013-01,2013-06-16,2013-06-18T00:00:00,30.849998474121094,79.1500015258789,0.0,0.0,GPM_3IMERGHH_07,V07B,3B-HHR.MS.MRG.3IMERG.20130618-S000000-E002959.0000.V07B.HDF5,2013-06-18T00:00:00,DIRECT,glacial lake outburst flood (GLOF),False,0.0,1.9049999713897705,3.2899999618530273,3.2899999618530273,3.2899999618530273,3.2899999618530273,3.2899999618530273,3.2899999618530273,DATE_ONLY,UNSUITABLE_GLOF_OUTBURST,Catastrophic,3580.0,34.6,180.0,-0.022,6200,6.4,18.5,60.0,2.4,90,Snow and ice,0.05,0.0,0.01,0.4,,,,,,,,,,HISTORICAL_VINTAGE_UNAVAILABLE,,,,,,,UNAVAILABLE
FL-UK-2016-01,2016-07-01,2016-06-28T00:00:00,29.649999618530273,80.1500015258789,0.0,0.0,GPM_3IMERGHH_07,V07B,3B-HHR.MS.MRG.3IMERG.20160628-S000000-E002959.0000.V07B.HDF5,2016-06-28T00:00:00,DIRECT,cloudburst-induced flood,True,0.0,0.0,0.0,0.0,0.0,0.0,0.0,0.0,DATE_ONLY,SUITABLE_RAINFALL_FLASH_FLOOD,Major,1620.0,27.9,165.0,-0.016,10500,7.8,15.2,100.0,1.98,10,Tree cover,0.7,0.15,0.03,0.12,,,,,,,,,,HISTORICAL_VINTAGE_UNAVAILABLE,,,,,,,UNAVAILABLE
FL-UK-2016-01,2016-07-01,2016-06-29T00:00:00,29.649999618530273,80.1500015258789,3.1549999713897705,6.309999942779541,GPM_3IMERGHH_07,V07B,3B-HHR.MS.MRG.3IMERG.20160629-S000000-E002959.0000.V07B.HDF5,2016-06-29T00:00:00,DIRECT,cloudburst-induced flood,True,3.1549999713897705,3.1549999713897705,3.1549999713897705,3.1549999713897705,3.1549999713897705,3.1549999713897705,3.1549999713897705,3.1549999713897705,DATE_ONLY,SUITABLE_RAINFALL_FLASH_FLOOD,Major,1620.0,27.9,165.0,-0.016,10500,7.8,15.2,100.0,1.98,10,Tree cover,0.7,0.15,0.03,0.12,,,,,,,,,,HISTORICAL_VINTAGE_UNAVAILABLE,,,,,,,UNAVAILABLE
FL-UK-2016-01,2016-07-01,2016-06-30T00:00:00,29.649999618530273,80.1500015258789,1.9799998998641968,3.9599997997283936,GPM_3IMERGHH_07,V07B,3B-HHR.MS.MRG.3IMERG.20160630-S000000-E002959.0000.V07B.HDF5,2016-06-30T00:00:00,DIRECT,cloudburst-induced flood,True,1.9799998998641968,5.134999871253967,5.134999871253967,5.134999871253967,5.134999871253967,5.134999871253967,5.134999871253967,5.134999871253967,DATE_ONLY,SUITABLE_RAINFALL_FLASH_FLOOD,Major,1620.0,27.9,165.0,-0.016,10500,7.8,15.2,100.0,1.98,10,Tree cover,0.7,0.15,0.03,0.12,,,,,,,,,,HISTORICAL_VINTAGE_UNAVAILABLE,,,,,,,UNAVAILABLE
FL-UK-2016-01,2016-07-01,2016-07-01T00:00:00,29.649999618530273,80.1500015258789,3.549999952316284,7.099999904632568,GPM_3IMERGHH_07,V07B,3B-HHR.MS.MRG.3IMERG.20160701-S000000-E002959.0000.V07B.HDF5,2016-07-01T00:00:00,DIRECT,cloudburst-induced flood,True,3.549999952316284,5.529999852180481,8.684999823570251,8.684999823570251,8.684999823570251,8.684999823570251,8.684999823570251,8.684999823570251,DATE_ONLY,SUITABLE_RAINFALL_FLASH_FLOOD,Major,1620.0,27.9,165.0,-0.016,10500,7.8,15.2,100.0,1.98,10,Tree cover,0.7,0.15,0.03,0.12,,,,,,,,,,HISTORICAL_VINTAGE_UNAVAILABLE,,,,,,,UNAVAILABLE
FL-UK-2016-01,2016-07-01,2016-07-02T00:00:00,29.649999618530273,80.1500015258789,1.7400000095367432,3.4800000190734863,GPM_3IMERGHH_07,V07B,3B-HHR.MS.MRG.3IMERG.20160702-S000000-E002959.0000.V07B.HDF5,2016-07-02T00:00:00,DIRECT,cloudburst-induced flood,True,1.7400000095367432,5.289999961853027,10.424999833106995,10.424999833106995,10.424999833106995,10.424999833106995,10.424999833106995,10.424999833106995,DATE_ONLY,SUITABLE_RAINFALL_FLASH_FLOOD,Major,1620.0,27.9,165.0,-0.016,10500,7.8,15.2,100.0,1.98,10,Tree cover,0.7,0.15,0.03,0.12,,,,,,,,,,HISTORICAL_VINTAGE_UNAVAILABLE,,,,,,,UNAVAILABLE
FL-UK-2016-01,2016-07-01,2016-07-03T00:00:00,29.649999618530273,80.1500015258789,0.8199999928474426,1.6399999856948853,GPM_3IMERGHH_07,V07B,3B-HHR.MS.MRG.3IMERG.20160703-S000000-E002959.0000.V07B.HDF5,2016-07-03T00:00:00,DIRECT,cloudburst-induced flood,True,0.8199999928474426,2.560000002384186,11.244999825954437,11.244999825954437,11.244999825954437,11.244999825954437,11.244999825954437,11.244999825954437,DATE_ONLY,SUITABLE_RAINFALL_FLASH_FLOOD,Major,1620.0,27.9,165.0,-0.016,10500,7.8,15.2,100.0,1.98,10,Tree cover,0.7,0.15,0.03,0.12,,,,,,,,,,HISTORICAL_VINTAGE_UNAVAILABLE,,,,,,,UNAVAILABLE
FL-UK-2016-01,2016-07-01,2016-06-28T00:00:00,29.649999618530273,80.25,0.0,0.0,GPM_3IMERGHH_07,V07B,3B-HHR.MS.MRG.3IMERG.20160628-S000000-E002959.0000.V07B.HDF5,2016-06-28T00:00:00,DIRECT,cloudburst-induced flood,True,0.0,0.0,0.0,0.0,0.0,0.0,0.0,0.0,DATE_ONLY,SUITABLE_RAINFALL_FLASH_FLOOD,Major,1620.0,27.9,165.0,-0.016,10500,7.8,15.2,100.0,1.98,10,Tree cover,0.7,0.15,0.03,0.12,,,,,,,,,,HISTORICAL_VINTAGE_UNAVAILABLE,,,,,,,UNAVAILABLE
FL-UK-2016-01,2016-07-01,2016-06-29T00:00:00,29.649999618530273,80.25,0.9699999690055847,1.9399999380111694,GPM_3IMERGHH_07,V07B,3B-HHR.MS.MRG.3IMERG.20160629-S000000-E002959.0000.V07B.HDF5,2016-06-29T00:00:00,DIRECT,cloudburst-induced flood,True,0.9699999690055847,0.9699999690055847,0.9699999690055847,0.9699999690055847,0.9699999690055847,0.9699999690055847,0.9699999690055847,0.9699999690055847,DATE_ONLY,SUITABLE_RAINFALL_FLASH_FLOOD,Major,1620.0,27.9,165.0,-0.016,10500,7.8,15.2,100.0,1.98,10,Tree cover,0.7,0.15,0.03,0.12,,,,,,,,,,HISTORICAL_VINTAGE_UNAVAILABLE,,,,,,,UNAVAILABLE
FL-UK-2016-01,2016-07-01,2016-06-30T00:00:00,29.649999618530273,80.25,0.6699999570846558,1.3399999141693115,GPM_3IMERGHH_07,V07B,3B-HHR.MS.MRG.3IMERG.20160630-S000000-E002959.0000.V07B.HDF5,2016-06-30T00:00:00,DIRECT,cloudburst-induced flood,True,0.6699999570846558,1.6399999260902405,1.6399999260902405,1.6399999260902405,1.6399999260902405,1.6399999260902405,1.6399999260902405,1.6399999260902405,DATE_ONLY,SUITABLE_RAINFALL_FLASH_FLOOD,Major,1620.0,27.9,165.0,-0.016,10500,7.8,15.2,100.0,1.98,10,Tree cover,0.7,0.15,0.03,0.12,,,,,,,,,,HISTORICAL_VINTAGE_UNAVAILABLE,,,,,,,UNAVAILABLE
FL-UK-2016-01,2016-07-01,2016-07-01T00:00:00,29.649999618530273,80.25,4.194999694824219,8.389999389648438,GPM_3IMERGHH_07,V07B,3B-HHR.MS.MRG.3IMERG.20160701-S000000-E002959.0000.V07B.HDF5,2016-07-01T00:00:00,DIRECT,cloudburst-induced flood,True,4.194999694824219,4.8649996519088745,5.834999620914459,5.834999620914459,5.834999620914459,5.834999620914459,5.834999620914459,5.834999620914459,DATE_ONLY,SUITABLE_RAINFALL_FLASH_FLOOD,Major,1620.0,27.9,165.0,-0.016,10500,7.8,15.2,100.0,1.98,10,Tree cover,0.7,0.15,0.03,0.12,,,,,,,,,,HISTORICAL_VINTAGE_UNAVAILABLE,,,,,,,UNAVAILABLE
FL-UK-2016-01,2016-07-01,2016-07-02T00:00:00,29.649999618530273,80.25,1.1899999380111694,2.379999876022339,GPM_3IMERGHH_07,V07B,3B-HHR.MS.MRG.3IMERG.20160702-S000000-E002959.0000.V07B.HDF5,2016-07-02T00:00:00,DIRECT,cloudburst-induced flood,True,1.1899999380111694,5.384999632835388,7.024999558925629,7.024999558925629,7.024999558925629,7.024999558925629,7.024999558925629,7.024999558925629,DATE_ONLY,SUITABLE_RAINFALL_FLASH_FLOOD,Major,1620.0,27.9,165.0,-0.016,10500,7.8,15.2,100.0,1.98,10,Tree cover,0.7,0.15,0.03,0.12,,,,,,,,,,HISTORICAL_VINTAGE_UNAVAILABLE,,,,,,,UNAVAILABLE
FL-UK-2016-01,2016-07-01,2016-07-03T00:00:00,29.649999618530273,80.25,0.0,0.0,GPM_3IMERGHH_07,V07B,3B-HHR.MS.MRG.3IMERG.20160703-S000000-E002959.0000.V07B.HDF5,2016-07-03T00:00:00,DIRECT,cloudburst-induced flood,True,0.0,1.1899999380111694,7.024999558925629,7.024999558925629,7.024999558925629,7.024999558925629,7.024999558925629,7.024999558925629,DATE_ONLY,SUITABLE_RAINFALL_FLASH_FLOOD,Major,1620.0,27.9,165.0,-0.016,10500,7.8,15.2,100.0,1.98,10,Tree cover,0.7,0.15,0.03,0.12,,,,,,,,,,HISTORICAL_VINTAGE_UNAVAILABLE,,,,,,,UNAVAILABLE
FL-UK-2016-01,2016-07-01,2016-06-28T00:00:00,29.649999618530273,80.3499984741211,0.0,0.0,GPM_3IMERGHH_07,V07B,3B-HHR.MS.MRG.3IMERG.20160628-S000000-E002959.0000.V07B.HDF5,2016-06-28T00:00:00,DIRECT,cloudburst-induced flood,True,0.0,0.0,0.0,0.0,0.0,0.0,0.0,0.0,DATE_ONLY,SUITABLE_RAINFALL_FLASH_FLOOD,Major,1620.0,27.9,165.0,-0.016,10500,7.8,15.2,100.0,1.98,10,Tree cover,0.7,0.15,0.03,0.12,,,,,,,,,,HISTORICAL_VINTAGE_UNAVAILABLE,,,,,,,UNAVAILABLE
FL-UK-2016-01,2016-07-01,2016-06-29T00:00:00,29.649999618530273,80.3499984741211,0.054999999701976776,0.10999999940395355,GPM_3IMERGHH_07,V07B,3B-HHR.MS.MRG.3IMERG.20160629-S000000-E002959.0000.V07B.HDF5,2016-06-29T00:00:00,DIRECT,cloudburst-induced flood,True,0.054999999701976776,0.054999999701976776,0.054999999701976776,0.054999999701976776,0.054999999701976776,0.054999999701976776,0.054999999701976776,0.054999999701976776,DATE_ONLY,SUITABLE_RAINFALL_FLASH_FLOOD,Major,1620.0,27.9,165.0,-0.016,10500,7.8,15.2,100.0,1.98,10,Tree cover,0.7,0.15,0.03,0.12,,,,,,,,,,HISTORICAL_VINTAGE_UNAVAILABLE,,,,,,,UNAVAILABLE
FL-UK-2016-01,2016-07-01,2016-06-30T00:00:00,29.649999618530273,80.3499984741211,0.23499999940395355,0.4699999988079071,GPM_3IMERGHH_07,V07B,3B-HHR.MS.MRG.3IMERG.20160630-S000000-E002959.0000.V07B.HDF5,2016-06-30T00:00:00,DIRECT,cloudburst-induced flood,True,0.23499999940395355,0.28999999910593033,0.28999999910593033,0.28999999910593033,0.28999999910593033,0.28999999910593033,0.28999999910593033,0.28999999910593033,DATE_ONLY,SUITABLE_RAINFALL_FLASH_FLOOD,Major,1620.0,27.9,165.0,-0.016,10500,7.8,15.2,100.0,1.98,10,Tree cover,0.7,0.15,0.03,0.12,,,,,,,,,,HISTORICAL_VINTAGE_UNAVAILABLE,,,,,,,UNAVAILABLE
FL-UK-2016-01,2016-07-01,2016-07-01T00:00:00,29.649999618530273,80.3499984741211,4.339999675750732,8.679999351501465,GPM_3IMERGHH_07,V07B,3B-HHR.MS.MRG.3IMERG.20160701-S000000-E002959.0000.V07B.HDF5,2016-07-01T00:00:00,DIRECT,cloudburst-induced flood,True,4.339999675750732,4.574999675154686,4.629999674856663,4.629999674856663,4.629999674856663,4.629999674856663,4.629999674856663,4.629999674856663,DATE_ONLY,SUITABLE_RAINFALL_FLASH_FLOOD,Major,1620.0,27.9,165.0,-0.016,10500,7.8,15.2,100.0,1.98,10,Tree cover,0.7,0.15,0.03,0.12,,,,,,,,,,HISTORICAL_VINTAGE_UNAVAILABLE,,,,,,,UNAVAILABLE
FL-UK-2016-01,2016-07-01,2016-07-02T00:00:00,29.649999618530273,80.3499984741211,0.8100000023841858,1.6200000047683716,GPM_3IMERGHH_07,V07B,3B-HHR.MS.MRG.3IMERG.20160702-S000000-E002959.0000.V07B.HDF5,2016-07-02T00:00:00,DIRECT,cloudburst-induced flood,True,0.8100000023841858,5.149999678134918,5.4399996772408485,5.4399996772408485,5.4399996772408485,5.4399996772408485,5.4399996772408485,5.4399996772408485,DATE_ONLY,SUITABLE_RAINFALL_FLASH_FLOOD,Major,1620.0,27.9,165.0,-0.016,10500,7.8,15.2,100.0,1.98,10,Tree cover,0.7,0.15,0.03,0.12,,,,,,,,,,HISTORICAL_VINTAGE_UNAVAILABLE,,,,,,,UNAVAILABLE
FL-UK-2016-01,2016-07-01,2016-07-03T00:00:00,29.649999618530273,80.3499984741211,0.0,0.0,GPM_3IMERGHH_07,V07B,3B-HHR.MS.MRG.3IMERG.20160703-S000000-E002959.0000.V07B.HDF5,2016-07-03T00:00:00,DIRECT,cloudburst-induced flood,True,0.0,0.8100000023841858,5.4399996772408485,5.4399996772408485,5.4399996772408485,5.4399996772408485,5.4399996772408485,5.4399996772408485,DATE_ONLY,SUITABLE_RAINFALL_FLASH_FLOOD,Major,1620.0,27.9,165.0,-0.016,10500,7.8,15.2,100.0,1.98,10,Tree cover,0.7,0.15,0.03,0.12,,,,,,,,,,HISTORICAL_VINTAGE_UNAVAILABLE,,,,,,,UNAVAILABLE
FL-UK-2016-01,2016-07-01,2016-06-28T00:00:00,29.75,80.1500015258789,0.0,0.0,GPM_3IMERGHH_07,V07B,3B-HHR.MS.MRG.3IMERG.20160628-S000000-E002959.0000.V07B.HDF5,2016-06-28T00:00:00,DIRECT,cloudburst-induced flood,True,0.0,0.0,0.0,0.0,0.0,0.0,0.0,0.0,DATE_ONLY,SUITABLE_RAINFALL_FLASH_FLOOD,Major,1620.0,27.9,165.0,-0.016,10500,7.8,15.2,100.0,1.98,10,Tree cover,0.7,0.15,0.03,0.12,,,,,,,,,,HISTORICAL_VINTAGE_UNAVAILABLE,,,,,,,UNAVAILABLE
FL-UK-2016-01,2016-07-01,2016-06-29T00:00:00,29.75,80.1500015258789,1.4149999618530273,2.8299999237060547,GPM_3IMERGHH_07,V07B,3B-HHR.MS.MRG.3IMERG.20160629-S000000-E002959.0000.V07B.HDF5,2016-06-29T00:00:00,DIRECT,cloudburst-induced flood,True,1.4149999618530273,1.4149999618530273,1.4149999618530273,1.4149999618530273,1.4149999618530273,1.4149999618530273,1.4149999618530273,1.4149999618530273,DATE_ONLY,SUITABLE_RAINFALL_FLASH_FLOOD,Major,1620.0,27.9,165.0,-0.016,10500,7.8,15.2,100.0,1.98,10,Tree cover,0.7,0.15,0.03,0.12,,,,,,,,,,HISTORICAL_VINTAGE_UNAVAILABLE,,,,,,,UNAVAILABLE
FL-UK-2016-01,2016-07-01,2016-06-30T00:00:00,29.75,80.1500015258789,0.22999998927116394,0.4599999785423279,GPM_3IMERGHH_07,V07B,3B-HHR.MS.MRG.3IMERG.20160630-S000000-E002959.0000.V07B.HDF5,2016-06-30T00:00:00,DIRECT,cloudburst-induced flood,True,0.22999998927116394,1.6449999511241913,1.6449999511241913,1.6449999511241913,1.6449999511241913,1.6449999511241913,1.6449999511241913,1.6449999511241913,DATE_ONLY,SUITABLE_RAINFALL_FLASH_FLOOD,Major,1620.0,27.9,165.0,-0.016,10500,7.8,15.2,100.0,1.98,10,Tree cover,0.7,0.15,0.03,0.12,,,,,,,,,,HISTORICAL_VINTAGE_UNAVAILABLE,,,,,,,UNAVAILABLE
FL-UK-2016-01,2016-07-01,2016-07-01T00:00:00,29.75,80.1500015258789,5.429999828338623,10.859999656677246,GPM_3IMERGHH_07,V07B,3B-HHR.MS.MRG.3IMERG.20160701-S000000-E002959.0000.V07B.HDF5,2016-07-01T00:00:00,DIRECT,cloudburst-induced flood,True,5.429999828338623,5.659999817609787,7.074999779462814,7.074999779462814,7.074999779462814,7.074999779462814,7.074999779462814,7.074999779462814,DATE_ONLY,SUITABLE_RAINFALL_FLASH_FLOOD,Major,1620.0,27.9,165.0,-0.016,10500,7.8,15.2,100.0,1.98,10,Tree cover,0.7,0.15,0.03,0.12,,,,,,,,,,HISTORICAL_VINTAGE_UNAVAILABLE,,,,,,,UNAVAILABLE
FL-UK-2016-01,2016-07-01,2016-07-02T00:00:00,29.75,80.1500015258789,3.2649998664855957,6.529999732971191,GPM_3IMERGHH_07,V07B,3B-HHR.MS.MRG.3IMERG.20160702-S000000-E002959.0000.V07B.HDF5,2016-07-02T00:00:00,DIRECT,cloudburst-induced flood,True,3.2649998664855957,8.694999694824219,10.33999964594841,10.33999964594841,10.33999964594841,10.33999964594841,10.33999964594841,10.33999964594841,DATE_ONLY,SUITABLE_RAINFALL_FLASH_FLOOD,Major,1620.0,27.9,165.0,-0.016,10500,7.8,15.2,100.0,1.98,10,Tree cover,0.7,0.15,0.03,0.12,,,,,,,,,,HISTORICAL_VINTAGE_UNAVAILABLE,,,,,,,UNAVAILABLE
FL-UK-2016-01,2016-07-01,2016-07-03T00:00:00,29.75,80.1500015258789,0.2149999886751175,0.429999977350235,GPM_3IMERGHH_07,V07B,3B-HHR.MS.MRG.3IMERG.20160703-S000000-E002959.0000.V07B.HDF5,2016-07-03T00:00:00,DIRECT,cloudburst-induced flood,True,0.2149999886751175,3.479999855160713,10.554999634623528,10.554999634623528,10.554999634623528,10.554999634623528,10.554999634623528,10.554999634623528,DATE_ONLY,SUITABLE_RAINFALL_FLASH_FLOOD,Major,1620.0,27.9,165.0,-0.016,10500,7.8,15.2,100.0,1.98,10,Tree cover,0.7,0.15,0.03,0.12,,,,,,,,,,HISTORICAL_VINTAGE_UNAVAILABLE,,,,,,,UNAVAILABLE
FL-UK-2016-01,2016-07-01,2016-06-28T00:00:00,29.75,80.25,0.0,0.0,GPM_3IMERGHH_07,V07B,3B-HHR.MS.MRG.3IMERG.20160628-S000000-E002959.0000.V07B.HDF5,2016-06-28T00:00:00,DIRECT,cloudburst-induced flood,True,0.0,0.0,0.0,0.0,0.0,0.0,0.0,0.0,DATE_ONLY,SUITABLE_RAINFALL_FLASH_FLOOD,Major,1620.0,27.9,165.0,-0.016,10500,7.8,15.2,100.0,1.98,10,Tree cover,0.7,0.15,0.03,0.12,,,,,,,,,,HISTORICAL_VINTAGE_UNAVAILABLE,,,,,,,UNAVAILABLE
FL-UK-2016-01,2016-07-01,2016-06-29T00:00:00,29.75,80.25,0.6549999713897705,1.309999942779541,GPM_3IMERGHH_07,V07B,3B-HHR.MS.MRG.3IMERG.20160629-S000000-E002959.0000.V07B.HDF5,2016-06-29T00:00:00,DIRECT,cloudburst-induced flood,True,0.6549999713897705,0.6549999713897705,0.6549999713897705,0.6549999713897705,0.6549999713897705,0.6549999713897705,0.6549999713897705,0.6549999713897705,DATE_ONLY,SUITABLE_RAINFALL_FLASH_FLOOD,Major,1620.0,27.9,165.0,-0.016,10500,7.8,15.2,100.0,1.98,10,Tree cover,0.7,0.15,0.03,0.12,,,,,,,,,,HISTORICAL_VINTAGE_UNAVAILABLE,,,,,,,UNAVAILABLE
FL-UK-2016-01,2016-07-01,2016-06-30T00:00:00,29.75,80.25,0.4050000011920929,0.8100000023841858,GPM_3IMERGHH_07,V07B,3B-HHR.MS.MRG.3IMERG.20160630-S000000-E002959.0000.V07B.HDF5,2016-06-30T00:00:00,DIRECT,cloudburst-induced flood,True,0.4050000011920929,1.0599999725818634,1.0599999725818634,1.0599999725818634,1.0599999725818634,1.0599999725818634,1.0599999725818634,1.0599999725818634,DATE_ONLY,SUITABLE_RAINFALL_FLASH_FLOOD,Major,1620.0,27.9,165.0,-0.016,10500,7.8,15.2,100.0,1.98,10,Tree cover,0.7,0.15,0.03,0.12,,,,,,,,,,HISTORICAL_VINTAGE_UNAVAILABLE,,,,,,,UNAVAILABLE
FL-UK-2016-01,2016-07-01,2016-07-01T00:00:00,29.75,80.25,4.614999771118164,9.229999542236328,GPM_3IMERGHH_07,V07B,3B-HHR.MS.MRG.3IMERG.20160701-S000000-E002959.0000.V07B.HDF5,2016-07-01T00:00:00,DIRECT,cloudburst-induced flood,True,4.614999771118164,5.019999772310257,5.6749997437000275,5.6749997437000275,5.6749997437000275,5.6749997437000275,5.6749997437000275,5.6749997437000275,DATE_ONLY,SUITABLE_RAINFALL_FLASH_FLOOD,Major,1620.0,27.9,165.0,-0.016,10500,7.8,15.2,100.0,1.98,10,Tree cover,0.7,0.15,0.03,0.12,,,,,,,,,,HISTORICAL_VINTAGE_UNAVAILABLE,,,,,,,UNAVAILABLE
FL-UK-2016-01,2016-07-01,2016-07-02T00:00:00,29.75,80.25,1.0049999952316284,2.009999990463257,GPM_3IMERGHH_07,V07B,3B-HHR.MS.MRG.3IMERG.20160702-S000000-E002959.0000.V07B.HDF5,2016-07-02T00:00:00,DIRECT,cloudburst-induced flood,True,1.0049999952316284,5.6199997663497925,6.679999738931656,6.679999738931656,6.679999738931656,6.679999738931656,6.679999738931656,6.679999738931656,DATE_ONLY,SUITABLE_RAINFALL_FLASH_FLOOD,Major,1620.0,27.9,165.0,-0.016,10500,7.8,15.2,100.0,1.98,10,Tree cover,0.7,0.15,0.03,0.12,,,,,,,,,,HISTORICAL_VINTAGE_UNAVAILABLE,,,,,,,UNAVAILABLE
FL-UK-2016-01,2016-07-01,2016-07-03T00:00:00,29.75,80.25,0.14999999105930328,0.29999998211860657,GPM_3IMERGHH_07,V07B,3B-HHR.MS.MRG.3IMERG.20160703-S000000-E002959.0000.V07B.HDF5,2016-07-03T00:00:00,DIRECT,cloudburst-induced flood,True,0.14999999105930328,1.1549999862909317,6.829999729990959,6.829999729990959,6.829999729990959,6.829999729990959,6.829999729990959,6.829999729990959,DATE_ONLY,SUITABLE_RAINFALL_FLASH_FLOOD,Major,1620.0,27.9,165.0,-0.016,10500,7.8,15.2,100.0,1.98,10,Tree cover,0.7,0.15,0.03,0.12,,,,,,,,,,HISTORICAL_VINTAGE_UNAVAILABLE,,,,,,,UNAVAILABLE
FL-UK-2016-01,2016-07-01,2016-06-28T00:00:00,29.75,80.3499984741211,0.0,0.0,GPM_3IMERGHH_07,V07B,3B-HHR.MS.MRG.3IMERG.20160628-S000000-E002959.0000.V07B.HDF5,2016-06-28T00:00:00,DIRECT,cloudburst-induced flood,True,0.0,0.0,0.0,0.0,0.0,0.0,0.0,0.0,DATE_ONLY,SUITABLE_RAINFALL_FLASH_FLOOD,Major,1620.0,27.9,165.0,-0.016,10500,7.8,15.2,100.0,1.98,10,Tree cover,0.7,0.15,0.03,0.12,,,,,,,,,,HISTORICAL_VINTAGE_UNAVAILABLE,,,,,,,UNAVAILABLE
FL-UK-2016-01,2016-07-01,2016-06-29T00:00:00,29.75,80.3499984741211,0.3700000047683716,0.7400000095367432,GPM_3IMERGHH_07,V07B,3B-HHR.MS.MRG.3IMERG.20160629-S000000-E002959.0000.V07B.HDF5,2016-06-29T00:00:00,DIRECT,cloudburst-induced flood,True,0.3700000047683716,0.3700000047683716,0.3700000047683716,0.3700000047683716,0.3700000047683716,0.3700000047683716,0.3700000047683716,0.3700000047683716,DATE_ONLY,SUITABLE_RAINFALL_FLASH_FLOOD,Major,1620.0,27.9,165.0,-0.016,10500,7.8,15.2,100.0,1.98,10,Tree cover,0.7,0.15,0.03,0.12,,,,,,,,,,HISTORICAL_VINTAGE_UNAVAILABLE,,,,,,,UNAVAILABLE
FL-UK-2016-01,2016-07-01,2016-06-30T00:00:00,29.75,80.3499984741211,0.29999998211860657,0.5999999642372131,GPM_3IMERGHH_07,V07B,3B-HHR.MS.MRG.3IMERG.20160630-S000000-E002959.0000.V07B.HDF5,2016-06-30T00:00:00,DIRECT,cloudburst-induced flood,True,0.29999998211860657,0.6699999868869781,0.6699999868869781,0.6699999868869781,0.6699999868869781,0.6699999868869781,0.6699999868869781,0.6699999868869781,DATE_ONLY,SUITABLE_RAINFALL_FLASH_FLOOD,Major,1620.0,27.9,165.0,-0.016,10500,7.8,15.2,100.0,1.98,10,Tree cover,0.7,0.15,0.03,0.12,,,,,,,,,,HISTORICAL_VINTAGE_UNAVAILABLE,,,,,,,UNAVAILABLE
FL-UK-2016-01,2016-07-01,2016-07-01T00:00:00,29.75,80.3499984741211,4.005000114440918,8.010000228881836,GPM_3IMERGHH_07,V07B,3B-HHR.MS.MRG.3IMERG.20160701-S000000-E002959.0000.V07B.HDF5,2016-07-01T00:00:00,DIRECT,cloudburst-induced flood,True,4.005000114440918,4.3050000965595245,4.675000101327896,4.675000101327896,4.675000101327896,4.675000101327896,4.675000101327896,4.675000101327896,DATE_ONLY,SUITABLE_RAINFALL_FLASH_FLOOD,Major,1620.0,27.9,165.0,-0.016,10500,7.8,15.2,100.0,1.98,10,Tree cover,0.7,0.15,0.03,0.12,,,,,,,,,,HISTORICAL_VINTAGE_UNAVAILABLE,,,,,,,UNAVAILABLE
FL-UK-2016-01,2016-07-01,2016-07-02T00:00:00,29.75,80.3499984741211,0.6349999904632568,1.2699999809265137,GPM_3IMERGHH_07,V07B,3B-HHR.MS.MRG.3IMERG.20160702-S000000-E002959.0000.V07B.HDF5,2016-07-02T00:00:00,DIRECT,cloudburst-induced flood,True,0.6349999904632568,4.640000104904175,5.310000091791153,5.310000091791153,5.310000091791153,5.310000091791153,5.310000091791153,5.310000091791153,DATE_ONLY,SUITABLE_RAINFALL_FLASH_FLOOD,Major,1620.0,27.9,165.0,-0.016,10500,7.8,15.2,100.0,1.98,10,Tree cover,0.7,0.15,0.03,0.12,,,,,,,,,,HISTORICAL_VINTAGE_UNAVAILABLE,,,,,,,UNAVAILABLE
FL-UK-2016-01,2016-07-01,2016-07-03T00:00:00,29.75,80.3499984741211,0.0,0.0,GPM_3IMERGHH_07,V07B,3B-HHR.MS.MRG.3IMERG.20160703-S000000-E002959.0000.V07B.HDF5,2016-07-03T00:00:00,DIRECT,cloudburst-induced flood,True,0.0,0.6349999904632568,5.310000091791153,5.310000091791153,5.310000091791153,5.310000091791153,5.310000091791153,5.310000091791153,DATE_ONLY,SUITABLE_RAINFALL_FLASH_FLOOD,Major,1620.0,27.9,165.0,-0.016,10500,7.8,15.2,100.0,1.98,10,Tree cover,0.7,0.15,0.03,0.12,,,,,,,,,,HISTORICAL_VINTAGE_UNAVAILABLE,,,,,,,UNAVAILABLE
FL-UK-2016-01,2016-07-01,2016-06-28T00:00:00,29.849998474121094,80.1500015258789,0.0,0.0,GPM_3IMERGHH_07,V07B,3B-HHR.MS.MRG.3IMERG.20160628-S000000-E002959.0000.V07B.HDF5,2016-06-28T00:00:00,DIRECT,cloudburst-induced flood,True,0.0,0.0,0.0,0.0,0.0,0.0,0.0,0.0,DATE_ONLY,SUITABLE_RAINFALL_FLASH_FLOOD,Major,1620.0,27.9,165.0,-0.016,10500,7.8,15.2,100.0,1.98,10,Tree cover,0.7,0.15,0.03,0.12,,,,,,,,,,HISTORICAL_VINTAGE_UNAVAILABLE,,,,,,,UNAVAILABLE
FL-UK-2016-01,2016-07-01,2016-06-29T00:00:00,29.849998474121094,80.1500015258789,0.9950000047683716,1.9900000095367432,GPM_3IMERGHH_07,V07B,3B-HHR.MS.MRG.3IMERG.20160629-S000000-E002959.0000.V07B.HDF5,2016-06-29T00:00:00,DIRECT,cloudburst-induced flood,True,0.9950000047683716,0.9950000047683716,0.9950000047683716,0.9950000047683716,0.9950000047683716,0.9950000047683716,0.9950000047683716,0.9950000047683716,DATE_ONLY,SUITABLE_RAINFALL_FLASH_FLOOD,Major,1620.0,27.9,165.0,-0.016,10500,7.8,15.2,100.0,1.98,10,Tree cover,0.7,0.15,0.03,0.12,,,,,,,,,,HISTORICAL_VINTAGE_UNAVAILABLE,,,,,,,UNAVAILABLE
FL-UK-2016-01,2016-07-01,2016-06-30T00:00:00,29.849998474121094,80.1500015258789,0.574999988079071,1.149999976158142,GPM_3IMERGHH_07,V07B,3B-HHR.MS.MRG.3IMERG.20160630-S000000-E002959.0000.V07B.HDF5,2016-06-30T00:00:00,DIRECT,cloudburst-induced flood,True,0.574999988079071,1.5699999928474426,1.5699999928474426,1.5699999928474426,1.5699999928474426,1.5699999928474426,1.5699999928474426,1.5699999928474426,DATE_ONLY,SUITABLE_RAINFALL_FLASH_FLOOD,Major,1620.0,27.9,165.0,-0.016,10500,7.8,15.2,100.0,1.98,10,Tree cover,0.7,0.15,0.03,0.12,,,,,,,,,,HISTORICAL_VINTAGE_UNAVAILABLE,,,,,,,UNAVAILABLE
FL-UK-2016-01,2016-07-01,2016-07-01T00:00:00,29.849998474121094,80.1500015258789,6.034999847412109,12.069999694824219,GPM_3IMERGHH_07,V07B,3B-HHR.MS.MRG.3IMERG.20160701-S000000-E002959.0000.V07B.HDF5,2016-07-01T00:00:00,DIRECT,cloudburst-induced flood,True,6.034999847412109,6.60999983549118,7.604999840259552,7.604999840259552,7.604999840259552,7.604999840259552,7.604999840259552,7.604999840259552,DATE_ONLY,SUITABLE_RAINFALL_FLASH_FLOOD,Major,1620.0,27.9,165.0,-0.016,10500,7.8,15.2,100.0,1.98,10,Tree cover,0.7,0.15,0.03,0.12,,,,,,,,,,HISTORICAL_VINTAGE_UNAVAILABLE,,,,,,,UNAVAILABLE
FL-UK-2016-01,2016-07-01,2016-07-02T00:00:00,29.849998474121094,80.1500015258789,2.2300000190734863,4.460000038146973,GPM_3IMERGHH_07,V07B,3B-HHR.MS.MRG.3IMERG.20160702-S000000-E002959.0000.V07B.HDF5,2016-07-02T00:00:00,DIRECT,cloudburst-induced flood,True,2.2300000190734863,8.264999866485596,9.834999859333038,9.834999859333038,9.834999859333038,9.834999859333038,9.834999859333038,9.834999859333038,DATE_ONLY,SUITABLE_RAINFALL_FLASH_FLOOD,Major,1620.0,27.9,165.0,-0.016,10500,7.8,15.2,100.0,1.98,10,Tree cover,0.7,0.15,0.03,0.12,,,,,,,,,,HISTORICAL_VINTAGE_UNAVAILABLE,,,,,,,UNAVAILABLE
FL-UK-2016-01,2016-07-01,2016-07-03T00:00:00,29.849998474121094,80.1500015258789,0.22499999403953552,0.44999998807907104,GPM_3IMERGHH_07,V07B,3B-HHR.MS.MRG.3IMERG.20160703-S000000-E002959.0000.V07B.HDF5,2016-07-03T00:00:00,DIRECT,cloudburst-induced flood,True,0.22499999403953552,2.455000013113022,10.059999853372574,10.059999853372574,10.059999853372574,10.059999853372574,10.059999853372574,10.059999853372574,DATE_ONLY,SUITABLE_RAINFALL_FLASH_FLOOD,Major,1620.0,27.9,165.0,-0.016,10500,7.8,15.2,100.0,1.98,10,Tree cover,0.7,0.15,0.03,0.12,,,,,,,,,,HISTORICAL_VINTAGE_UNAVAILABLE,,,,,,,UNAVAILABLE
FL-UK-2016-01,2016-07-01,2016-06-28T00:00:00,29.849998474121094,80.25,0.0,0.0,GPM_3IMERGHH_07,V07B,3B-HHR.MS.MRG.3IMERG.20160628-S000000-E002959.0000.V07B.HDF5,2016-06-28T00:00:00,DIRECT,cloudburst-induced flood,True,0.0,0.0,0.0,0.0,0.0,0.0,0.0,0.0,DATE_ONLY,SUITABLE_RAINFALL_FLASH_FLOOD,Major,1620.0,27.9,165.0,-0.016,10500,7.8,15.2,100.0,1.98,10,Tree cover,0.7,0.15,0.03,0.12,,,,,,,,,,HISTORICAL_VINTAGE_UNAVAILABLE,,,,,,,UNAVAILABLE
FL-UK-2016-01,2016-07-01,2016-06-29T00:00:00,29.849998474121094,80.25,1.399999976158142,2.799999952316284,GPM_3IMERGHH_07,V07B,3B-HHR.MS.MRG.3IMERG.20160629-S000000-E002959.0000.V07B.HDF5,2016-06-29T00:00:00,DIRECT,cloudburst-induced flood,True,1.399999976158142,1.399999976158142,1.399999976158142,1.399999976158142,1.399999976158142,1.399999976158142,1.399999976158142,1.399999976158142,DATE_ONLY,SUITABLE_RAINFALL_FLASH_FLOOD,Major,1620.0,27.9,165.0,-0.016,10500,7.8,15.2,100.0,1.98,10,Tree cover,0.7,0.15,0.03,0.12,,,,,,,,,,HISTORICAL_VINTAGE_UNAVAILABLE,,,,,,,UNAVAILABLE
FL-UK-2016-01,2016-07-01,2016-06-30T00:00:00,29.849998474121094,80.25,0.5149999856948853,1.0299999713897705,GPM_3IMERGHH_07,V07B,3B-HHR.MS.MRG.3IMERG.20160630-S000000-E002959.0000.V07B.HDF5,2016-06-30T00:00:00,DIRECT,cloudburst-induced flood,True,0.5149999856948853,1.9149999618530273,1.9149999618530273,1.9149999618530273,1.9149999618530273,1.9149999618530273,1.9149999618530273,1.9149999618530273,DATE_ONLY,SUITABLE_RAINFALL_FLASH_FLOOD,Major,1620.0,27.9,165.0,-0.016,10500,7.8,15.2,100.0,1.98,10,Tree cover,0.7,0.15,0.03,0.12,,,,,,,,,,HISTORICAL_VINTAGE_UNAVAILABLE,,,,,,,UNAVAILABLE
FL-UK-2016-01,2016-07-01,2016-07-01T00:00:00,29.849998474121094,80.25,4.480000019073486,8.960000038146973,GPM_3IMERGHH_07,V07B,3B-HHR.MS.MRG.3IMERG.20160701-S000000-E002959.0000.V07B.HDF5,2016-07-01T00:00:00,DIRECT,cloudburst-induced flood,True,4.480000019073486,4.995000004768372,6.394999980926514,6.394999980926514,6.394999980926514,6.394999980926514,6.394999980926514,6.394999980926514,DATE_ONLY,SUITABLE_RAINFALL_FLASH_FLOOD,Major,1620.0,27.9,165.0,-0.016,10500,7.8,15.2,100.0,1.98,10,Tree cover,0.7,0.15,0.03,0.12,,,,,,,,,,HISTORICAL_VINTAGE_UNAVAILABLE,,,,,,,UNAVAILABLE
FL-UK-2016-01,2016-07-01,2016-07-02T00:00:00,29.849998474121094,80.25,0.9350000023841858,1.8700000047683716,GPM_3IMERGHH_07,V07B,3B-HHR.MS.MRG.3IMERG.20160702-S000000-E002959.0000.V07B.HDF5,2016-07-02T00:00:00,DIRECT,cloudburst-induced flood,True,0.9350000023841858,5.415000021457672,7.3299999833106995,7.3299999833106995,7.3299999833106995,7.3299999833106995,7.3299999833106995,7.3299999833106995,DATE_ONLY,SUITABLE_RAINFALL_FLASH_FLOOD,Major,1620.0,27.9,165.0,-0.016,10500,7.8,15.2,100.0,1.98,10,Tree cover,0.7,0.15,0.03,0.12,,,,,,,,,,HISTORICAL_VINTAGE_UNAVAILABLE,,,,,,,UNAVAILABLE
FL-UK-2016-01,2016-07-01,2016-07-03T00:00:00,29.849998474121094,80.25,0.14000000059604645,0.2800000011920929,GPM_3IMERGHH_07,V07B,3B-HHR.MS.MRG.3IMERG.20160703-S000000-E002959.0000.V07B.HDF5,2016-07-03T00:00:00,DIRECT,cloudburst-induced flood,True,0.14000000059604645,1.0750000029802322,7.469999983906746,7.469999983906746,7.469999983906746,7.469999983906746,7.469999983906746,7.469999983906746,DATE_ONLY,SUITABLE_RAINFALL_FLASH_FLOOD,Major,1620.0,27.9,165.0,-0.016,10500,7.8,15.2,100.0,1.98,10,Tree cover,0.7,0.15,0.03,0.12,,,,,,,,,,HISTORICAL_VINTAGE_UNAVAILABLE,,,,,,,UNAVAILABLE
FL-UK-2016-01,2016-07-01,2016-06-28T00:00:00,29.849998474121094,80.3499984741211,0.11499999463558197,0.22999998927116394,GPM_3IMERGHH_07,V07B,3B-HHR.MS.MRG.3IMERG.20160628-S000000-E002959.0000.V07B.HDF5,2016-06-28T00:00:00,DIRECT,cloudburst-induced flood,True,0.11499999463558197,0.11499999463558197,0.11499999463558197,0.11499999463558197,0.11499999463558197,0.11499999463558197,0.11499999463558197,0.11499999463558197,DATE_ONLY,SUITABLE_RAINFALL_FLASH_FLOOD,Major,1620.0,27.9,165.0,-0.016,10500,7.8,15.2,100.0,1.98,10,Tree cover,0.7,0.15,0.03,0.12,,,,,,,,,,HISTORICAL_VINTAGE_UNAVAILABLE,,,,,,,UNAVAILABLE
FL-UK-2016-01,2016-07-01,2016-06-29T00:00:00,29.849998474121094,80.3499984741211,1.159999966621399,2.319999933242798,GPM_3IMERGHH_07,V07B,3B-HHR.MS.MRG.3IMERG.20160629-S000000-E002959.0000.V07B.HDF5,2016-06-29T00:00:00,DIRECT,cloudburst-induced flood,True,1.159999966621399,1.274999961256981,1.274999961256981,1.274999961256981,1.274999961256981,1.274999961256981,1.274999961256981,1.274999961256981,DATE_ONLY,SUITABLE_RAINFALL_FLASH_FLOOD,Major,1620.0,27.9,165.0,-0.016,10500,7.8,15.2,100.0,1.98,10,Tree cover,0.7,0.15,0.03,0.12,,,,,,,,,,HISTORICAL_VINTAGE_UNAVAILABLE,,,,,,,UNAVAILABLE
FL-UK-2016-01,2016-07-01,2016-06-30T00:00:00,29.849998474121094,80.3499984741211,0.8949999809265137,1.7899999618530273,GPM_3IMERGHH_07,V07B,3B-HHR.MS.MRG.3IMERG.20160630-S000000-E002959.0000.V07B.HDF5,2016-06-30T00:00:00,DIRECT,cloudburst-induced flood,True,0.8949999809265137,2.0549999475479126,2.1699999421834946,2.1699999421834946,2.1699999421834946,2.1699999421834946,2.1699999421834946,2.1699999421834946,DATE_ONLY,SUITABLE_RAINFALL_FLASH_FLOOD,Major,1620.0,27.9,165.0,-0.016,10500,7.8,15.2,100.0,1.98,10,Tree cover,0.7,0.15,0.03,0.12,,,,,,,,,,HISTORICAL_VINTAGE_UNAVAILABLE,,,,,,,UNAVAILABLE
FL-UK-2016-01,2016-07-01,2016-07-01T00:00:00,29.849998474121094,80.3499984741211,7.899999618530273,15.799999237060547,GPM_3IMERGHH_07,V07B,3B-HHR.MS.MRG.3IMERG.20160701-S000000-E002959.0000.V07B.HDF5,2016-07-01T00:00:00,DIRECT,cloudburst-induced flood,True,7.899999618530273,8.794999599456787,10.069999560713768,10.069999560713768,10.069999560713768,10.069999560713768,10.069999560713768,10.069999560713768,DATE_ONLY,SUITABLE_RAINFALL_FLASH_FLOOD,Major,1620.0,27.9,165.0,-0.016,10500,7.8,15.2,100.0,1.98,10,Tree cover,0.7,0.15,0.03,0.12,,,,,,,,,,HISTORICAL_VINTAGE_UNAVAILABLE,,,,,,,UNAVAILABLE
FL-UK-2016-01,2016-07-01,2016-07-02T00:00:00,29.849998474121094,80.3499984741211,0.8399999737739563,1.6799999475479126,GPM_3IMERGHH_07,V07B,3B-HHR.MS.MRG.3IMERG.20160702-S000000-E002959.0000.V07B.HDF5,2016-07-02T00:00:00,DIRECT,cloudburst-induced flood,True,0.8399999737739563,8.73999959230423,10.909999534487724,10.909999534487724,10.909999534487724,10.909999534487724,10.909999534487724,10.909999534487724,DATE_ONLY,SUITABLE_RAINFALL_FLASH_FLOOD,Major,1620.0,27.9,165.0,-0.016,10500,7.8,15.2,100.0,1.98,10,Tree cover,0.7,0.15,0.03,0.12,,,,,,,,,,HISTORICAL_VINTAGE_UNAVAILABLE,,,,,,,UNAVAILABLE
FL-UK-2016-01,2016-07-01,2016-07-03T00:00:00,29.849998474121094,80.3499984741211,0.0,0.0,GPM_3IMERGHH_07,V07B,3B-HHR.MS.MRG.3IMERG.20160703-S000000-E002959.0000.V07B.HDF5,2016-07-03T00:00:00,DIRECT,cloudburst-induced flood,True,0.0,0.8399999737739563,10.909999534487724,10.909999534487724,10.909999534487724,10.909999534487724,10.909999534487724,10.909999534487724,DATE_ONLY,SUITABLE_RAINFALL_FLASH_FLOOD,Major,1620.0,27.9,165.0,-0.016,10500,7.8,15.2,100.0,1.98,10,Tree cover,0.7,0.15,0.03,0.12,,,,,,,,,,HISTORICAL_VINTAGE_UNAVAILABLE,,,,,,,UNAVAILABLE
FL-UK-2016-01,2016-07-01,2016-06-28T00:00:00,29.94999885559082,80.1500015258789,0.0,0.0,GPM_3IMERGHH_07,V07B,3B-HHR.MS.MRG.3IMERG.20160628-S000000-E002959.0000.V07B.HDF5,2016-06-28T00:00:00,DIRECT,cloudburst-induced flood,True,0.0,0.0,0.0,0.0,0.0,0.0,0.0,0.0,DATE_ONLY,SUITABLE_RAINFALL_FLASH_FLOOD,Major,1620.0,27.9,165.0,-0.016,10500,7.8,15.2,100.0,1.98,10,Tree cover,0.7,0.15,0.03,0.12,,,,,,,,,,HISTORICAL_VINTAGE_UNAVAILABLE,,,,,,,UNAVAILABLE
FL-UK-2016-01,2016-07-01,2016-06-29T00:00:00,29.94999885559082,80.1500015258789,4.355000019073486,8.710000038146973,GPM_3IMERGHH_07,V07B,3B-HHR.MS.MRG.3IMERG.20160629-S000000-E002959.0000.V07B.HDF5,2016-06-29T00:00:00,DIRECT,cloudburst-induced flood,True,4.355000019073486,4.355000019073486,4.355000019073486,4.355000019073486,4.355000019073486,4.355000019073486,4.355000019073486,4.355000019073486,DATE_ONLY,SUITABLE_RAINFALL_FLASH_FLOOD,Major,1620.0,27.9,165.0,-0.016,10500,7.8,15.2,100.0,1.98,10,Tree cover,0.7,0.15,0.03,0.12,,,,,,,,,,HISTORICAL_VINTAGE_UNAVAILABLE,,,,,,,UNAVAILABLE
FL-UK-2016-01,2016-07-01,2016-06-30T00:00:00,29.94999885559082,80.1500015258789,0.11999999731779099,0.23999999463558197,GPM_3IMERGHH_07,V07B,3B-HHR.MS.MRG.3IMERG.20160630-S000000-E002959.0000.V07B.HDF5,2016-06-30T00:00:00,DIRECT,cloudburst-induced flood,True,0.11999999731779099,4.475000016391277,4.475000016391277,4.475000016391277,4.475000016391277,4.475000016391277,4.475000016391277,4.475000016391277,DATE_ONLY,SUITABLE_RAINFALL_FLASH_FLOOD,Major,1620.0,27.9,165.0,-0.016,10500,7.8,15.2,100.0,1.98,10,Tree cover,0.7,0.15,0.03,0.12,,,,,,,,,,HISTORICAL_VINTAGE_UNAVAILABLE,,,,,,,UNAVAILABLE
FL-UK-2016-01,2016-07-01,2016-07-01T00:00:00,29.94999885559082,80.1500015258789,3.7149999141693115,7.429999828338623,GPM_3IMERGHH_07,V07B,3B-HHR.MS.MRG.3IMERG.20160701-S000000-E002959.0000.V07B.HDF5,2016-07-01T00:00:00,DIRECT,cloudburst-induced flood,True,3.7149999141693115,3.8349999114871025,8.189999930560589,8.189999930560589,8.189999930560589,8.189999930560589,8.189999930560589,8.189999930560589,DATE_ONLY,SUITABLE_RAINFALL_FLASH_FLOOD,Major,1620.0,27.9,165.0,-0.016,10500,7.8,15.2,100.0,1.98,10,Tree cover,0.7,0.15,0.03,0.12,,,,,,,,,,HISTORICAL_VINTAGE_UNAVAILABLE,,,,,,,UNAVAILABLE
FL-UK-2016-01,2016-07-01,2016-07-02T00:00:00,29.94999885559082,80.1500015258789,0.3499999940395355,0.699999988079071,GPM_3IMERGHH_07,V07B,3B-HHR.MS.MRG.3IMERG.20160702-S000000-E002959.0000.V07B.HDF5,2016-07-02T00:00:00,DIRECT,cloudburst-induced flood,True,0.3499999940395355,4.064999908208847,8.539999924600124,8.539999924600124,8.539999924600124,8.539999924600124,8.539999924600124,8.539999924600124,DATE_ONLY,SUITABLE_RAINFALL_FLASH_FLOOD,Major,1620.0,27.9,165.0,-0.016,10500,7.8,15.2,100.0,1.98,10,Tree cover,0.7,0.15,0.03,0.12,,,,,,,,,,HISTORICAL_VINTAGE_UNAVAILABLE,,,,,,,UNAVAILABLE
FL-UK-2016-01,2016-07-01,2016-07-03T00:00:00,29.94999885559082,80.1500015258789,0.06499999761581421,0.12999999523162842,GPM_3IMERGHH_07,V07B,3B-HHR.MS.MRG.3IMERG.20160703-S000000-E002959.0000.V07B.HDF5,2016-07-03T00:00:00,DIRECT,cloudburst-induced flood,True,0.06499999761581421,0.41499999165534973,8.604999922215939,8.604999922215939,8.604999922215939,8.604999922215939,8.604999922215939,8.604999922215939,DATE_ONLY,SUITABLE_RAINFALL_FLASH_FLOOD,Major,1620.0,27.9,165.0,-0.016,10500,7.8,15.2,100.0,1.98,10,Tree cover,0.7,0.15,0.03,0.12,,,,,,,,,,HISTORICAL_VINTAGE_UNAVAILABLE,,,,,,,UNAVAILABLE
FL-UK-2016-01,2016-07-01,2016-06-28T00:00:00,29.94999885559082,80.25,0.0,0.0,GPM_3IMERGHH_07,V07B,3B-HHR.MS.MRG.3IMERG.20160628-S000000-E002959.0000.V07B.HDF5,2016-06-28T00:00:00,DIRECT,cloudburst-induced flood,True,0.0,0.0,0.0,0.0,0.0,0.0,0.0,0.0,DATE_ONLY,SUITABLE_RAINFALL_FLASH_FLOOD,Major,1620.0,27.9,165.0,-0.016,10500,7.8,15.2,100.0,1.98,10,Tree cover,0.7,0.15,0.03,0.12,,,,,,,,,,HISTORICAL_VINTAGE_UNAVAILABLE,,,,,,,UNAVAILABLE
FL-UK-2016-01,2016-07-01,2016-06-29T00:00:00,29.94999885559082,80.25,4.569999694824219,9.139999389648438,GPM_3IMERGHH_07,V07B,3B-HHR.MS.MRG.3IMERG.20160629-S000000-E002959.0000.V07B.HDF5,2016-06-29T00:00:00,DIRECT,cloudburst-induced flood,True,4.569999694824219,4.569999694824219,4.569999694824219,4.569999694824219,4.569999694824219,4.569999694824219,4.569999694824219,4.569999694824219,DATE_ONLY,SUITABLE_RAINFALL_FLASH_FLOOD,Major,1620.0,27.9,165.0,-0.016,10500,7.8,15.2,100.0,1.98,10,Tree cover,0.7,0.15,0.03,0.12,,,,,,,,,,HISTORICAL_VINTAGE_UNAVAILABLE,,,,,,,UNAVAILABLE
FL-UK-2016-01,2016-07-01,2016-06-30T00:00:00,29.94999885559082,80.25,0.0,0.0,GPM_3IMERGHH_07,V07B,3B-HHR.MS.MRG.3IMERG.20160630-S000000-E002959.0000.V07B.HDF5,2016-06-30T00:00:00,DIRECT,cloudburst-induced flood,True,0.0,4.569999694824219,4.569999694824219,4.569999694824219,4.569999694824219,4.569999694824219,4.569999694824219,4.569999694824219,DATE_ONLY,SUITABLE_RAINFALL_FLASH_FLOOD,Major,1620.0,27.9,165.0,-0.016,10500,7.8,15.2,100.0,1.98,10,Tree cover,0.7,0.15,0.03,0.12,,,,,,,,,,HISTORICAL_VINTAGE_UNAVAILABLE,,,,,,,UNAVAILABLE
FL-UK-2016-01,2016-07-01,2016-07-01T00:00:00,29.94999885559082,80.25,3.4649999141693115,6.929999828338623,GPM_3IMERGHH_07,V07B,3B-HHR.MS.MRG.3IMERG.20160701-S000000-E002959.0000.V07B.HDF5,2016-07-01T00:00:00,DIRECT,cloudburst-induced flood,True,3.4649999141693115,3.4649999141693115,8.03499960899353,8.03499960899353,8.03499960899353,8.03499960899353,8.03499960899353,8.03499960899353,DATE_ONLY,SUITABLE_RAINFALL_FLASH_FLOOD,Major,1620.0,27.9,165.0,-0.016,10500,7.8,15.2,100.0,1.98,10,Tree cover,0.7,0.15,0.03,0.12,,,,,,,,,,HISTORICAL_VINTAGE_UNAVAILABLE,,,,,,,UNAVAILABLE
FL-UK-2016-01,2016-07-01,2016-07-02T00:00:00,29.94999885559082,80.25,0.4599999785423279,0.9199999570846558,GPM_3IMERGHH_07,V07B,3B-HHR.MS.MRG.3IMERG.20160702-S000000-E002959.0000.V07B.HDF5,2016-07-02T00:00:00,DIRECT,cloudburst-induced flood,True,0.4599999785423279,3.9249998927116394,8.494999587535858,8.494999587535858,8.494999587535858,8.494999587535858,8.494999587535858,8.494999587535858,DATE_ONLY,SUITABLE_RAINFALL_FLASH_FLOOD,Major,1620.0,27.9,165.0,-0.016,10500,7.8,15.2,100.0,1.98,10,Tree cover,0.7,0.15,0.03,0.12,,,,,,,,,,HISTORICAL_VINTAGE_UNAVAILABLE,,,,,,,UNAVAILABLE
FL-UK-2016-01,2016-07-01,2016-07-03T00:00:00,29.94999885559082,80.25,0.08999999612569809,0.17999999225139618,GPM_3IMERGHH_07,V07B,3B-HHR.MS.MRG.3IMERG.20160703-S000000-E002959.0000.V07B.HDF5,2016-07-03T00:00:00,DIRECT,cloudburst-induced flood,True,0.08999999612569809,0.549999974668026,8.584999583661556,8.584999583661556,8.584999583661556,8.584999583661556,8.584999583661556,8.584999583661556,DATE_ONLY,SUITABLE_RAINFALL_FLASH_FLOOD,Major,1620.0,27.9,165.0,-0.016,10500,7.8,15.2,100.0,1.98,10,Tree cover,0.7,0.15,0.03,0.12,,,,,,,,,,HISTORICAL_VINTAGE_UNAVAILABLE,,,,,,,UNAVAILABLE
FL-UK-2016-01,2016-07-01,2016-06-28T00:00:00,29.94999885559082,80.3499984741211,0.10999999940395355,0.2199999988079071,GPM_3IMERGHH_07,V07B,3B-HHR.MS.MRG.3IMERG.20160628-S000000-E002959.0000.V07B.HDF5,2016-06-28T00:00:00,DIRECT,cloudburst-induced flood,True,0.10999999940395355,0.10999999940395355,0.10999999940395355,0.10999999940395355,0.10999999940395355,0.10999999940395355,0.10999999940395355,0.10999999940395355,DATE_ONLY,SUITABLE_RAINFALL_FLASH_FLOOD,Major,1620.0,27.9,165.0,-0.016,10500,7.8,15.2,100.0,1.98,10,Tree cover,0.7,0.15,0.03,0.12,,,,,,,,,,HISTORICAL_VINTAGE_UNAVAILABLE,,,,,,,UNAVAILABLE
FL-UK-2016-01,2016-07-01,2016-06-29T00:00:00,29.94999885559082,80.3499984741211,2.4600000381469727,4.920000076293945,GPM_3IMERGHH_07,V07B,3B-HHR.MS.MRG.3IMERG.20160629-S000000-E002959.0000.V07B.HDF5,2016-06-29T00:00:00,DIRECT,cloudburst-induced flood,True,2.4600000381469727,2.570000037550926,2.570000037550926,2.570000037550926,2.570000037550926,2.570000037550926,2.570000037550926,2.570000037550926,DATE_ONLY,SUITABLE_RAINFALL_FLASH_FLOOD,Major,1620.0,27.9,165.0,-0.016,10500,7.8,15.2,100.0,1.98,10,Tree cover,0.7,0.15,0.03,0.12,,,,,,,,,,HISTORICAL_VINTAGE_UNAVAILABLE,,,,,,,UNAVAILABLE
FL-UK-2016-01,2016-07-01,2016-06-30T00:00:00,29.94999885559082,80.3499984741211,0.5899999737739563,1.1799999475479126,GPM_3IMERGHH_07,V07B,3B-HHR.MS.MRG.3IMERG.20160630-S000000-E002959.0000.V07B.HDF5,2016-06-30T00:00:00,DIRECT,cloudburst-induced flood,True,0.5899999737739563,3.050000011920929,3.1600000113248825,3.1600000113248825,3.1600000113248825,3.1600000113248825,3.1600000113248825,3.1600000113248825,DATE_ONLY,SUITABLE_RAINFALL_FLASH_FLOOD,Major,1620.0,27.9,165.0,-0.016,10500,7.8,15.2,100.0,1.98,10,Tree cover,0.7,0.15,0.03,0.12,,,,,,,,,,HISTORICAL_VINTAGE_UNAVAILABLE,,,,,,,UNAVAILABLE
FL-UK-2016-01,2016-07-01,2016-07-01T00:00:00,29.94999885559082,80.3499984741211,3.309999942779541,6.619999885559082,GPM_3IMERGHH_07,V07B,3B-HHR.MS.MRG.3IMERG.20160701-S000000-E002959.0000.V07B.HDF5,2016-07-01T00:00:00,DIRECT,cloudburst-induced flood,True,3.309999942779541,3.8999999165534973,6.4699999541044235,6.4699999541044235,6.4699999541044235,6.4699999541044235,6.4699999541044235,6.4699999541044235,DATE_ONLY,SUITABLE_RAINFALL_FLASH_FLOOD,Major,1620.0,27.9,165.0,-0.016,10500,7.8,15.2,100.0,1.98,10,Tree cover,0.7,0.15,0.03,0.12,,,,,,,,,,HISTORICAL_VINTAGE_UNAVAILABLE,,,,,,,UNAVAILABLE
FL-UK-2016-01,2016-07-01,2016-07-02T00:00:00,29.94999885559082,80.3499984741211,0.4599999785423279,0.9199999570846558,GPM_3IMERGHH_07,V07B,3B-HHR.MS.MRG.3IMERG.20160702-S000000-E002959.0000.V07B.HDF5,2016-07-02T00:00:00,DIRECT,cloudburst-induced flood,True,0.4599999785423279,3.769999921321869,6.929999932646751,6.929999932646751,6.929999932646751,6.929999932646751,6.929999932646751,6.929999932646751,DATE_ONLY,SUITABLE_RAINFALL_FLASH_FLOOD,Major,1620.0,27.9,165.0,-0.016,10500,7.8,15.2,100.0,1.98,10,Tree cover,0.7,0.15,0.03,0.12,,,,,,,,,,HISTORICAL_VINTAGE_UNAVAILABLE,,,,,,,UNAVAILABLE
FL-UK-2016-01,2016-07-01,2016-07-03T00:00:00,29.94999885559082,80.3499984741211,0.22999998927116394,0.4599999785423279,GPM_3IMERGHH_07,V07B,3B-HHR.MS.MRG.3IMERG.20160703-S000000-E002959.0000.V07B.HDF5,2016-07-03T00:00:00,DIRECT,cloudburst-induced flood,True,0.22999998927116394,0.6899999678134918,7.159999921917915,7.159999921917915,7.159999921917915,7.159999921917915,7.159999921917915,7.159999921917915,DATE_ONLY,SUITABLE_RAINFALL_FLASH_FLOOD,Major,1620.0,27.9,165.0,-0.016,10500,7.8,15.2,100.0,1.98,10,Tree cover,0.7,0.15,0.03,0.12,,,,,,,,,,HISTORICAL_VINTAGE_UNAVAILABLE,,,,,,,UNAVAILABLE
FL-UK-2019-01,2019-08-18,2019-08-15T00:00:00,30.94999885559082,77.75,0.0,0.0,GPM_3IMERGHH_07,V07B,3B-HHR.MS.MRG.3IMERG.20190815-S000000-E002959.0000.V07B.HDF5,2019-08-15T00:00:00,DERIVED,cloudburst-induced flood,True,0.0,0.0,0.0,0.0,0.0,0.0,0.0,0.0,DATE_ONLY,SUITABLE_RAINFALL_FLASH_FLOOD,Major,1890.0,30.1,205.0,-0.019,7900,7.1,16.2,80.0,2.15,10,Tree cover,0.62,0.18,0.04,0.16,,,,,,,,,,HISTORICAL_VINTAGE_UNAVAILABLE,,,,,,,UNAVAILABLE
FL-UK-2019-01,2019-08-18,2019-08-16T00:00:00,30.94999885559082,77.75,0.0,0.0,GPM_3IMERGHH_07,V07B,3B-HHR.MS.MRG.3IMERG.20190816-S000000-E002959.0000.V07B.HDF5,2019-08-16T00:00:00,DERIVED,cloudburst-induced flood,True,0.0,0.0,0.0,0.0,0.0,0.0,0.0,0.0,DATE_ONLY,SUITABLE_RAINFALL_FLASH_FLOOD,Major,1890.0,30.1,205.0,-0.019,7900,7.1,16.2,80.0,2.15,10,Tree cover,0.62,0.18,0.04,0.16,,,,,,,,,,HISTORICAL_VINTAGE_UNAVAILABLE,,,,,,,UNAVAILABLE
FL-UK-2019-01,2019-08-18,2019-08-17T00:00:00,30.94999885559082,77.75,0.0,0.0,GPM_3IMERGHH_07,V07B,3B-HHR.MS.MRG.3IMERG.20190817-S000000-E002959.0000.V07B.HDF5,2019-08-17T00:00:00,DERIVED,cloudburst-induced flood,True,0.0,0.0,0.0,0.0,0.0,0.0,0.0,0.0,DATE_ONLY,SUITABLE_RAINFALL_FLASH_FLOOD,Major,1890.0,30.1,205.0,-0.019,7900,7.1,16.2,80.0,2.15,10,Tree cover,0.62,0.18,0.04,0.16,,,,,,,,,,HISTORICAL_VINTAGE_UNAVAILABLE,,,,,,,UNAVAILABLE
FL-UK-2019-01,2019-08-18,2019-08-18T00:00:00,30.94999885559082,77.75,19.104999542236328,38.209999084472656,GPM_3IMERGHH_07,V07B,3B-HHR.MS.MRG.3IMERG.20190818-S000000-E002959.0000.V07B.HDF5,2019-08-18T00:00:00,DERIVED,cloudburst-induced flood,True,19.104999542236328,19.104999542236328,19.104999542236328,19.104999542236328,19.104999542236328,19.104999542236328,19.104999542236328,19.104999542236328,DATE_ONLY,SUITABLE_RAINFALL_FLASH_FLOOD,Major,1890.0,30.1,205.0,-0.019,7900,7.1,16.2,80.0,2.15,10,Tree cover,0.62,0.18,0.04,0.16,,,,,,,,,,HISTORICAL_VINTAGE_UNAVAILABLE,,,,,,,UNAVAILABLE
FL-UK-2019-01,2019-08-18,2019-08-19T00:00:00,30.94999885559082,77.75,0.0,0.0,GPM_3IMERGHH_07,V07B,3B-HHR.MS.MRG.3IMERG.20190819-S000000-E002959.0000.V07B.HDF5,2019-08-19T00:00:00,DERIVED,cloudburst-induced flood,True,0.0,19.104999542236328,19.104999542236328,19.104999542236328,19.104999542236328,19.104999542236328,19.104999542236328,19.104999542236328,DATE_ONLY,SUITABLE_RAINFALL_FLASH_FLOOD,Major,1890.0,30.1,205.0,-0.019,7900,7.1,16.2,80.0,2.15,10,Tree cover,0.62,0.18,0.04,0.16,,,,,,,,,,HISTORICAL_VINTAGE_UNAVAILABLE,,,,,,,UNAVAILABLE
FL-UK-2019-01,2019-08-18,2019-08-20T00:00:00,30.94999885559082,77.75,0.0,0.0,GPM_3IMERGHH_07,V07B,3B-HHR.MS.MRG.3IMERG.20190820-S000000-E002959.0000.V07B.HDF5,2019-08-20T00:00:00,DERIVED,cloudburst-induced flood,True,0.0,0.0,19.104999542236328,19.104999542236328,19.104999542236328,19.104999542236328,19.104999542236328,19.104999542236328,DATE_ONLY,SUITABLE_RAINFALL_FLASH_FLOOD,Major,1890.0,30.1,205.0,-0.019,7900,7.1,16.2,80.0,2.15,10,Tree cover,0.62,0.18,0.04,0.16,,,,,,,,,,HISTORICAL_VINTAGE_UNAVAILABLE,,,,,,,UNAVAILABLE
FL-UK-2019-01,2019-08-18,2019-08-15T00:00:00,30.94999885559082,77.8499984741211,0.0,0.0,GPM_3IMERGHH_07,V07B,3B-HHR.MS.MRG.3IMERG.20190815-S000000-E002959.0000.V07B.HDF5,2019-08-15T00:00:00,DERIVED,cloudburst-induced flood,True,0.0,0.0,0.0,0.0,0.0,0.0,0.0,0.0,DATE_ONLY,SUITABLE_RAINFALL_FLASH_FLOOD,Major,1890.0,30.1,205.0,-0.019,7900,7.1,16.2,80.0,2.15,10,Tree cover,0.62,0.18,0.04,0.16,,,,,,,,,,HISTORICAL_VINTAGE_UNAVAILABLE,,,,,,,UNAVAILABLE
FL-UK-2019-01,2019-08-18,2019-08-16T00:00:00,30.94999885559082,77.8499984741211,0.0,0.0,GPM_3IMERGHH_07,V07B,3B-HHR.MS.MRG.3IMERG.20190816-S000000-E002959.0000.V07B.HDF5,2019-08-16T00:00:00,DERIVED,cloudburst-induced flood,True,0.0,0.0,0.0,0.0,0.0,0.0,0.0,0.0,DATE_ONLY,SUITABLE_RAINFALL_FLASH_FLOOD,Major,1890.0,30.1,205.0,-0.019,7900,7.1,16.2,80.0,2.15,10,Tree cover,0.62,0.18,0.04,0.16,,,,,,,,,,HISTORICAL_VINTAGE_UNAVAILABLE,,,,,,,UNAVAILABLE
FL-UK-2019-01,2019-08-18,2019-08-17T00:00:00,30.94999885559082,77.8499984741211,0.0,0.0,GPM_3IMERGHH_07,V07B,3B-HHR.MS.MRG.3IMERG.20190817-S000000-E002959.0000.V07B.HDF5,2019-08-17T00:00:00,DERIVED,cloudburst-induced flood,True,0.0,0.0,0.0,0.0,0.0,0.0,0.0,0.0,DATE_ONLY,SUITABLE_RAINFALL_FLASH_FLOOD,Major,1890.0,30.1,205.0,-0.019,7900,7.1,16.2,80.0,2.15,10,Tree cover,0.62,0.18,0.04,0.16,,,,,,,,,,HISTORICAL_VINTAGE_UNAVAILABLE,,,,,,,UNAVAILABLE
FL-UK-2019-01,2019-08-18,2019-08-18T00:00:00,30.94999885559082,77.8499984741211,2.3399999141693115,4.679999828338623,GPM_3IMERGHH_07,V07B,3B-HHR.MS.MRG.3IMERG.20190818-S000000-E002959.0000.V07B.HDF5,2019-08-18T00:00:00,DERIVED,cloudburst-induced flood,True,2.3399999141693115,2.3399999141693115,2.3399999141693115,2.3399999141693115,2.3399999141693115,2.3399999141693115,2.3399999141693115,2.3399999141693115,DATE_ONLY,SUITABLE_RAINFALL_FLASH_FLOOD,Major,1890.0,30.1,205.0,-0.019,7900,7.1,16.2,80.0,2.15,10,Tree cover,0.62,0.18,0.04,0.16,,,,,,,,,,HISTORICAL_VINTAGE_UNAVAILABLE,,,,,,,UNAVAILABLE
FL-UK-2019-01,2019-08-18,2019-08-19T00:00:00,30.94999885559082,77.8499984741211,0.0,0.0,GPM_3IMERGHH_07,V07B,3B-HHR.MS.MRG.3IMERG.20190819-S000000-E002959.0000.V07B.HDF5,2019-08-19T00:00:00,DERIVED,cloudburst-induced flood,True,0.0,2.3399999141693115,2.3399999141693115,2.3399999141693115,2.3399999141693115,2.3399999141693115,2.3399999141693115,2.3399999141693115,DATE_ONLY,SUITABLE_RAINFALL_FLASH_FLOOD,Major,1890.0,30.1,205.0,-0.019,7900,7.1,16.2,80.0,2.15,10,Tree cover,0.62,0.18,0.04,0.16,,,,,,,,,,HISTORICAL_VINTAGE_UNAVAILABLE,,,,,,,UNAVAILABLE
FL-UK-2019-01,2019-08-18,2019-08-20T00:00:00,30.94999885559082,77.8499984741211,0.0,0.0,GPM_3IMERGHH_07,V07B,3B-HHR.MS.MRG.3IMERG.20190820-S000000-E002959.0000.V07B.HDF5,2019-08-20T00:00:00,DERIVED,cloudburst-induced flood,True,0.0,0.0,2.3399999141693115,2.3399999141693115,2.3399999141693115,2.3399999141693115,2.3399999141693115,2.3399999141693115,DATE_ONLY,SUITABLE_RAINFALL_FLASH_FLOOD,Major,1890.0,30.1,205.0,-0.019,7900,7.1,16.2,80.0,2.15,10,Tree cover,0.62,0.18,0.04,0.16,,,,,,,,,,HISTORICAL_VINTAGE_UNAVAILABLE,,,,,,,UNAVAILABLE
FL-UK-2019-01,2019-08-18,2019-08-15T00:00:00,30.94999885559082,77.94999694824219,0.0,0.0,GPM_3IMERGHH_07,V07B,3B-HHR.MS.MRG.3IMERG.20190815-S000000-E002959.0000.V07B.HDF5,2019-08-15T00:00:00,DERIVED,cloudburst-induced flood,True,0.0,0.0,0.0,0.0,0.0,0.0,0.0,0.0,DATE_ONLY,SUITABLE_RAINFALL_FLASH_FLOOD,Major,1890.0,30.1,205.0,-0.019,7900,7.1,16.2,80.0,2.15,10,Tree cover,0.62,0.18,0.04,0.16,,,,,,,,,,HISTORICAL_VINTAGE_UNAVAILABLE,,,,,,,UNAVAILABLE
FL-UK-2019-01,2019-08-18,2019-08-16T00:00:00,30.94999885559082,77.94999694824219,0.10499999672174454,0.20999999344348907,GPM_3IMERGHH_07,V07B,3B-HHR.MS.MRG.3IMERG.20190816-S000000-E002959.0000.V07B.HDF5,2019-08-16T00:00:00,DERIVED,cloudburst-induced flood,True,0.10499999672174454,0.10499999672174454,0.10499999672174454,0.10499999672174454,0.10499999672174454,0.10499999672174454,0.10499999672174454,0.10499999672174454,DATE_ONLY,SUITABLE_RAINFALL_FLASH_FLOOD,Major,1890.0,30.1,205.0,-0.019,7900,7.1,16.2,80.0,2.15,10,Tree cover,0.62,0.18,0.04,0.16,,,,,,,,,,HISTORICAL_VINTAGE_UNAVAILABLE,,,,,,,UNAVAILABLE
FL-UK-2019-01,2019-08-18,2019-08-17T00:00:00,30.94999885559082,77.94999694824219,0.0,0.0,GPM_3IMERGHH_07,V07B,3B-HHR.MS.MRG.3IMERG.20190817-S000000-E002959.0000.V07B.HDF5,2019-08-17T00:00:00,DERIVED,cloudburst-induced flood,True,0.0,0.10499999672174454,0.10499999672174454,0.10499999672174454,0.10499999672174454,0.10499999672174454,0.10499999672174454,0.10499999672174454,DATE_ONLY,SUITABLE_RAINFALL_FLASH_FLOOD,Major,1890.0,30.1,205.0,-0.019,7900,7.1,16.2,80.0,2.15,10,Tree cover,0.62,0.18,0.04,0.16,,,,,,,,,,HISTORICAL_VINTAGE_UNAVAILABLE,,,,,,,UNAVAILABLE
FL-UK-2019-01,2019-08-18,2019-08-18T00:00:00,30.94999885559082,77.94999694824219,2.1050000190734863,4.210000038146973,GPM_3IMERGHH_07,V07B,3B-HHR.MS.MRG.3IMERG.20190818-S000000-E002959.0000.V07B.HDF5,2019-08-18T00:00:00,DERIVED,cloudburst-induced flood,True,2.1050000190734863,2.1050000190734863,2.210000015795231,2.210000015795231,2.210000015795231,2.210000015795231,2.210000015795231,2.210000015795231,DATE_ONLY,SUITABLE_RAINFALL_FLASH_FLOOD,Major,1890.0,30.1,205.0,-0.019,7900,7.1,16.2,80.0,2.15,10,Tree cover,0.62,0.18,0.04,0.16,,,,,,,,,,HISTORICAL_VINTAGE_UNAVAILABLE,,,,,,,UNAVAILABLE
FL-UK-2019-01,2019-08-18,2019-08-19T00:00:00,30.94999885559082,77.94999694824219,0.0,0.0,GPM_3IMERGHH_07,V07B,3B-HHR.MS.MRG.3IMERG.20190819-S000000-E002959.0000.V07B.HDF5,2019-08-19T00:00:00,DERIVED,cloudburst-induced flood,True,0.0,2.1050000190734863,2.210000015795231,2.210000015795231,2.210000015795231,2.210000015795231,2.210000015795231,2.210000015795231,DATE_ONLY,SUITABLE_RAINFALL_FLASH_FLOOD,Major,1890.0,30.1,205.0,-0.019,7900,7.1,16.2,80.0,2.15,10,Tree cover,0.62,0.18,0.04,0.16,,,,,,,,,,HISTORICAL_VINTAGE_UNAVAILABLE,,,,,,,UNAVAILABLE
FL-UK-2019-01,2019-08-18,2019-08-20T00:00:00,30.94999885559082,77.94999694824219,0.0,0.0,GPM_3IMERGHH_07,V07B,3B-HHR.MS.MRG.3IMERG.20190820-S000000-E002959.0000.V07B.HDF5,2019-08-20T00:00:00,DERIVED,cloudburst-induced flood,True,0.0,0.0,2.210000015795231,2.210000015795231,2.210000015795231,2.210000015795231,2.210000015795231,2.210000015795231,DATE_ONLY,SUITABLE_RAINFALL_FLASH_FLOOD,Major,1890.0,30.1,205.0,-0.019,7900,7.1,16.2,80.0,2.15,10,Tree cover,0.62,0.18,0.04,0.16,,,,,,,,,,HISTORICAL_VINTAGE_UNAVAILABLE,,,,,,,UNAVAILABLE
FL-UK-2019-01,2019-08-18,2019-08-15T00:00:00,31.049999237060547,77.75,0.0,0.0,GPM_3IMERGHH_07,V07B,3B-HHR.MS.MRG.3IMERG.20190815-S000000-E002959.0000.V07B.HDF5,2019-08-15T00:00:00,DERIVED,cloudburst-induced flood,True,0.0,0.0,0.0,0.0,0.0,0.0,0.0,0.0,DATE_ONLY,SUITABLE_RAINFALL_FLASH_FLOOD,Major,1890.0,30.1,205.0,-0.019,7900,7.1,16.2,80.0,2.15,10,Tree cover,0.62,0.18,0.04,0.16,,,,,,,,,,HISTORICAL_VINTAGE_UNAVAILABLE,,,,,,,UNAVAILABLE
FL-UK-2019-01,2019-08-18,2019-08-16T00:00:00,31.049999237060547,77.75,0.0,0.0,GPM_3IMERGHH_07,V07B,3B-HHR.MS.MRG.3IMERG.20190816-S000000-E002959.0000.V07B.HDF5,2019-08-16T00:00:00,DERIVED,cloudburst-induced flood,True,0.0,0.0,0.0,0.0,0.0,0.0,0.0,0.0,DATE_ONLY,SUITABLE_RAINFALL_FLASH_FLOOD,Major,1890.0,30.1,205.0,-0.019,7900,7.1,16.2,80.0,2.15,10,Tree cover,0.62,0.18,0.04,0.16,,,,,,,,,,HISTORICAL_VINTAGE_UNAVAILABLE,,,,,,,UNAVAILABLE
FL-UK-2019-01,2019-08-18,2019-08-17T00:00:00,31.049999237060547,77.75,0.0,0.0,GPM_3IMERGHH_07,V07B,3B-HHR.MS.MRG.3IMERG.20190817-S000000-E002959.0000.V07B.HDF5,2019-08-17T00:00:00,DERIVED,cloudburst-induced flood,True,0.0,0.0,0.0,0.0,0.0,0.0,0.0,0.0,DATE_ONLY,SUITABLE_RAINFALL_FLASH_FLOOD,Major,1890.0,30.1,205.0,-0.019,7900,7.1,16.2,80.0,2.15,10,Tree cover,0.62,0.18,0.04,0.16,,,,,,,,,,HISTORICAL_VINTAGE_UNAVAILABLE,,,,,,,UNAVAILABLE
FL-UK-2019-01,2019-08-18,2019-08-18T00:00:00,31.049999237060547,77.75,9.574999809265137,19.149999618530273,GPM_3IMERGHH_07,V07B,3B-HHR.MS.MRG.3IMERG.20190818-S000000-E002959.0000.V07B.HDF5,2019-08-18T00:00:00,DERIVED,cloudburst-induced flood,True,9.574999809265137,9.574999809265137,9.574999809265137,9.574999809265137,9.574999809265137,9.574999809265137,9.574999809265137,9.574999809265137,DATE_ONLY,SUITABLE_RAINFALL_FLASH_FLOOD,Major,1890.0,30.1,205.0,-0.019,7900,7.1,16.2,80.0,2.15,10,Tree cover,0.62,0.18,0.04,0.16,,,,,,,,,,HISTORICAL_VINTAGE_UNAVAILABLE,,,,,,,UNAVAILABLE
FL-UK-2019-01,2019-08-18,2019-08-19T00:00:00,31.049999237060547,77.75,0.0,0.0,GPM_3IMERGHH_07,V07B,3B-HHR.MS.MRG.3IMERG.20190819-S000000-E002959.0000.V07B.HDF5,2019-08-19T00:00:00,DERIVED,cloudburst-induced flood,True,0.0,9.574999809265137,9.574999809265137,9.574999809265137,9.574999809265137,9.574999809265137,9.574999809265137,9.574999809265137,DATE_ONLY,SUITABLE_RAINFALL_FLASH_FLOOD,Major,1890.0,30.1,205.0,-0.019,7900,7.1,16.2,80.0,2.15,10,Tree cover,0.62,0.18,0.04,0.16,,,,,,,,,,HISTORICAL_VINTAGE_UNAVAILABLE,,,,,,,UNAVAILABLE
FL-UK-2019-01,2019-08-18,2019-08-20T00:00:00,31.049999237060547,77.75,0.0,0.0,GPM_3IMERGHH_07,V07B,3B-HHR.MS.MRG.3IMERG.20190820-S000000-E002959.0000.V07B.HDF5,2019-08-20T00:00:00,DERIVED,cloudburst-induced flood,True,0.0,0.0,9.574999809265137,9.574999809265137,9.574999809265137,9.574999809265137,9.574999809265137,9.574999809265137,DATE_ONLY,SUITABLE_RAINFALL_FLASH_FLOOD,Major,1890.0,30.1,205.0,-0.019,7900,7.1,16.2,80.0,2.15,10,Tree cover,0.62,0.18,0.04,0.16,,,,,,,,,,HISTORICAL_VINTAGE_UNAVAILABLE,,,,,,,UNAVAILABLE
FL-UK-2019-01,2019-08-18,2019-08-15T00:00:00,31.049999237060547,77.8499984741211,0.0,0.0,GPM_3IMERGHH_07,V07B,3B-HHR.MS.MRG.3IMERG.20190815-S000000-E002959.0000.V07B.HDF5,2019-08-15T00:00:00,DERIVED,cloudburst-induced flood,True,0.0,0.0,0.0,0.0,0.0,0.0,0.0,0.0,DATE_ONLY,SUITABLE_RAINFALL_FLASH_FLOOD,Major,1890.0,30.1,205.0,-0.019,7900,7.1,16.2,80.0,2.15,10,Tree cover,0.62,0.18,0.04,0.16,,,,,,,,,,HISTORICAL_VINTAGE_UNAVAILABLE,,,,,,,UNAVAILABLE
FL-UK-2019-01,2019-08-18,2019-08-16T00:00:00,31.049999237060547,77.8499984741211,0.0,0.0,GPM_3IMERGHH_07,V07B,3B-HHR.MS.MRG.3IMERG.20190816-S000000-E002959.0000.V07B.HDF5,2019-08-16T00:00:00,DERIVED,cloudburst-induced flood,True,0.0,0.0,0.0,0.0,0.0,0.0,0.0,0.0,DATE_ONLY,SUITABLE_RAINFALL_FLASH_FLOOD,Major,1890.0,30.1,205.0,-0.019,7900,7.1,16.2,80.0,2.15,10,Tree cover,0.62,0.18,0.04,0.16,,,,,,,,,,HISTORICAL_VINTAGE_UNAVAILABLE,,,,,,,UNAVAILABLE
FL-UK-2019-01,2019-08-18,2019-08-17T00:00:00,31.049999237060547,77.8499984741211,0.0,0.0,GPM_3IMERGHH_07,V07B,3B-HHR.MS.MRG.3IMERG.20190817-S000000-E002959.0000.V07B.HDF5,2019-08-17T00:00:00,DERIVED,cloudburst-induced flood,True,0.0,0.0,0.0,0.0,0.0,0.0,0.0,0.0,DATE_ONLY,SUITABLE_RAINFALL_FLASH_FLOOD,Major,1890.0,30.1,205.0,-0.019,7900,7.1,16.2,80.0,2.15,10,Tree cover,0.62,0.18,0.04,0.16,,,,,,,,,,HISTORICAL_VINTAGE_UNAVAILABLE,,,,,,,UNAVAILABLE
FL-UK-2019-01,2019-08-18,2019-08-18T00:00:00,31.049999237060547,77.8499984741211,9.769999504089355,19.53999900817871,GPM_3IMERGHH_07,V07B,3B-HHR.MS.MRG.3IMERG.20190818-S000000-E002959.0000.V07B.HDF5,2019-08-18T00:00:00,DERIVED,cloudburst-induced flood,True,9.769999504089355,9.769999504089355,9.769999504089355,9.769999504089355,9.769999504089355,9.769999504089355,9.769999504089355,9.769999504089355,DATE_ONLY,SUITABLE_RAINFALL_FLASH_FLOOD,Major,1890.0,30.1,205.0,-0.019,7900,7.1,16.2,80.0,2.15,10,Tree cover,0.62,0.18,0.04,0.16,,,,,,,,,,HISTORICAL_VINTAGE_UNAVAILABLE,,,,,,,UNAVAILABLE
FL-UK-2019-01,2019-08-18,2019-08-19T00:00:00,31.049999237060547,77.8499984741211,0.0,0.0,GPM_3IMERGHH_07,V07B,3B-HHR.MS.MRG.3IMERG.20190819-S000000-E002959.0000.V07B.HDF5,2019-08-19T00:00:00,DERIVED,cloudburst-induced flood,True,0.0,9.769999504089355,9.769999504089355,9.769999504089355,9.769999504089355,9.769999504089355,9.769999504089355,9.769999504089355,DATE_ONLY,SUITABLE_RAINFALL_FLASH_FLOOD,Major,1890.0,30.1,205.0,-0.019,7900,7.1,16.2,80.0,2.15,10,Tree cover,0.62,0.18,0.04,0.16,,,,,,,,,,HISTORICAL_VINTAGE_UNAVAILABLE,,,,,,,UNAVAILABLE
FL-UK-2019-01,2019-08-18,2019-08-20T00:00:00,31.049999237060547,77.8499984741211,0.0,0.0,GPM_3IMERGHH_07,V07B,3B-HHR.MS.MRG.3IMERG.20190820-S000000-E002959.0000.V07B.HDF5,2019-08-20T00:00:00,DERIVED,cloudburst-induced flood,True,0.0,0.0,9.769999504089355,9.769999504089355,9.769999504089355,9.769999504089355,9.769999504089355,9.769999504089355,DATE_ONLY,SUITABLE_RAINFALL_FLASH_FLOOD,Major,1890.0,30.1,205.0,-0.019,7900,7.1,16.2,80.0,2.15,10,Tree cover,0.62,0.18,0.04,0.16,,,,,,,,,,HISTORICAL_VINTAGE_UNAVAILABLE,,,,,,,UNAVAILABLE
FL-UK-2019-01,2019-08-18,2019-08-15T00:00:00,31.049999237060547,77.94999694824219,0.0,0.0,GPM_3IMERGHH_07,V07B,3B-HHR.MS.MRG.3IMERG.20190815-S000000-E002959.0000.V07B.HDF5,2019-08-15T00:00:00,DERIVED,cloudburst-induced flood,True,0.0,0.0,0.0,0.0,0.0,0.0,0.0,0.0,DATE_ONLY,SUITABLE_RAINFALL_FLASH_FLOOD,Major,1890.0,30.1,205.0,-0.019,7900,7.1,16.2,80.0,2.15,10,Tree cover,0.62,0.18,0.04,0.16,,,,,,,,,,HISTORICAL_VINTAGE_UNAVAILABLE,,,,,,,UNAVAILABLE
FL-UK-2019-01,2019-08-18,2019-08-16T00:00:00,31.049999237060547,77.94999694824219,0.0,0.0,GPM_3IMERGHH_07,V07B,3B-HHR.MS.MRG.3IMERG.20190816-S000000-E002959.0000.V07B.HDF5,2019-08-16T00:00:00,DERIVED,cloudburst-induced flood,True,0.0,0.0,0.0,0.0,0.0,0.0,0.0,0.0,DATE_ONLY,SUITABLE_RAINFALL_FLASH_FLOOD,Major,1890.0,30.1,205.0,-0.019,7900,7.1,16.2,80.0,2.15,10,Tree cover,0.62,0.18,0.04,0.16,,,,,,,,,,HISTORICAL_VINTAGE_UNAVAILABLE,,,,,,,UNAVAILABLE
FL-UK-2019-01,2019-08-18,2019-08-17T00:00:00,31.049999237060547,77.94999694824219,0.0,0.0,GPM_3IMERGHH_07,V07B,3B-HHR.MS.MRG.3IMERG.20190817-S000000-E002959.0000.V07B.HDF5,2019-08-17T00:00:00,DERIVED,cloudburst-induced flood,True,0.0,0.0,0.0,0.0,0.0,0.0,0.0,0.0,DATE_ONLY,SUITABLE_RAINFALL_FLASH_FLOOD,Major,1890.0,30.1,205.0,-0.019,7900,7.1,16.2,80.0,2.15,10,Tree cover,0.62,0.18,0.04,0.16,,,,,,,,,,HISTORICAL_VINTAGE_UNAVAILABLE,,,,,,,UNAVAILABLE
FL-UK-2019-01,2019-08-18,2019-08-18T00:00:00,31.049999237060547,77.94999694824219,1.1449999809265137,2.2899999618530273,GPM_3IMERGHH_07,V07B,3B-HHR.MS.MRG.3IMERG.20190818-S000000-E002959.0000.V07B.HDF5,2019-08-18T00:00:00,DERIVED,cloudburst-induced flood,True,1.1449999809265137,1.1449999809265137,1.1449999809265137,1.1449999809265137,1.1449999809265137,1.1449999809265137,1.1449999809265137,1.1449999809265137,DATE_ONLY,SUITABLE_RAINFALL_FLASH_FLOOD,Major,1890.0,30.1,205.0,-0.019,7900,7.1,16.2,80.0,2.15,10,Tree cover,0.62,0.18,0.04,0.16,,,,,,,,,,HISTORICAL_VINTAGE_UNAVAILABLE,,,,,,,UNAVAILABLE
FL-UK-2019-01,2019-08-18,2019-08-19T00:00:00,31.049999237060547,77.94999694824219,0.0,0.0,GPM_3IMERGHH_07,V07B,3B-HHR.MS.MRG.3IMERG.20190819-S000000-E002959.0000.V07B.HDF5,2019-08-19T00:00:00,DERIVED,cloudburst-induced flood,True,0.0,1.1449999809265137,1.1449999809265137,1.1449999809265137,1.1449999809265137,1.1449999809265137,1.1449999809265137,1.1449999809265137,DATE_ONLY,SUITABLE_RAINFALL_FLASH_FLOOD,Major,1890.0,30.1,205.0,-0.019,7900,7.1,16.2,80.0,2.15,10,Tree cover,0.62,0.18,0.04,0.16,,,,,,,,,,HISTORICAL_VINTAGE_UNAVAILABLE,,,,,,,UNAVAILABLE
FL-UK-2019-01,2019-08-18,2019-08-20T00:00:00,31.049999237060547,77.94999694824219,0.0,0.0,GPM_3IMERGHH_07,V07B,3B-HHR.MS.MRG.3IMERG.20190820-S000000-E002959.0000.V07B.HDF5,2019-08-20T00:00:00,DERIVED,cloudburst-induced flood,True,0.0,0.0,1.1449999809265137,1.1449999809265137,1.1449999809265137,1.1449999809265137,1.1449999809265137,1.1449999809265137,DATE_ONLY,SUITABLE_RAINFALL_FLASH_FLOOD,Major,1890.0,30.1,205.0,-0.019,7900,7.1,16.2,80.0,2.15,10,Tree cover,0.62,0.18,0.04,0.16,,,,,,,,,,HISTORICAL_VINTAGE_UNAVAILABLE,,,,,,,UNAVAILABLE
FL-UK-2019-01,2019-08-18,2019-08-15T00:00:00,31.149999618530273,77.75,0.0,0.0,GPM_3IMERGHH_07,V07B,3B-HHR.MS.MRG.3IMERG.20190815-S000000-E002959.0000.V07B.HDF5,2019-08-15T00:00:00,DERIVED,cloudburst-induced flood,True,0.0,0.0,0.0,0.0,0.0,0.0,0.0,0.0,DATE_ONLY,SUITABLE_RAINFALL_FLASH_FLOOD,Major,1890.0,30.1,205.0,-0.019,7900,7.1,16.2,80.0,2.15,10,Tree cover,0.62,0.18,0.04,0.16,,,,,,,,,,HISTORICAL_VINTAGE_UNAVAILABLE,,,,,,,UNAVAILABLE
FL-UK-2019-01,2019-08-18,2019-08-16T00:00:00,31.149999618530273,77.75,0.0,0.0,GPM_3IMERGHH_07,V07B,3B-HHR.MS.MRG.3IMERG.20190816-S000000-E002959.0000.V07B.HDF5,2019-08-16T00:00:00,DERIVED,cloudburst-induced flood,True,0.0,0.0,0.0,0.0,0.0,0.0,0.0,0.0,DATE_ONLY,SUITABLE_RAINFALL_FLASH_FLOOD,Major,1890.0,30.1,205.0,-0.019,7900,7.1,16.2,80.0,2.15,10,Tree cover,0.62,0.18,0.04,0.16,,,,,,,,,,HISTORICAL_VINTAGE_UNAVAILABLE,,,,,,,UNAVAILABLE
FL-UK-2019-01,2019-08-18,2019-08-17T00:00:00,31.149999618530273,77.75,0.0,0.0,GPM_3IMERGHH_07,V07B,3B-HHR.MS.MRG.3IMERG.20190817-S000000-E002959.0000.V07B.HDF5,2019-08-17T00:00:00,DERIVED,cloudburst-induced flood,True,0.0,0.0,0.0,0.0,0.0,0.0,0.0,0.0,DATE_ONLY,SUITABLE_RAINFALL_FLASH_FLOOD,Major,1890.0,30.1,205.0,-0.019,7900,7.1,16.2,80.0,2.15,10,Tree cover,0.62,0.18,0.04,0.16,,,,,,,,,,HISTORICAL_VINTAGE_UNAVAILABLE,,,,,,,UNAVAILABLE
FL-UK-2019-01,2019-08-18,2019-08-18T00:00:00,31.149999618530273,77.75,10.029999732971191,20.059999465942383,GPM_3IMERGHH_07,V07B,3B-HHR.MS.MRG.3IMERG.20190818-S000000-E002959.0000.V07B.HDF5,2019-08-18T00:00:00,DERIVED,cloudburst-induced flood,True,10.029999732971191,10.029999732971191,10.029999732971191,10.029999732971191,10.029999732971191,10.029999732971191,10.029999732971191,10.029999732971191,DATE_ONLY,SUITABLE_RAINFALL_FLASH_FLOOD,Major,1890.0,30.1,205.0,-0.019,7900,7.1,16.2,80.0,2.15,10,Tree cover,0.62,0.18,0.04,0.16,,,,,,,,,,HISTORICAL_VINTAGE_UNAVAILABLE,,,,,,,UNAVAILABLE
FL-UK-2019-01,2019-08-18,2019-08-19T00:00:00,31.149999618530273,77.75,0.0,0.0,GPM_3IMERGHH_07,V07B,3B-HHR.MS.MRG.3IMERG.20190819-S000000-E002959.0000.V07B.HDF5,2019-08-19T00:00:00,DERIVED,cloudburst-induced flood,True,0.0,10.029999732971191,10.029999732971191,10.029999732971191,10.029999732971191,10.029999732971191,10.029999732971191,10.029999732971191,DATE_ONLY,SUITABLE_RAINFALL_FLASH_FLOOD,Major,1890.0,30.1,205.0,-0.019,7900,7.1,16.2,80.0,2.15,10,Tree cover,0.62,0.18,0.04,0.16,,,,,,,,,,HISTORICAL_VINTAGE_UNAVAILABLE,,,,,,,UNAVAILABLE
FL-UK-2019-01,2019-08-18,2019-08-20T00:00:00,31.149999618530273,77.75,0.0,0.0,GPM_3IMERGHH_07,V07B,3B-HHR.MS.MRG.3IMERG.20190820-S000000-E002959.0000.V07B.HDF5,2019-08-20T00:00:00,DERIVED,cloudburst-induced flood,True,0.0,0.0,10.029999732971191,10.029999732971191,10.029999732971191,10.029999732971191,10.029999732971191,10.029999732971191,DATE_ONLY,SUITABLE_RAINFALL_FLASH_FLOOD,Major,1890.0,30.1,205.0,-0.019,7900,7.1,16.2,80.0,2.15,10,Tree cover,0.62,0.18,0.04,0.16,,,,,,,,,,HISTORICAL_VINTAGE_UNAVAILABLE,,,,,,,UNAVAILABLE
FL-UK-2019-01,2019-08-18,2019-08-15T00:00:00,31.149999618530273,77.8499984741211,0.0,0.0,GPM_3IMERGHH_07,V07B,3B-HHR.MS.MRG.3IMERG.20190815-S000000-E002959.0000.V07B.HDF5,2019-08-15T00:00:00,DERIVED,cloudburst-induced flood,True,0.0,0.0,0.0,0.0,0.0,0.0,0.0,0.0,DATE_ONLY,SUITABLE_RAINFALL_FLASH_FLOOD,Major,1890.0,30.1,205.0,-0.019,7900,7.1,16.2,80.0,2.15,10,Tree cover,0.62,0.18,0.04,0.16,,,,,,,,,,HISTORICAL_VINTAGE_UNAVAILABLE,,,,,,,UNAVAILABLE
FL-UK-2019-01,2019-08-18,2019-08-16T00:00:00,31.149999618530273,77.8499984741211,0.0,0.0,GPM_3IMERGHH_07,V07B,3B-HHR.MS.MRG.3IMERG.20190816-S000000-E002959.0000.V07B.HDF5,2019-08-16T00:00:00,DERIVED,cloudburst-induced flood,True,0.0,0.0,0.0,0.0,0.0,0.0,0.0,0.0,DATE_ONLY,SUITABLE_RAINFALL_FLASH_FLOOD,Major,1890.0,30.1,205.0,-0.019,7900,7.1,16.2,80.0,2.15,10,Tree cover,0.62,0.18,0.04,0.16,,,,,,,,,,HISTORICAL_VINTAGE_UNAVAILABLE,,,,,,,UNAVAILABLE
FL-UK-2019-01,2019-08-18,2019-08-17T00:00:00,31.149999618530273,77.8499984741211,0.0,0.0,GPM_3IMERGHH_07,V07B,3B-HHR.MS.MRG.3IMERG.20190817-S000000-E002959.0000.V07B.HDF5,2019-08-17T00:00:00,DERIVED,cloudburst-induced flood,True,0.0,0.0,0.0,0.0,0.0,0.0,0.0,0.0,DATE_ONLY,SUITABLE_RAINFALL_FLASH_FLOOD,Major,1890.0,30.1,205.0,-0.019,7900,7.1,16.2,80.0,2.15,10,Tree cover,0.62,0.18,0.04,0.16,,,,,,,,,,HISTORICAL_VINTAGE_UNAVAILABLE,,,,,,,UNAVAILABLE
FL-UK-2019-01,2019-08-18,2019-08-18T00:00:00,31.149999618530273,77.8499984741211,0.4899999797344208,0.9799999594688416,GPM_3IMERGHH_07,V07B,3B-HHR.MS.MRG.3IMERG.20190818-S000000-E002959.0000.V07B.HDF5,2019-08-18T00:00:00,DERIVED,cloudburst-induced flood,True,0.4899999797344208,0.4899999797344208,0.4899999797344208,0.4899999797344208,0.4899999797344208,0.4899999797344208,0.4899999797344208,0.4899999797344208,DATE_ONLY,SUITABLE_RAINFALL_FLASH_FLOOD,Major,1890.0,30.1,205.0,-0.019,7900,7.1,16.2,80.0,2.15,10,Tree cover,0.62,0.18,0.04,0.16,,,,,,,,,,HISTORICAL_VINTAGE_UNAVAILABLE,,,,,,,UNAVAILABLE
FL-UK-2019-01,2019-08-18,2019-08-19T00:00:00,31.149999618530273,77.8499984741211,0.0,0.0,GPM_3IMERGHH_07,V07B,3B-HHR.MS.MRG.3IMERG.20190819-S000000-E002959.0000.V07B.HDF5,2019-08-19T00:00:00,DERIVED,cloudburst-induced flood,True,0.0,0.4899999797344208,0.4899999797344208,0.4899999797344208,0.4899999797344208,0.4899999797344208,0.4899999797344208,0.4899999797344208,DATE_ONLY,SUITABLE_RAINFALL_FLASH_FLOOD,Major,1890.0,30.1,205.0,-0.019,7900,7.1,16.2,80.0,2.15,10,Tree cover,0.62,0.18,0.04,0.16,,,,,,,,,,HISTORICAL_VINTAGE_UNAVAILABLE,,,,,,,UNAVAILABLE
FL-UK-2019-01,2019-08-18,2019-08-20T00:00:00,31.149999618530273,77.8499984741211,0.0,0.0,GPM_3IMERGHH_07,V07B,3B-HHR.MS.MRG.3IMERG.20190820-S000000-E002959.0000.V07B.HDF5,2019-08-20T00:00:00,DERIVED,cloudburst-induced flood,True,0.0,0.0,0.4899999797344208,0.4899999797344208,0.4899999797344208,0.4899999797344208,0.4899999797344208,0.4899999797344208,DATE_ONLY,SUITABLE_RAINFALL_FLASH_FLOOD,Major,1890.0,30.1,205.0,-0.019,7900,7.1,16.2,80.0,2.15,10,Tree cover,0.62,0.18,0.04,0.16,,,,,,,,,,HISTORICAL_VINTAGE_UNAVAILABLE,,,,,,,UNAVAILABLE
FL-UK-2019-01,2019-08-18,2019-08-15T00:00:00,31.149999618530273,77.94999694824219,0.0,0.0,GPM_3IMERGHH_07,V07B,3B-HHR.MS.MRG.3IMERG.20190815-S000000-E002959.0000.V07B.HDF5,2019-08-15T00:00:00,DERIVED,cloudburst-induced flood,True,0.0,0.0,0.0,0.0,0.0,0.0,0.0,0.0,DATE_ONLY,SUITABLE_RAINFALL_FLASH_FLOOD,Major,1890.0,30.1,205.0,-0.019,7900,7.1,16.2,80.0,2.15,10,Tree cover,0.62,0.18,0.04,0.16,,,,,,,,,,HISTORICAL_VINTAGE_UNAVAILABLE,,,,,,,UNAVAILABLE
FL-UK-2019-01,2019-08-18,2019-08-16T00:00:00,31.149999618530273,77.94999694824219,0.0,0.0,GPM_3IMERGHH_07,V07B,3B-HHR.MS.MRG.3IMERG.20190816-S000000-E002959.0000.V07B.HDF5,2019-08-16T00:00:00,DERIVED,cloudburst-induced flood,True,0.0,0.0,0.0,0.0,0.0,0.0,0.0,0.0,DATE_ONLY,SUITABLE_RAINFALL_FLASH_FLOOD,Major,1890.0,30.1,205.0,-0.019,7900,7.1,16.2,80.0,2.15,10,Tree cover,0.62,0.18,0.04,0.16,,,,,,,,,,HISTORICAL_VINTAGE_UNAVAILABLE,,,,,,,UNAVAILABLE
FL-UK-2019-01,2019-08-18,2019-08-17T00:00:00,31.149999618530273,77.94999694824219,0.0,0.0,GPM_3IMERGHH_07,V07B,3B-HHR.MS.MRG.3IMERG.20190817-S000000-E002959.0000.V07B.HDF5,2019-08-17T00:00:00,DERIVED,cloudburst-induced flood,True,0.0,0.0,0.0,0.0,0.0,0.0,0.0,0.0,DATE_ONLY,SUITABLE_RAINFALL_FLASH_FLOOD,Major,1890.0,30.1,205.0,-0.019,7900,7.1,16.2,80.0,2.15,10,Tree cover,0.62,0.18,0.04,0.16,,,,,,,,,,HISTORICAL_VINTAGE_UNAVAILABLE,,,,,,,UNAVAILABLE
FL-UK-2019-01,2019-08-18,2019-08-18T00:00:00,31.149999618530273,77.94999694824219,3.8550000190734863,7.710000038146973,GPM_3IMERGHH_07,V07B,3B-HHR.MS.MRG.3IMERG.20190818-S000000-E002959.0000.V07B.HDF5,2019-08-18T00:00:00,DERIVED,cloudburst-induced flood,True,3.8550000190734863,3.8550000190734863,3.8550000190734863,3.8550000190734863,3.8550000190734863,3.8550000190734863,3.8550000190734863,3.8550000190734863,DATE_ONLY,SUITABLE_RAINFALL_FLASH_FLOOD,Major,1890.0,30.1,205.0,-0.019,7900,7.1,16.2,80.0,2.15,10,Tree cover,0.62,0.18,0.04,0.16,,,,,,,,,,HISTORICAL_VINTAGE_UNAVAILABLE,,,,,,,UNAVAILABLE
FL-UK-2019-01,2019-08-18,2019-08-19T00:00:00,31.149999618530273,77.94999694824219,0.0,0.0,GPM_3IMERGHH_07,V07B,3B-HHR.MS.MRG.3IMERG.20190819-S000000-E002959.0000.V07B.HDF5,2019-08-19T00:00:00,DERIVED,cloudburst-induced flood,True,0.0,3.8550000190734863,3.8550000190734863,3.8550000190734863,3.8550000190734863,3.8550000190734863,3.8550000190734863,3.8550000190734863,DATE_ONLY,SUITABLE_RAINFALL_FLASH_FLOOD,Major,1890.0,30.1,205.0,-0.019,7900,7.1,16.2,80.0,2.15,10,Tree cover,0.62,0.18,0.04,0.16,,,,,,,,,,HISTORICAL_VINTAGE_UNAVAILABLE,,,,,,,UNAVAILABLE
FL-UK-2019-01,2019-08-18,2019-08-20T00:00:00,31.149999618530273,77.94999694824219,0.0,0.0,GPM_3IMERGHH_07,V07B,3B-HHR.MS.MRG.3IMERG.20190820-S000000-E002959.0000.V07B.HDF5,2019-08-20T00:00:00,DERIVED,cloudburst-induced flood,True,0.0,0.0,3.8550000190734863,3.8550000190734863,3.8550000190734863,3.8550000190734863,3.8550000190734863,3.8550000190734863,DATE_ONLY,SUITABLE_RAINFALL_FLASH_FLOOD,Major,1890.0,30.1,205.0,-0.019,7900,7.1,16.2,80.0,2.15,10,Tree cover,0.62,0.18,0.04,0.16,,,,,,,,,,HISTORICAL_VINTAGE_UNAVAILABLE,,,,,,,UNAVAILABLE
FL-UK-2021-01,2021-02-07,2021-02-04T00:00:00,30.349998474121094,79.6500015258789,0.0,0.0,GPM_3IMERGHH_07,V07B,3B-HHR.MS.MRG.3IMERG.20210204-S000000-E002959.0000.V07B.HDF5,2021-02-04T00:00:00,DIRECT,debris-flow/flood event,False,0.0,0.0,0.0,0.0,0.0,0.0,0.0,0.0,EXACT_TIMESTAMP,UNSUITABLE_DEBRIS_AVALANCHE,Catastrophic,1970.0,33.4,185.0,-0.021,14000,7.5,17.6,50.0,2.25,60,Bare / sparse vegetation,0.35,0.02,0.01,0.58,,,,,,,,,,HISTORICAL_VINTAGE_UNAVAILABLE,,,,,,,UNAVAILABLE
FL-UK-2021-01,2021-02-07,2021-02-05T00:00:00,30.349998474121094,79.6500015258789,0.0,0.0,GPM_3IMERGHH_07,V07B,3B-HHR.MS.MRG.3IMERG.20210205-S000000-E002959.0000.V07B.HDF5,2021-02-05T00:00:00,DIRECT,debris-flow/flood event,False,0.0,0.0,0.0,0.0,0.0,0.0,0.0,0.0,EXACT_TIMESTAMP,UNSUITABLE_DEBRIS_AVALANCHE,Catastrophic,1970.0,33.4,185.0,-0.021,14000,7.5,17.6,50.0,2.25,60,Bare / sparse vegetation,0.35,0.02,0.01,0.58,,,,,,,,,,HISTORICAL_VINTAGE_UNAVAILABLE,,,,,,,UNAVAILABLE
FL-UK-2021-01,2021-02-07,2021-02-06T00:00:00,30.349998474121094,79.6500015258789,0.0,0.0,GPM_3IMERGHH_07,V07B,3B-HHR.MS.MRG.3IMERG.20210206-S000000-E002959.0000.V07B.HDF5,2021-02-06T00:00:00,DIRECT,debris-flow/flood event,False,0.0,0.0,0.0,0.0,0.0,0.0,0.0,0.0,EXACT_TIMESTAMP,UNSUITABLE_DEBRIS_AVALANCHE,Catastrophic,1970.0,33.4,185.0,-0.021,14000,7.5,17.6,50.0,2.25,60,Bare / sparse vegetation,0.35,0.02,0.01,0.58,,,,,,,,,,HISTORICAL_VINTAGE_UNAVAILABLE,,,,,,,UNAVAILABLE
FL-UK-2021-01,2021-02-07,2021-02-07T00:00:00,30.349998474121094,79.6500015258789,0.0,0.0,GPM_3IMERGHH_07,V07B,3B-HHR.MS.MRG.3IMERG.20210207-S000000-E002959.0000.V07B.HDF5,2021-02-07T00:00:00,DIRECT,debris-flow/flood event,False,0.0,0.0,0.0,0.0,0.0,0.0,0.0,0.0,EXACT_TIMESTAMP,UNSUITABLE_DEBRIS_AVALANCHE,Catastrophic,1970.0,33.4,185.0,-0.021,14000,7.5,17.6,50.0,2.25,60,Bare / sparse vegetation,0.35,0.02,0.01,0.58,,,,,,,,,,HISTORICAL_VINTAGE_UNAVAILABLE,,,,,,,UNAVAILABLE
FL-UK-2021-01,2021-02-07,2021-02-08T00:00:00,30.349998474121094,79.6500015258789,0.0,0.0,GPM_3IMERGHH_07,V07B,3B-HHR.MS.MRG.3IMERG.20210208-S000000-E002959.0000.V07B.HDF5,2021-02-08T00:00:00,DIRECT,debris-flow/flood event,False,0.0,0.0,0.0,0.0,0.0,0.0,0.0,0.0,EXACT_TIMESTAMP,UNSUITABLE_DEBRIS_AVALANCHE,Catastrophic,1970.0,33.4,185.0,-0.021,14000,7.5,17.6,50.0,2.25,60,Bare / sparse vegetation,0.35,0.02,0.01,0.58,,,,,,,,,,HISTORICAL_VINTAGE_UNAVAILABLE,,,,,,,UNAVAILABLE
FL-UK-2021-01,2021-02-07,2021-02-09T00:00:00,30.349998474121094,79.6500015258789,0.0,0.0,GPM_3IMERGHH_07,V07B,3B-HHR.MS.MRG.3IMERG.20210209-S000000-E002959.0000.V07B.HDF5,2021-02-09T00:00:00,DIRECT,debris-flow/flood event,False,0.0,0.0,0.0,0.0,0.0,0.0,0.0,0.0,EXACT_TIMESTAMP,UNSUITABLE_DEBRIS_AVALANCHE,Catastrophic,1970.0,33.4,185.0,-0.021,14000,7.5,17.6,50.0,2.25,60,Bare / sparse vegetation,0.35,0.02,0.01,0.58,,,,,,,,,,HISTORICAL_VINTAGE_UNAVAILABLE,,,,,,,UNAVAILABLE
FL-UK-2021-01,2021-02-07,2021-02-04T00:00:00,30.349998474121094,79.75,0.0,0.0,GPM_3IMERGHH_07,V07B,3B-HHR.MS.MRG.3IMERG.20210204-S000000-E002959.0000.V07B.HDF5,2021-02-04T00:00:00,DIRECT,debris-flow/flood event,False,0.0,0.0,0.0,0.0,0.0,0.0,0.0,0.0,EXACT_TIMESTAMP,UNSUITABLE_DEBRIS_AVALANCHE,Catastrophic,1970.0,33.4,185.0,-0.021,14000,7.5,17.6,50.0,2.25,60,Bare / sparse vegetation,0.35,0.02,0.01,0.58,,,,,,,,,,HISTORICAL_VINTAGE_UNAVAILABLE,,,,,,,UNAVAILABLE
FL-UK-2021-01,2021-02-07,2021-02-05T00:00:00,30.349998474121094,79.75,0.0,0.0,GPM_3IMERGHH_07,V07B,3B-HHR.MS.MRG.3IMERG.20210205-S000000-E002959.0000.V07B.HDF5,2021-02-05T00:00:00,DIRECT,debris-flow/flood event,False,0.0,0.0,0.0,0.0,0.0,0.0,0.0,0.0,EXACT_TIMESTAMP,UNSUITABLE_DEBRIS_AVALANCHE,Catastrophic,1970.0,33.4,185.0,-0.021,14000,7.5,17.6,50.0,2.25,60,Bare / sparse vegetation,0.35,0.02,0.01,0.58,,,,,,,,,,HISTORICAL_VINTAGE_UNAVAILABLE,,,,,,,UNAVAILABLE
FL-UK-2021-01,2021-02-07,2021-02-06T00:00:00,30.349998474121094,79.75,0.009999999776482582,0.019999999552965164,GPM_3IMERGHH_07,V07B,3B-HHR.MS.MRG.3IMERG.20210206-S000000-E002959.0000.V07B.HDF5,2021-02-06T00:00:00,DIRECT,debris-flow/flood event,False,0.009999999776482582,0.009999999776482582,0.009999999776482582,0.009999999776482582,0.009999999776482582,0.009999999776482582,0.009999999776482582,0.009999999776482582,EXACT_TIMESTAMP,UNSUITABLE_DEBRIS_AVALANCHE,Catastrophic,1970.0,33.4,185.0,-0.021,14000,7.5,17.6,50.0,2.25,60,Bare / sparse vegetation,0.35,0.02,0.01,0.58,,,,,,,,,,HISTORICAL_VINTAGE_UNAVAILABLE,,,,,,,UNAVAILABLE
FL-UK-2021-01,2021-02-07,2021-02-07T00:00:00,30.349998474121094,79.75,0.0,0.0,GPM_3IMERGHH_07,V07B,3B-HHR.MS.MRG.3IMERG.20210207-S000000-E002959.0000.V07B.HDF5,2021-02-07T00:00:00,DIRECT,debris-flow/flood event,False,0.0,0.009999999776482582,0.009999999776482582,0.009999999776482582,0.009999999776482582,0.009999999776482582,0.009999999776482582,0.009999999776482582,EXACT_TIMESTAMP,UNSUITABLE_DEBRIS_AVALANCHE,Catastrophic,1970.0,33.4,185.0,-0.021,14000,7.5,17.6,50.0,2.25,60,Bare / sparse vegetation,0.35,0.02,0.01,0.58,,,,,,,,,,HISTORICAL_VINTAGE_UNAVAILABLE,,,,,,,UNAVAILABLE
FL-UK-2021-01,2021-02-07,2021-02-08T00:00:00,30.349998474121094,79.75,0.0,0.0,GPM_3IMERGHH_07,V07B,3B-HHR.MS.MRG.3IMERG.20210208-S000000-E002959.0000.V07B.HDF5,2021-02-08T00:00:00,DIRECT,debris-flow/flood event,False,0.0,0.0,0.009999999776482582,0.009999999776482582,0.009999999776482582,0.009999999776482582,0.009999999776482582,0.009999999776482582,EXACT_TIMESTAMP,UNSUITABLE_DEBRIS_AVALANCHE,Catastrophic,1970.0,33.4,185.0,-0.021,14000,7.5,17.6,50.0,2.25,60,Bare / sparse vegetation,0.35,0.02,0.01,0.58,,,,,,,,,,HISTORICAL_VINTAGE_UNAVAILABLE,,,,,,,UNAVAILABLE
FL-UK-2021-01,2021-02-07,2021-02-09T00:00:00,30.349998474121094,79.75,0.0,0.0,GPM_3IMERGHH_07,V07B,3B-HHR.MS.MRG.3IMERG.20210209-S000000-E002959.0000.V07B.HDF5,2021-02-09T00:00:00,DIRECT,debris-flow/flood event,False,0.0,0.0,0.009999999776482582,0.009999999776482582,0.009999999776482582,0.009999999776482582,0.009999999776482582,0.009999999776482582,EXACT_TIMESTAMP,UNSUITABLE_DEBRIS_AVALANCHE,Catastrophic,1970.0,33.4,185.0,-0.021,14000,7.5,17.6,50.0,2.25,60,Bare / sparse vegetation,0.35,0.02,0.01,0.58,,,,,,,,,,HISTORICAL_VINTAGE_UNAVAILABLE,,,,,,,UNAVAILABLE
FL-UK-2021-01,2021-02-07,2021-02-04T00:00:00,30.349998474121094,79.8499984741211,0.0,0.0,GPM_3IMERGHH_07,V07B,3B-HHR.MS.MRG.3IMERG.20210204-S000000-E002959.0000.V07B.HDF5,2021-02-04T00:00:00,DIRECT,debris-flow/flood event,False,0.0,0.0,0.0,0.0,0.0,0.0,0.0,0.0,EXACT_TIMESTAMP,UNSUITABLE_DEBRIS_AVALANCHE,Catastrophic,1970.0,33.4,185.0,-0.021,14000,7.5,17.6,50.0,2.25,60,Bare / sparse vegetation,0.35,0.02,0.01,0.58,,,,,,,,,,HISTORICAL_VINTAGE_UNAVAILABLE,,,,,,,UNAVAILABLE
FL-UK-2021-01,2021-02-07,2021-02-05T00:00:00,30.349998474121094,79.8499984741211,0.0,0.0,GPM_3IMERGHH_07,V07B,3B-HHR.MS.MRG.3IMERG.20210205-S000000-E002959.0000.V07B.HDF5,2021-02-05T00:00:00,DIRECT,debris-flow/flood event,False,0.0,0.0,0.0,0.0,0.0,0.0,0.0,0.0,EXACT_TIMESTAMP,UNSUITABLE_DEBRIS_AVALANCHE,Catastrophic,1970.0,33.4,185.0,-0.021,14000,7.5,17.6,50.0,2.25,60,Bare / sparse vegetation,0.35,0.02,0.01,0.58,,,,,,,,,,HISTORICAL_VINTAGE_UNAVAILABLE,,,,,,,UNAVAILABLE
FL-UK-2021-01,2021-02-07,2021-02-06T00:00:00,30.349998474121094,79.8499984741211,0.03999999910593033,0.07999999821186066,GPM_3IMERGHH_07,V07B,3B-HHR.MS.MRG.3IMERG.20210206-S000000-E002959.0000.V07B.HDF5,2021-02-06T00:00:00,DIRECT,debris-flow/flood event,False,0.03999999910593033,0.03999999910593033,0.03999999910593033,0.03999999910593033,0.03999999910593033,0.03999999910593033,0.03999999910593033,0.03999999910593033,EXACT_TIMESTAMP,UNSUITABLE_DEBRIS_AVALANCHE,Catastrophic,1970.0,33.4,185.0,-0.021,14000,7.5,17.6,50.0,2.25,60,Bare / sparse vegetation,0.35,0.02,0.01,0.58,,,,,,,,,,HISTORICAL_VINTAGE_UNAVAILABLE,,,,,,,UNAVAILABLE
FL-UK-2021-01,2021-02-07,2021-02-07T00:00:00,30.349998474121094,79.8499984741211,0.0,0.0,GPM_3IMERGHH_07,V07B,3B-HHR.MS.MRG.3IMERG.20210207-S000000-E002959.0000.V07B.HDF5,2021-02-07T00:00:00,DIRECT,debris-flow/flood event,False,0.0,0.03999999910593033,0.03999999910593033,0.03999999910593033,0.03999999910593033,0.03999999910593033,0.03999999910593033,0.03999999910593033,EXACT_TIMESTAMP,UNSUITABLE_DEBRIS_AVALANCHE,Catastrophic,1970.0,33.4,185.0,-0.021,14000,7.5,17.6,50.0,2.25,60,Bare / sparse vegetation,0.35,0.02,0.01,0.58,,,,,,,,,,HISTORICAL_VINTAGE_UNAVAILABLE,,,,,,,UNAVAILABLE
FL-UK-2021-01,2021-02-07,2021-02-08T00:00:00,30.349998474121094,79.8499984741211,0.0,0.0,GPM_3IMERGHH_07,V07B,3B-HHR.MS.MRG.3IMERG.20210208-S000000-E002959.0000.V07B.HDF5,2021-02-08T00:00:00,DIRECT,debris-flow/flood event,False,0.0,0.0,0.03999999910593033,0.03999999910593033,0.03999999910593033,0.03999999910593033,0.03999999910593033,0.03999999910593033,EXACT_TIMESTAMP,UNSUITABLE_DEBRIS_AVALANCHE,Catastrophic,1970.0,33.4,185.0,-0.021,14000,7.5,17.6,50.0,2.25,60,Bare / sparse vegetation,0.35,0.02,0.01,0.58,,,,,,,,,,HISTORICAL_VINTAGE_UNAVAILABLE,,,,,,,UNAVAILABLE
FL-UK-2021-01,2021-02-07,2021-02-09T00:00:00,30.349998474121094,79.8499984741211,0.0,0.0,GPM_3IMERGHH_07,V07B,3B-HHR.MS.MRG.3IMERG.20210209-S000000-E002959.0000.V07B.HDF5,2021-02-09T00:00:00,DIRECT,debris-flow/flood event,False,0.0,0.0,0.03999999910593033,0.03999999910593033,0.03999999910593033,0.03999999910593033,0.03999999910593033,0.03999999910593033,EXACT_TIMESTAMP,UNSUITABLE_DEBRIS_AVALANCHE,Catastrophic,1970.0,33.4,185.0,-0.021,14000,7.5,17.6,50.0,2.25,60,Bare / sparse vegetation,0.35,0.02,0.01,0.58,,,,,,,,,,HISTORICAL_VINTAGE_UNAVAILABLE,,,,,,,UNAVAILABLE
FL-UK-2021-01,2021-02-07,2021-02-04T00:00:00,30.44999885559082,79.6500015258789,0.0,0.0,GPM_3IMERGHH_07,V07B,3B-HHR.MS.MRG.3IMERG.20210204-S000000-E002959.0000.V07B.HDF5,2021-02-04T00:00:00,DIRECT,debris-flow/flood event,False,0.0,0.0,0.0,0.0,0.0,0.0,0.0,0.0,EXACT_TIMESTAMP,UNSUITABLE_DEBRIS_AVALANCHE,Catastrophic,1970.0,33.4,185.0,-0.021,14000,7.5,17.6,50.0,2.25,60,Bare / sparse vegetation,0.35,0.02,0.01,0.58,,,,,,,,,,HISTORICAL_VINTAGE_UNAVAILABLE,,,,,,,UNAVAILABLE
FL-UK-2021-01,2021-02-07,2021-02-05T00:00:00,30.44999885559082,79.6500015258789,0.0,0.0,GPM_3IMERGHH_07,V07B,3B-HHR.MS.MRG.3IMERG.20210205-S000000-E002959.0000.V07B.HDF5,2021-02-05T00:00:00,DIRECT,debris-flow/flood event,False,0.0,0.0,0.0,0.0,0.0,0.0,0.0,0.0,EXACT_TIMESTAMP,UNSUITABLE_DEBRIS_AVALANCHE,Catastrophic,1970.0,33.4,185.0,-0.021,14000,7.5,17.6,50.0,2.25,60,Bare / sparse vegetation,0.35,0.02,0.01,0.58,,,,,,,,,,HISTORICAL_VINTAGE_UNAVAILABLE,,,,,,,UNAVAILABLE
FL-UK-2021-01,2021-02-07,2021-02-06T00:00:00,30.44999885559082,79.6500015258789,0.0,0.0,GPM_3IMERGHH_07,V07B,3B-HHR.MS.MRG.3IMERG.20210206-S000000-E002959.0000.V07B.HDF5,2021-02-06T00:00:00,DIRECT,debris-flow/flood event,False,0.0,0.0,0.0,0.0,0.0,0.0,0.0,0.0,EXACT_TIMESTAMP,UNSUITABLE_DEBRIS_AVALANCHE,Catastrophic,1970.0,33.4,185.0,-0.021,14000,7.5,17.6,50.0,2.25,60,Bare / sparse vegetation,0.35,0.02,0.01,0.58,,,,,,,,,,HISTORICAL_VINTAGE_UNAVAILABLE,,,,,,,UNAVAILABLE
FL-UK-2021-01,2021-02-07,2021-02-07T00:00:00,30.44999885559082,79.6500015258789,0.0,0.0,GPM_3IMERGHH_07,V07B,3B-HHR.MS.MRG.3IMERG.20210207-S000000-E002959.0000.V07B.HDF5,2021-02-07T00:00:00,DIRECT,debris-flow/flood event,False,0.0,0.0,0.0,0.0,0.0,0.0,0.0,0.0,EXACT_TIMESTAMP,UNSUITABLE_DEBRIS_AVALANCHE,Catastrophic,1970.0,33.4,185.0,-0.021,14000,7.5,17.6,50.0,2.25,60,Bare / sparse vegetation,0.35,0.02,0.01,0.58,,,,,,,,,,HISTORICAL_VINTAGE_UNAVAILABLE,,,,,,,UNAVAILABLE
FL-UK-2021-01,2021-02-07,2021-02-08T00:00:00,30.44999885559082,79.6500015258789,0.0,0.0,GPM_3IMERGHH_07,V07B,3B-HHR.MS.MRG.3IMERG.20210208-S000000-E002959.0000.V07B.HDF5,2021-02-08T00:00:00,DIRECT,debris-flow/flood event,False,0.0,0.0,0.0,0.0,0.0,0.0,0.0,0.0,EXACT_TIMESTAMP,UNSUITABLE_DEBRIS_AVALANCHE,Catastrophic,1970.0,33.4,185.0,-0.021,14000,7.5,17.6,50.0,2.25,60,Bare / sparse vegetation,0.35,0.02,0.01,0.58,,,,,,,,,,HISTORICAL_VINTAGE_UNAVAILABLE,,,,,,,UNAVAILABLE
FL-UK-2021-01,2021-02-07,2021-02-09T00:00:00,30.44999885559082,79.6500015258789,0.0,0.0,GPM_3IMERGHH_07,V07B,3B-HHR.MS.MRG.3IMERG.20210209-S000000-E002959.0000.V07B.HDF5,2021-02-09T00:00:00,DIRECT,debris-flow/flood event,False,0.0,0.0,0.0,0.0,0.0,0.0,0.0,0.0,EXACT_TIMESTAMP,UNSUITABLE_DEBRIS_AVALANCHE,Catastrophic,1970.0,33.4,185.0,-0.021,14000,7.5,17.6,50.0,2.25,60,Bare / sparse vegetation,0.35,0.02,0.01,0.58,,,,,,,,,,HISTORICAL_VINTAGE_UNAVAILABLE,,,,,,,UNAVAILABLE
FL-UK-2021-01,2021-02-07,2021-02-04T00:00:00,30.44999885559082,79.75,0.0,0.0,GPM_3IMERGHH_07,V07B,3B-HHR.MS.MRG.3IMERG.20210204-S000000-E002959.0000.V07B.HDF5,2021-02-04T00:00:00,DIRECT,debris-flow/flood event,False,0.0,0.0,0.0,0.0,0.0,0.0,0.0,0.0,EXACT_TIMESTAMP,UNSUITABLE_DEBRIS_AVALANCHE,Catastrophic,1970.0,33.4,185.0,-0.021,14000,7.5,17.6,50.0,2.25,60,Bare / sparse vegetation,0.35,0.02,0.01,0.58,,,,,,,,,,HISTORICAL_VINTAGE_UNAVAILABLE,,,,,,,UNAVAILABLE
FL-UK-2021-01,2021-02-07,2021-02-05T00:00:00,30.44999885559082,79.75,0.0,0.0,GPM_3IMERGHH_07,V07B,3B-HHR.MS.MRG.3IMERG.20210205-S000000-E002959.0000.V07B.HDF5,2021-02-05T00:00:00,DIRECT,debris-flow/flood event,False,0.0,0.0,0.0,0.0,0.0,0.0,0.0,0.0,EXACT_TIMESTAMP,UNSUITABLE_DEBRIS_AVALANCHE,Catastrophic,1970.0,33.4,185.0,-0.021,14000,7.5,17.6,50.0,2.25,60,Bare / sparse vegetation,0.35,0.02,0.01,0.58,,,,,,,,,,HISTORICAL_VINTAGE_UNAVAILABLE,,,,,,,UNAVAILABLE
FL-UK-2021-01,2021-02-07,2021-02-06T00:00:00,30.44999885559082,79.75,0.0,0.0,GPM_3IMERGHH_07,V07B,3B-HHR.MS.MRG.3IMERG.20210206-S000000-E002959.0000.V07B.HDF5,2021-02-06T00:00:00,DIRECT,debris-flow/flood event,False,0.0,0.0,0.0,0.0,0.0,0.0,0.0,0.0,EXACT_TIMESTAMP,UNSUITABLE_DEBRIS_AVALANCHE,Catastrophic,1970.0,33.4,185.0,-0.021,14000,7.5,17.6,50.0,2.25,60,Bare / sparse vegetation,0.35,0.02,0.01,0.58,,,,,,,,,,HISTORICAL_VINTAGE_UNAVAILABLE,,,,,,,UNAVAILABLE
FL-UK-2021-01,2021-02-07,2021-02-07T00:00:00,30.44999885559082,79.75,0.0,0.0,GPM_3IMERGHH_07,V07B,3B-HHR.MS.MRG.3IMERG.20210207-S000000-E002959.0000.V07B.HDF5,2021-02-07T00:00:00,DIRECT,debris-flow/flood event,False,0.0,0.0,0.0,0.0,0.0,0.0,0.0,0.0,EXACT_TIMESTAMP,UNSUITABLE_DEBRIS_AVALANCHE,Catastrophic,1970.0,33.4,185.0,-0.021,14000,7.5,17.6,50.0,2.25,60,Bare / sparse vegetation,0.35,0.02,0.01,0.58,,,,,,,,,,HISTORICAL_VINTAGE_UNAVAILABLE,,,,,,,UNAVAILABLE
FL-UK-2021-01,2021-02-07,2021-02-08T00:00:00,30.44999885559082,79.75,0.0,0.0,GPM_3IMERGHH_07,V07B,3B-HHR.MS.MRG.3IMERG.20210208-S000000-E002959.0000.V07B.HDF5,2021-02-08T00:00:00,DIRECT,debris-flow/flood event,False,0.0,0.0,0.0,0.0,0.0,0.0,0.0,0.0,EXACT_TIMESTAMP,UNSUITABLE_DEBRIS_AVALANCHE,Catastrophic,1970.0,33.4,185.0,-0.021,14000,7.5,17.6,50.0,2.25,60,Bare / sparse vegetation,0.35,0.02,0.01,0.58,,,,,,,,,,HISTORICAL_VINTAGE_UNAVAILABLE,,,,,,,UNAVAILABLE
FL-UK-2021-01,2021-02-07,2021-02-09T00:00:00,30.44999885559082,79.75,0.0,0.0,GPM_3IMERGHH_07,V07B,3B-HHR.MS.MRG.3IMERG.20210209-S000000-E002959.0000.V07B.HDF5,2021-02-09T00:00:00,DIRECT,debris-flow/flood event,False,0.0,0.0,0.0,0.0,0.0,0.0,0.0,0.0,EXACT_TIMESTAMP,UNSUITABLE_DEBRIS_AVALANCHE,Catastrophic,1970.0,33.4,185.0,-0.021,14000,7.5,17.6,50.0,2.25,60,Bare / sparse vegetation,0.35,0.02,0.01,0.58,,,,,,,,,,HISTORICAL_VINTAGE_UNAVAILABLE,,,,,,,UNAVAILABLE
FL-UK-2021-01,2021-02-07,2021-02-04T00:00:00,30.44999885559082,79.8499984741211,0.0,0.0,GPM_3IMERGHH_07,V07B,3B-HHR.MS.MRG.3IMERG.20210204-S000000-E002959.0000.V07B.HDF5,2021-02-04T00:00:00,DIRECT,debris-flow/flood event,False,0.0,0.0,0.0,0.0,0.0,0.0,0.0,0.0,EXACT_TIMESTAMP,UNSUITABLE_DEBRIS_AVALANCHE,Catastrophic,1970.0,33.4,185.0,-0.021,14000,7.5,17.6,50.0,2.25,60,Bare / sparse vegetation,0.35,0.02,0.01,0.58,,,,,,,,,,HISTORICAL_VINTAGE_UNAVAILABLE,,,,,,,UNAVAILABLE
FL-UK-2021-01,2021-02-07,2021-02-05T00:00:00,30.44999885559082,79.8499984741211,0.0,0.0,GPM_3IMERGHH_07,V07B,3B-HHR.MS.MRG.3IMERG.20210205-S000000-E002959.0000.V07B.HDF5,2021-02-05T00:00:00,DIRECT,debris-flow/flood event,False,0.0,0.0,0.0,0.0,0.0,0.0,0.0,0.0,EXACT_TIMESTAMP,UNSUITABLE_DEBRIS_AVALANCHE,Catastrophic,1970.0,33.4,185.0,-0.021,14000,7.5,17.6,50.0,2.25,60,Bare / sparse vegetation,0.35,0.02,0.01,0.58,,,,,,,,,,HISTORICAL_VINTAGE_UNAVAILABLE,,,,,,,UNAVAILABLE
FL-UK-2021-01,2021-02-07,2021-02-06T00:00:00,30.44999885559082,79.8499984741211,0.03500000014901161,0.07000000029802322,GPM_3IMERGHH_07,V07B,3B-HHR.MS.MRG.3IMERG.20210206-S000000-E002959.0000.V07B.HDF5,2021-02-06T00:00:00,DIRECT,debris-flow/flood event,False,0.03500000014901161,0.03500000014901161,0.03500000014901161,0.03500000014901161,0.03500000014901161,0.03500000014901161,0.03500000014901161,0.03500000014901161,EXACT_TIMESTAMP,UNSUITABLE_DEBRIS_AVALANCHE,Catastrophic,1970.0,33.4,185.0,-0.021,14000,7.5,17.6,50.0,2.25,60,Bare / sparse vegetation,0.35,0.02,0.01,0.58,,,,,,,,,,HISTORICAL_VINTAGE_UNAVAILABLE,,,,,,,UNAVAILABLE
FL-UK-2021-01,2021-02-07,2021-02-07T00:00:00,30.44999885559082,79.8499984741211,0.0,0.0,GPM_3IMERGHH_07,V07B,3B-HHR.MS.MRG.3IMERG.20210207-S000000-E002959.0000.V07B.HDF5,2021-02-07T00:00:00,DIRECT,debris-flow/flood event,False,0.0,0.03500000014901161,0.03500000014901161,0.03500000014901161,0.03500000014901161,0.03500000014901161,0.03500000014901161,0.03500000014901161,EXACT_TIMESTAMP,UNSUITABLE_DEBRIS_AVALANCHE,Catastrophic,1970.0,33.4,185.0,-0.021,14000,7.5,17.6,50.0,2.25,60,Bare / sparse vegetation,0.35,0.02,0.01,0.58,,,,,,,,,,HISTORICAL_VINTAGE_UNAVAILABLE,,,,,,,UNAVAILABLE
FL-UK-2021-01,2021-02-07,2021-02-08T00:00:00,30.44999885559082,79.8499984741211,0.0,0.0,GPM_3IMERGHH_07,V07B,3B-HHR.MS.MRG.3IMERG.20210208-S000000-E002959.0000.V07B.HDF5,2021-02-08T00:00:00,DIRECT,debris-flow/flood event,False,0.0,0.0,0.03500000014901161,0.03500000014901161,0.03500000014901161,0.03500000014901161,0.03500000014901161,0.03500000014901161,EXACT_TIMESTAMP,UNSUITABLE_DEBRIS_AVALANCHE,Catastrophic,1970.0,33.4,185.0,-0.021,14000,7.5,17.6,50.0,2.25,60,Bare / sparse vegetation,0.35,0.02,0.01,0.58,,,,,,,,,,HISTORICAL_VINTAGE_UNAVAILABLE,,,,,,,UNAVAILABLE
FL-UK-2021-01,2021-02-07,2021-02-09T00:00:00,30.44999885559082,79.8499984741211,0.0,0.0,GPM_3IMERGHH_07,V07B,3B-HHR.MS.MRG.3IMERG.20210209-S000000-E002959.0000.V07B.HDF5,2021-02-09T00:00:00,DIRECT,debris-flow/flood event,False,0.0,0.0,0.03500000014901161,0.03500000014901161,0.03500000014901161,0.03500000014901161,0.03500000014901161,0.03500000014901161,EXACT_TIMESTAMP,UNSUITABLE_DEBRIS_AVALANCHE,Catastrophic,1970.0,33.4,185.0,-0.021,14000,7.5,17.6,50.0,2.25,60,Bare / sparse vegetation,0.35,0.02,0.01,0.58,,,,,,,,,,HISTORICAL_VINTAGE_UNAVAILABLE,,,,,,,UNAVAILABLE
FL-UK-2021-01,2021-02-07,2021-02-04T00:00:00,30.549999237060547,79.6500015258789,0.0,0.0,GPM_3IMERGHH_07,V07B,3B-HHR.MS.MRG.3IMERG.20210204-S000000-E002959.0000.V07B.HDF5,2021-02-04T00:00:00,DIRECT,debris-flow/flood event,False,0.0,0.0,0.0,0.0,0.0,0.0,0.0,0.0,EXACT_TIMESTAMP,UNSUITABLE_DEBRIS_AVALANCHE,Catastrophic,1970.0,33.4,185.0,-0.021,14000,7.5,17.6,50.0,2.25,60,Bare / sparse vegetation,0.35,0.02,0.01,0.58,,,,,,,,,,HISTORICAL_VINTAGE_UNAVAILABLE,,,,,,,UNAVAILABLE
FL-UK-2021-01,2021-02-07,2021-02-05T00:00:00,30.549999237060547,79.6500015258789,0.0,0.0,GPM_3IMERGHH_07,V07B,3B-HHR.MS.MRG.3IMERG.20210205-S000000-E002959.0000.V07B.HDF5,2021-02-05T00:00:00,DIRECT,debris-flow/flood event,False,0.0,0.0,0.0,0.0,0.0,0.0,0.0,0.0,EXACT_TIMESTAMP,UNSUITABLE_DEBRIS_AVALANCHE,Catastrophic,1970.0,33.4,185.0,-0.021,14000,7.5,17.6,50.0,2.25,60,Bare / sparse vegetation,0.35,0.02,0.01,0.58,,,,,,,,,,HISTORICAL_VINTAGE_UNAVAILABLE,,,,,,,UNAVAILABLE
FL-UK-2021-01,2021-02-07,2021-02-06T00:00:00,30.549999237060547,79.6500015258789,0.0,0.0,GPM_3IMERGHH_07,V07B,3B-HHR.MS.MRG.3IMERG.20210206-S000000-E002959.0000.V07B.HDF5,2021-02-06T00:00:00,DIRECT,debris-flow/flood event,False,0.0,0.0,0.0,0.0,0.0,0.0,0.0,0.0,EXACT_TIMESTAMP,UNSUITABLE_DEBRIS_AVALANCHE,Catastrophic,1970.0,33.4,185.0,-0.021,14000,7.5,17.6,50.0,2.25,60,Bare / sparse vegetation,0.35,0.02,0.01,0.58,,,,,,,,,,HISTORICAL_VINTAGE_UNAVAILABLE,,,,,,,UNAVAILABLE
FL-UK-2021-01,2021-02-07,2021-02-07T00:00:00,30.549999237060547,79.6500015258789,0.0,0.0,GPM_3IMERGHH_07,V07B,3B-HHR.MS.MRG.3IMERG.20210207-S000000-E002959.0000.V07B.HDF5,2021-02-07T00:00:00,DIRECT,debris-flow/flood event,False,0.0,0.0,0.0,0.0,0.0,0.0,0.0,0.0,EXACT_TIMESTAMP,UNSUITABLE_DEBRIS_AVALANCHE,Catastrophic,1970.0,33.4,185.0,-0.021,14000,7.5,17.6,50.0,2.25,60,Bare / sparse vegetation,0.35,0.02,0.01,0.58,,,,,,,,,,HISTORICAL_VINTAGE_UNAVAILABLE,,,,,,,UNAVAILABLE
FL-UK-2021-01,2021-02-07,2021-02-08T00:00:00,30.549999237060547,79.6500015258789,0.0,0.0,GPM_3IMERGHH_07,V07B,3B-HHR.MS.MRG.3IMERG.20210208-S000000-E002959.0000.V07B.HDF5,2021-02-08T00:00:00,DIRECT,debris-flow/flood event,False,0.0,0.0,0.0,0.0,0.0,0.0,0.0,0.0,EXACT_TIMESTAMP,UNSUITABLE_DEBRIS_AVALANCHE,Catastrophic,1970.0,33.4,185.0,-0.021,14000,7.5,17.6,50.0,2.25,60,Bare / sparse vegetation,0.35,0.02,0.01,0.58,,,,,,,,,,HISTORICAL_VINTAGE_UNAVAILABLE,,,,,,,UNAVAILABLE
FL-UK-2021-01,2021-02-07,2021-02-09T00:00:00,30.549999237060547,79.6500015258789,0.0,0.0,GPM_3IMERGHH_07,V07B,3B-HHR.MS.MRG.3IMERG.20210209-S000000-E002959.0000.V07B.HDF5,2021-02-09T00:00:00,DIRECT,debris-flow/flood event,False,0.0,0.0,0.0,0.0,0.0,0.0,0.0,0.0,EXACT_TIMESTAMP,UNSUITABLE_DEBRIS_AVALANCHE,Catastrophic,1970.0,33.4,185.0,-0.021,14000,7.5,17.6,50.0,2.25,60,Bare / sparse vegetation,0.35,0.02,0.01,0.58,,,,,,,,,,HISTORICAL_VINTAGE_UNAVAILABLE,,,,,,,UNAVAILABLE
FL-UK-2021-01,2021-02-07,2021-02-04T00:00:00,30.549999237060547,79.75,0.0,0.0,GPM_3IMERGHH_07,V07B,3B-HHR.MS.MRG.3IMERG.20210204-S000000-E002959.0000.V07B.HDF5,2021-02-04T00:00:00,DIRECT,debris-flow/flood event,False,0.0,0.0,0.0,0.0,0.0,0.0,0.0,0.0,EXACT_TIMESTAMP,UNSUITABLE_DEBRIS_AVALANCHE,Catastrophic,1970.0,33.4,185.0,-0.021,14000,7.5,17.6,50.0,2.25,60,Bare / sparse vegetation,0.35,0.02,0.01,0.58,,,,,,,,,,HISTORICAL_VINTAGE_UNAVAILABLE,,,,,,,UNAVAILABLE
FL-UK-2021-01,2021-02-07,2021-02-05T00:00:00,30.549999237060547,79.75,0.0,0.0,GPM_3IMERGHH_07,V07B,3B-HHR.MS.MRG.3IMERG.20210205-S000000-E002959.0000.V07B.HDF5,2021-02-05T00:00:00,DIRECT,debris-flow/flood event,False,0.0,0.0,0.0,0.0,0.0,0.0,0.0,0.0,EXACT_TIMESTAMP,UNSUITABLE_DEBRIS_AVALANCHE,Catastrophic,1970.0,33.4,185.0,-0.021,14000,7.5,17.6,50.0,2.25,60,Bare / sparse vegetation,0.35,0.02,0.01,0.58,,,,,,,,,,HISTORICAL_VINTAGE_UNAVAILABLE,,,,,,,UNAVAILABLE
FL-UK-2021-01,2021-02-07,2021-02-06T00:00:00,30.549999237060547,79.75,0.0,0.0,GPM_3IMERGHH_07,V07B,3B-HHR.MS.MRG.3IMERG.20210206-S000000-E002959.0000.V07B.HDF5,2021-02-06T00:00:00,DIRECT,debris-flow/flood event,False,0.0,0.0,0.0,0.0,0.0,0.0,0.0,0.0,EXACT_TIMESTAMP,UNSUITABLE_DEBRIS_AVALANCHE,Catastrophic,1970.0,33.4,185.0,-0.021,14000,7.5,17.6,50.0,2.25,60,Bare / sparse vegetation,0.35,0.02,0.01,0.58,,,,,,,,,,HISTORICAL_VINTAGE_UNAVAILABLE,,,,,,,UNAVAILABLE
FL-UK-2021-01,2021-02-07,2021-02-07T00:00:00,30.549999237060547,79.75,0.0,0.0,GPM_3IMERGHH_07,V07B,3B-HHR.MS.MRG.3IMERG.20210207-S000000-E002959.0000.V07B.HDF5,2021-02-07T00:00:00,DIRECT,debris-flow/flood event,False,0.0,0.0,0.0,0.0,0.0,0.0,0.0,0.0,EXACT_TIMESTAMP,UNSUITABLE_DEBRIS_AVALANCHE,Catastrophic,1970.0,33.4,185.0,-0.021,14000,7.5,17.6,50.0,2.25,60,Bare / sparse vegetation,0.35,0.02,0.01,0.58,,,,,,,,,,HISTORICAL_VINTAGE_UNAVAILABLE,,,,,,,UNAVAILABLE
FL-UK-2021-01,2021-02-07,2021-02-08T00:00:00,30.549999237060547,79.75,0.0,0.0,GPM_3IMERGHH_07,V07B,3B-HHR.MS.MRG.3IMERG.20210208-S000000-E002959.0000.V07B.HDF5,2021-02-08T00:00:00,DIRECT,debris-flow/flood event,False,0.0,0.0,0.0,0.0,0.0,0.0,0.0,0.0,EXACT_TIMESTAMP,UNSUITABLE_DEBRIS_AVALANCHE,Catastrophic,1970.0,33.4,185.0,-0.021,14000,7.5,17.6,50.0,2.25,60,Bare / sparse vegetation,0.35,0.02,0.01,0.58,,,,,,,,,,HISTORICAL_VINTAGE_UNAVAILABLE,,,,,,,UNAVAILABLE
FL-UK-2021-01,2021-02-07,2021-02-09T00:00:00,30.549999237060547,79.75,0.0,0.0,GPM_3IMERGHH_07,V07B,3B-HHR.MS.MRG.3IMERG.20210209-S000000-E002959.0000.V07B.HDF5,2021-02-09T00:00:00,DIRECT,debris-flow/flood event,False,0.0,0.0,0.0,0.0,0.0,0.0,0.0,0.0,EXACT_TIMESTAMP,UNSUITABLE_DEBRIS_AVALANCHE,Catastrophic,1970.0,33.4,185.0,-0.021,14000,7.5,17.6,50.0,2.25,60,Bare / sparse vegetation,0.35,0.02,0.01,0.58,,,,,,,,,,HISTORICAL_VINTAGE_UNAVAILABLE,,,,,,,UNAVAILABLE
FL-UK-2021-01,2021-02-07,2021-02-04T00:00:00,30.549999237060547,79.8499984741211,0.0,0.0,GPM_3IMERGHH_07,V07B,3B-HHR.MS.MRG.3IMERG.20210204-S000000-E002959.0000.V07B.HDF5,2021-02-04T00:00:00,DIRECT,debris-flow/flood event,False,0.0,0.0,0.0,0.0,0.0,0.0,0.0,0.0,EXACT_TIMESTAMP,UNSUITABLE_DEBRIS_AVALANCHE,Catastrophic,1970.0,33.4,185.0,-0.021,14000,7.5,17.6,50.0,2.25,60,Bare / sparse vegetation,0.35,0.02,0.01,0.58,,,,,,,,,,HISTORICAL_VINTAGE_UNAVAILABLE,,,,,,,UNAVAILABLE
FL-UK-2021-01,2021-02-07,2021-02-05T00:00:00,30.549999237060547,79.8499984741211,0.0,0.0,GPM_3IMERGHH_07,V07B,3B-HHR.MS.MRG.3IMERG.20210205-S000000-E002959.0000.V07B.HDF5,2021-02-05T00:00:00,DIRECT,debris-flow/flood event,False,0.0,0.0,0.0,0.0,0.0,0.0,0.0,0.0,EXACT_TIMESTAMP,UNSUITABLE_DEBRIS_AVALANCHE,Catastrophic,1970.0,33.4,185.0,-0.021,14000,7.5,17.6,50.0,2.25,60,Bare / sparse vegetation,0.35,0.02,0.01,0.58,,,,,,,,,,HISTORICAL_VINTAGE_UNAVAILABLE,,,,,,,UNAVAILABLE
FL-UK-2021-01,2021-02-07,2021-02-06T00:00:00,30.549999237060547,79.8499984741211,0.0,0.0,GPM_3IMERGHH_07,V07B,3B-HHR.MS.MRG.3IMERG.20210206-S000000-E002959.0000.V07B.HDF5,2021-02-06T00:00:00,DIRECT,debris-flow/flood event,False,0.0,0.0,0.0,0.0,0.0,0.0,0.0,0.0,EXACT_TIMESTAMP,UNSUITABLE_DEBRIS_AVALANCHE,Catastrophic,1970.0,33.4,185.0,-0.021,14000,7.5,17.6,50.0,2.25,60,Bare / sparse vegetation,0.35,0.02,0.01,0.58,,,,,,,,,,HISTORICAL_VINTAGE_UNAVAILABLE,,,,,,,UNAVAILABLE
FL-UK-2021-01,2021-02-07,2021-02-07T00:00:00,30.549999237060547,79.8499984741211,0.0,0.0,GPM_3IMERGHH_07,V07B,3B-HHR.MS.MRG.3IMERG.20210207-S000000-E002959.0000.V07B.HDF5,2021-02-07T00:00:00,DIRECT,debris-flow/flood event,False,0.0,0.0,0.0,0.0,0.0,0.0,0.0,0.0,EXACT_TIMESTAMP,UNSUITABLE_DEBRIS_AVALANCHE,Catastrophic,1970.0,33.4,185.0,-0.021,14000,7.5,17.6,50.0,2.25,60,Bare / sparse vegetation,0.35,0.02,0.01,0.58,,,,,,,,,,HISTORICAL_VINTAGE_UNAVAILABLE,,,,,,,UNAVAILABLE
FL-UK-2021-01,2021-02-07,2021-02-08T00:00:00,30.549999237060547,79.8499984741211,0.0,0.0,GPM_3IMERGHH_07,V07B,3B-HHR.MS.MRG.3IMERG.20210208-S000000-E002959.0000.V07B.HDF5,2021-02-08T00:00:00,DIRECT,debris-flow/flood event,False,0.0,0.0,0.0,0.0,0.0,0.0,0.0,0.0,EXACT_TIMESTAMP,UNSUITABLE_DEBRIS_AVALANCHE,Catastrophic,1970.0,33.4,185.0,-0.021,14000,7.5,17.6,50.0,2.25,60,Bare / sparse vegetation,0.35,0.02,0.01,0.58,,,,,,,,,,HISTORICAL_VINTAGE_UNAVAILABLE,,,,,,,UNAVAILABLE
FL-UK-2021-01,2021-02-07,2021-02-09T00:00:00,30.549999237060547,79.8499984741211,0.0,0.0,GPM_3IMERGHH_07,V07B,3B-HHR.MS.MRG.3IMERG.20210209-S000000-E002959.0000.V07B.HDF5,2021-02-09T00:00:00,DIRECT,debris-flow/flood event,False,0.0,0.0,0.0,0.0,0.0,0.0,0.0,0.0,EXACT_TIMESTAMP,UNSUITABLE_DEBRIS_AVALANCHE,Catastrophic,1970.0,33.4,185.0,-0.021,14000,7.5,17.6,50.0,2.25,60,Bare / sparse vegetation,0.35,0.02,0.01,0.58,,,,,,,,,,HISTORICAL_VINTAGE_UNAVAILABLE,,,,,,,UNAVAILABLE
FL-UK-2021-02,2021-10-18,2021-10-15T00:00:00,29.25,79.3499984741211,0.0,0.0,GPM_3IMERGHH_07,V07B,3B-HHR.MS.MRG.3IMERG.20211015-S000000-E002959.0000.V07B.HDF5,2021-10-15T00:00:00,DERIVED,extreme rainfall flood,False,0.0,0.0,0.0,0.0,0.0,0.0,0.0,0.0,DATE_ONLY,UNSUITABLE_MULTI_DAY_INUNDATION,Major,2080.0,25.4,150.0,-0.011,11800,8.3,13.9,130.0,1.75,10,Tree cover,0.8,0.08,0.04,0.08,,,,,,,,,,HISTORICAL_VINTAGE_UNAVAILABLE,,,,,,,UNAVAILABLE
FL-UK-2021-02,2021-10-18,2021-10-16T00:00:00,29.25,79.3499984741211,0.0,0.0,GPM_3IMERGHH_07,V07B,3B-HHR.MS.MRG.3IMERG.20211016-S000000-E002959.0000.V07B.HDF5,2021-10-16T00:00:00,DERIVED,extreme rainfall flood,False,0.0,0.0,0.0,0.0,0.0,0.0,0.0,0.0,DATE_ONLY,UNSUITABLE_MULTI_DAY_INUNDATION,Major,2080.0,25.4,150.0,-0.011,11800,8.3,13.9,130.0,1.75,10,Tree cover,0.8,0.08,0.04,0.08,,,,,,,,,,HISTORICAL_VINTAGE_UNAVAILABLE,,,,,,,UNAVAILABLE
FL-UK-2021-02,2021-10-18,2021-10-17T00:00:00,29.25,79.3499984741211,0.6899999976158142,1.3799999952316284,GPM_3IMERGHH_07,V07B,3B-HHR.MS.MRG.3IMERG.20211017-S000000-E002959.0000.V07B.HDF5,2021-10-17T00:00:00,DERIVED,extreme rainfall flood,False,0.6899999976158142,0.6899999976158142,0.6899999976158142,0.6899999976158142,0.6899999976158142,0.6899999976158142,0.6899999976158142,0.6899999976158142,DATE_ONLY,UNSUITABLE_MULTI_DAY_INUNDATION,Major,2080.0,25.4,150.0,-0.011,11800,8.3,13.9,130.0,1.75,10,Tree cover,0.8,0.08,0.04,0.08,,,,,,,,,,HISTORICAL_VINTAGE_UNAVAILABLE,,,,,,,UNAVAILABLE
FL-UK-2021-02,2021-10-18,2021-10-18T00:00:00,29.25,79.3499984741211,1.7999999523162842,3.5999999046325684,GPM_3IMERGHH_07,V07B,3B-HHR.MS.MRG.3IMERG.20211018-S000000-E002959.0000.V07B.HDF5,2021-10-18T00:00:00,DERIVED,extreme rainfall flood,False,1.7999999523162842,2.4899999499320984,2.4899999499320984,2.4899999499320984,2.4899999499320984,2.4899999499320984,2.4899999499320984,2.4899999499320984,DATE_ONLY,UNSUITABLE_MULTI_DAY_INUNDATION,Major,2080.0,25.4,150.0,-0.011,11800,8.3,13.9,130.0,1.75,10,Tree cover,0.8,0.08,0.04,0.08,,,,,,,,,,HISTORICAL_VINTAGE_UNAVAILABLE,,,,,,,UNAVAILABLE
FL-UK-2021-02,2021-10-18,2021-10-19T00:00:00,29.25,79.3499984741211,0.0,0.0,GPM_3IMERGHH_07,V07B,3B-HHR.MS.MRG.3IMERG.20211019-S000000-E002959.0000.V07B.HDF5,2021-10-19T00:00:00,DERIVED,extreme rainfall flood,False,0.0,1.7999999523162842,2.4899999499320984,2.4899999499320984,2.4899999499320984,2.4899999499320984,2.4899999499320984,2.4899999499320984,DATE_ONLY,UNSUITABLE_MULTI_DAY_INUNDATION,Major,2080.0,25.4,150.0,-0.011,11800,8.3,13.9,130.0,1.75,10,Tree cover,0.8,0.08,0.04,0.08,,,,,,,,,,HISTORICAL_VINTAGE_UNAVAILABLE,,,,,,,UNAVAILABLE
FL-UK-2021-02,2021-10-18,2021-10-20T00:00:00,29.25,79.3499984741211,0.0,0.0,GPM_3IMERGHH_07,V07B,3B-HHR.MS.MRG.3IMERG.20211020-S000000-E002959.0000.V07B.HDF5,2021-10-20T00:00:00,DERIVED,extreme rainfall flood,False,0.0,0.0,2.4899999499320984,2.4899999499320984,2.4899999499320984,2.4899999499320984,2.4899999499320984,2.4899999499320984,DATE_ONLY,UNSUITABLE_MULTI_DAY_INUNDATION,Major,2080.0,25.4,150.0,-0.011,11800,8.3,13.9,130.0,1.75,10,Tree cover,0.8,0.08,0.04,0.08,,,,,,,,,,HISTORICAL_VINTAGE_UNAVAILABLE,,,,,,,UNAVAILABLE
FL-UK-2021-02,2021-10-18,2021-10-15T00:00:00,29.25,79.44999694824219,0.0,0.0,GPM_3IMERGHH_07,V07B,3B-HHR.MS.MRG.3IMERG.20211015-S000000-E002959.0000.V07B.HDF5,2021-10-15T00:00:00,DERIVED,extreme rainfall flood,False,0.0,0.0,0.0,0.0,0.0,0.0,0.0,0.0,DATE_ONLY,UNSUITABLE_MULTI_DAY_INUNDATION,Major,2080.0,25.4,150.0,-0.011,11800,8.3,13.9,130.0,1.75,10,Tree cover,0.8,0.08,0.04,0.08,,,,,,,,,,HISTORICAL_VINTAGE_UNAVAILABLE,,,,,,,UNAVAILABLE
FL-UK-2021-02,2021-10-18,2021-10-16T00:00:00,29.25,79.44999694824219,0.0,0.0,GPM_3IMERGHH_07,V07B,3B-HHR.MS.MRG.3IMERG.20211016-S000000-E002959.0000.V07B.HDF5,2021-10-16T00:00:00,DERIVED,extreme rainfall flood,False,0.0,0.0,0.0,0.0,0.0,0.0,0.0,0.0,DATE_ONLY,UNSUITABLE_MULTI_DAY_INUNDATION,Major,2080.0,25.4,150.0,-0.011,11800,8.3,13.9,130.0,1.75,10,Tree cover,0.8,0.08,0.04,0.08,,,,,,,,,,HISTORICAL_VINTAGE_UNAVAILABLE,,,,,,,UNAVAILABLE
FL-UK-2021-02,2021-10-18,2021-10-17T00:00:00,29.25,79.44999694824219,0.550000011920929,1.100000023841858,GPM_3IMERGHH_07,V07B,3B-HHR.MS.MRG.3IMERG.20211017-S000000-E002959.0000.V07B.HDF5,2021-10-17T00:00:00,DERIVED,extreme rainfall flood,False,0.550000011920929,0.550000011920929,0.550000011920929,0.550000011920929,0.550000011920929,0.550000011920929,0.550000011920929,0.550000011920929,DATE_ONLY,UNSUITABLE_MULTI_DAY_INUNDATION,Major,2080.0,25.4,150.0,-0.011,11800,8.3,13.9,130.0,1.75,10,Tree cover,0.8,0.08,0.04,0.08,,,,,,,,,,HISTORICAL_VINTAGE_UNAVAILABLE,,,,,,,UNAVAILABLE
FL-UK-2021-02,2021-10-18,2021-10-18T00:00:00,29.25,79.44999694824219,3.554999828338623,7.109999656677246,GPM_3IMERGHH_07,V07B,3B-HHR.MS.MRG.3IMERG.20211018-S000000-E002959.0000.V07B.HDF5,2021-10-18T00:00:00,DERIVED,extreme rainfall flood,False,3.554999828338623,4.104999840259552,4.104999840259552,4.104999840259552,4.104999840259552,4.104999840259552,4.104999840259552,4.104999840259552,DATE_ONLY,UNSUITABLE_MULTI_DAY_INUNDATION,Major,2080.0,25.4,150.0,-0.011,11800,8.3,13.9,130.0,1.75,10,Tree cover,0.8,0.08,0.04,0.08,,,,,,,,,,HISTORICAL_VINTAGE_UNAVAILABLE,,,,,,,UNAVAILABLE
FL-UK-2021-02,2021-10-18,2021-10-19T00:00:00,29.25,79.44999694824219,0.25999999046325684,0.5199999809265137,GPM_3IMERGHH_07,V07B,3B-HHR.MS.MRG.3IMERG.20211019-S000000-E002959.0000.V07B.HDF5,2021-10-19T00:00:00,DERIVED,extreme rainfall flood,False,0.25999999046325684,3.81499981880188,4.364999830722809,4.364999830722809,4.364999830722809,4.364999830722809,4.364999830722809,4.364999830722809,DATE_ONLY,UNSUITABLE_MULTI_DAY_INUNDATION,Major,2080.0,25.4,150.0,-0.011,11800,8.3,13.9,130.0,1.75,10,Tree cover,0.8,0.08,0.04,0.08,,,,,,,,,,HISTORICAL_VINTAGE_UNAVAILABLE,,,,,,,UNAVAILABLE
FL-UK-2021-02,2021-10-18,2021-10-20T00:00:00,29.25,79.44999694824219,0.0,0.0,GPM_3IMERGHH_07,V07B,3B-HHR.MS.MRG.3IMERG.20211020-S000000-E002959.0000.V07B.HDF5,2021-10-20T00:00:00,DERIVED,extreme rainfall flood,False,0.0,0.25999999046325684,4.364999830722809,4.364999830722809,4.364999830722809,4.364999830722809,4.364999830722809,4.364999830722809,DATE_ONLY,UNSUITABLE_MULTI_DAY_INUNDATION,Major,2080.0,25.4,150.0,-0.011,11800,8.3,13.9,130.0,1.75,10,Tree cover,0.8,0.08,0.04,0.08,,,,,,,,,,HISTORICAL_VINTAGE_UNAVAILABLE,,,,,,,UNAVAILABLE
FL-UK-2021-02,2021-10-18,2021-10-15T00:00:00,29.25,79.54999542236328,0.0,0.0,GPM_3IMERGHH_07,V07B,3B-HHR.MS.MRG.3IMERG.20211015-S000000-E002959.0000.V07B.HDF5,2021-10-15T00:00:00,DERIVED,extreme rainfall flood,False,0.0,0.0,0.0,0.0,0.0,0.0,0.0,0.0,DATE_ONLY,UNSUITABLE_MULTI_DAY_INUNDATION,Major,2080.0,25.4,150.0,-0.011,11800,8.3,13.9,130.0,1.75,10,Tree cover,0.8,0.08,0.04,0.08,,,,,,,,,,HISTORICAL_VINTAGE_UNAVAILABLE,,,,,,,UNAVAILABLE
FL-UK-2021-02,2021-10-18,2021-10-16T00:00:00,29.25,79.54999542236328,0.0,0.0,GPM_3IMERGHH_07,V07B,3B-HHR.MS.MRG.3IMERG.20211016-S000000-E002959.0000.V07B.HDF5,2021-10-16T00:00:00,DERIVED,extreme rainfall flood,False,0.0,0.0,0.0,0.0,0.0,0.0,0.0,0.0,DATE_ONLY,UNSUITABLE_MULTI_DAY_INUNDATION,Major,2080.0,25.4,150.0,-0.011,11800,8.3,13.9,130.0,1.75,10,Tree cover,0.8,0.08,0.04,0.08,,,,,,,,,,HISTORICAL_VINTAGE_UNAVAILABLE,,,,,,,UNAVAILABLE
FL-UK-2021-02,2021-10-18,2021-10-17T00:00:00,29.25,79.54999542236328,0.14000000059604645,0.2800000011920929,GPM_3IMERGHH_07,V07B,3B-HHR.MS.MRG.3IMERG.20211017-S000000-E002959.0000.V07B.HDF5,2021-10-17T00:00:00,DERIVED,extreme rainfall flood,False,0.14000000059604645,0.14000000059604645,0.14000000059604645,0.14000000059604645,0.14000000059604645,0.14000000059604645,0.14000000059604645,0.14000000059604645,DATE_ONLY,UNSUITABLE_MULTI_DAY_INUNDATION,Major,2080.0,25.4,150.0,-0.011,11800,8.3,13.9,130.0,1.75,10,Tree cover,0.8,0.08,0.04,0.08,,,,,,,,,,HISTORICAL_VINTAGE_UNAVAILABLE,,,,,,,UNAVAILABLE
FL-UK-2021-02,2021-10-18,2021-10-18T00:00:00,29.25,79.54999542236328,1.8899999856948853,3.7799999713897705,GPM_3IMERGHH_07,V07B,3B-HHR.MS.MRG.3IMERG.20211018-S000000-E002959.0000.V07B.HDF5,2021-10-18T00:00:00,DERIVED,extreme rainfall flood,False,1.8899999856948853,2.0299999862909317,2.0299999862909317,2.0299999862909317,2.0299999862909317,2.0299999862909317,2.0299999862909317,2.0299999862909317,DATE_ONLY,UNSUITABLE_MULTI_DAY_INUNDATION,Major,2080.0,25.4,150.0,-0.011,11800,8.3,13.9,130.0,1.75,10,Tree cover,0.8,0.08,0.04,0.08,,,,,,,,,,HISTORICAL_VINTAGE_UNAVAILABLE,,,,,,,UNAVAILABLE
FL-UK-2021-02,2021-10-18,2021-10-19T00:00:00,29.25,79.54999542236328,0.2449999898672104,0.4899999797344208,GPM_3IMERGHH_07,V07B,3B-HHR.MS.MRG.3IMERG.20211019-S000000-E002959.0000.V07B.HDF5,2021-10-19T00:00:00,DERIVED,extreme rainfall flood,False,0.2449999898672104,2.1349999755620956,2.274999976158142,2.274999976158142,2.274999976158142,2.274999976158142,2.274999976158142,2.274999976158142,DATE_ONLY,UNSUITABLE_MULTI_DAY_INUNDATION,Major,2080.0,25.4,150.0,-0.011,11800,8.3,13.9,130.0,1.75,10,Tree cover,0.8,0.08,0.04,0.08,,,,,,,,,,HISTORICAL_VINTAGE_UNAVAILABLE,,,,,,,UNAVAILABLE
FL-UK-2021-02,2021-10-18,2021-10-20T00:00:00,29.25,79.54999542236328,0.0,0.0,GPM_3IMERGHH_07,V07B,3B-HHR.MS.MRG.3IMERG.20211020-S000000-E002959.0000.V07B.HDF5,2021-10-20T00:00:00,DERIVED,extreme rainfall flood,False,0.0,0.2449999898672104,2.274999976158142,2.274999976158142,2.274999976158142,2.274999976158142,2.274999976158142,2.274999976158142,DATE_ONLY,UNSUITABLE_MULTI_DAY_INUNDATION,Major,2080.0,25.4,150.0,-0.011,11800,8.3,13.9,130.0,1.75,10,Tree cover,0.8,0.08,0.04,0.08,,,,,,,,,,HISTORICAL_VINTAGE_UNAVAILABLE,,,,,,,UNAVAILABLE
FL-UK-2021-02,2021-10-18,2021-10-15T00:00:00,29.349998474121094,79.3499984741211,0.0,0.0,GPM_3IMERGHH_07,V07B,3B-HHR.MS.MRG.3IMERG.20211015-S000000-E002959.0000.V07B.HDF5,2021-10-15T00:00:00,DERIVED,extreme rainfall flood,False,0.0,0.0,0.0,0.0,0.0,0.0,0.0,0.0,DATE_ONLY,UNSUITABLE_MULTI_DAY_INUNDATION,Major,2080.0,25.4,150.0,-0.011,11800,8.3,13.9,130.0,1.75,10,Tree cover,0.8,0.08,0.04,0.08,,,,,,,,,,HISTORICAL_VINTAGE_UNAVAILABLE,,,,,,,UNAVAILABLE
FL-UK-2021-02,2021-10-18,2021-10-16T00:00:00,29.349998474121094,79.3499984741211,0.0,0.0,GPM_3IMERGHH_07,V07B,3B-HHR.MS.MRG.3IMERG.20211016-S000000-E002959.0000.V07B.HDF5,2021-10-16T00:00:00,DERIVED,extreme rainfall flood,False,0.0,0.0,0.0,0.0,0.0,0.0,0.0,0.0,DATE_ONLY,UNSUITABLE_MULTI_DAY_INUNDATION,Major,2080.0,25.4,150.0,-0.011,11800,8.3,13.9,130.0,1.75,10,Tree cover,0.8,0.08,0.04,0.08,,,,,,,,,,HISTORICAL_VINTAGE_UNAVAILABLE,,,,,,,UNAVAILABLE
FL-UK-2021-02,2021-10-18,2021-10-17T00:00:00,29.349998474121094,79.3499984741211,0.41499999165534973,0.8299999833106995,GPM_3IMERGHH_07,V07B,3B-HHR.MS.MRG.3IMERG.20211017-S000000-E002959.0000.V07B.HDF5,2021-10-17T00:00:00,DERIVED,extreme rainfall flood,False,0.41499999165534973,0.41499999165534973,0.41499999165534973,0.41499999165534973,0.41499999165534973,0.41499999165534973,0.41499999165534973,0.41499999165534973,DATE_ONLY,UNSUITABLE_MULTI_DAY_INUNDATION,Major,2080.0,25.4,150.0,-0.011,11800,8.3,13.9,130.0,1.75,10,Tree cover,0.8,0.08,0.04,0.08,,,,,,,,,,HISTORICAL_VINTAGE_UNAVAILABLE,,,,,,,UNAVAILABLE
FL-UK-2021-02,2021-10-18,2021-10-18T00:00:00,29.349998474121094,79.3499984741211,3.8299999237060547,7.659999847412109,GPM_3IMERGHH_07,V07B,3B-HHR.MS.MRG.3IMERG.20211018-S000000-E002959.0000.V07B.HDF5,2021-10-18T00:00:00,DERIVED,extreme rainfall flood,False,3.8299999237060547,4.244999915361404,4.244999915361404,4.244999915361404,4.244999915361404,4.244999915361404,4.244999915361404,4.244999915361404,DATE_ONLY,UNSUITABLE_MULTI_DAY_INUNDATION,Major,2080.0,25.4,150.0,-0.011,11800,8.3,13.9,130.0,1.75,10,Tree cover,0.8,0.08,0.04,0.08,,,,,,,,,,HISTORICAL_VINTAGE_UNAVAILABLE,,,,,,,UNAVAILABLE
FL-UK-2021-02,2021-10-18,2021-10-19T00:00:00,29.349998474121094,79.3499984741211,0.0,0.0,GPM_3IMERGHH_07,V07B,3B-HHR.MS.MRG.3IMERG.20211019-S000000-E002959.0000.V07B.HDF5,2021-10-19T00:00:00,DERIVED,extreme rainfall flood,False,0.0,3.8299999237060547,4.244999915361404,4.244999915361404,4.244999915361404,4.244999915361404,4.244999915361404,4.244999915361404,DATE_ONLY,UNSUITABLE_MULTI_DAY_INUNDATION,Major,2080.0,25.4,150.0,-0.011,11800,8.3,13.9,130.0,1.75,10,Tree cover,0.8,0.08,0.04,0.08,,,,,,,,,,HISTORICAL_VINTAGE_UNAVAILABLE,,,,,,,UNAVAILABLE
FL-UK-2021-02,2021-10-18,2021-10-20T00:00:00,29.349998474121094,79.3499984741211,0.0,0.0,GPM_3IMERGHH_07,V07B,3B-HHR.MS.MRG.3IMERG.20211020-S000000-E002959.0000.V07B.HDF5,2021-10-20T00:00:00,DERIVED,extreme rainfall flood,False,0.0,0.0,4.244999915361404,4.244999915361404,4.244999915361404,4.244999915361404,4.244999915361404,4.244999915361404,DATE_ONLY,UNSUITABLE_MULTI_DAY_INUNDATION,Major,2080.0,25.4,150.0,-0.011,11800,8.3,13.9,130.0,1.75,10,Tree cover,0.8,0.08,0.04,0.08,,,,,,,,,,HISTORICAL_VINTAGE_UNAVAILABLE,,,,,,,UNAVAILABLE
FL-UK-2021-02,2021-10-18,2021-10-15T00:00:00,29.349998474121094,79.44999694824219,0.0,0.0,GPM_3IMERGHH_07,V07B,3B-HHR.MS.MRG.3IMERG.20211015-S000000-E002959.0000.V07B.HDF5,2021-10-15T00:00:00,DERIVED,extreme rainfall flood,False,0.0,0.0,0.0,0.0,0.0,0.0,0.0,0.0,DATE_ONLY,UNSUITABLE_MULTI_DAY_INUNDATION,Major,2080.0,25.4,150.0,-0.011,11800,8.3,13.9,130.0,1.75,10,Tree cover,0.8,0.08,0.04,0.08,,,,,,,,,,HISTORICAL_VINTAGE_UNAVAILABLE,,,,,,,UNAVAILABLE
FL-UK-2021-02,2021-10-18,2021-10-16T00:00:00,29.349998474121094,79.44999694824219,0.0,0.0,GPM_3IMERGHH_07,V07B,3B-HHR.MS.MRG.3IMERG.20211016-S000000-E002959.0000.V07B.HDF5,2021-10-16T00:00:00,DERIVED,extreme rainfall flood,False,0.0,0.0,0.0,0.0,0.0,0.0,0.0,0.0,DATE_ONLY,UNSUITABLE_MULTI_DAY_INUNDATION,Major,2080.0,25.4,150.0,-0.011,11800,8.3,13.9,130.0,1.75,10,Tree cover,0.8,0.08,0.04,0.08,,,,,,,,,,HISTORICAL_VINTAGE_UNAVAILABLE,,,,,,,UNAVAILABLE
FL-UK-2021-02,2021-10-18,2021-10-17T00:00:00,29.349998474121094,79.44999694824219,0.1850000023841858,0.3700000047683716,GPM_3IMERGHH_07,V07B,3B-HHR.MS.MRG.3IMERG.20211017-S000000-E002959.0000.V07B.HDF5,2021-10-17T00:00:00,DERIVED,extreme rainfall flood,False,0.1850000023841858,0.1850000023841858,0.1850000023841858,0.1850000023841858,0.1850000023841858,0.1850000023841858,0.1850000023841858,0.1850000023841858,DATE_ONLY,UNSUITABLE_MULTI_DAY_INUNDATION,Major,2080.0,25.4,150.0,-0.011,11800,8.3,13.9,130.0,1.75,10,Tree cover,0.8,0.08,0.04,0.08,,,,,,,,,,HISTORICAL_VINTAGE_UNAVAILABLE,,,,,,,UNAVAILABLE
FL-UK-2021-02,2021-10-18,2021-10-18T00:00:00,29.349998474121094,79.44999694824219,4.529999732971191,9.059999465942383,GPM_3IMERGHH_07,V07B,3B-HHR.MS.MRG.3IMERG.20211018-S000000-E002959.0000.V07B.HDF5,2021-10-18T00:00:00,DERIVED,extreme rainfall flood,False,4.529999732971191,4.714999735355377,4.714999735355377,4.714999735355377,4.714999735355377,4.714999735355377,4.714999735355377,4.714999735355377,DATE_ONLY,UNSUITABLE_MULTI_DAY_INUNDATION,Major,2080.0,25.4,150.0,-0.011,11800,8.3,13.9,130.0,1.75,10,Tree cover,0.8,0.08,0.04,0.08,,,,,,,,,,HISTORICAL_VINTAGE_UNAVAILABLE,,,,,,,UNAVAILABLE
FL-UK-2021-02,2021-10-18,2021-10-19T00:00:00,29.349998474121094,79.44999694824219,0.0,0.0,GPM_3IMERGHH_07,V07B,3B-HHR.MS.MRG.3IMERG.20211019-S000000-E002959.0000.V07B.HDF5,2021-10-19T00:00:00,DERIVED,extreme rainfall flood,False,0.0,4.529999732971191,4.714999735355377,4.714999735355377,4.714999735355377,4.714999735355377,4.714999735355377,4.714999735355377,DATE_ONLY,UNSUITABLE_MULTI_DAY_INUNDATION,Major,2080.0,25.4,150.0,-0.011,11800,8.3,13.9,130.0,1.75,10,Tree cover,0.8,0.08,0.04,0.08,,,,,,,,,,HISTORICAL_VINTAGE_UNAVAILABLE,,,,,,,UNAVAILABLE
FL-UK-2021-02,2021-10-18,2021-10-20T00:00:00,29.349998474121094,79.44999694824219,0.0,0.0,GPM_3IMERGHH_07,V07B,3B-HHR.MS.MRG.3IMERG.20211020-S000000-E002959.0000.V07B.HDF5,2021-10-20T00:00:00,DERIVED,extreme rainfall flood,False,0.0,0.0,4.714999735355377,4.714999735355377,4.714999735355377,4.714999735355377,4.714999735355377,4.714999735355377,DATE_ONLY,UNSUITABLE_MULTI_DAY_INUNDATION,Major,2080.0,25.4,150.0,-0.011,11800,8.3,13.9,130.0,1.75,10,Tree cover,0.8,0.08,0.04,0.08,,,,,,,,,,HISTORICAL_VINTAGE_UNAVAILABLE,,,,,,,UNAVAILABLE
FL-UK-2021-02,2021-10-18,2021-10-15T00:00:00,29.349998474121094,79.54999542236328,0.0,0.0,GPM_3IMERGHH_07,V07B,3B-HHR.MS.MRG.3IMERG.20211015-S000000-E002959.0000.V07B.HDF5,2021-10-15T00:00:00,DERIVED,extreme rainfall flood,False,0.0,0.0,0.0,0.0,0.0,0.0,0.0,0.0,DATE_ONLY,UNSUITABLE_MULTI_DAY_INUNDATION,Major,2080.0,25.4,150.0,-0.011,11800,8.3,13.9,130.0,1.75,10,Tree cover,0.8,0.08,0.04,0.08,,,,,,,,,,HISTORICAL_VINTAGE_UNAVAILABLE,,,,,,,UNAVAILABLE
FL-UK-2021-02,2021-10-18,2021-10-16T00:00:00,29.349998474121094,79.54999542236328,0.0,0.0,GPM_3IMERGHH_07,V07B,3B-HHR.MS.MRG.3IMERG.20211016-S000000-E002959.0000.V07B.HDF5,2021-10-16T00:00:00,DERIVED,extreme rainfall flood,False,0.0,0.0,0.0,0.0,0.0,0.0,0.0,0.0,DATE_ONLY,UNSUITABLE_MULTI_DAY_INUNDATION,Major,2080.0,25.4,150.0,-0.011,11800,8.3,13.9,130.0,1.75,10,Tree cover,0.8,0.08,0.04,0.08,,,,,,,,,,HISTORICAL_VINTAGE_UNAVAILABLE,,,,,,,UNAVAILABLE
FL-UK-2021-02,2021-10-18,2021-10-17T00:00:00,29.349998474121094,79.54999542236328,0.17000000178813934,0.3400000035762787,GPM_3IMERGHH_07,V07B,3B-HHR.MS.MRG.3IMERG.20211017-S000000-E002959.0000.V07B.HDF5,2021-10-17T00:00:00,DERIVED,extreme rainfall flood,False,0.17000000178813934,0.17000000178813934,0.17000000178813934,0.17000000178813934,0.17000000178813934,0.17000000178813934,0.17000000178813934,0.17000000178813934,DATE_ONLY,UNSUITABLE_MULTI_DAY_INUNDATION,Major,2080.0,25.4,150.0,-0.011,11800,8.3,13.9,130.0,1.75,10,Tree cover,0.8,0.08,0.04,0.08,,,,,,,,,,HISTORICAL_VINTAGE_UNAVAILABLE,,,,,,,UNAVAILABLE
FL-UK-2021-02,2021-10-18,2021-10-18T00:00:00,29.349998474121094,79.54999542236328,3.4649999141693115,6.929999828338623,GPM_3IMERGHH_07,V07B,3B-HHR.MS.MRG.3IMERG.20211018-S000000-E002959.0000.V07B.HDF5,2021-10-18T00:00:00,DERIVED,extreme rainfall flood,False,3.4649999141693115,3.634999915957451,3.634999915957451,3.634999915957451,3.634999915957451,3.634999915957451,3.634999915957451,3.634999915957451,DATE_ONLY,UNSUITABLE_MULTI_DAY_INUNDATION,Major,2080.0,25.4,150.0,-0.011,11800,8.3,13.9,130.0,1.75,10,Tree cover,0.8,0.08,0.04,0.08,,,,,,,,,,HISTORICAL_VINTAGE_UNAVAILABLE,,,,,,,UNAVAILABLE
FL-UK-2021-02,2021-10-18,2021-10-19T00:00:00,29.349998474121094,79.54999542236328,0.13499999046325684,0.26999998092651367,GPM_3IMERGHH_07,V07B,3B-HHR.MS.MRG.3IMERG.20211019-S000000-E002959.0000.V07B.HDF5,2021-10-19T00:00:00,DERIVED,extreme rainfall flood,False,0.13499999046325684,3.5999999046325684,3.7699999064207077,3.7699999064207077,3.7699999064207077,3.7699999064207077,3.7699999064207077,3.7699999064207077,DATE_ONLY,UNSUITABLE_MULTI_DAY_INUNDATION,Major,2080.0,25.4,150.0,-0.011,11800,8.3,13.9,130.0,1.75,10,Tree cover,0.8,0.08,0.04,0.08,,,,,,,,,,HISTORICAL_VINTAGE_UNAVAILABLE,,,,,,,UNAVAILABLE
FL-UK-2021-02,2021-10-18,2021-10-20T00:00:00,29.349998474121094,79.54999542236328,0.0,0.0,GPM_3IMERGHH_07,V07B,3B-HHR.MS.MRG.3IMERG.20211020-S000000-E002959.0000.V07B.HDF5,2021-10-20T00:00:00,DERIVED,extreme rainfall flood,False,0.0,0.13499999046325684,3.7699999064207077,3.7699999064207077,3.7699999064207077,3.7699999064207077,3.7699999064207077,3.7699999064207077,DATE_ONLY,UNSUITABLE_MULTI_DAY_INUNDATION,Major,2080.0,25.4,150.0,-0.011,11800,8.3,13.9,130.0,1.75,10,Tree cover,0.8,0.08,0.04,0.08,,,,,,,,,,HISTORICAL_VINTAGE_UNAVAILABLE,,,,,,,UNAVAILABLE
FL-UK-2021-02,2021-10-18,2021-10-15T00:00:00,29.44999885559082,79.3499984741211,0.0,0.0,GPM_3IMERGHH_07,V07B,3B-HHR.MS.MRG.3IMERG.20211015-S000000-E002959.0000.V07B.HDF5,2021-10-15T00:00:00,DERIVED,extreme rainfall flood,False,0.0,0.0,0.0,0.0,0.0,0.0,0.0,0.0,DATE_ONLY,UNSUITABLE_MULTI_DAY_INUNDATION,Major,2080.0,25.4,150.0,-0.011,11800,8.3,13.9,130.0,1.75,10,Tree cover,0.8,0.08,0.04,0.08,,,,,,,,,,HISTORICAL_VINTAGE_UNAVAILABLE,,,,,,,UNAVAILABLE
FL-UK-2021-02,2021-10-18,2021-10-16T00:00:00,29.44999885559082,79.3499984741211,0.0,0.0,GPM_3IMERGHH_07,V07B,3B-HHR.MS.MRG.3IMERG.20211016-S000000-E002959.0000.V07B.HDF5,2021-10-16T00:00:00,DERIVED,extreme rainfall flood,False,0.0,0.0,0.0,0.0,0.0,0.0,0.0,0.0,DATE_ONLY,UNSUITABLE_MULTI_DAY_INUNDATION,Major,2080.0,25.4,150.0,-0.011,11800,8.3,13.9,130.0,1.75,10,Tree cover,0.8,0.08,0.04,0.08,,,,,,,,,,HISTORICAL_VINTAGE_UNAVAILABLE,,,,,,,UNAVAILABLE
FL-UK-2021-02,2021-10-18,2021-10-17T00:00:00,29.44999885559082,79.3499984741211,0.3799999952316284,0.7599999904632568,GPM_3IMERGHH_07,V07B,3B-HHR.MS.MRG.3IMERG.20211017-S000000-E002959.0000.V07B.HDF5,2021-10-17T00:00:00,DERIVED,extreme rainfall flood,False,0.3799999952316284,0.3799999952316284,0.3799999952316284,0.3799999952316284,0.3799999952316284,0.3799999952316284,0.3799999952316284,0.3799999952316284,DATE_ONLY,UNSUITABLE_MULTI_DAY_INUNDATION,Major,2080.0,25.4,150.0,-0.011,11800,8.3,13.9,130.0,1.75,10,Tree cover,0.8,0.08,0.04,0.08,,,,,,,,,,HISTORICAL_VINTAGE_UNAVAILABLE,,,,,,,UNAVAILABLE
FL-UK-2021-02,2021-10-18,2021-10-18T00:00:00,29.44999885559082,79.3499984741211,4.134999752044678,8.269999504089355,GPM_3IMERGHH_07,V07B,3B-HHR.MS.MRG.3IMERG.20211018-S000000-E002959.0000.V07B.HDF5,2021-10-18T00:00:00,DERIVED,extreme rainfall flood,False,4.134999752044678,4.514999747276306,4.514999747276306,4.514999747276306,4.514999747276306,4.514999747276306,4.514999747276306,4.514999747276306,DATE_ONLY,UNSUITABLE_MULTI_DAY_INUNDATION,Major,2080.0,25.4,150.0,-0.011,11800,8.3,13.9,130.0,1.75,10,Tree cover,0.8,0.08,0.04,0.08,,,,,,,,,,HISTORICAL_VINTAGE_UNAVAILABLE,,,,,,,UNAVAILABLE
FL-UK-2021-02,2021-10-18,2021-10-19T00:00:00,29.44999885559082,79.3499984741211,0.0,0.0,GPM_3IMERGHH_07,V07B,3B-HHR.MS.MRG.3IMERG.20211019-S000000-E002959.0000.V07B.HDF5,2021-10-19T00:00:00,DERIVED,extreme rainfall flood,False,0.0,4.134999752044678,4.514999747276306,4.514999747276306,4.514999747276306,4.514999747276306,4.514999747276306,4.514999747276306,DATE_ONLY,UNSUITABLE_MULTI_DAY_INUNDATION,Major,2080.0,25.4,150.0,-0.011,11800,8.3,13.9,130.0,1.75,10,Tree cover,0.8,0.08,0.04,0.08,,,,,,,,,,HISTORICAL_VINTAGE_UNAVAILABLE,,,,,,,UNAVAILABLE
FL-UK-2021-02,2021-10-18,2021-10-20T00:00:00,29.44999885559082,79.3499984741211,0.0,0.0,GPM_3IMERGHH_07,V07B,3B-HHR.MS.MRG.3IMERG.20211020-S000000-E002959.0000.V07B.HDF5,2021-10-20T00:00:00,DERIVED,extreme rainfall flood,False,0.0,0.0,4.514999747276306,4.514999747276306,4.514999747276306,4.514999747276306,4.514999747276306,4.514999747276306,DATE_ONLY,UNSUITABLE_MULTI_DAY_INUNDATION,Major,2080.0,25.4,150.0,-0.011,11800,8.3,13.9,130.0,1.75,10,Tree cover,0.8,0.08,0.04,0.08,,,,,,,,,,HISTORICAL_VINTAGE_UNAVAILABLE,,,,,,,UNAVAILABLE
FL-UK-2021-02,2021-10-18,2021-10-15T00:00:00,29.44999885559082,79.44999694824219,0.0,0.0,GPM_3IMERGHH_07,V07B,3B-HHR.MS.MRG.3IMERG.20211015-S000000-E002959.0000.V07B.HDF5,2021-10-15T00:00:00,DERIVED,extreme rainfall flood,False,0.0,0.0,0.0,0.0,0.0,0.0,0.0,0.0,DATE_ONLY,UNSUITABLE_MULTI_DAY_INUNDATION,Major,2080.0,25.4,150.0,-0.011,11800,8.3,13.9,130.0,1.75,10,Tree cover,0.8,0.08,0.04,0.08,,,,,,,,,,HISTORICAL_VINTAGE_UNAVAILABLE,,,,,,,UNAVAILABLE
FL-UK-2021-02,2021-10-18,2021-10-16T00:00:00,29.44999885559082,79.44999694824219,0.0,0.0,GPM_3IMERGHH_07,V07B,3B-HHR.MS.MRG.3IMERG.20211016-S000000-E002959.0000.V07B.HDF5,2021-10-16T00:00:00,DERIVED,extreme rainfall flood,False,0.0,0.0,0.0,0.0,0.0,0.0,0.0,0.0,DATE_ONLY,UNSUITABLE_MULTI_DAY_INUNDATION,Major,2080.0,25.4,150.0,-0.011,11800,8.3,13.9,130.0,1.75,10,Tree cover,0.8,0.08,0.04,0.08,,,,,,,,,,HISTORICAL_VINTAGE_UNAVAILABLE,,,,,,,UNAVAILABLE
FL-UK-2021-02,2021-10-18,2021-10-17T00:00:00,29.44999885559082,79.44999694824219,0.25999999046325684,0.5199999809265137,GPM_3IMERGHH_07,V07B,3B-HHR.MS.MRG.3IMERG.20211017-S000000-E002959.0000.V07B.HDF5,2021-10-17T00:00:00,DERIVED,extreme rainfall flood,False,0.25999999046325684,0.25999999046325684,0.25999999046325684,0.25999999046325684,0.25999999046325684,0.25999999046325684,0.25999999046325684,0.25999999046325684,DATE_ONLY,UNSUITABLE_MULTI_DAY_INUNDATION,Major,2080.0,25.4,150.0,-0.011,11800,8.3,13.9,130.0,1.75,10,Tree cover,0.8,0.08,0.04,0.08,,,,,,,,,,HISTORICAL_VINTAGE_UNAVAILABLE,,,,,,,UNAVAILABLE
FL-UK-2021-02,2021-10-18,2021-10-18T00:00:00,29.44999885559082,79.44999694824219,19.049999237060547,38.099998474121094,GPM_3IMERGHH_07,V07B,3B-HHR.MS.MRG.3IMERG.20211018-S000000-E002959.0000.V07B.HDF5,2021-10-18T00:00:00,DERIVED,extreme rainfall flood,False,19.049999237060547,19.309999227523804,19.309999227523804,19.309999227523804,19.309999227523804,19.309999227523804,19.309999227523804,19.309999227523804,DATE_ONLY,UNSUITABLE_MULTI_DAY_INUNDATION,Major,2080.0,25.4,150.0,-0.011,11800,8.3,13.9,130.0,1.75,10,Tree cover,0.8,0.08,0.04,0.08,,,,,,,,,,HISTORICAL_VINTAGE_UNAVAILABLE,,,,,,,UNAVAILABLE
FL-UK-2021-02,2021-10-18,2021-10-19T00:00:00,29.44999885559082,79.44999694824219,0.0,0.0,GPM_3IMERGHH_07,V07B,3B-HHR.MS.MRG.3IMERG.20211019-S000000-E002959.0000.V07B.HDF5,2021-10-19T00:00:00,DERIVED,extreme rainfall flood,False,0.0,19.049999237060547,19.309999227523804,19.309999227523804,19.309999227523804,19.309999227523804,19.309999227523804,19.309999227523804,DATE_ONLY,UNSUITABLE_MULTI_DAY_INUNDATION,Major,2080.0,25.4,150.0,-0.011,11800,8.3,13.9,130.0,1.75,10,Tree cover,0.8,0.08,0.04,0.08,,,,,,,,,,HISTORICAL_VINTAGE_UNAVAILABLE,,,,,,,UNAVAILABLE
FL-UK-2021-02,2021-10-18,2021-10-20T00:00:00,29.44999885559082,79.44999694824219,0.0,0.0,GPM_3IMERGHH_07,V07B,3B-HHR.MS.MRG.3IMERG.20211020-S000000-E002959.0000.V07B.HDF5,2021-10-20T00:00:00,DERIVED,extreme rainfall flood,False,0.0,0.0,19.309999227523804,19.309999227523804,19.309999227523804,19.309999227523804,19.309999227523804,19.309999227523804,DATE_ONLY,UNSUITABLE_MULTI_DAY_INUNDATION,Major,2080.0,25.4,150.0,-0.011,11800,8.3,13.9,130.0,1.75,10,Tree cover,0.8,0.08,0.04,0.08,,,,,,,,,,HISTORICAL_VINTAGE_UNAVAILABLE,,,,,,,UNAVAILABLE
FL-UK-2021-02,2021-10-18,2021-10-15T00:00:00,29.44999885559082,79.54999542236328,0.0,0.0,GPM_3IMERGHH_07,V07B,3B-HHR.MS.MRG.3IMERG.20211015-S000000-E002959.0000.V07B.HDF5,2021-10-15T00:00:00,DERIVED,extreme rainfall flood,False,0.0,0.0,0.0,0.0,0.0,0.0,0.0,0.0,DATE_ONLY,UNSUITABLE_MULTI_DAY_INUNDATION,Major,2080.0,25.4,150.0,-0.011,11800,8.3,13.9,130.0,1.75,10,Tree cover,0.8,0.08,0.04,0.08,,,,,,,,,,HISTORICAL_VINTAGE_UNAVAILABLE,,,,,,,UNAVAILABLE
FL-UK-2021-02,2021-10-18,2021-10-16T00:00:00,29.44999885559082,79.54999542236328,0.0,0.0,GPM_3IMERGHH_07,V07B,3B-HHR.MS.MRG.3IMERG.20211016-S000000-E002959.0000.V07B.HDF5,2021-10-16T00:00:00,DERIVED,extreme rainfall flood,False,0.0,0.0,0.0,0.0,0.0,0.0,0.0,0.0,DATE_ONLY,UNSUITABLE_MULTI_DAY_INUNDATION,Major,2080.0,25.4,150.0,-0.011,11800,8.3,13.9,130.0,1.75,10,Tree cover,0.8,0.08,0.04,0.08,,,,,,,,,,HISTORICAL_VINTAGE_UNAVAILABLE,,,,,,,UNAVAILABLE
FL-UK-2021-02,2021-10-18,2021-10-17T00:00:00,29.44999885559082,79.54999542236328,0.0,0.0,GPM_3IMERGHH_07,V07B,3B-HHR.MS.MRG.3IMERG.20211017-S000000-E002959.0000.V07B.HDF5,2021-10-17T00:00:00,DERIVED,extreme rainfall flood,False,0.0,0.0,0.0,0.0,0.0,0.0,0.0,0.0,DATE_ONLY,UNSUITABLE_MULTI_DAY_INUNDATION,Major,2080.0,25.4,150.0,-0.011,11800,8.3,13.9,130.0,1.75,10,Tree cover,0.8,0.08,0.04,0.08,,,,,,,,,,HISTORICAL_VINTAGE_UNAVAILABLE,,,,,,,UNAVAILABLE
FL-UK-2021-02,2021-10-18,2021-10-18T00:00:00,29.44999885559082,79.54999542236328,3.0149998664855957,6.029999732971191,GPM_3IMERGHH_07,V07B,3B-HHR.MS.MRG.3IMERG.20211018-S000000-E002959.0000.V07B.HDF5,2021-10-18T00:00:00,DERIVED,extreme rainfall flood,False,3.0149998664855957,3.0149998664855957,3.0149998664855957,3.0149998664855957,3.0149998664855957,3.0149998664855957,3.0149998664855957,3.0149998664855957,DATE_ONLY,UNSUITABLE_MULTI_DAY_INUNDATION,Major,2080.0,25.4,150.0,-0.011,11800,8.3,13.9,130.0,1.75,10,Tree cover,0.8,0.08,0.04,0.08,,,,,,,,,,HISTORICAL_VINTAGE_UNAVAILABLE,,,,,,,UNAVAILABLE
FL-UK-2021-02,2021-10-18,2021-10-19T00:00:00,29.44999885559082,79.54999542236328,0.10999999940395355,0.2199999988079071,GPM_3IMERGHH_07,V07B,3B-HHR.MS.MRG.3IMERG.20211019-S000000-E002959.0000.V07B.HDF5,2021-10-19T00:00:00,DERIVED,extreme rainfall flood,False,0.10999999940395355,3.1249998658895493,3.1249998658895493,3.1249998658895493,3.1249998658895493,3.1249998658895493,3.1249998658895493,3.1249998658895493,DATE_ONLY,UNSUITABLE_MULTI_DAY_INUNDATION,Major,2080.0,25.4,150.0,-0.011,11800,8.3,13.9,130.0,1.75,10,Tree cover,0.8,0.08,0.04,0.08,,,,,,,,,,HISTORICAL_VINTAGE_UNAVAILABLE,,,,,,,UNAVAILABLE
FL-UK-2021-02,2021-10-18,2021-10-20T00:00:00,29.44999885559082,79.54999542236328,0.0,0.0,GPM_3IMERGHH_07,V07B,3B-HHR.MS.MRG.3IMERG.20211020-S000000-E002959.0000.V07B.HDF5,2021-10-20T00:00:00,DERIVED,extreme rainfall flood,False,0.0,0.10999999940395355,3.1249998658895493,3.1249998658895493,3.1249998658895493,3.1249998658895493,3.1249998658895493,3.1249998658895493,DATE_ONLY,UNSUITABLE_MULTI_DAY_INUNDATION,Major,2080.0,25.4,150.0,-0.011,11800,8.3,13.9,130.0,1.75,10,Tree cover,0.8,0.08,0.04,0.08,,,,,,,,,,HISTORICAL_VINTAGE_UNAVAILABLE,,,,,,,UNAVAILABLE
FL-UK-2022-01,2022-08-19,2022-08-16T00:00:00,30.25,78.04999542236328,0.0,0.0,GPM_3IMERGHH_07,V07B,3B-HHR.MS.MRG.3IMERG.20220816-S000000-E002959.0000.V07B.HDF5,2022-08-16T00:00:00,DIRECT,cloudburst-induced flood,True,0.0,0.0,0.0,0.0,0.0,0.0,0.0,0.0,DATE_ONLY,SUITABLE_RAINFALL_FLASH_FLOOD,Major,680.0,22.1,240.0,-0.009,18500,9.2,12.5,150.0,1.65,10,Tree cover,0.55,0.25,0.12,0.08,,,,,,,,,,HISTORICAL_VINTAGE_UNAVAILABLE,,,,,,,UNAVAILABLE
FL-UK-2022-01,2022-08-19,2022-08-17T00:00:00,30.25,78.04999542236328,0.0,0.0,GPM_3IMERGHH_07,V07B,3B-HHR.MS.MRG.3IMERG.20220817-S000000-E002959.0000.V07B.HDF5,2022-08-17T00:00:00,DIRECT,cloudburst-induced flood,True,0.0,0.0,0.0,0.0,0.0,0.0,0.0,0.0,DATE_ONLY,SUITABLE_RAINFALL_FLASH_FLOOD,Major,680.0,22.1,240.0,-0.009,18500,9.2,12.5,150.0,1.65,10,Tree cover,0.55,0.25,0.12,0.08,,,,,,,,,,HISTORICAL_VINTAGE_UNAVAILABLE,,,,,,,UNAVAILABLE
FL-UK-2022-01,2022-08-19,2022-08-18T00:00:00,30.25,78.04999542236328,0.0,0.0,GPM_3IMERGHH_07,V07B,3B-HHR.MS.MRG.3IMERG.20220818-S000000-E002959.0000.V07B.HDF5,2022-08-18T00:00:00,DIRECT,cloudburst-induced flood,True,0.0,0.0,0.0,0.0,0.0,0.0,0.0,0.0,DATE_ONLY,SUITABLE_RAINFALL_FLASH_FLOOD,Major,680.0,22.1,240.0,-0.009,18500,9.2,12.5,150.0,1.65,10,Tree cover,0.55,0.25,0.12,0.08,,,,,,,,,,HISTORICAL_VINTAGE_UNAVAILABLE,,,,,,,UNAVAILABLE
FL-UK-2022-01,2022-08-19,2022-08-19T00:00:00,30.25,78.04999542236328,0.0,0.0,GPM_3IMERGHH_07,V07B,3B-HHR.MS.MRG.3IMERG.20220819-S000000-E002959.0000.V07B.HDF5,2022-08-19T00:00:00,DIRECT,cloudburst-induced flood,True,0.0,0.0,0.0,0.0,0.0,0.0,0.0,0.0,DATE_ONLY,SUITABLE_RAINFALL_FLASH_FLOOD,Major,680.0,22.1,240.0,-0.009,18500,9.2,12.5,150.0,1.65,10,Tree cover,0.55,0.25,0.12,0.08,,,,,,,,,,HISTORICAL_VINTAGE_UNAVAILABLE,,,,,,,UNAVAILABLE
FL-UK-2022-01,2022-08-19,2022-08-20T00:00:00,30.25,78.04999542236328,2.8999998569488525,5.799999713897705,GPM_3IMERGHH_07,V07B,3B-HHR.MS.MRG.3IMERG.20220820-S000000-E002959.0000.V07B.HDF5,2022-08-20T00:00:00,DIRECT,cloudburst-induced flood,True,2.8999998569488525,2.8999998569488525,2.8999998569488525,2.8999998569488525,2.8999998569488525,2.8999998569488525,2.8999998569488525,2.8999998569488525,DATE_ONLY,SUITABLE_RAINFALL_FLASH_FLOOD,Major,680.0,22.1,240.0,-0.009,18500,9.2,12.5,150.0,1.65,10,Tree cover,0.55,0.25,0.12,0.08,,,,,,,,,,HISTORICAL_VINTAGE_UNAVAILABLE,,,,,,,UNAVAILABLE
FL-UK-2022-01,2022-08-19,2022-08-21T00:00:00,30.25,78.04999542236328,0.0,0.0,GPM_3IMERGHH_07,V07B,3B-HHR.MS.MRG.3IMERG.20220821-S000000-E002959.0000.V07B.HDF5,2022-08-21T00:00:00,DIRECT,cloudburst-induced flood,True,0.0,2.8999998569488525,2.8999998569488525,2.8999998569488525,2.8999998569488525,2.8999998569488525,2.8999998569488525,2.8999998569488525,DATE_ONLY,SUITABLE_RAINFALL_FLASH_FLOOD,Major,680.0,22.1,240.0,-0.009,18500,9.2,12.5,150.0,1.65,10,Tree cover,0.55,0.25,0.12,0.08,,,,,,,,,,HISTORICAL_VINTAGE_UNAVAILABLE,,,,,,,UNAVAILABLE
FL-UK-2022-01,2022-08-19,2022-08-16T00:00:00,30.25,78.1500015258789,0.0,0.0,GPM_3IMERGHH_07,V07B,3B-HHR.MS.MRG.3IMERG.20220816-S000000-E002959.0000.V07B.HDF5,2022-08-16T00:00:00,DIRECT,cloudburst-induced flood,True,0.0,0.0,0.0,0.0,0.0,0.0,0.0,0.0,DATE_ONLY,SUITABLE_RAINFALL_FLASH_FLOOD,Major,680.0,22.1,240.0,-0.009,18500,9.2,12.5,150.0,1.65,10,Tree cover,0.55,0.25,0.12,0.08,,,,,,,,,,HISTORICAL_VINTAGE_UNAVAILABLE,,,,,,,UNAVAILABLE
FL-UK-2022-01,2022-08-19,2022-08-17T00:00:00,30.25,78.1500015258789,0.0,0.0,GPM_3IMERGHH_07,V07B,3B-HHR.MS.MRG.3IMERG.20220817-S000000-E002959.0000.V07B.HDF5,2022-08-17T00:00:00,DIRECT,cloudburst-induced flood,True,0.0,0.0,0.0,0.0,0.0,0.0,0.0,0.0,DATE_ONLY,SUITABLE_RAINFALL_FLASH_FLOOD,Major,680.0,22.1,240.0,-0.009,18500,9.2,12.5,150.0,1.65,10,Tree cover,0.55,0.25,0.12,0.08,,,,,,,,,,HISTORICAL_VINTAGE_UNAVAILABLE,,,,,,,UNAVAILABLE
FL-UK-2022-01,2022-08-19,2022-08-18T00:00:00,30.25,78.1500015258789,0.0,0.0,GPM_3IMERGHH_07,V07B,3B-HHR.MS.MRG.3IMERG.20220818-S000000-E002959.0000.V07B.HDF5,2022-08-18T00:00:00,DIRECT,cloudburst-induced flood,True,0.0,0.0,0.0,0.0,0.0,0.0,0.0,0.0,DATE_ONLY,SUITABLE_RAINFALL_FLASH_FLOOD,Major,680.0,22.1,240.0,-0.009,18500,9.2,12.5,150.0,1.65,10,Tree cover,0.55,0.25,0.12,0.08,,,,,,,,,,HISTORICAL_VINTAGE_UNAVAILABLE,,,,,,,UNAVAILABLE
FL-UK-2022-01,2022-08-19,2022-08-19T00:00:00,30.25,78.1500015258789,0.0,0.0,GPM_3IMERGHH_07,V07B,3B-HHR.MS.MRG.3IMERG.20220819-S000000-E002959.0000.V07B.HDF5,2022-08-19T00:00:00,DIRECT,cloudburst-induced flood,True,0.0,0.0,0.0,0.0,0.0,0.0,0.0,0.0,DATE_ONLY,SUITABLE_RAINFALL_FLASH_FLOOD,Major,680.0,22.1,240.0,-0.009,18500,9.2,12.5,150.0,1.65,10,Tree cover,0.55,0.25,0.12,0.08,,,,,,,,,,HISTORICAL_VINTAGE_UNAVAILABLE,,,,,,,UNAVAILABLE
FL-UK-2022-01,2022-08-19,2022-08-20T00:00:00,30.25,78.1500015258789,4.835000038146973,9.670000076293945,GPM_3IMERGHH_07,V07B,3B-HHR.MS.MRG.3IMERG.20220820-S000000-E002959.0000.V07B.HDF5,2022-08-20T00:00:00,DIRECT,cloudburst-induced flood,True,4.835000038146973,4.835000038146973,4.835000038146973,4.835000038146973,4.835000038146973,4.835000038146973,4.835000038146973,4.835000038146973,DATE_ONLY,SUITABLE_RAINFALL_FLASH_FLOOD,Major,680.0,22.1,240.0,-0.009,18500,9.2,12.5,150.0,1.65,10,Tree cover,0.55,0.25,0.12,0.08,,,,,,,,,,HISTORICAL_VINTAGE_UNAVAILABLE,,,,,,,UNAVAILABLE
FL-UK-2022-01,2022-08-19,2022-08-21T00:00:00,30.25,78.1500015258789,0.0,0.0,GPM_3IMERGHH_07,V07B,3B-HHR.MS.MRG.3IMERG.20220821-S000000-E002959.0000.V07B.HDF5,2022-08-21T00:00:00,DIRECT,cloudburst-induced flood,True,0.0,4.835000038146973,4.835000038146973,4.835000038146973,4.835000038146973,4.835000038146973,4.835000038146973,4.835000038146973,DATE_ONLY,SUITABLE_RAINFALL_FLASH_FLOOD,Major,680.0,22.1,240.0,-0.009,18500,9.2,12.5,150.0,1.65,10,Tree cover,0.55,0.25,0.12,0.08,,,,,,,,,,HISTORICAL_VINTAGE_UNAVAILABLE,,,,,,,UNAVAILABLE
FL-UK-2022-01,2022-08-19,2022-08-16T00:00:00,30.25,78.25,0.0,0.0,GPM_3IMERGHH_07,V07B,3B-HHR.MS.MRG.3IMERG.20220816-S000000-E002959.0000.V07B.HDF5,2022-08-16T00:00:00,DIRECT,cloudburst-induced flood,True,0.0,0.0,0.0,0.0,0.0,0.0,0.0,0.0,DATE_ONLY,SUITABLE_RAINFALL_FLASH_FLOOD,Major,680.0,22.1,240.0,-0.009,18500,9.2,12.5,150.0,1.65,10,Tree cover,0.55,0.25,0.12,0.08,,,,,,,,,,HISTORICAL_VINTAGE_UNAVAILABLE,,,,,,,UNAVAILABLE
FL-UK-2022-01,2022-08-19,2022-08-17T00:00:00,30.25,78.25,0.0,0.0,GPM_3IMERGHH_07,V07B,3B-HHR.MS.MRG.3IMERG.20220817-S000000-E002959.0000.V07B.HDF5,2022-08-17T00:00:00,DIRECT,cloudburst-induced flood,True,0.0,0.0,0.0,0.0,0.0,0.0,0.0,0.0,DATE_ONLY,SUITABLE_RAINFALL_FLASH_FLOOD,Major,680.0,22.1,240.0,-0.009,18500,9.2,12.5,150.0,1.65,10,Tree cover,0.55,0.25,0.12,0.08,,,,,,,,,,HISTORICAL_VINTAGE_UNAVAILABLE,,,,,,,UNAVAILABLE
FL-UK-2022-01,2022-08-19,2022-08-18T00:00:00,30.25,78.25,0.0,0.0,GPM_3IMERGHH_07,V07B,3B-HHR.MS.MRG.3IMERG.20220818-S000000-E002959.0000.V07B.HDF5,2022-08-18T00:00:00,DIRECT,cloudburst-induced flood,True,0.0,0.0,0.0,0.0,0.0,0.0,0.0,0.0,DATE_ONLY,SUITABLE_RAINFALL_FLASH_FLOOD,Major,680.0,22.1,240.0,-0.009,18500,9.2,12.5,150.0,1.65,10,Tree cover,0.55,0.25,0.12,0.08,,,,,,,,,,HISTORICAL_VINTAGE_UNAVAILABLE,,,,,,,UNAVAILABLE
FL-UK-2022-01,2022-08-19,2022-08-19T00:00:00,30.25,78.25,0.0,0.0,GPM_3IMERGHH_07,V07B,3B-HHR.MS.MRG.3IMERG.20220819-S000000-E002959.0000.V07B.HDF5,2022-08-19T00:00:00,DIRECT,cloudburst-induced flood,True,0.0,0.0,0.0,0.0,0.0,0.0,0.0,0.0,DATE_ONLY,SUITABLE_RAINFALL_FLASH_FLOOD,Major,680.0,22.1,240.0,-0.009,18500,9.2,12.5,150.0,1.65,10,Tree cover,0.55,0.25,0.12,0.08,,,,,,,,,,HISTORICAL_VINTAGE_UNAVAILABLE,,,,,,,UNAVAILABLE
FL-UK-2022-01,2022-08-19,2022-08-20T00:00:00,30.25,78.25,5.414999961853027,10.829999923706055,GPM_3IMERGHH_07,V07B,3B-HHR.MS.MRG.3IMERG.20220820-S000000-E002959.0000.V07B.HDF5,2022-08-20T00:00:00,DIRECT,cloudburst-induced flood,True,5.414999961853027,5.414999961853027,5.414999961853027,5.414999961853027,5.414999961853027,5.414999961853027,5.414999961853027,5.414999961853027,DATE_ONLY,SUITABLE_RAINFALL_FLASH_FLOOD,Major,680.0,22.1,240.0,-0.009,18500,9.2,12.5,150.0,1.65,10,Tree cover,0.55,0.25,0.12,0.08,,,,,,,,,,HISTORICAL_VINTAGE_UNAVAILABLE,,,,,,,UNAVAILABLE
FL-UK-2022-01,2022-08-19,2022-08-21T00:00:00,30.25,78.25,0.0,0.0,GPM_3IMERGHH_07,V07B,3B-HHR.MS.MRG.3IMERG.20220821-S000000-E002959.0000.V07B.HDF5,2022-08-21T00:00:00,DIRECT,cloudburst-induced flood,True,0.0,5.414999961853027,5.414999961853027,5.414999961853027,5.414999961853027,5.414999961853027,5.414999961853027,5.414999961853027,DATE_ONLY,SUITABLE_RAINFALL_FLASH_FLOOD,Major,680.0,22.1,240.0,-0.009,18500,9.2,12.5,150.0,1.65,10,Tree cover,0.55,0.25,0.12,0.08,,,,,,,,,,HISTORICAL_VINTAGE_UNAVAILABLE,,,,,,,UNAVAILABLE
FL-UK-2022-01,2022-08-19,2022-08-16T00:00:00,30.349998474121094,78.04999542236328,0.0,0.0,GPM_3IMERGHH_07,V07B,3B-HHR.MS.MRG.3IMERG.20220816-S000000-E002959.0000.V07B.HDF5,2022-08-16T00:00:00,DIRECT,cloudburst-induced flood,True,0.0,0.0,0.0,0.0,0.0,0.0,0.0,0.0,DATE_ONLY,SUITABLE_RAINFALL_FLASH_FLOOD,Major,680.0,22.1,240.0,-0.009,18500,9.2,12.5,150.0,1.65,10,Tree cover,0.55,0.25,0.12,0.08,,,,,,,,,,HISTORICAL_VINTAGE_UNAVAILABLE,,,,,,,UNAVAILABLE
FL-UK-2022-01,2022-08-19,2022-08-17T00:00:00,30.349998474121094,78.04999542236328,0.0,0.0,GPM_3IMERGHH_07,V07B,3B-HHR.MS.MRG.3IMERG.20220817-S000000-E002959.0000.V07B.HDF5,2022-08-17T00:00:00,DIRECT,cloudburst-induced flood,True,0.0,0.0,0.0,0.0,0.0,0.0,0.0,0.0,DATE_ONLY,SUITABLE_RAINFALL_FLASH_FLOOD,Major,680.0,22.1,240.0,-0.009,18500,9.2,12.5,150.0,1.65,10,Tree cover,0.55,0.25,0.12,0.08,,,,,,,,,,HISTORICAL_VINTAGE_UNAVAILABLE,,,,,,,UNAVAILABLE
FL-UK-2022-01,2022-08-19,2022-08-18T00:00:00,30.349998474121094,78.04999542236328,0.0,0.0,GPM_3IMERGHH_07,V07B,3B-HHR.MS.MRG.3IMERG.20220818-S000000-E002959.0000.V07B.HDF5,2022-08-18T00:00:00,DIRECT,cloudburst-induced flood,True,0.0,0.0,0.0,0.0,0.0,0.0,0.0,0.0,DATE_ONLY,SUITABLE_RAINFALL_FLASH_FLOOD,Major,680.0,22.1,240.0,-0.009,18500,9.2,12.5,150.0,1.65,10,Tree cover,0.55,0.25,0.12,0.08,,,,,,,,,,HISTORICAL_VINTAGE_UNAVAILABLE,,,,,,,UNAVAILABLE
FL-UK-2022-01,2022-08-19,2022-08-19T00:00:00,30.349998474121094,78.04999542236328,0.0,0.0,GPM_3IMERGHH_07,V07B,3B-HHR.MS.MRG.3IMERG.20220819-S000000-E002959.0000.V07B.HDF5,2022-08-19T00:00:00,DIRECT,cloudburst-induced flood,True,0.0,0.0,0.0,0.0,0.0,0.0,0.0,0.0,DATE_ONLY,SUITABLE_RAINFALL_FLASH_FLOOD,Major,680.0,22.1,240.0,-0.009,18500,9.2,12.5,150.0,1.65,10,Tree cover,0.55,0.25,0.12,0.08,,,,,,,,,,HISTORICAL_VINTAGE_UNAVAILABLE,,,,,,,UNAVAILABLE
FL-UK-2022-01,2022-08-19,2022-08-20T00:00:00,30.349998474121094,78.04999542236328,3.369999885559082,6.739999771118164,GPM_3IMERGHH_07,V07B,3B-HHR.MS.MRG.3IMERG.20220820-S000000-E002959.0000.V07B.HDF5,2022-08-20T00:00:00,DIRECT,cloudburst-induced flood,True,3.369999885559082,3.369999885559082,3.369999885559082,3.369999885559082,3.369999885559082,3.369999885559082,3.369999885559082,3.369999885559082,DATE_ONLY,SUITABLE_RAINFALL_FLASH_FLOOD,Major,680.0,22.1,240.0,-0.009,18500,9.2,12.5,150.0,1.65,10,Tree cover,0.55,0.25,0.12,0.08,,,,,,,,,,HISTORICAL_VINTAGE_UNAVAILABLE,,,,,,,UNAVAILABLE
FL-UK-2022-01,2022-08-19,2022-08-21T00:00:00,30.349998474121094,78.04999542236328,0.0,0.0,GPM_3IMERGHH_07,V07B,3B-HHR.MS.MRG.3IMERG.20220821-S000000-E002959.0000.V07B.HDF5,2022-08-21T00:00:00,DIRECT,cloudburst-induced flood,True,0.0,3.369999885559082,3.369999885559082,3.369999885559082,3.369999885559082,3.369999885559082,3.369999885559082,3.369999885559082,DATE_ONLY,SUITABLE_RAINFALL_FLASH_FLOOD,Major,680.0,22.1,240.0,-0.009,18500,9.2,12.5,150.0,1.65,10,Tree cover,0.55,0.25,0.12,0.08,,,,,,,,,,HISTORICAL_VINTAGE_UNAVAILABLE,,,,,,,UNAVAILABLE
FL-UK-2022-01,2022-08-19,2022-08-16T00:00:00,30.349998474121094,78.1500015258789,0.0,0.0,GPM_3IMERGHH_07,V07B,3B-HHR.MS.MRG.3IMERG.20220816-S000000-E002959.0000.V07B.HDF5,2022-08-16T00:00:00,DIRECT,cloudburst-induced flood,True,0.0,0.0,0.0,0.0,0.0,0.0,0.0,0.0,DATE_ONLY,SUITABLE_RAINFALL_FLASH_FLOOD,Major,680.0,22.1,240.0,-0.009,18500,9.2,12.5,150.0,1.65,10,Tree cover,0.55,0.25,0.12,0.08,,,,,,,,,,HISTORICAL_VINTAGE_UNAVAILABLE,,,,,,,UNAVAILABLE
FL-UK-2022-01,2022-08-19,2022-08-17T00:00:00,30.349998474121094,78.1500015258789,0.0,0.0,GPM_3IMERGHH_07,V07B,3B-HHR.MS.MRG.3IMERG.20220817-S000000-E002959.0000.V07B.HDF5,2022-08-17T00:00:00,DIRECT,cloudburst-induced flood,True,0.0,0.0,0.0,0.0,0.0,0.0,0.0,0.0,DATE_ONLY,SUITABLE_RAINFALL_FLASH_FLOOD,Major,680.0,22.1,240.0,-0.009,18500,9.2,12.5,150.0,1.65,10,Tree cover,0.55,0.25,0.12,0.08,,,,,,,,,,HISTORICAL_VINTAGE_UNAVAILABLE,,,,,,,UNAVAILABLE
FL-UK-2022-01,2022-08-19,2022-08-18T00:00:00,30.349998474121094,78.1500015258789,0.0,0.0,GPM_3IMERGHH_07,V07B,3B-HHR.MS.MRG.3IMERG.20220818-S000000-E002959.0000.V07B.HDF5,2022-08-18T00:00:00,DIRECT,cloudburst-induced flood,True,0.0,0.0,0.0,0.0,0.0,0.0,0.0,0.0,DATE_ONLY,SUITABLE_RAINFALL_FLASH_FLOOD,Major,680.0,22.1,240.0,-0.009,18500,9.2,12.5,150.0,1.65,10,Tree cover,0.55,0.25,0.12,0.08,,,,,,,,,,HISTORICAL_VINTAGE_UNAVAILABLE,,,,,,,UNAVAILABLE
FL-UK-2022-01,2022-08-19,2022-08-19T00:00:00,30.349998474121094,78.1500015258789,0.0,0.0,GPM_3IMERGHH_07,V07B,3B-HHR.MS.MRG.3IMERG.20220819-S000000-E002959.0000.V07B.HDF5,2022-08-19T00:00:00,DIRECT,cloudburst-induced flood,True,0.0,0.0,0.0,0.0,0.0,0.0,0.0,0.0,DATE_ONLY,SUITABLE_RAINFALL_FLASH_FLOOD,Major,680.0,22.1,240.0,-0.009,18500,9.2,12.5,150.0,1.65,10,Tree cover,0.55,0.25,0.12,0.08,,,,,,,,,,HISTORICAL_VINTAGE_UNAVAILABLE,,,,,,,UNAVAILABLE
FL-UK-2022-01,2022-08-19,2022-08-20T00:00:00,30.349998474121094,78.1500015258789,11.5,23.0,GPM_3IMERGHH_07,V07B,3B-HHR.MS.MRG.3IMERG.20220820-S000000-E002959.0000.V07B.HDF5,2022-08-20T00:00:00,DIRECT,cloudburst-induced flood,True,11.5,11.5,11.5,11.5,11.5,11.5,11.5,11.5,DATE_ONLY,SUITABLE_RAINFALL_FLASH_FLOOD,Major,680.0,22.1,240.0,-0.009,18500,9.2,12.5,150.0,1.65,10,Tree cover,0.55,0.25,0.12,0.08,,,,,,,,,,HISTORICAL_VINTAGE_UNAVAILABLE,,,,,,,UNAVAILABLE
FL-UK-2022-01,2022-08-19,2022-08-21T00:00:00,30.349998474121094,78.1500015258789,0.0,0.0,GPM_3IMERGHH_07,V07B,3B-HHR.MS.MRG.3IMERG.20220821-S000000-E002959.0000.V07B.HDF5,2022-08-21T00:00:00,DIRECT,cloudburst-induced flood,True,0.0,11.5,11.5,11.5,11.5,11.5,11.5,11.5,DATE_ONLY,SUITABLE_RAINFALL_FLASH_FLOOD,Major,680.0,22.1,240.0,-0.009,18500,9.2,12.5,150.0,1.65,10,Tree cover,0.55,0.25,0.12,0.08,,,,,,,,,,HISTORICAL_VINTAGE_UNAVAILABLE,,,,,,,UNAVAILABLE
FL-UK-2022-01,2022-08-19,2022-08-16T00:00:00,30.349998474121094,78.25,0.0,0.0,GPM_3IMERGHH_07,V07B,3B-HHR.MS.MRG.3IMERG.20220816-S000000-E002959.0000.V07B.HDF5,2022-08-16T00:00:00,DIRECT,cloudburst-induced flood,True,0.0,0.0,0.0,0.0,0.0,0.0,0.0,0.0,DATE_ONLY,SUITABLE_RAINFALL_FLASH_FLOOD,Major,680.0,22.1,240.0,-0.009,18500,9.2,12.5,150.0,1.65,10,Tree cover,0.55,0.25,0.12,0.08,,,,,,,,,,HISTORICAL_VINTAGE_UNAVAILABLE,,,,,,,UNAVAILABLE
FL-UK-2022-01,2022-08-19,2022-08-17T00:00:00,30.349998474121094,78.25,0.0,0.0,GPM_3IMERGHH_07,V07B,3B-HHR.MS.MRG.3IMERG.20220817-S000000-E002959.0000.V07B.HDF5,2022-08-17T00:00:00,DIRECT,cloudburst-induced flood,True,0.0,0.0,0.0,0.0,0.0,0.0,0.0,0.0,DATE_ONLY,SUITABLE_RAINFALL_FLASH_FLOOD,Major,680.0,22.1,240.0,-0.009,18500,9.2,12.5,150.0,1.65,10,Tree cover,0.55,0.25,0.12,0.08,,,,,,,,,,HISTORICAL_VINTAGE_UNAVAILABLE,,,,,,,UNAVAILABLE
FL-UK-2022-01,2022-08-19,2022-08-18T00:00:00,30.349998474121094,78.25,0.0,0.0,GPM_3IMERGHH_07,V07B,3B-HHR.MS.MRG.3IMERG.20220818-S000000-E002959.0000.V07B.HDF5,2022-08-18T00:00:00,DIRECT,cloudburst-induced flood,True,0.0,0.0,0.0,0.0,0.0,0.0,0.0,0.0,DATE_ONLY,SUITABLE_RAINFALL_FLASH_FLOOD,Major,680.0,22.1,240.0,-0.009,18500,9.2,12.5,150.0,1.65,10,Tree cover,0.55,0.25,0.12,0.08,,,,,,,,,,HISTORICAL_VINTAGE_UNAVAILABLE,,,,,,,UNAVAILABLE
FL-UK-2022-01,2022-08-19,2022-08-19T00:00:00,30.349998474121094,78.25,0.0,0.0,GPM_3IMERGHH_07,V07B,3B-HHR.MS.MRG.3IMERG.20220819-S000000-E002959.0000.V07B.HDF5,2022-08-19T00:00:00,DIRECT,cloudburst-induced flood,True,0.0,0.0,0.0,0.0,0.0,0.0,0.0,0.0,DATE_ONLY,SUITABLE_RAINFALL_FLASH_FLOOD,Major,680.0,22.1,240.0,-0.009,18500,9.2,12.5,150.0,1.65,10,Tree cover,0.55,0.25,0.12,0.08,,,,,,,,,,HISTORICAL_VINTAGE_UNAVAILABLE,,,,,,,UNAVAILABLE
FL-UK-2022-01,2022-08-19,2022-08-20T00:00:00,30.349998474121094,78.25,6.09499979019165,12.1899995803833,GPM_3IMERGHH_07,V07B,3B-HHR.MS.MRG.3IMERG.20220820-S000000-E002959.0000.V07B.HDF5,2022-08-20T00:00:00,DIRECT,cloudburst-induced flood,True,6.09499979019165,6.09499979019165,6.09499979019165,6.09499979019165,6.09499979019165,6.09499979019165,6.09499979019165,6.09499979019165,DATE_ONLY,SUITABLE_RAINFALL_FLASH_FLOOD,Major,680.0,22.1,240.0,-0.009,18500,9.2,12.5,150.0,1.65,10,Tree cover,0.55,0.25,0.12,0.08,,,,,,,,,,HISTORICAL_VINTAGE_UNAVAILABLE,,,,,,,UNAVAILABLE
FL-UK-2022-01,2022-08-19,2022-08-21T00:00:00,30.349998474121094,78.25,0.0,0.0,GPM_3IMERGHH_07,V07B,3B-HHR.MS.MRG.3IMERG.20220821-S000000-E002959.0000.V07B.HDF5,2022-08-21T00:00:00,DIRECT,cloudburst-induced flood,True,0.0,6.09499979019165,6.09499979019165,6.09499979019165,6.09499979019165,6.09499979019165,6.09499979019165,6.09499979019165,DATE_ONLY,SUITABLE_RAINFALL_FLASH_FLOOD,Major,680.0,22.1,240.0,-0.009,18500,9.2,12.5,150.0,1.65,10,Tree cover,0.55,0.25,0.12,0.08,,,,,,,,,,HISTORICAL_VINTAGE_UNAVAILABLE,,,,,,,UNAVAILABLE
FL-UK-2022-01,2022-08-19,2022-08-16T00:00:00,30.44999885559082,78.04999542236328,0.0,0.0,GPM_3IMERGHH_07,V07B,3B-HHR.MS.MRG.3IMERG.20220816-S000000-E002959.0000.V07B.HDF5,2022-08-16T00:00:00,DIRECT,cloudburst-induced flood,True,0.0,0.0,0.0,0.0,0.0,0.0,0.0,0.0,DATE_ONLY,SUITABLE_RAINFALL_FLASH_FLOOD,Major,680.0,22.1,240.0,-0.009,18500,9.2,12.5,150.0,1.65,10,Tree cover,0.55,0.25,0.12,0.08,,,,,,,,,,HISTORICAL_VINTAGE_UNAVAILABLE,,,,,,,UNAVAILABLE
FL-UK-2022-01,2022-08-19,2022-08-17T00:00:00,30.44999885559082,78.04999542236328,0.0,0.0,GPM_3IMERGHH_07,V07B,3B-HHR.MS.MRG.3IMERG.20220817-S000000-E002959.0000.V07B.HDF5,2022-08-17T00:00:00,DIRECT,cloudburst-induced flood,True,0.0,0.0,0.0,0.0,0.0,0.0,0.0,0.0,DATE_ONLY,SUITABLE_RAINFALL_FLASH_FLOOD,Major,680.0,22.1,240.0,-0.009,18500,9.2,12.5,150.0,1.65,10,Tree cover,0.55,0.25,0.12,0.08,,,,,,,,,,HISTORICAL_VINTAGE_UNAVAILABLE,,,,,,,UNAVAILABLE
FL-UK-2022-01,2022-08-19,2022-08-18T00:00:00,30.44999885559082,78.04999542236328,0.0,0.0,GPM_3IMERGHH_07,V07B,3B-HHR.MS.MRG.3IMERG.20220818-S000000-E002959.0000.V07B.HDF5,2022-08-18T00:00:00,DIRECT,cloudburst-induced flood,True,0.0,0.0,0.0,0.0,0.0,0.0,0.0,0.0,DATE_ONLY,SUITABLE_RAINFALL_FLASH_FLOOD,Major,680.0,22.1,240.0,-0.009,18500,9.2,12.5,150.0,1.65,10,Tree cover,0.55,0.25,0.12,0.08,,,,,,,,,,HISTORICAL_VINTAGE_UNAVAILABLE,,,,,,,UNAVAILABLE
FL-UK-2022-01,2022-08-19,2022-08-19T00:00:00,30.44999885559082,78.04999542236328,0.0,0.0,GPM_3IMERGHH_07,V07B,3B-HHR.MS.MRG.3IMERG.20220819-S000000-E002959.0000.V07B.HDF5,2022-08-19T00:00:00,DIRECT,cloudburst-induced flood,True,0.0,0.0,0.0,0.0,0.0,0.0,0.0,0.0,DATE_ONLY,SUITABLE_RAINFALL_FLASH_FLOOD,Major,680.0,22.1,240.0,-0.009,18500,9.2,12.5,150.0,1.65,10,Tree cover,0.55,0.25,0.12,0.08,,,,,,,,,,HISTORICAL_VINTAGE_UNAVAILABLE,,,,,,,UNAVAILABLE
FL-UK-2022-01,2022-08-19,2022-08-20T00:00:00,30.44999885559082,78.04999542236328,2.7200000286102295,5.440000057220459,GPM_3IMERGHH_07,V07B,3B-HHR.MS.MRG.3IMERG.20220820-S000000-E002959.0000.V07B.HDF5,2022-08-20T00:00:00,DIRECT,cloudburst-induced flood,True,2.7200000286102295,2.7200000286102295,2.7200000286102295,2.7200000286102295,2.7200000286102295,2.7200000286102295,2.7200000286102295,2.7200000286102295,DATE_ONLY,SUITABLE_RAINFALL_FLASH_FLOOD,Major,680.0,22.1,240.0,-0.009,18500,9.2,12.5,150.0,1.65,10,Tree cover,0.55,0.25,0.12,0.08,,,,,,,,,,HISTORICAL_VINTAGE_UNAVAILABLE,,,,,,,UNAVAILABLE
FL-UK-2022-01,2022-08-19,2022-08-21T00:00:00,30.44999885559082,78.04999542236328,0.0,0.0,GPM_3IMERGHH_07,V07B,3B-HHR.MS.MRG.3IMERG.20220821-S000000-E002959.0000.V07B.HDF5,2022-08-21T00:00:00,DIRECT,cloudburst-induced flood,True,0.0,2.7200000286102295,2.7200000286102295,2.7200000286102295,2.7200000286102295,2.7200000286102295,2.7200000286102295,2.7200000286102295,DATE_ONLY,SUITABLE_RAINFALL_FLASH_FLOOD,Major,680.0,22.1,240.0,-0.009,18500,9.2,12.5,150.0,1.65,10,Tree cover,0.55,0.25,0.12,0.08,,,,,,,,,,HISTORICAL_VINTAGE_UNAVAILABLE,,,,,,,UNAVAILABLE
FL-UK-2022-01,2022-08-19,2022-08-16T00:00:00,30.44999885559082,78.1500015258789,0.0,0.0,GPM_3IMERGHH_07,V07B,3B-HHR.MS.MRG.3IMERG.20220816-S000000-E002959.0000.V07B.HDF5,2022-08-16T00:00:00,DIRECT,cloudburst-induced flood,True,0.0,0.0,0.0,0.0,0.0,0.0,0.0,0.0,DATE_ONLY,SUITABLE_RAINFALL_FLASH_FLOOD,Major,680.0,22.1,240.0,-0.009,18500,9.2,12.5,150.0,1.65,10,Tree cover,0.55,0.25,0.12,0.08,,,,,,,,,,HISTORICAL_VINTAGE_UNAVAILABLE,,,,,,,UNAVAILABLE
FL-UK-2022-01,2022-08-19,2022-08-17T00:00:00,30.44999885559082,78.1500015258789,0.0,0.0,GPM_3IMERGHH_07,V07B,3B-HHR.MS.MRG.3IMERG.20220817-S000000-E002959.0000.V07B.HDF5,2022-08-17T00:00:00,DIRECT,cloudburst-induced flood,True,0.0,0.0,0.0,0.0,0.0,0.0,0.0,0.0,DATE_ONLY,SUITABLE_RAINFALL_FLASH_FLOOD,Major,680.0,22.1,240.0,-0.009,18500,9.2,12.5,150.0,1.65,10,Tree cover,0.55,0.25,0.12,0.08,,,,,,,,,,HISTORICAL_VINTAGE_UNAVAILABLE,,,,,,,UNAVAILABLE
FL-UK-2022-01,2022-08-19,2022-08-18T00:00:00,30.44999885559082,78.1500015258789,0.0,0.0,GPM_3IMERGHH_07,V07B,3B-HHR.MS.MRG.3IMERG.20220818-S000000-E002959.0000.V07B.HDF5,2022-08-18T00:00:00,DIRECT,cloudburst-induced flood,True,0.0,0.0,0.0,0.0,0.0,0.0,0.0,0.0,DATE_ONLY,SUITABLE_RAINFALL_FLASH_FLOOD,Major,680.0,22.1,240.0,-0.009,18500,9.2,12.5,150.0,1.65,10,Tree cover,0.55,0.25,0.12,0.08,,,,,,,,,,HISTORICAL_VINTAGE_UNAVAILABLE,,,,,,,UNAVAILABLE
FL-UK-2022-01,2022-08-19,2022-08-19T00:00:00,30.44999885559082,78.1500015258789,0.0,0.0,GPM_3IMERGHH_07,V07B,3B-HHR.MS.MRG.3IMERG.20220819-S000000-E002959.0000.V07B.HDF5,2022-08-19T00:00:00,DIRECT,cloudburst-induced flood,True,0.0,0.0,0.0,0.0,0.0,0.0,0.0,0.0,DATE_ONLY,SUITABLE_RAINFALL_FLASH_FLOOD,Major,680.0,22.1,240.0,-0.009,18500,9.2,12.5,150.0,1.65,10,Tree cover,0.55,0.25,0.12,0.08,,,,,,,,,,HISTORICAL_VINTAGE_UNAVAILABLE,,,,,,,UNAVAILABLE
FL-UK-2022-01,2022-08-19,2022-08-20T00:00:00,30.44999885559082,78.1500015258789,4.835000038146973,9.670000076293945,GPM_3IMERGHH_07,V07B,3B-HHR.MS.MRG.3IMERG.20220820-S000000-E002959.0000.V07B.HDF5,2022-08-20T00:00:00,DIRECT,cloudburst-induced flood,True,4.835000038146973,4.835000038146973,4.835000038146973,4.835000038146973,4.835000038146973,4.835000038146973,4.835000038146973,4.835000038146973,DATE_ONLY,SUITABLE_RAINFALL_FLASH_FLOOD,Major,680.0,22.1,240.0,-0.009,18500,9.2,12.5,150.0,1.65,10,Tree cover,0.55,0.25,0.12,0.08,,,,,,,,,,HISTORICAL_VINTAGE_UNAVAILABLE,,,,,,,UNAVAILABLE
FL-UK-2022-01,2022-08-19,2022-08-21T00:00:00,30.44999885559082,78.1500015258789,0.0,0.0,GPM_3IMERGHH_07,V07B,3B-HHR.MS.MRG.3IMERG.20220821-S000000-E002959.0000.V07B.HDF5,2022-08-21T00:00:00,DIRECT,cloudburst-induced flood,True,0.0,4.835000038146973,4.835000038146973,4.835000038146973,4.835000038146973,4.835000038146973,4.835000038146973,4.835000038146973,DATE_ONLY,SUITABLE_RAINFALL_FLASH_FLOOD,Major,680.0,22.1,240.0,-0.009,18500,9.2,12.5,150.0,1.65,10,Tree cover,0.55,0.25,0.12,0.08,,,,,,,,,,HISTORICAL_VINTAGE_UNAVAILABLE,,,,,,,UNAVAILABLE
FL-UK-2022-01,2022-08-19,2022-08-16T00:00:00,30.44999885559082,78.25,0.0,0.0,GPM_3IMERGHH_07,V07B,3B-HHR.MS.MRG.3IMERG.20220816-S000000-E002959.0000.V07B.HDF5,2022-08-16T00:00:00,DIRECT,cloudburst-induced flood,True,0.0,0.0,0.0,0.0,0.0,0.0,0.0,0.0,DATE_ONLY,SUITABLE_RAINFALL_FLASH_FLOOD,Major,680.0,22.1,240.0,-0.009,18500,9.2,12.5,150.0,1.65,10,Tree cover,0.55,0.25,0.12,0.08,,,,,,,,,,HISTORICAL_VINTAGE_UNAVAILABLE,,,,,,,UNAVAILABLE
FL-UK-2022-01,2022-08-19,2022-08-17T00:00:00,30.44999885559082,78.25,0.0,0.0,GPM_3IMERGHH_07,V07B,3B-HHR.MS.MRG.3IMERG.20220817-S000000-E002959.0000.V07B.HDF5,2022-08-17T00:00:00,DIRECT,cloudburst-induced flood,True,0.0,0.0,0.0,0.0,0.0,0.0,0.0,0.0,DATE_ONLY,SUITABLE_RAINFALL_FLASH_FLOOD,Major,680.0,22.1,240.0,-0.009,18500,9.2,12.5,150.0,1.65,10,Tree cover,0.55,0.25,0.12,0.08,,,,,,,,,,HISTORICAL_VINTAGE_UNAVAILABLE,,,,,,,UNAVAILABLE
FL-UK-2022-01,2022-08-19,2022-08-18T00:00:00,30.44999885559082,78.25,0.0,0.0,GPM_3IMERGHH_07,V07B,3B-HHR.MS.MRG.3IMERG.20220818-S000000-E002959.0000.V07B.HDF5,2022-08-18T00:00:00,DIRECT,cloudburst-induced flood,True,0.0,0.0,0.0,0.0,0.0,0.0,0.0,0.0,DATE_ONLY,SUITABLE_RAINFALL_FLASH_FLOOD,Major,680.0,22.1,240.0,-0.009,18500,9.2,12.5,150.0,1.65,10,Tree cover,0.55,0.25,0.12,0.08,,,,,,,,,,HISTORICAL_VINTAGE_UNAVAILABLE,,,,,,,UNAVAILABLE
FL-UK-2022-01,2022-08-19,2022-08-19T00:00:00,30.44999885559082,78.25,0.0,0.0,GPM_3IMERGHH_07,V07B,3B-HHR.MS.MRG.3IMERG.20220819-S000000-E002959.0000.V07B.HDF5,2022-08-19T00:00:00,DIRECT,cloudburst-induced flood,True,0.0,0.0,0.0,0.0,0.0,0.0,0.0,0.0,DATE_ONLY,SUITABLE_RAINFALL_FLASH_FLOOD,Major,680.0,22.1,240.0,-0.009,18500,9.2,12.5,150.0,1.65,10,Tree cover,0.55,0.25,0.12,0.08,,,,,,,,,,HISTORICAL_VINTAGE_UNAVAILABLE,,,,,,,UNAVAILABLE
FL-UK-2022-01,2022-08-19,2022-08-20T00:00:00,30.44999885559082,78.25,10.824999809265137,21.649999618530273,GPM_3IMERGHH_07,V07B,3B-HHR.MS.MRG.3IMERG.20220820-S000000-E002959.0000.V07B.HDF5,2022-08-20T00:00:00,DIRECT,cloudburst-induced flood,True,10.824999809265137,10.824999809265137,10.824999809265137,10.824999809265137,10.824999809265137,10.824999809265137,10.824999809265137,10.824999809265137,DATE_ONLY,SUITABLE_RAINFALL_FLASH_FLOOD,Major,680.0,22.1,240.0,-0.009,18500,9.2,12.5,150.0,1.65,10,Tree cover,0.55,0.25,0.12,0.08,,,,,,,,,,HISTORICAL_VINTAGE_UNAVAILABLE,,,,,,,UNAVAILABLE
FL-UK-2022-01,2022-08-19,2022-08-21T00:00:00,30.44999885559082,78.25,0.0,0.0,GPM_3IMERGHH_07,V07B,3B-HHR.MS.MRG.3IMERG.20220821-S000000-E002959.0000.V07B.HDF5,2022-08-21T00:00:00,DIRECT,cloudburst-induced flood,True,0.0,10.824999809265137,10.824999809265137,10.824999809265137,10.824999809265137,10.824999809265137,10.824999809265137,10.824999809265137,DATE_ONLY,SUITABLE_RAINFALL_FLASH_FLOOD,Major,680.0,22.1,240.0,-0.009,18500,9.2,12.5,150.0,1.65,10,Tree cover,0.55,0.25,0.12,0.08,,,,,,,,,,HISTORICAL_VINTAGE_UNAVAILABLE,,,,,,,UNAVAILABLE
FL-UK-2023-01,2023-08-04,2023-08-01T00:00:00,30.44999885559082,78.94999694824219,0.0,0.0,GPM_3IMERGHH_07,V07B,3B-HHR.MS.MRG.3IMERG.20230801-S000000-E002959.0000.V07B.HDF5,2023-08-01T00:00:00,DERIVED,flash flood,True,0.0,0.0,0.0,0.0,0.0,0.0,0.0,0.0,DATE_ONLY,SUITABLE_RAINFALL_FLASH_FLOOD,Moderate,1780.0,28.9,195.0,-0.016,9200,7.45,15.6,85.0,2.08,10,Tree cover,0.68,0.12,0.03,0.17,,,,,,,,,,HISTORICAL_VINTAGE_UNAVAILABLE,,,,,,,UNAVAILABLE
FL-UK-2023-01,2023-08-04,2023-08-02T00:00:00,30.44999885559082,78.94999694824219,0.0,0.0,GPM_3IMERGHH_07,V07B,3B-HHR.MS.MRG.3IMERG.20230802-S000000-E002959.0000.V07B.HDF5,2023-08-02T00:00:00,DERIVED,flash flood,True,0.0,0.0,0.0,0.0,0.0,0.0,0.0,0.0,DATE_ONLY,SUITABLE_RAINFALL_FLASH_FLOOD,Moderate,1780.0,28.9,195.0,-0.016,9200,7.45,15.6,85.0,2.08,10,Tree cover,0.68,0.12,0.03,0.17,,,,,,,,,,HISTORICAL_VINTAGE_UNAVAILABLE,,,,,,,UNAVAILABLE
FL-UK-2023-01,2023-08-04,2023-08-03T00:00:00,30.44999885559082,78.94999694824219,0.10499999672174454,0.20999999344348907,GPM_3IMERGHH_07,V07B,3B-HHR.MS.MRG.3IMERG.20230803-S000000-E002959.0000.V07B.HDF5,2023-08-03T00:00:00,DERIVED,flash flood,True,0.10499999672174454,0.10499999672174454,0.10499999672174454,0.10499999672174454,0.10499999672174454,0.10499999672174454,0.10499999672174454,0.10499999672174454,DATE_ONLY,SUITABLE_RAINFALL_FLASH_FLOOD,Moderate,1780.0,28.9,195.0,-0.016,9200,7.45,15.6,85.0,2.08,10,Tree cover,0.68,0.12,0.03,0.17,,,,,,,,,,HISTORICAL_VINTAGE_UNAVAILABLE,,,,,,,UNAVAILABLE
FL-UK-2023-01,2023-08-04,2023-08-04T00:00:00,30.44999885559082,78.94999694824219,2.0149998664855957,4.029999732971191,GPM_3IMERGHH_07,V07B,3B-HHR.MS.MRG.3IMERG.20230804-S000000-E002959.0000.V07B.HDF5,2023-08-04T00:00:00,DERIVED,flash flood,True,2.0149998664855957,2.1199998632073402,2.1199998632073402,2.1199998632073402,2.1199998632073402,2.1199998632073402,2.1199998632073402,2.1199998632073402,DATE_ONLY,SUITABLE_RAINFALL_FLASH_FLOOD,Moderate,1780.0,28.9,195.0,-0.016,9200,7.45,15.6,85.0,2.08,10,Tree cover,0.68,0.12,0.03,0.17,,,,,,,,,,HISTORICAL_VINTAGE_UNAVAILABLE,,,,,,,UNAVAILABLE
FL-UK-2023-01,2023-08-04,2023-08-05T00:00:00,30.44999885559082,78.94999694824219,0.0,0.0,GPM_3IMERGHH_07,V07B,3B-HHR.MS.MRG.3IMERG.20230805-S000000-E002959.0000.V07B.HDF5,2023-08-05T00:00:00,DERIVED,flash flood,True,0.0,2.0149998664855957,2.1199998632073402,2.1199998632073402,2.1199998632073402,2.1199998632073402,2.1199998632073402,2.1199998632073402,DATE_ONLY,SUITABLE_RAINFALL_FLASH_FLOOD,Moderate,1780.0,28.9,195.0,-0.016,9200,7.45,15.6,85.0,2.08,10,Tree cover,0.68,0.12,0.03,0.17,,,,,,,,,,HISTORICAL_VINTAGE_UNAVAILABLE,,,,,,,UNAVAILABLE
FL-UK-2023-01,2023-08-04,2023-08-06T00:00:00,30.44999885559082,78.94999694824219,0.6299999952316284,1.2599999904632568,GPM_3IMERGHH_07,V07B,3B-HHR.MS.MRG.3IMERG.20230806-S000000-E002959.0000.V07B.HDF5,2023-08-06T00:00:00,DERIVED,flash flood,True,0.6299999952316284,0.6299999952316284,2.7499998584389687,2.7499998584389687,2.7499998584389687,2.7499998584389687,2.7499998584389687,2.7499998584389687,DATE_ONLY,SUITABLE_RAINFALL_FLASH_FLOOD,Moderate,1780.0,28.9,195.0,-0.016,9200,7.45,15.6,85.0,2.08,10,Tree cover,0.68,0.12,0.03,0.17,,,,,,,,,,HISTORICAL_VINTAGE_UNAVAILABLE,,,,,,,UNAVAILABLE
FL-UK-2023-01,2023-08-04,2023-08-01T00:00:00,30.44999885559082,79.04999542236328,0.0,0.0,GPM_3IMERGHH_07,V07B,3B-HHR.MS.MRG.3IMERG.20230801-S000000-E002959.0000.V07B.HDF5,2023-08-01T00:00:00,DERIVED,flash flood,True,0.0,0.0,0.0,0.0,0.0,0.0,0.0,0.0,DATE_ONLY,SUITABLE_RAINFALL_FLASH_FLOOD,Moderate,1780.0,28.9,195.0,-0.016,9200,7.45,15.6,85.0,2.08,10,Tree cover,0.68,0.12,0.03,0.17,,,,,,,,,,HISTORICAL_VINTAGE_UNAVAILABLE,,,,,,,UNAVAILABLE
FL-UK-2023-01,2023-08-04,2023-08-02T00:00:00,30.44999885559082,79.04999542236328,0.4949999749660492,0.9899999499320984,GPM_3IMERGHH_07,V07B,3B-HHR.MS.MRG.3IMERG.20230802-S000000-E002959.0000.V07B.HDF5,2023-08-02T00:00:00,DERIVED,flash flood,True,0.4949999749660492,0.4949999749660492,0.4949999749660492,0.4949999749660492,0.4949999749660492,0.4949999749660492,0.4949999749660492,0.4949999749660492,DATE_ONLY,SUITABLE_RAINFALL_FLASH_FLOOD,Moderate,1780.0,28.9,195.0,-0.016,9200,7.45,15.6,85.0,2.08,10,Tree cover,0.68,0.12,0.03,0.17,,,,,,,,,,HISTORICAL_VINTAGE_UNAVAILABLE,,,,,,,UNAVAILABLE
FL-UK-2023-01,2023-08-04,2023-08-03T00:00:00,30.44999885559082,79.04999542236328,0.0949999988079071,0.1899999976158142,GPM_3IMERGHH_07,V07B,3B-HHR.MS.MRG.3IMERG.20230803-S000000-E002959.0000.V07B.HDF5,2023-08-03T00:00:00,DERIVED,flash flood,True,0.0949999988079071,0.5899999737739563,0.5899999737739563,0.5899999737739563,0.5899999737739563,0.5899999737739563,0.5899999737739563,0.5899999737739563,DATE_ONLY,SUITABLE_RAINFALL_FLASH_FLOOD,Moderate,1780.0,28.9,195.0,-0.016,9200,7.45,15.6,85.0,2.08,10,Tree cover,0.68,0.12,0.03,0.17,,,,,,,,,,HISTORICAL_VINTAGE_UNAVAILABLE,,,,,,,UNAVAILABLE
FL-UK-2023-01,2023-08-04,2023-08-04T00:00:00,30.44999885559082,79.04999542236328,2.875,5.75,GPM_3IMERGHH_07,V07B,3B-HHR.MS.MRG.3IMERG.20230804-S000000-E002959.0000.V07B.HDF5,2023-08-04T00:00:00,DERIVED,flash flood,True,2.875,2.969999998807907,3.4649999737739563,3.4649999737739563,3.4649999737739563,3.4649999737739563,3.4649999737739563,3.4649999737739563,DATE_ONLY,SUITABLE_RAINFALL_FLASH_FLOOD,Moderate,1780.0,28.9,195.0,-0.016,9200,7.45,15.6,85.0,2.08,10,Tree cover,0.68,0.12,0.03,0.17,,,,,,,,,,HISTORICAL_VINTAGE_UNAVAILABLE,,,,,,,UNAVAILABLE
FL-UK-2023-01,2023-08-04,2023-08-05T00:00:00,30.44999885559082,79.04999542236328,0.07000000029802322,0.14000000059604645,GPM_3IMERGHH_07,V07B,3B-HHR.MS.MRG.3IMERG.20230805-S000000-E002959.0000.V07B.HDF5,2023-08-05T00:00:00,DERIVED,flash flood,True,0.07000000029802322,2.9450000002980232,3.5349999740719795,3.5349999740719795,3.5349999740719795,3.5349999740719795,3.5349999740719795,3.5349999740719795,DATE_ONLY,SUITABLE_RAINFALL_FLASH_FLOOD,Moderate,1780.0,28.9,195.0,-0.016,9200,7.45,15.6,85.0,2.08,10,Tree cover,0.68,0.12,0.03,0.17,,,,,,,,,,HISTORICAL_VINTAGE_UNAVAILABLE,,,,,,,UNAVAILABLE
FL-UK-2023-01,2023-08-04,2023-08-06T00:00:00,30.44999885559082,79.04999542236328,0.5550000071525574,1.1100000143051147,GPM_3IMERGHH_07,V07B,3B-HHR.MS.MRG.3IMERG.20230806-S000000-E002959.0000.V07B.HDF5,2023-08-06T00:00:00,DERIVED,flash flood,True,0.5550000071525574,0.6250000074505806,4.089999981224537,4.089999981224537,4.089999981224537,4.089999981224537,4.089999981224537,4.089999981224537,DATE_ONLY,SUITABLE_RAINFALL_FLASH_FLOOD,Moderate,1780.0,28.9,195.0,-0.016,9200,7.45,15.6,85.0,2.08,10,Tree cover,0.68,0.12,0.03,0.17,,,,,,,,,,HISTORICAL_VINTAGE_UNAVAILABLE,,,,,,,UNAVAILABLE
FL-UK-2023-01,2023-08-04,2023-08-01T00:00:00,30.44999885559082,79.1500015258789,0.0,0.0,GPM_3IMERGHH_07,V07B,3B-HHR.MS.MRG.3IMERG.20230801-S000000-E002959.0000.V07B.HDF5,2023-08-01T00:00:00,DERIVED,flash flood,True,0.0,0.0,0.0,0.0,0.0,0.0,0.0,0.0,DATE_ONLY,SUITABLE_RAINFALL_FLASH_FLOOD,Moderate,1780.0,28.9,195.0,-0.016,9200,7.45,15.6,85.0,2.08,10,Tree cover,0.68,0.12,0.03,0.17,,,,,,,,,,HISTORICAL_VINTAGE_UNAVAILABLE,,,,,,,UNAVAILABLE
FL-UK-2023-01,2023-08-04,2023-08-02T00:00:00,30.44999885559082,79.1500015258789,0.42499998211860657,0.8499999642372131,GPM_3IMERGHH_07,V07B,3B-HHR.MS.MRG.3IMERG.20230802-S000000-E002959.0000.V07B.HDF5,2023-08-02T00:00:00,DERIVED,flash flood,True,0.42499998211860657,0.42499998211860657,0.42499998211860657,0.42499998211860657,0.42499998211860657,0.42499998211860657,0.42499998211860657,0.42499998211860657,DATE_ONLY,SUITABLE_RAINFALL_FLASH_FLOOD,Moderate,1780.0,28.9,195.0,-0.016,9200,7.45,15.6,85.0,2.08,10,Tree cover,0.68,0.12,0.03,0.17,,,,,,,,,,HISTORICAL_VINTAGE_UNAVAILABLE,,,,,,,UNAVAILABLE
FL-UK-2023-01,2023-08-04,2023-08-03T00:00:00,30.44999885559082,79.1500015258789,0.0,0.0,GPM_3IMERGHH_07,V07B,3B-HHR.MS.MRG.3IMERG.20230803-S000000-E002959.0000.V07B.HDF5,2023-08-03T00:00:00,DERIVED,flash flood,True,0.0,0.42499998211860657,0.42499998211860657,0.42499998211860657,0.42499998211860657,0.42499998211860657,0.42499998211860657,0.42499998211860657,DATE_ONLY,SUITABLE_RAINFALL_FLASH_FLOOD,Moderate,1780.0,28.9,195.0,-0.016,9200,7.45,15.6,85.0,2.08,10,Tree cover,0.68,0.12,0.03,0.17,,,,,,,,,,HISTORICAL_VINTAGE_UNAVAILABLE,,,,,,,UNAVAILABLE
FL-UK-2023-01,2023-08-04,2023-08-04T00:00:00,30.44999885559082,79.1500015258789,3.049999952316284,6.099999904632568,GPM_3IMERGHH_07,V07B,3B-HHR.MS.MRG.3IMERG.20230804-S000000-E002959.0000.V07B.HDF5,2023-08-04T00:00:00,DERIVED,flash flood,True,3.049999952316284,3.049999952316284,3.4749999344348907,3.4749999344348907,3.4749999344348907,3.4749999344348907,3.4749999344348907,3.4749999344348907,DATE_ONLY,SUITABLE_RAINFALL_FLASH_FLOOD,Moderate,1780.0,28.9,195.0,-0.016,9200,7.45,15.6,85.0,2.08,10,Tree cover,0.68,0.12,0.03,0.17,,,,,,,,,,HISTORICAL_VINTAGE_UNAVAILABLE,,,,,,,UNAVAILABLE
FL-UK-2023-01,2023-08-04,2023-08-05T00:00:00,30.44999885559082,79.1500015258789,0.07000000029802322,0.14000000059604645,GPM_3IMERGHH_07,V07B,3B-HHR.MS.MRG.3IMERG.20230805-S000000-E002959.0000.V07B.HDF5,2023-08-05T00:00:00,DERIVED,flash flood,True,0.07000000029802322,3.1199999526143074,3.544999934732914,3.544999934732914,3.544999934732914,3.544999934732914,3.544999934732914,3.544999934732914,DATE_ONLY,SUITABLE_RAINFALL_FLASH_FLOOD,Moderate,1780.0,28.9,195.0,-0.016,9200,7.45,15.6,85.0,2.08,10,Tree cover,0.68,0.12,0.03,0.17,,,,,,,,,,HISTORICAL_VINTAGE_UNAVAILABLE,,,,,,,UNAVAILABLE
FL-UK-2023-01,2023-08-04,2023-08-06T00:00:00,30.44999885559082,79.1500015258789,0.6200000047683716,1.2400000095367432,GPM_3IMERGHH_07,V07B,3B-HHR.MS.MRG.3IMERG.20230806-S000000-E002959.0000.V07B.HDF5,2023-08-06T00:00:00,DERIVED,flash flood,True,0.6200000047683716,0.6900000050663948,4.1649999395012856,4.1649999395012856,4.1649999395012856,4.1649999395012856,4.1649999395012856,4.1649999395012856,DATE_ONLY,SUITABLE_RAINFALL_FLASH_FLOOD,Moderate,1780.0,28.9,195.0,-0.016,9200,7.45,15.6,85.0,2.08,10,Tree cover,0.68,0.12,0.03,0.17,,,,,,,,,,HISTORICAL_VINTAGE_UNAVAILABLE,,,,,,,UNAVAILABLE
FL-UK-2023-01,2023-08-04,2023-08-01T00:00:00,30.549999237060547,78.94999694824219,0.0,0.0,GPM_3IMERGHH_07,V07B,3B-HHR.MS.MRG.3IMERG.20230801-S000000-E002959.0000.V07B.HDF5,2023-08-01T00:00:00,DERIVED,flash flood,True,0.0,0.0,0.0,0.0,0.0,0.0,0.0,0.0,DATE_ONLY,SUITABLE_RAINFALL_FLASH_FLOOD,Moderate,1780.0,28.9,195.0,-0.016,9200,7.45,15.6,85.0,2.08,10,Tree cover,0.68,0.12,0.03,0.17,,,,,,,,,,HISTORICAL_VINTAGE_UNAVAILABLE,,,,,,,UNAVAILABLE
FL-UK-2023-01,2023-08-04,2023-08-02T00:00:00,30.549999237060547,78.94999694824219,0.044999998062849045,0.08999999612569809,GPM_3IMERGHH_07,V07B,3B-HHR.MS.MRG.3IMERG.20230802-S000000-E002959.0000.V07B.HDF5,2023-08-02T00:00:00,DERIVED,flash flood,True,0.044999998062849045,0.044999998062849045,0.044999998062849045,0.044999998062849045,0.044999998062849045,0.044999998062849045,0.044999998062849045,0.044999998062849045,DATE_ONLY,SUITABLE_RAINFALL_FLASH_FLOOD,Moderate,1780.0,28.9,195.0,-0.016,9200,7.45,15.6,85.0,2.08,10,Tree cover,0.68,0.12,0.03,0.17,,,,,,,,,,HISTORICAL_VINTAGE_UNAVAILABLE,,,,,,,UNAVAILABLE
FL-UK-2023-01,2023-08-04,2023-08-03T00:00:00,30.549999237060547,78.94999694824219,0.0,0.0,GPM_3IMERGHH_07,V07B,3B-HHR.MS.MRG.3IMERG.20230803-S000000-E002959.0000.V07B.HDF5,2023-08-03T00:00:00,DERIVED,flash flood,True,0.0,0.044999998062849045,0.044999998062849045,0.044999998062849045,0.044999998062849045,0.044999998062849045,0.044999998062849045,0.044999998062849045,DATE_ONLY,SUITABLE_RAINFALL_FLASH_FLOOD,Moderate,1780.0,28.9,195.0,-0.016,9200,7.45,15.6,85.0,2.08,10,Tree cover,0.68,0.12,0.03,0.17,,,,,,,,,,HISTORICAL_VINTAGE_UNAVAILABLE,,,,,,,UNAVAILABLE
FL-UK-2023-01,2023-08-04,2023-08-04T00:00:00,30.549999237060547,78.94999694824219,4.734999656677246,9.469999313354492,GPM_3IMERGHH_07,V07B,3B-HHR.MS.MRG.3IMERG.20230804-S000000-E002959.0000.V07B.HDF5,2023-08-04T00:00:00,DERIVED,flash flood,True,4.734999656677246,4.734999656677246,4.779999654740095,4.779999654740095,4.779999654740095,4.779999654740095,4.779999654740095,4.779999654740095,DATE_ONLY,SUITABLE_RAINFALL_FLASH_FLOOD,Moderate,1780.0,28.9,195.0,-0.016,9200,7.45,15.6,85.0,2.08,10,Tree cover,0.68,0.12,0.03,0.17,,,,,,,,,,HISTORICAL_VINTAGE_UNAVAILABLE,,,,,,,UNAVAILABLE
FL-UK-2023-01,2023-08-04,2023-08-05T00:00:00,30.549999237060547,78.94999694824219,0.0,0.0,GPM_3IMERGHH_07,V07B,3B-HHR.MS.MRG.3IMERG.20230805-S000000-E002959.0000.V07B.HDF5,2023-08-05T00:00:00,DERIVED,flash flood,True,0.0,4.734999656677246,4.779999654740095,4.779999654740095,4.779999654740095,4.779999654740095,4.779999654740095,4.779999654740095,DATE_ONLY,SUITABLE_RAINFALL_FLASH_FLOOD,Moderate,1780.0,28.9,195.0,-0.016,9200,7.45,15.6,85.0,2.08,10,Tree cover,0.68,0.12,0.03,0.17,,,,,,,,,,HISTORICAL_VINTAGE_UNAVAILABLE,,,,,,,UNAVAILABLE
FL-UK-2023-01,2023-08-04,2023-08-06T00:00:00,30.549999237060547,78.94999694824219,0.47999998927116394,0.9599999785423279,GPM_3IMERGHH_07,V07B,3B-HHR.MS.MRG.3IMERG.20230806-S000000-E002959.0000.V07B.HDF5,2023-08-06T00:00:00,DERIVED,flash flood,True,0.47999998927116394,0.47999998927116394,5.259999644011259,5.259999644011259,5.259999644011259,5.259999644011259,5.259999644011259,5.259999644011259,DATE_ONLY,SUITABLE_RAINFALL_FLASH_FLOOD,Moderate,1780.0,28.9,195.0,-0.016,9200,7.45,15.6,85.0,2.08,10,Tree cover,0.68,0.12,0.03,0.17,,,,,,,,,,HISTORICAL_VINTAGE_UNAVAILABLE,,,,,,,UNAVAILABLE
FL-UK-2023-01,2023-08-04,2023-08-01T00:00:00,30.549999237060547,79.04999542236328,0.08500000089406967,0.17000000178813934,GPM_3IMERGHH_07,V07B,3B-HHR.MS.MRG.3IMERG.20230801-S000000-E002959.0000.V07B.HDF5,2023-08-01T00:00:00,DERIVED,flash flood,True,0.08500000089406967,0.08500000089406967,0.08500000089406967,0.08500000089406967,0.08500000089406967,0.08500000089406967,0.08500000089406967,0.08500000089406967,DATE_ONLY,SUITABLE_RAINFALL_FLASH_FLOOD,Moderate,1780.0,28.9,195.0,-0.016,9200,7.45,15.6,85.0,2.08,10,Tree cover,0.68,0.12,0.03,0.17,,,,,,,,,,HISTORICAL_VINTAGE_UNAVAILABLE,,,,,,,UNAVAILABLE
FL-UK-2023-01,2023-08-04,2023-08-02T00:00:00,30.549999237060547,79.04999542236328,0.044999998062849045,0.08999999612569809,GPM_3IMERGHH_07,V07B,3B-HHR.MS.MRG.3IMERG.20230802-S000000-E002959.0000.V07B.HDF5,2023-08-02T00:00:00,DERIVED,flash flood,True,0.044999998062849045,0.12999999895691872,0.12999999895691872,0.12999999895691872,0.12999999895691872,0.12999999895691872,0.12999999895691872,0.12999999895691872,DATE_ONLY,SUITABLE_RAINFALL_FLASH_FLOOD,Moderate,1780.0,28.9,195.0,-0.016,9200,7.45,15.6,85.0,2.08,10,Tree cover,0.68,0.12,0.03,0.17,,,,,,,,,,HISTORICAL_VINTAGE_UNAVAILABLE,,,,,,,UNAVAILABLE
FL-UK-2023-01,2023-08-04,2023-08-03T00:00:00,30.549999237060547,79.04999542236328,0.0,0.0,GPM_3IMERGHH_07,V07B,3B-HHR.MS.MRG.3IMERG.20230803-S000000-E002959.0000.V07B.HDF5,2023-08-03T00:00:00,DERIVED,flash flood,True,0.0,0.044999998062849045,0.12999999895691872,0.12999999895691872,0.12999999895691872,0.12999999895691872,0.12999999895691872,0.12999999895691872,DATE_ONLY,SUITABLE_RAINFALL_FLASH_FLOOD,Moderate,1780.0,28.9,195.0,-0.016,9200,7.45,15.6,85.0,2.08,10,Tree cover,0.68,0.12,0.03,0.17,,,,,,,,,,HISTORICAL_VINTAGE_UNAVAILABLE,,,,,,,UNAVAILABLE
FL-UK-2023-01,2023-08-04,2023-08-04T00:00:00,30.549999237060547,79.04999542236328,4.884999752044678,9.769999504089355,GPM_3IMERGHH_07,V07B,3B-HHR.MS.MRG.3IMERG.20230804-S000000-E002959.0000.V07B.HDF5,2023-08-04T00:00:00,DERIVED,flash flood,True,4.884999752044678,4.884999752044678,5.0149997510015965,5.0149997510015965,5.0149997510015965,5.0149997510015965,5.0149997510015965,5.0149997510015965,DATE_ONLY,SUITABLE_RAINFALL_FLASH_FLOOD,Moderate,1780.0,28.9,195.0,-0.016,9200,7.45,15.6,85.0,2.08,10,Tree cover,0.68,0.12,0.03,0.17,,,,,,,,,,HISTORICAL_VINTAGE_UNAVAILABLE,,,,,,,UNAVAILABLE
FL-UK-2023-01,2023-08-04,2023-08-05T00:00:00,30.549999237060547,79.04999542236328,0.0,0.0,GPM_3IMERGHH_07,V07B,3B-HHR.MS.MRG.3IMERG.20230805-S000000-E002959.0000.V07B.HDF5,2023-08-05T00:00:00,DERIVED,flash flood,True,0.0,4.884999752044678,5.0149997510015965,5.0149997510015965,5.0149997510015965,5.0149997510015965,5.0149997510015965,5.0149997510015965,DATE_ONLY,SUITABLE_RAINFALL_FLASH_FLOOD,Moderate,1780.0,28.9,195.0,-0.016,9200,7.45,15.6,85.0,2.08,10,Tree cover,0.68,0.12,0.03,0.17,,,,,,,,,,HISTORICAL_VINTAGE_UNAVAILABLE,,,,,,,UNAVAILABLE
FL-UK-2023-01,2023-08-04,2023-08-06T00:00:00,30.549999237060547,79.04999542236328,0.3400000035762787,0.6800000071525574,GPM_3IMERGHH_07,V07B,3B-HHR.MS.MRG.3IMERG.20230806-S000000-E002959.0000.V07B.HDF5,2023-08-06T00:00:00,DERIVED,flash flood,True,0.3400000035762787,0.3400000035762787,5.354999754577875,5.354999754577875,5.354999754577875,5.354999754577875,5.354999754577875,5.354999754577875,DATE_ONLY,SUITABLE_RAINFALL_FLASH_FLOOD,Moderate,1780.0,28.9,195.0,-0.016,9200,7.45,15.6,85.0,2.08,10,Tree cover,0.68,0.12,0.03,0.17,,,,,,,,,,HISTORICAL_VINTAGE_UNAVAILABLE,,,,,,,UNAVAILABLE
FL-UK-2023-01,2023-08-04,2023-08-01T00:00:00,30.549999237060547,79.1500015258789,0.0,0.0,GPM_3IMERGHH_07,V07B,3B-HHR.MS.MRG.3IMERG.20230801-S000000-E002959.0000.V07B.HDF5,2023-08-01T00:00:00,DERIVED,flash flood,True,0.0,0.0,0.0,0.0,0.0,0.0,0.0,0.0,DATE_ONLY,SUITABLE_RAINFALL_FLASH_FLOOD,Moderate,1780.0,28.9,195.0,-0.016,9200,7.45,15.6,85.0,2.08,10,Tree cover,0.68,0.12,0.03,0.17,,,,,,,,,,HISTORICAL_VINTAGE_UNAVAILABLE,,,,,,,UNAVAILABLE
FL-UK-2023-01,2023-08-04,2023-08-02T00:00:00,30.549999237060547,79.1500015258789,0.0,0.0,GPM_3IMERGHH_07,V07B,3B-HHR.MS.MRG.3IMERG.20230802-S000000-E002959.0000.V07B.HDF5,2023-08-02T00:00:00,DERIVED,flash flood,True,0.0,0.0,0.0,0.0,0.0,0.0,0.0,0.0,DATE_ONLY,SUITABLE_RAINFALL_FLASH_FLOOD,Moderate,1780.0,28.9,195.0,-0.016,9200,7.45,15.6,85.0,2.08,10,Tree cover,0.68,0.12,0.03,0.17,,,,,,,,,,HISTORICAL_VINTAGE_UNAVAILABLE,,,,,,,UNAVAILABLE
FL-UK-2023-01,2023-08-04,2023-08-03T00:00:00,30.549999237060547,79.1500015258789,0.0,0.0,GPM_3IMERGHH_07,V07B,3B-HHR.MS.MRG.3IMERG.20230803-S000000-E002959.0000.V07B.HDF5,2023-08-03T00:00:00,DERIVED,flash flood,True,0.0,0.0,0.0,0.0,0.0,0.0,0.0,0.0,DATE_ONLY,SUITABLE_RAINFALL_FLASH_FLOOD,Moderate,1780.0,28.9,195.0,-0.016,9200,7.45,15.6,85.0,2.08,10,Tree cover,0.68,0.12,0.03,0.17,,,,,,,,,,HISTORICAL_VINTAGE_UNAVAILABLE,,,,,,,UNAVAILABLE
FL-UK-2023-01,2023-08-04,2023-08-04T00:00:00,30.549999237060547,79.1500015258789,1.9749999046325684,3.9499998092651367,GPM_3IMERGHH_07,V07B,3B-HHR.MS.MRG.3IMERG.20230804-S000000-E002959.0000.V07B.HDF5,2023-08-04T00:00:00,DERIVED,flash flood,True,1.9749999046325684,1.9749999046325684,1.9749999046325684,1.9749999046325684,1.9749999046325684,1.9749999046325684,1.9749999046325684,1.9749999046325684,DATE_ONLY,SUITABLE_RAINFALL_FLASH_FLOOD,Moderate,1780.0,28.9,195.0,-0.016,9200,7.45,15.6,85.0,2.08,10,Tree cover,0.68,0.12,0.03,0.17,,,,,,,,,,HISTORICAL_VINTAGE_UNAVAILABLE,,,,,,,UNAVAILABLE
FL-UK-2023-01,2023-08-04,2023-08-05T00:00:00,30.549999237060547,79.1500015258789,0.0,0.0,GPM_3IMERGHH_07,V07B,3B-HHR.MS.MRG.3IMERG.20230805-S000000-E002959.0000.V07B.HDF5,2023-08-05T00:00:00,DERIVED,flash flood,True,0.0,1.9749999046325684,1.9749999046325684,1.9749999046325684,1.9749999046325684,1.9749999046325684,1.9749999046325684,1.9749999046325684,DATE_ONLY,SUITABLE_RAINFALL_FLASH_FLOOD,Moderate,1780.0,28.9,195.0,-0.016,9200,7.45,15.6,85.0,2.08,10,Tree cover,0.68,0.12,0.03,0.17,,,,,,,,,,HISTORICAL_VINTAGE_UNAVAILABLE,,,,,,,UNAVAILABLE
FL-UK-2023-01,2023-08-04,2023-08-06T00:00:00,30.549999237060547,79.1500015258789,0.23499999940395355,0.4699999988079071,GPM_3IMERGHH_07,V07B,3B-HHR.MS.MRG.3IMERG.20230806-S000000-E002959.0000.V07B.HDF5,2023-08-06T00:00:00,DERIVED,flash flood,True,0.23499999940395355,0.23499999940395355,2.209999904036522,2.209999904036522,2.209999904036522,2.209999904036522,2.209999904036522,2.209999904036522,DATE_ONLY,SUITABLE_RAINFALL_FLASH_FLOOD,Moderate,1780.0,28.9,195.0,-0.016,9200,7.45,15.6,85.0,2.08,10,Tree cover,0.68,0.12,0.03,0.17,,,,,,,,,,HISTORICAL_VINTAGE_UNAVAILABLE,,,,,,,UNAVAILABLE
FL-UK-2023-01,2023-08-04,2023-08-01T00:00:00,30.649999618530273,78.94999694824219,0.0,0.0,GPM_3IMERGHH_07,V07B,3B-HHR.MS.MRG.3IMERG.20230801-S000000-E002959.0000.V07B.HDF5,2023-08-01T00:00:00,DERIVED,flash flood,True,0.0,0.0,0.0,0.0,0.0,0.0,0.0,0.0,DATE_ONLY,SUITABLE_RAINFALL_FLASH_FLOOD,Moderate,1780.0,28.9,195.0,-0.016,9200,7.45,15.6,85.0,2.08,10,Tree cover,0.68,0.12,0.03,0.17,,,,,,,,,,HISTORICAL_VINTAGE_UNAVAILABLE,,,,,,,UNAVAILABLE
FL-UK-2023-01,2023-08-04,2023-08-02T00:00:00,30.649999618530273,78.94999694824219,0.22499999403953552,0.44999998807907104,GPM_3IMERGHH_07,V07B,3B-HHR.MS.MRG.3IMERG.20230802-S000000-E002959.0000.V07B.HDF5,2023-08-02T00:00:00,DERIVED,flash flood,True,0.22499999403953552,0.22499999403953552,0.22499999403953552,0.22499999403953552,0.22499999403953552,0.22499999403953552,0.22499999403953552,0.22499999403953552,DATE_ONLY,SUITABLE_RAINFALL_FLASH_FLOOD,Moderate,1780.0,28.9,195.0,-0.016,9200,7.45,15.6,85.0,2.08,10,Tree cover,0.68,0.12,0.03,0.17,,,,,,,,,,HISTORICAL_VINTAGE_UNAVAILABLE,,,,,,,UNAVAILABLE
FL-UK-2023-01,2023-08-04,2023-08-03T00:00:00,30.649999618530273,78.94999694824219,0.0,0.0,GPM_3IMERGHH_07,V07B,3B-HHR.MS.MRG.3IMERG.20230803-S000000-E002959.0000.V07B.HDF5,2023-08-03T00:00:00,DERIVED,flash flood,True,0.0,0.22499999403953552,0.22499999403953552,0.22499999403953552,0.22499999403953552,0.22499999403953552,0.22499999403953552,0.22499999403953552,DATE_ONLY,SUITABLE_RAINFALL_FLASH_FLOOD,Moderate,1780.0,28.9,195.0,-0.016,9200,7.45,15.6,85.0,2.08,10,Tree cover,0.68,0.12,0.03,0.17,,,,,,,,,,HISTORICAL_VINTAGE_UNAVAILABLE,,,,,,,UNAVAILABLE
FL-UK-2023-01,2023-08-04,2023-08-04T00:00:00,30.649999618530273,78.94999694824219,1.1200000047683716,2.240000009536743,GPM_3IMERGHH_07,V07B,3B-HHR.MS.MRG.3IMERG.20230804-S000000-E002959.0000.V07B.HDF5,2023-08-04T00:00:00,DERIVED,flash flood,True,1.1200000047683716,1.1200000047683716,1.344999998807907,1.344999998807907,1.344999998807907,1.344999998807907,1.344999998807907,1.344999998807907,DATE_ONLY,SUITABLE_RAINFALL_FLASH_FLOOD,Moderate,1780.0,28.9,195.0,-0.016,9200,7.45,15.6,85.0,2.08,10,Tree cover,0.68,0.12,0.03,0.17,,,,,,,,,,HISTORICAL_VINTAGE_UNAVAILABLE,,,,,,,UNAVAILABLE
FL-UK-2023-01,2023-08-04,2023-08-05T00:00:00,30.649999618530273,78.94999694824219,0.0,0.0,GPM_3IMERGHH_07,V07B,3B-HHR.MS.MRG.3IMERG.20230805-S000000-E002959.0000.V07B.HDF5,2023-08-05T00:00:00,DERIVED,flash flood,True,0.0,1.1200000047683716,1.344999998807907,1.344999998807907,1.344999998807907,1.344999998807907,1.344999998807907,1.344999998807907,DATE_ONLY,SUITABLE_RAINFALL_FLASH_FLOOD,Moderate,1780.0,28.9,195.0,-0.016,9200,7.45,15.6,85.0,2.08,10,Tree cover,0.68,0.12,0.03,0.17,,,,,,,,,,HISTORICAL_VINTAGE_UNAVAILABLE,,,,,,,UNAVAILABLE
FL-UK-2023-01,2023-08-04,2023-08-06T00:00:00,30.649999618530273,78.94999694824219,0.39499998092651367,0.7899999618530273,GPM_3IMERGHH_07,V07B,3B-HHR.MS.MRG.3IMERG.20230806-S000000-E002959.0000.V07B.HDF5,2023-08-06T00:00:00,DERIVED,flash flood,True,0.39499998092651367,0.39499998092651367,1.7399999797344208,1.7399999797344208,1.7399999797344208,1.7399999797344208,1.7399999797344208,1.7399999797344208,DATE_ONLY,SUITABLE_RAINFALL_FLASH_FLOOD,Moderate,1780.0,28.9,195.0,-0.016,9200,7.45,15.6,85.0,2.08,10,Tree cover,0.68,0.12,0.03,0.17,,,,,,,,,,HISTORICAL_VINTAGE_UNAVAILABLE,,,,,,,UNAVAILABLE
FL-UK-2023-01,2023-08-04,2023-08-01T00:00:00,30.649999618530273,79.04999542236328,0.0,0.0,GPM_3IMERGHH_07,V07B,3B-HHR.MS.MRG.3IMERG.20230801-S000000-E002959.0000.V07B.HDF5,2023-08-01T00:00:00,DERIVED,flash flood,True,0.0,0.0,0.0,0.0,0.0,0.0,0.0,0.0,DATE_ONLY,SUITABLE_RAINFALL_FLASH_FLOOD,Moderate,1780.0,28.9,195.0,-0.016,9200,7.45,15.6,85.0,2.08,10,Tree cover,0.68,0.12,0.03,0.17,,,,,,,,,,HISTORICAL_VINTAGE_UNAVAILABLE,,,,,,,UNAVAILABLE
FL-UK-2023-01,2023-08-04,2023-08-02T00:00:00,30.649999618530273,79.04999542236328,0.23499999940395355,0.4699999988079071,GPM_3IMERGHH_07,V07B,3B-HHR.MS.MRG.3IMERG.20230802-S000000-E002959.0000.V07B.HDF5,2023-08-02T00:00:00,DERIVED,flash flood,True,0.23499999940395355,0.23499999940395355,0.23499999940395355,0.23499999940395355,0.23499999940395355,0.23499999940395355,0.23499999940395355,0.23499999940395355,DATE_ONLY,SUITABLE_RAINFALL_FLASH_FLOOD,Moderate,1780.0,28.9,195.0,-0.016,9200,7.45,15.6,85.0,2.08,10,Tree cover,0.68,0.12,0.03,0.17,,,,,,,,,,HISTORICAL_VINTAGE_UNAVAILABLE,,,,,,,UNAVAILABLE
FL-UK-2023-01,2023-08-04,2023-08-03T00:00:00,30.649999618530273,79.04999542236328,0.11999999731779099,0.23999999463558197,GPM_3IMERGHH_07,V07B,3B-HHR.MS.MRG.3IMERG.20230803-S000000-E002959.0000.V07B.HDF5,2023-08-03T00:00:00,DERIVED,flash flood,True,0.11999999731779099,0.35499999672174454,0.35499999672174454,0.35499999672174454,0.35499999672174454,0.35499999672174454,0.35499999672174454,0.35499999672174454,DATE_ONLY,SUITABLE_RAINFALL_FLASH_FLOOD,Moderate,1780.0,28.9,195.0,-0.016,9200,7.45,15.6,85.0,2.08,10,Tree cover,0.68,0.12,0.03,0.17,,,,,,,,,,HISTORICAL_VINTAGE_UNAVAILABLE,,,,,,,UNAVAILABLE
FL-UK-2023-01,2023-08-04,2023-08-04T00:00:00,30.649999618530273,79.04999542236328,1.4149999618530273,2.8299999237060547,GPM_3IMERGHH_07,V07B,3B-HHR.MS.MRG.3IMERG.20230804-S000000-E002959.0000.V07B.HDF5,2023-08-04T00:00:00,DERIVED,flash flood,True,1.4149999618530273,1.5349999591708183,1.7699999585747719,1.7699999585747719,1.7699999585747719,1.7699999585747719,1.7699999585747719,1.7699999585747719,DATE_ONLY,SUITABLE_RAINFALL_FLASH_FLOOD,Moderate,1780.0,28.9,195.0,-0.016,9200,7.45,15.6,85.0,2.08,10,Tree cover,0.68,0.12,0.03,0.17,,,,,,,,,,HISTORICAL_VINTAGE_UNAVAILABLE,,,,,,,UNAVAILABLE
FL-UK-2023-01,2023-08-04,2023-08-05T00:00:00,30.649999618530273,79.04999542236328,0.0,0.0,GPM_3IMERGHH_07,V07B,3B-HHR.MS.MRG.3IMERG.20230805-S000000-E002959.0000.V07B.HDF5,2023-08-05T00:00:00,DERIVED,flash flood,True,0.0,1.4149999618530273,1.7699999585747719,1.7699999585747719,1.7699999585747719,1.7699999585747719,1.7699999585747719,1.7699999585747719,DATE_ONLY,SUITABLE_RAINFALL_FLASH_FLOOD,Moderate,1780.0,28.9,195.0,-0.016,9200,7.45,15.6,85.0,2.08,10,Tree cover,0.68,0.12,0.03,0.17,,,,,,,,,,HISTORICAL_VINTAGE_UNAVAILABLE,,,,,,,UNAVAILABLE
FL-UK-2023-01,2023-08-04,2023-08-06T00:00:00,30.649999618530273,79.04999542236328,3.2300000190734863,6.460000038146973,GPM_3IMERGHH_07,V07B,3B-HHR.MS.MRG.3IMERG.20230806-S000000-E002959.0000.V07B.HDF5,2023-08-06T00:00:00,DERIVED,flash flood,True,3.2300000190734863,3.2300000190734863,4.999999977648258,4.999999977648258,4.999999977648258,4.999999977648258,4.999999977648258,4.999999977648258,DATE_ONLY,SUITABLE_RAINFALL_FLASH_FLOOD,Moderate,1780.0,28.9,195.0,-0.016,9200,7.45,15.6,85.0,2.08,10,Tree cover,0.68,0.12,0.03,0.17,,,,,,,,,,HISTORICAL_VINTAGE_UNAVAILABLE,,,,,,,UNAVAILABLE
FL-UK-2023-01,2023-08-04,2023-08-01T00:00:00,30.649999618530273,79.1500015258789,0.0,0.0,GPM_3IMERGHH_07,V07B,3B-HHR.MS.MRG.3IMERG.20230801-S000000-E002959.0000.V07B.HDF5,2023-08-01T00:00:00,DERIVED,flash flood,True,0.0,0.0,0.0,0.0,0.0,0.0,0.0,0.0,DATE_ONLY,SUITABLE_RAINFALL_FLASH_FLOOD,Moderate,1780.0,28.9,195.0,-0.016,9200,7.45,15.6,85.0,2.08,10,Tree cover,0.68,0.12,0.03,0.17,,,,,,,,,,HISTORICAL_VINTAGE_UNAVAILABLE,,,,,,,UNAVAILABLE
FL-UK-2023-01,2023-08-04,2023-08-02T00:00:00,30.649999618530273,79.1500015258789,0.3799999952316284,0.7599999904632568,GPM_3IMERGHH_07,V07B,3B-HHR.MS.MRG.3IMERG.20230802-S000000-E002959.0000.V07B.HDF5,2023-08-02T00:00:00,DERIVED,flash flood,True,0.3799999952316284,0.3799999952316284,0.3799999952316284,0.3799999952316284,0.3799999952316284,0.3799999952316284,0.3799999952316284,0.3799999952316284,DATE_ONLY,SUITABLE_RAINFALL_FLASH_FLOOD,Moderate,1780.0,28.9,195.0,-0.016,9200,7.45,15.6,85.0,2.08,10,Tree cover,0.68,0.12,0.03,0.17,,,,,,,,,,HISTORICAL_VINTAGE_UNAVAILABLE,,,,,,,UNAVAILABLE
FL-UK-2023-01,2023-08-04,2023-08-03T00:00:00,30.649999618530273,79.1500015258789,0.3149999976158142,0.6299999952316284,GPM_3IMERGHH_07,V07B,3B-HHR.MS.MRG.3IMERG.20230803-S000000-E002959.0000.V07B.HDF5,2023-08-03T00:00:00,DERIVED,flash flood,True,0.3149999976158142,0.6949999928474426,0.6949999928474426,0.6949999928474426,0.6949999928474426,0.6949999928474426,0.6949999928474426,0.6949999928474426,DATE_ONLY,SUITABLE_RAINFALL_FLASH_FLOOD,Moderate,1780.0,28.9,195.0,-0.016,9200,7.45,15.6,85.0,2.08,10,Tree cover,0.68,0.12,0.03,0.17,,,,,,,,,,HISTORICAL_VINTAGE_UNAVAILABLE,,,,,,,UNAVAILABLE
FL-UK-2023-01,2023-08-04,2023-08-04T00:00:00,30.649999618530273,79.1500015258789,0.22499999403953552,0.44999998807907104,GPM_3IMERGHH_07,V07B,3B-HHR.MS.MRG.3IMERG.20230804-S000000-E002959.0000.V07B.HDF5,2023-08-04T00:00:00,DERIVED,flash flood,True,0.22499999403953552,0.5399999916553497,0.9199999868869781,0.9199999868869781,0.9199999868869781,0.9199999868869781,0.9199999868869781,0.9199999868869781,DATE_ONLY,SUITABLE_RAINFALL_FLASH_FLOOD,Moderate,1780.0,28.9,195.0,-0.016,9200,7.45,15.6,85.0,2.08,10,Tree cover,0.68,0.12,0.03,0.17,,,,,,,,,,HISTORICAL_VINTAGE_UNAVAILABLE,,,,,,,UNAVAILABLE
FL-UK-2023-01,2023-08-04,2023-08-05T00:00:00,30.649999618530273,79.1500015258789,0.11999999731779099,0.23999999463558197,GPM_3IMERGHH_07,V07B,3B-HHR.MS.MRG.3IMERG.20230805-S000000-E002959.0000.V07B.HDF5,2023-08-05T00:00:00,DERIVED,flash flood,True,0.11999999731779099,0.3449999913573265,1.0399999842047691,1.0399999842047691,1.0399999842047691,1.0399999842047691,1.0399999842047691,1.0399999842047691,DATE_ONLY,SUITABLE_RAINFALL_FLASH_FLOOD,Moderate,1780.0,28.9,195.0,-0.016,9200,7.45,15.6,85.0,2.08,10,Tree cover,0.68,0.12,0.03,0.17,,,,,,,,,,HISTORICAL_VINTAGE_UNAVAILABLE,,,,,,,UNAVAILABLE
FL-UK-2023-01,2023-08-04,2023-08-06T00:00:00,30.649999618530273,79.1500015258789,1.0499999523162842,2.0999999046325684,GPM_3IMERGHH_07,V07B,3B-HHR.MS.MRG.3IMERG.20230806-S000000-E002959.0000.V07B.HDF5,2023-08-06T00:00:00,DERIVED,flash flood,True,1.0499999523162842,1.1699999496340752,2.0899999365210533,2.0899999365210533,2.0899999365210533,2.0899999365210533,2.0899999365210533,2.0899999365210533,DATE_ONLY,SUITABLE_RAINFALL_FLASH_FLOOD,Moderate,1780.0,28.9,195.0,-0.016,9200,7.45,15.6,85.0,2.08,10,Tree cover,0.68,0.12,0.03,0.17,,,,,,,,,,HISTORICAL_VINTAGE_UNAVAILABLE,,,,,,,UNAVAILABLE
FL-UK-2023-02,2023-08-14,2023-08-11T00:00:00,29.649999618530273,78.44999694824219,1.2450000047683716,2.490000009536743,GPM_3IMERGHH_07,V07B,3B-HHR.MS.MRG.3IMERG.20230811-S000000-E002959.0000.V07B.HDF5,2023-08-11T00:00:00,DERIVED,flash flood,True,1.2450000047683716,1.2450000047683716,1.2450000047683716,1.2450000047683716,1.2450000047683716,1.2450000047683716,1.2450000047683716,1.2450000047683716,DATE_ONLY,SUITABLE_RAINFALL_FLASH_FLOOD,Moderate,840.0,23.5,215.0,-0.01,16800,8.95,13.1,140.0,1.7,10,Tree cover,0.58,0.28,0.08,0.06,,,,,,,,,,HISTORICAL_VINTAGE_UNAVAILABLE,,,,,,,UNAVAILABLE
FL-UK-2023-02,2023-08-14,2023-08-12T00:00:00,29.649999618530273,78.44999694824219,0.3050000071525574,0.6100000143051147,GPM_3IMERGHH_07,V07B,3B-HHR.MS.MRG.3IMERG.20230812-S000000-E002959.0000.V07B.HDF5,2023-08-12T00:00:00,DERIVED,flash flood,True,0.3050000071525574,1.550000011920929,1.550000011920929,1.550000011920929,1.550000011920929,1.550000011920929,1.550000011920929,1.550000011920929,DATE_ONLY,SUITABLE_RAINFALL_FLASH_FLOOD,Moderate,840.0,23.5,215.0,-0.01,16800,8.95,13.1,140.0,1.7,10,Tree cover,0.58,0.28,0.08,0.06,,,,,,,,,,HISTORICAL_VINTAGE_UNAVAILABLE,,,,,,,UNAVAILABLE
FL-UK-2023-02,2023-08-14,2023-08-13T00:00:00,29.649999618530273,78.44999694824219,0.0,0.0,GPM_3IMERGHH_07,V07B,3B-HHR.MS.MRG.3IMERG.20230813-S000000-E002959.0000.V07B.HDF5,2023-08-13T00:00:00,DERIVED,flash flood,True,0.0,0.3050000071525574,1.550000011920929,1.550000011920929,1.550000011920929,1.550000011920929,1.550000011920929,1.550000011920929,DATE_ONLY,SUITABLE_RAINFALL_FLASH_FLOOD,Moderate,840.0,23.5,215.0,-0.01,16800,8.95,13.1,140.0,1.7,10,Tree cover,0.58,0.28,0.08,0.06,,,,,,,,,,HISTORICAL_VINTAGE_UNAVAILABLE,,,,,,,UNAVAILABLE
FL-UK-2023-02,2023-08-14,2023-08-14T00:00:00,29.649999618530273,78.44999694824219,1.0449999570846558,2.0899999141693115,GPM_3IMERGHH_07,V07B,3B-HHR.MS.MRG.3IMERG.20230814-S000000-E002959.0000.V07B.HDF5,2023-08-14T00:00:00,DERIVED,flash flood,True,1.0449999570846558,1.0449999570846558,2.5949999690055847,2.5949999690055847,2.5949999690055847,2.5949999690055847,2.5949999690055847,2.5949999690055847,DATE_ONLY,SUITABLE_RAINFALL_FLASH_FLOOD,Moderate,840.0,23.5,215.0,-0.01,16800,8.95,13.1,140.0,1.7,10,Tree cover,0.58,0.28,0.08,0.06,,,,,,,,,,HISTORICAL_VINTAGE_UNAVAILABLE,,,,,,,UNAVAILABLE
FL-UK-2023-02,2023-08-14,2023-08-15T00:00:00,29.649999618530273,78.44999694824219,0.0,0.0,GPM_3IMERGHH_07,V07B,3B-HHR.MS.MRG.3IMERG.20230815-S000000-E002959.0000.V07B.HDF5,2023-08-15T00:00:00,DERIVED,flash flood,True,0.0,1.0449999570846558,2.5949999690055847,2.5949999690055847,2.5949999690055847,2.5949999690055847,2.5949999690055847,2.5949999690055847,DATE_ONLY,SUITABLE_RAINFALL_FLASH_FLOOD,Moderate,840.0,23.5,215.0,-0.01,16800,8.95,13.1,140.0,1.7,10,Tree cover,0.58,0.28,0.08,0.06,,,,,,,,,,HISTORICAL_VINTAGE_UNAVAILABLE,,,,,,,UNAVAILABLE
FL-UK-2023-02,2023-08-14,2023-08-16T00:00:00,29.649999618530273,78.44999694824219,0.0,0.0,GPM_3IMERGHH_07,V07B,3B-HHR.MS.MRG.3IMERG.20230816-S000000-E002959.0000.V07B.HDF5,2023-08-16T00:00:00,DERIVED,flash flood,True,0.0,0.0,2.5949999690055847,2.5949999690055847,2.5949999690055847,2.5949999690055847,2.5949999690055847,2.5949999690055847,DATE_ONLY,SUITABLE_RAINFALL_FLASH_FLOOD,Moderate,840.0,23.5,215.0,-0.01,16800,8.95,13.1,140.0,1.7,10,Tree cover,0.58,0.28,0.08,0.06,,,,,,,,,,HISTORICAL_VINTAGE_UNAVAILABLE,,,,,,,UNAVAILABLE
FL-UK-2023-02,2023-08-14,2023-08-11T00:00:00,29.649999618530273,78.54999542236328,0.9599999785423279,1.9199999570846558,GPM_3IMERGHH_07,V07B,3B-HHR.MS.MRG.3IMERG.20230811-S000000-E002959.0000.V07B.HDF5,2023-08-11T00:00:00,DERIVED,flash flood,True,0.9599999785423279,0.9599999785423279,0.9599999785423279,0.9599999785423279,0.9599999785423279,0.9599999785423279,0.9599999785423279,0.9599999785423279,DATE_ONLY,SUITABLE_RAINFALL_FLASH_FLOOD,Moderate,840.0,23.5,215.0,-0.01,16800,8.95,13.1,140.0,1.7,10,Tree cover,0.58,0.28,0.08,0.06,,,,,,,,,,HISTORICAL_VINTAGE_UNAVAILABLE,,,,,,,UNAVAILABLE
FL-UK-2023-02,2023-08-14,2023-08-12T00:00:00,29.649999618530273,78.54999542236328,0.1850000023841858,0.3700000047683716,GPM_3IMERGHH_07,V07B,3B-HHR.MS.MRG.3IMERG.20230812-S000000-E002959.0000.V07B.HDF5,2023-08-12T00:00:00,DERIVED,flash flood,True,0.1850000023841858,1.1449999809265137,1.1449999809265137,1.1449999809265137,1.1449999809265137,1.1449999809265137,1.1449999809265137,1.1449999809265137,DATE_ONLY,SUITABLE_RAINFALL_FLASH_FLOOD,Moderate,840.0,23.5,215.0,-0.01,16800,8.95,13.1,140.0,1.7,10,Tree cover,0.58,0.28,0.08,0.06,,,,,,,,,,HISTORICAL_VINTAGE_UNAVAILABLE,,,,,,,UNAVAILABLE
FL-UK-2023-02,2023-08-14,2023-08-13T00:00:00,29.649999618530273,78.54999542236328,0.0,0.0,GPM_3IMERGHH_07,V07B,3B-HHR.MS.MRG.3IMERG.20230813-S000000-E002959.0000.V07B.HDF5,2023-08-13T00:00:00,DERIVED,flash flood,True,0.0,0.1850000023841858,1.1449999809265137,1.1449999809265137,1.1449999809265137,1.1449999809265137,1.1449999809265137,1.1449999809265137,DATE_ONLY,SUITABLE_RAINFALL_FLASH_FLOOD,Moderate,840.0,23.5,215.0,-0.01,16800,8.95,13.1,140.0,1.7,10,Tree cover,0.58,0.28,0.08,0.06,,,,,,,,,,HISTORICAL_VINTAGE_UNAVAILABLE,,,,,,,UNAVAILABLE
FL-UK-2023-02,2023-08-14,2023-08-14T00:00:00,29.649999618530273,78.54999542236328,0.9149999618530273,1.8299999237060547,GPM_3IMERGHH_07,V07B,3B-HHR.MS.MRG.3IMERG.20230814-S000000-E002959.0000.V07B.HDF5,2023-08-14T00:00:00,DERIVED,flash flood,True,0.9149999618530273,0.9149999618530273,2.059999942779541,2.059999942779541,2.059999942779541,2.059999942779541,2.059999942779541,2.059999942779541,DATE_ONLY,SUITABLE_RAINFALL_FLASH_FLOOD,Moderate,840.0,23.5,215.0,-0.01,16800,8.95,13.1,140.0,1.7,10,Tree cover,0.58,0.28,0.08,0.06,,,,,,,,,,HISTORICAL_VINTAGE_UNAVAILABLE,,,,,,,UNAVAILABLE
FL-UK-2023-02,2023-08-14,2023-08-15T00:00:00,29.649999618530273,78.54999542236328,0.0,0.0,GPM_3IMERGHH_07,V07B,3B-HHR.MS.MRG.3IMERG.20230815-S000000-E002959.0000.V07B.HDF5,2023-08-15T00:00:00,DERIVED,flash flood,True,0.0,0.9149999618530273,2.059999942779541,2.059999942779541,2.059999942779541,2.059999942779541,2.059999942779541,2.059999942779541,DATE_ONLY,SUITABLE_RAINFALL_FLASH_FLOOD,Moderate,840.0,23.5,215.0,-0.01,16800,8.95,13.1,140.0,1.7,10,Tree cover,0.58,0.28,0.08,0.06,,,,,,,,,,HISTORICAL_VINTAGE_UNAVAILABLE,,,,,,,UNAVAILABLE
FL-UK-2023-02,2023-08-14,2023-08-16T00:00:00,29.649999618530273,78.54999542236328,0.0,0.0,GPM_3IMERGHH_07,V07B,3B-HHR.MS.MRG.3IMERG.20230816-S000000-E002959.0000.V07B.HDF5,2023-08-16T00:00:00,DERIVED,flash flood,True,0.0,0.0,2.059999942779541,2.059999942779541,2.059999942779541,2.059999942779541,2.059999942779541,2.059999942779541,DATE_ONLY,SUITABLE_RAINFALL_FLASH_FLOOD,Moderate,840.0,23.5,215.0,-0.01,16800,8.95,13.1,140.0,1.7,10,Tree cover,0.58,0.28,0.08,0.06,,,,,,,,,,HISTORICAL_VINTAGE_UNAVAILABLE,,,,,,,UNAVAILABLE
FL-UK-2023-02,2023-08-14,2023-08-11T00:00:00,29.649999618530273,78.6500015258789,2.0,4.0,GPM_3IMERGHH_07,V07B,3B-HHR.MS.MRG.3IMERG.20230811-S000000-E002959.0000.V07B.HDF5,2023-08-11T00:00:00,DERIVED,flash flood,True,2.0,2.0,2.0,2.0,2.0,2.0,2.0,2.0,DATE_ONLY,SUITABLE_RAINFALL_FLASH_FLOOD,Moderate,840.0,23.5,215.0,-0.01,16800,8.95,13.1,140.0,1.7,10,Tree cover,0.58,0.28,0.08,0.06,,,,,,,,,,HISTORICAL_VINTAGE_UNAVAILABLE,,,,,,,UNAVAILABLE
FL-UK-2023-02,2023-08-14,2023-08-12T00:00:00,29.649999618530273,78.6500015258789,0.20499999821186066,0.4099999964237213,GPM_3IMERGHH_07,V07B,3B-HHR.MS.MRG.3IMERG.20230812-S000000-E002959.0000.V07B.HDF5,2023-08-12T00:00:00,DERIVED,flash flood,True,0.20499999821186066,2.2049999982118607,2.2049999982118607,2.2049999982118607,2.2049999982118607,2.2049999982118607,2.2049999982118607,2.2049999982118607,DATE_ONLY,SUITABLE_RAINFALL_FLASH_FLOOD,Moderate,840.0,23.5,215.0,-0.01,16800,8.95,13.1,140.0,1.7,10,Tree cover,0.58,0.28,0.08,0.06,,,,,,,,,,HISTORICAL_VINTAGE_UNAVAILABLE,,,,,,,UNAVAILABLE
FL-UK-2023-02,2023-08-14,2023-08-13T00:00:00,29.649999618530273,78.6500015258789,0.0,0.0,GPM_3IMERGHH_07,V07B,3B-HHR.MS.MRG.3IMERG.20230813-S000000-E002959.0000.V07B.HDF5,2023-08-13T00:00:00,DERIVED,flash flood,True,0.0,0.20499999821186066,2.2049999982118607,2.2049999982118607,2.2049999982118607,2.2049999982118607,2.2049999982118607,2.2049999982118607,DATE_ONLY,SUITABLE_RAINFALL_FLASH_FLOOD,Moderate,840.0,23.5,215.0,-0.01,16800,8.95,13.1,140.0,1.7,10,Tree cover,0.58,0.28,0.08,0.06,,,,,,,,,,HISTORICAL_VINTAGE_UNAVAILABLE,,,,,,,UNAVAILABLE
FL-UK-2023-02,2023-08-14,2023-08-14T00:00:00,29.649999618530273,78.6500015258789,0.625,1.25,GPM_3IMERGHH_07,V07B,3B-HHR.MS.MRG.3IMERG.20230814-S000000-E002959.0000.V07B.HDF5,2023-08-14T00:00:00,DERIVED,flash flood,True,0.625,0.625,2.8299999982118607,2.8299999982118607,2.8299999982118607,2.8299999982118607,2.8299999982118607,2.8299999982118607,DATE_ONLY,SUITABLE_RAINFALL_FLASH_FLOOD,Moderate,840.0,23.5,215.0,-0.01,16800,8.95,13.1,140.0,1.7,10,Tree cover,0.58,0.28,0.08,0.06,,,,,,,,,,HISTORICAL_VINTAGE_UNAVAILABLE,,,,,,,UNAVAILABLE
FL-UK-2023-02,2023-08-14,2023-08-15T00:00:00,29.649999618530273,78.6500015258789,0.0,0.0,GPM_3IMERGHH_07,V07B,3B-HHR.MS.MRG.3IMERG.20230815-S000000-E002959.0000.V07B.HDF5,2023-08-15T00:00:00,DERIVED,flash flood,True,0.0,0.625,2.8299999982118607,2.8299999982118607,2.8299999982118607,2.8299999982118607,2.8299999982118607,2.8299999982118607,DATE_ONLY,SUITABLE_RAINFALL_FLASH_FLOOD,Moderate,840.0,23.5,215.0,-0.01,16800,8.95,13.1,140.0,1.7,10,Tree cover,0.58,0.28,0.08,0.06,,,,,,,,,,HISTORICAL_VINTAGE_UNAVAILABLE,,,,,,,UNAVAILABLE
FL-UK-2023-02,2023-08-14,2023-08-16T00:00:00,29.649999618530273,78.6500015258789,0.0,0.0,GPM_3IMERGHH_07,V07B,3B-HHR.MS.MRG.3IMERG.20230816-S000000-E002959.0000.V07B.HDF5,2023-08-16T00:00:00,DERIVED,flash flood,True,0.0,0.0,2.8299999982118607,2.8299999982118607,2.8299999982118607,2.8299999982118607,2.8299999982118607,2.8299999982118607,DATE_ONLY,SUITABLE_RAINFALL_FLASH_FLOOD,Moderate,840.0,23.5,215.0,-0.01,16800,8.95,13.1,140.0,1.7,10,Tree cover,0.58,0.28,0.08,0.06,,,,,,,,,,HISTORICAL_VINTAGE_UNAVAILABLE,,,,,,,UNAVAILABLE
FL-UK-2023-02,2023-08-14,2023-08-11T00:00:00,29.75,78.44999694824219,0.5999999642372131,1.1999999284744263,GPM_3IMERGHH_07,V07B,3B-HHR.MS.MRG.3IMERG.20230811-S000000-E002959.0000.V07B.HDF5,2023-08-11T00:00:00,DERIVED,flash flood,True,0.5999999642372131,0.5999999642372131,0.5999999642372131,0.5999999642372131,0.5999999642372131,0.5999999642372131,0.5999999642372131,0.5999999642372131,DATE_ONLY,SUITABLE_RAINFALL_FLASH_FLOOD,Moderate,840.0,23.5,215.0,-0.01,16800,8.95,13.1,140.0,1.7,10,Tree cover,0.58,0.28,0.08,0.06,,,,,,,,,,HISTORICAL_VINTAGE_UNAVAILABLE,,,,,,,UNAVAILABLE
FL-UK-2023-02,2023-08-14,2023-08-12T00:00:00,29.75,78.44999694824219,0.5249999761581421,1.0499999523162842,GPM_3IMERGHH_07,V07B,3B-HHR.MS.MRG.3IMERG.20230812-S000000-E002959.0000.V07B.HDF5,2023-08-12T00:00:00,DERIVED,flash flood,True,0.5249999761581421,1.1249999403953552,1.1249999403953552,1.1249999403953552,1.1249999403953552,1.1249999403953552,1.1249999403953552,1.1249999403953552,DATE_ONLY,SUITABLE_RAINFALL_FLASH_FLOOD,Moderate,840.0,23.5,215.0,-0.01,16800,8.95,13.1,140.0,1.7,10,Tree cover,0.58,0.28,0.08,0.06,,,,,,,,,,HISTORICAL_VINTAGE_UNAVAILABLE,,,,,,,UNAVAILABLE
FL-UK-2023-02,2023-08-14,2023-08-13T00:00:00,29.75,78.44999694824219,0.0,0.0,GPM_3IMERGHH_07,V07B,3B-HHR.MS.MRG.3IMERG.20230813-S000000-E002959.0000.V07B.HDF5,2023-08-13T00:00:00,DERIVED,flash flood,True,0.0,0.5249999761581421,1.1249999403953552,1.1249999403953552,1.1249999403953552,1.1249999403953552,1.1249999403953552,1.1249999403953552,DATE_ONLY,SUITABLE_RAINFALL_FLASH_FLOOD,Moderate,840.0,23.5,215.0,-0.01,16800,8.95,13.1,140.0,1.7,10,Tree cover,0.58,0.28,0.08,0.06,,,,,,,,,,HISTORICAL_VINTAGE_UNAVAILABLE,,,,,,,UNAVAILABLE
FL-UK-2023-02,2023-08-14,2023-08-14T00:00:00,29.75,78.44999694824219,0.85999995470047,1.71999990940094,GPM_3IMERGHH_07,V07B,3B-HHR.MS.MRG.3IMERG.20230814-S000000-E002959.0000.V07B.HDF5,2023-08-14T00:00:00,DERIVED,flash flood,True,0.85999995470047,0.85999995470047,1.9849998950958252,1.9849998950958252,1.9849998950958252,1.9849998950958252,1.9849998950958252,1.9849998950958252,DATE_ONLY,SUITABLE_RAINFALL_FLASH_FLOOD,Moderate,840.0,23.5,215.0,-0.01,16800,8.95,13.1,140.0,1.7,10,Tree cover,0.58,0.28,0.08,0.06,,,,,,,,,,HISTORICAL_VINTAGE_UNAVAILABLE,,,,,,,UNAVAILABLE
FL-UK-2023-02,2023-08-14,2023-08-15T00:00:00,29.75,78.44999694824219,0.0,0.0,GPM_3IMERGHH_07,V07B,3B-HHR.MS.MRG.3IMERG.20230815-S000000-E002959.0000.V07B.HDF5,2023-08-15T00:00:00,DERIVED,flash flood,True,0.0,0.85999995470047,1.9849998950958252,1.9849998950958252,1.9849998950958252,1.9849998950958252,1.9849998950958252,1.9849998950958252,DATE_ONLY,SUITABLE_RAINFALL_FLASH_FLOOD,Moderate,840.0,23.5,215.0,-0.01,16800,8.95,13.1,140.0,1.7,10,Tree cover,0.58,0.28,0.08,0.06,,,,,,,,,,HISTORICAL_VINTAGE_UNAVAILABLE,,,,,,,UNAVAILABLE
FL-UK-2023-02,2023-08-14,2023-08-16T00:00:00,29.75,78.44999694824219,0.0,0.0,GPM_3IMERGHH_07,V07B,3B-HHR.MS.MRG.3IMERG.20230816-S000000-E002959.0000.V07B.HDF5,2023-08-16T00:00:00,DERIVED,flash flood,True,0.0,0.0,1.9849998950958252,1.9849998950958252,1.9849998950958252,1.9849998950958252,1.9849998950958252,1.9849998950958252,DATE_ONLY,SUITABLE_RAINFALL_FLASH_FLOOD,Moderate,840.0,23.5,215.0,-0.01,16800,8.95,13.1,140.0,1.7,10,Tree cover,0.58,0.28,0.08,0.06,,,,,,,,,,HISTORICAL_VINTAGE_UNAVAILABLE,,,,,,,UNAVAILABLE
FL-UK-2023-02,2023-08-14,2023-08-11T00:00:00,29.75,78.54999542236328,0.85999995470047,1.71999990940094,GPM_3IMERGHH_07,V07B,3B-HHR.MS.MRG.3IMERG.20230811-S000000-E002959.0000.V07B.HDF5,2023-08-11T00:00:00,DERIVED,flash flood,True,0.85999995470047,0.85999995470047,0.85999995470047,0.85999995470047,0.85999995470047,0.85999995470047,0.85999995470047,0.85999995470047,DATE_ONLY,SUITABLE_RAINFALL_FLASH_FLOOD,Moderate,840.0,23.5,215.0,-0.01,16800,8.95,13.1,140.0,1.7,10,Tree cover,0.58,0.28,0.08,0.06,,,,,,,,,,HISTORICAL_VINTAGE_UNAVAILABLE,,,,,,,UNAVAILABLE
FL-UK-2023-02,2023-08-14,2023-08-12T00:00:00,29.75,78.54999542236328,0.73499995470047,1.46999990940094,GPM_3IMERGHH_07,V07B,3B-HHR.MS.MRG.3IMERG.20230812-S000000-E002959.0000.V07B.HDF5,2023-08-12T00:00:00,DERIVED,flash flood,True,0.73499995470047,1.59499990940094,1.59499990940094,1.59499990940094,1.59499990940094,1.59499990940094,1.59499990940094,1.59499990940094,DATE_ONLY,SUITABLE_RAINFALL_FLASH_FLOOD,Moderate,840.0,23.5,215.0,-0.01,16800,8.95,13.1,140.0,1.7,10,Tree cover,0.58,0.28,0.08,0.06,,,,,,,,,,HISTORICAL_VINTAGE_UNAVAILABLE,,,,,,,UNAVAILABLE
FL-UK-2023-02,2023-08-14,2023-08-13T00:00:00,29.75,78.54999542236328,0.0,0.0,GPM_3IMERGHH_07,V07B,3B-HHR.MS.MRG.3IMERG.20230813-S000000-E002959.0000.V07B.HDF5,2023-08-13T00:00:00,DERIVED,flash flood,True,0.0,0.73499995470047,1.59499990940094,1.59499990940094,1.59499990940094,1.59499990940094,1.59499990940094,1.59499990940094,DATE_ONLY,SUITABLE_RAINFALL_FLASH_FLOOD,Moderate,840.0,23.5,215.0,-0.01,16800,8.95,13.1,140.0,1.7,10,Tree cover,0.58,0.28,0.08,0.06,,,,,,,,,,HISTORICAL_VINTAGE_UNAVAILABLE,,,,,,,UNAVAILABLE
FL-UK-2023-02,2023-08-14,2023-08-14T00:00:00,29.75,78.54999542236328,0.5949999690055847,1.1899999380111694,GPM_3IMERGHH_07,V07B,3B-HHR.MS.MRG.3IMERG.20230814-S000000-E002959.0000.V07B.HDF5,2023-08-14T00:00:00,DERIVED,flash flood,True,0.5949999690055847,0.5949999690055847,2.1899998784065247,2.1899998784065247,2.1899998784065247,2.1899998784065247,2.1899998784065247,2.1899998784065247,DATE_ONLY,SUITABLE_RAINFALL_FLASH_FLOOD,Moderate,840.0,23.5,215.0,-0.01,16800,8.95,13.1,140.0,1.7,10,Tree cover,0.58,0.28,0.08,0.06,,,,,,,,,,HISTORICAL_VINTAGE_UNAVAILABLE,,,,,,,UNAVAILABLE
FL-UK-2023-02,2023-08-14,2023-08-15T00:00:00,29.75,78.54999542236328,0.0,0.0,GPM_3IMERGHH_07,V07B,3B-HHR.MS.MRG.3IMERG.20230815-S000000-E002959.0000.V07B.HDF5,2023-08-15T00:00:00,DERIVED,flash flood,True,0.0,0.5949999690055847,2.1899998784065247,2.1899998784065247,2.1899998784065247,2.1899998784065247,2.1899998784065247,2.1899998784065247,DATE_ONLY,SUITABLE_RAINFALL_FLASH_FLOOD,Moderate,840.0,23.5,215.0,-0.01,16800,8.95,13.1,140.0,1.7,10,Tree cover,0.58,0.28,0.08,0.06,,,,,,,,,,HISTORICAL_VINTAGE_UNAVAILABLE,,,,,,,UNAVAILABLE
FL-UK-2023-02,2023-08-14,2023-08-16T00:00:00,29.75,78.54999542236328,0.0,0.0,GPM_3IMERGHH_07,V07B,3B-HHR.MS.MRG.3IMERG.20230816-S000000-E002959.0000.V07B.HDF5,2023-08-16T00:00:00,DERIVED,flash flood,True,0.0,0.0,2.1899998784065247,2.1899998784065247,2.1899998784065247,2.1899998784065247,2.1899998784065247,2.1899998784065247,DATE_ONLY,SUITABLE_RAINFALL_FLASH_FLOOD,Moderate,840.0,23.5,215.0,-0.01,16800,8.95,13.1,140.0,1.7,10,Tree cover,0.58,0.28,0.08,0.06,,,,,,,,,,HISTORICAL_VINTAGE_UNAVAILABLE,,,,,,,UNAVAILABLE
FL-UK-2023-02,2023-08-14,2023-08-11T00:00:00,29.75,78.6500015258789,2.129999876022339,4.259999752044678,GPM_3IMERGHH_07,V07B,3B-HHR.MS.MRG.3IMERG.20230811-S000000-E002959.0000.V07B.HDF5,2023-08-11T00:00:00,DERIVED,flash flood,True,2.129999876022339,2.129999876022339,2.129999876022339,2.129999876022339,2.129999876022339,2.129999876022339,2.129999876022339,2.129999876022339,DATE_ONLY,SUITABLE_RAINFALL_FLASH_FLOOD,Moderate,840.0,23.5,215.0,-0.01,16800,8.95,13.1,140.0,1.7,10,Tree cover,0.58,0.28,0.08,0.06,,,,,,,,,,HISTORICAL_VINTAGE_UNAVAILABLE,,,,,,,UNAVAILABLE
FL-UK-2023-02,2023-08-14,2023-08-12T00:00:00,29.75,78.6500015258789,0.5099999904632568,1.0199999809265137,GPM_3IMERGHH_07,V07B,3B-HHR.MS.MRG.3IMERG.20230812-S000000-E002959.0000.V07B.HDF5,2023-08-12T00:00:00,DERIVED,flash flood,True,0.5099999904632568,2.6399998664855957,2.6399998664855957,2.6399998664855957,2.6399998664855957,2.6399998664855957,2.6399998664855957,2.6399998664855957,DATE_ONLY,SUITABLE_RAINFALL_FLASH_FLOOD,Moderate,840.0,23.5,215.0,-0.01,16800,8.95,13.1,140.0,1.7,10,Tree cover,0.58,0.28,0.08,0.06,,,,,,,,,,HISTORICAL_VINTAGE_UNAVAILABLE,,,,,,,UNAVAILABLE
FL-UK-2023-02,2023-08-14,2023-08-13T00:00:00,29.75,78.6500015258789,0.0,0.0,GPM_3IMERGHH_07,V07B,3B-HHR.MS.MRG.3IMERG.20230813-S000000-E002959.0000.V07B.HDF5,2023-08-13T00:00:00,DERIVED,flash flood,True,0.0,0.5099999904632568,2.6399998664855957,2.6399998664855957,2.6399998664855957,2.6399998664855957,2.6399998664855957,2.6399998664855957,DATE_ONLY,SUITABLE_RAINFALL_FLASH_FLOOD,Moderate,840.0,23.5,215.0,-0.01,16800,8.95,13.1,140.0,1.7,10,Tree cover,0.58,0.28,0.08,0.06,,,,,,,,,,HISTORICAL_VINTAGE_UNAVAILABLE,,,,,,,UNAVAILABLE
FL-UK-2023-02,2023-08-14,2023-08-14T00:00:00,29.75,78.6500015258789,0.7249999642372131,1.4499999284744263,GPM_3IMERGHH_07,V07B,3B-HHR.MS.MRG.3IMERG.20230814-S000000-E002959.0000.V07B.HDF5,2023-08-14T00:00:00,DERIVED,flash flood,True,0.7249999642372131,0.7249999642372131,3.364999830722809,3.364999830722809,3.364999830722809,3.364999830722809,3.364999830722809,3.364999830722809,DATE_ONLY,SUITABLE_RAINFALL_FLASH_FLOOD,Moderate,840.0,23.5,215.0,-0.01,16800,8.95,13.1,140.0,1.7,10,Tree cover,0.58,0.28,0.08,0.06,,,,,,,,,,HISTORICAL_VINTAGE_UNAVAILABLE,,,,,,,UNAVAILABLE
FL-UK-2023-02,2023-08-14,2023-08-15T00:00:00,29.75,78.6500015258789,0.0,0.0,GPM_3IMERGHH_07,V07B,3B-HHR.MS.MRG.3IMERG.20230815-S000000-E002959.0000.V07B.HDF5,2023-08-15T00:00:00,DERIVED,flash flood,True,0.0,0.7249999642372131,3.364999830722809,3.364999830722809,3.364999830722809,3.364999830722809,3.364999830722809,3.364999830722809,DATE_ONLY,SUITABLE_RAINFALL_FLASH_FLOOD,Moderate,840.0,23.5,215.0,-0.01,16800,8.95,13.1,140.0,1.7,10,Tree cover,0.58,0.28,0.08,0.06,,,,,,,,,,HISTORICAL_VINTAGE_UNAVAILABLE,,,,,,,UNAVAILABLE
FL-UK-2023-02,2023-08-14,2023-08-16T00:00:00,29.75,78.6500015258789,0.0,0.0,GPM_3IMERGHH_07,V07B,3B-HHR.MS.MRG.3IMERG.20230816-S000000-E002959.0000.V07B.HDF5,2023-08-16T00:00:00,DERIVED,flash flood,True,0.0,0.0,3.364999830722809,3.364999830722809,3.364999830722809,3.364999830722809,3.364999830722809,3.364999830722809,DATE_ONLY,SUITABLE_RAINFALL_FLASH_FLOOD,Moderate,840.0,23.5,215.0,-0.01,16800,8.95,13.1,140.0,1.7,10,Tree cover,0.58,0.28,0.08,0.06,,,,,,,,,,HISTORICAL_VINTAGE_UNAVAILABLE,,,,,,,UNAVAILABLE
FL-UK-2023-02,2023-08-14,2023-08-11T00:00:00,29.849998474121094,78.44999694824219,0.3999999761581421,0.7999999523162842,GPM_3IMERGHH_07,V07B,3B-HHR.MS.MRG.3IMERG.20230811-S000000-E002959.0000.V07B.HDF5,2023-08-11T00:00:00,DERIVED,flash flood,True,0.3999999761581421,0.3999999761581421,0.3999999761581421,0.3999999761581421,0.3999999761581421,0.3999999761581421,0.3999999761581421,0.3999999761581421,DATE_ONLY,SUITABLE_RAINFALL_FLASH_FLOOD,Moderate,840.0,23.5,215.0,-0.01,16800,8.95,13.1,140.0,1.7,10,Tree cover,0.58,0.28,0.08,0.06,,,,,,,,,,HISTORICAL_VINTAGE_UNAVAILABLE,,,,,,,UNAVAILABLE
FL-UK-2023-02,2023-08-14,2023-08-12T00:00:00,29.849998474121094,78.44999694824219,0.8399999737739563,1.6799999475479126,GPM_3IMERGHH_07,V07B,3B-HHR.MS.MRG.3IMERG.20230812-S000000-E002959.0000.V07B.HDF5,2023-08-12T00:00:00,DERIVED,flash flood,True,0.8399999737739563,1.2399999499320984,1.2399999499320984,1.2399999499320984,1.2399999499320984,1.2399999499320984,1.2399999499320984,1.2399999499320984,DATE_ONLY,SUITABLE_RAINFALL_FLASH_FLOOD,Moderate,840.0,23.5,215.0,-0.01,16800,8.95,13.1,140.0,1.7,10,Tree cover,0.58,0.28,0.08,0.06,,,,,,,,,,HISTORICAL_VINTAGE_UNAVAILABLE,,,,,,,UNAVAILABLE
FL-UK-2023-02,2023-08-14,2023-08-13T00:00:00,29.849998474121094,78.44999694824219,0.0,0.0,GPM_3IMERGHH_07,V07B,3B-HHR.MS.MRG.3IMERG.20230813-S000000-E002959.0000.V07B.HDF5,2023-08-13T00:00:00,DERIVED,flash flood,True,0.0,0.8399999737739563,1.2399999499320984,1.2399999499320984,1.2399999499320984,1.2399999499320984,1.2399999499320984,1.2399999499320984,DATE_ONLY,SUITABLE_RAINFALL_FLASH_FLOOD,Moderate,840.0,23.5,215.0,-0.01,16800,8.95,13.1,140.0,1.7,10,Tree cover,0.58,0.28,0.08,0.06,,,,,,,,,,HISTORICAL_VINTAGE_UNAVAILABLE,,,,,,,UNAVAILABLE
FL-UK-2023-02,2023-08-14,2023-08-14T00:00:00,29.849998474121094,78.44999694824219,0.7199999690055847,1.4399999380111694,GPM_3IMERGHH_07,V07B,3B-HHR.MS.MRG.3IMERG.20230814-S000000-E002959.0000.V07B.HDF5,2023-08-14T00:00:00,DERIVED,flash flood,True,0.7199999690055847,0.7199999690055847,1.959999918937683,1.959999918937683,1.959999918937683,1.959999918937683,1.959999918937683,1.959999918937683,DATE_ONLY,SUITABLE_RAINFALL_FLASH_FLOOD,Moderate,840.0,23.5,215.0,-0.01,16800,8.95,13.1,140.0,1.7,10,Tree cover,0.58,0.28,0.08,0.06,,,,,,,,,,HISTORICAL_VINTAGE_UNAVAILABLE,,,,,,,UNAVAILABLE
FL-UK-2023-02,2023-08-14,2023-08-15T00:00:00,29.849998474121094,78.44999694824219,0.0,0.0,GPM_3IMERGHH_07,V07B,3B-HHR.MS.MRG.3IMERG.20230815-S000000-E002959.0000.V07B.HDF5,2023-08-15T00:00:00,DERIVED,flash flood,True,0.0,0.7199999690055847,1.959999918937683,1.959999918937683,1.959999918937683,1.959999918937683,1.959999918937683,1.959999918937683,DATE_ONLY,SUITABLE_RAINFALL_FLASH_FLOOD,Moderate,840.0,23.5,215.0,-0.01,16800,8.95,13.1,140.0,1.7,10,Tree cover,0.58,0.28,0.08,0.06,,,,,,,,,,HISTORICAL_VINTAGE_UNAVAILABLE,,,,,,,UNAVAILABLE
FL-UK-2023-02,2023-08-14,2023-08-16T00:00:00,29.849998474121094,78.44999694824219,0.0,0.0,GPM_3IMERGHH_07,V07B,3B-HHR.MS.MRG.3IMERG.20230816-S000000-E002959.0000.V07B.HDF5,2023-08-16T00:00:00,DERIVED,flash flood,True,0.0,0.0,1.959999918937683,1.959999918937683,1.959999918937683,1.959999918937683,1.959999918937683,1.959999918937683,DATE_ONLY,SUITABLE_RAINFALL_FLASH_FLOOD,Moderate,840.0,23.5,215.0,-0.01,16800,8.95,13.1,140.0,1.7,10,Tree cover,0.58,0.28,0.08,0.06,,,,,,,,,,HISTORICAL_VINTAGE_UNAVAILABLE,,,,,,,UNAVAILABLE
FL-UK-2023-02,2023-08-14,2023-08-11T00:00:00,29.849998474121094,78.54999542236328,1.024999976158142,2.049999952316284,GPM_3IMERGHH_07,V07B,3B-HHR.MS.MRG.3IMERG.20230811-S000000-E002959.0000.V07B.HDF5,2023-08-11T00:00:00,DERIVED,flash flood,True,1.024999976158142,1.024999976158142,1.024999976158142,1.024999976158142,1.024999976158142,1.024999976158142,1.024999976158142,1.024999976158142,DATE_ONLY,SUITABLE_RAINFALL_FLASH_FLOOD,Moderate,840.0,23.5,215.0,-0.01,16800,8.95,13.1,140.0,1.7,10,Tree cover,0.58,0.28,0.08,0.06,,,,,,,,,,HISTORICAL_VINTAGE_UNAVAILABLE,,,,,,,UNAVAILABLE
FL-UK-2023-02,2023-08-14,2023-08-12T00:00:00,29.849998474121094,78.54999542236328,0.7799999713897705,1.559999942779541,GPM_3IMERGHH_07,V07B,3B-HHR.MS.MRG.3IMERG.20230812-S000000-E002959.0000.V07B.HDF5,2023-08-12T00:00:00,DERIVED,flash flood,True,0.7799999713897705,1.8049999475479126,1.8049999475479126,1.8049999475479126,1.8049999475479126,1.8049999475479126,1.8049999475479126,1.8049999475479126,DATE_ONLY,SUITABLE_RAINFALL_FLASH_FLOOD,Moderate,840.0,23.5,215.0,-0.01,16800,8.95,13.1,140.0,1.7,10,Tree cover,0.58,0.28,0.08,0.06,,,,,,,,,,HISTORICAL_VINTAGE_UNAVAILABLE,,,,,,,UNAVAILABLE
FL-UK-2023-02,2023-08-14,2023-08-13T00:00:00,29.849998474121094,78.54999542236328,0.0,0.0,GPM_3IMERGHH_07,V07B,3B-HHR.MS.MRG.3IMERG.20230813-S000000-E002959.0000.V07B.HDF5,2023-08-13T00:00:00,DERIVED,flash flood,True,0.0,0.7799999713897705,1.8049999475479126,1.8049999475479126,1.8049999475479126,1.8049999475479126,1.8049999475479126,1.8049999475479126,DATE_ONLY,SUITABLE_RAINFALL_FLASH_FLOOD,Moderate,840.0,23.5,215.0,-0.01,16800,8.95,13.1,140.0,1.7,10,Tree cover,0.58,0.28,0.08,0.06,,,,,,,,,,HISTORICAL_VINTAGE_UNAVAILABLE,,,,,,,UNAVAILABLE
FL-UK-2023-02,2023-08-14,2023-08-14T00:00:00,29.849998474121094,78.54999542236328,0.4749999940395355,0.949999988079071,GPM_3IMERGHH_07,V07B,3B-HHR.MS.MRG.3IMERG.20230814-S000000-E002959.0000.V07B.HDF5,2023-08-14T00:00:00,DERIVED,flash flood,True,0.4749999940395355,0.4749999940395355,2.279999941587448,2.279999941587448,2.279999941587448,2.279999941587448,2.279999941587448,2.279999941587448,DATE_ONLY,SUITABLE_RAINFALL_FLASH_FLOOD,Moderate,840.0,23.5,215.0,-0.01,16800,8.95,13.1,140.0,1.7,10,Tree cover,0.58,0.28,0.08,0.06,,,,,,,,,,HISTORICAL_VINTAGE_UNAVAILABLE,,,,,,,UNAVAILABLE
FL-UK-2023-02,2023-08-14,2023-08-15T00:00:00,29.849998474121094,78.54999542236328,0.0,0.0,GPM_3IMERGHH_07,V07B,3B-HHR.MS.MRG.3IMERG.20230815-S000000-E002959.0000.V07B.HDF5,2023-08-15T00:00:00,DERIVED,flash flood,True,0.0,0.4749999940395355,2.279999941587448,2.279999941587448,2.279999941587448,2.279999941587448,2.279999941587448,2.279999941587448,DATE_ONLY,SUITABLE_RAINFALL_FLASH_FLOOD,Moderate,840.0,23.5,215.0,-0.01,16800,8.95,13.1,140.0,1.7,10,Tree cover,0.58,0.28,0.08,0.06,,,,,,,,,,HISTORICAL_VINTAGE_UNAVAILABLE,,,,,,,UNAVAILABLE
FL-UK-2023-02,2023-08-14,2023-08-16T00:00:00,29.849998474121094,78.54999542236328,0.0,0.0,GPM_3IMERGHH_07,V07B,3B-HHR.MS.MRG.3IMERG.20230816-S000000-E002959.0000.V07B.HDF5,2023-08-16T00:00:00,DERIVED,flash flood,True,0.0,0.0,2.279999941587448,2.279999941587448,2.279999941587448,2.279999941587448,2.279999941587448,2.279999941587448,DATE_ONLY,SUITABLE_RAINFALL_FLASH_FLOOD,Moderate,840.0,23.5,215.0,-0.01,16800,8.95,13.1,140.0,1.7,10,Tree cover,0.58,0.28,0.08,0.06,,,,,,,,,,HISTORICAL_VINTAGE_UNAVAILABLE,,,,,,,UNAVAILABLE
FL-UK-2023-02,2023-08-14,2023-08-11T00:00:00,29.849998474121094,78.6500015258789,1.71999990940094,3.43999981880188,GPM_3IMERGHH_07,V07B,3B-HHR.MS.MRG.3IMERG.20230811-S000000-E002959.0000.V07B.HDF5,2023-08-11T00:00:00,DERIVED,flash flood,True,1.71999990940094,1.71999990940094,1.71999990940094,1.71999990940094,1.71999990940094,1.71999990940094,1.71999990940094,1.71999990940094,DATE_ONLY,SUITABLE_RAINFALL_FLASH_FLOOD,Moderate,840.0,23.5,215.0,-0.01,16800,8.95,13.1,140.0,1.7,10,Tree cover,0.58,0.28,0.08,0.06,,,,,,,,,,HISTORICAL_VINTAGE_UNAVAILABLE,,,,,,,UNAVAILABLE
FL-UK-2023-02,2023-08-14,2023-08-12T00:00:00,29.849998474121094,78.6500015258789,0.2149999886751175,0.429999977350235,GPM_3IMERGHH_07,V07B,3B-HHR.MS.MRG.3IMERG.20230812-S000000-E002959.0000.V07B.HDF5,2023-08-12T00:00:00,DERIVED,flash flood,True,0.2149999886751175,1.9349998980760574,1.9349998980760574,1.9349998980760574,1.9349998980760574,1.9349998980760574,1.9349998980760574,1.9349998980760574,DATE_ONLY,SUITABLE_RAINFALL_FLASH_FLOOD,Moderate,840.0,23.5,215.0,-0.01,16800,8.95,13.1,140.0,1.7,10,Tree cover,0.58,0.28,0.08,0.06,,,,,,,,,,HISTORICAL_VINTAGE_UNAVAILABLE,,,,,,,UNAVAILABLE
FL-UK-2023-02,2023-08-14,2023-08-13T00:00:00,29.849998474121094,78.6500015258789,0.0,0.0,GPM_3IMERGHH_07,V07B,3B-HHR.MS.MRG.3IMERG.20230813-S000000-E002959.0000.V07B.HDF5,2023-08-13T00:00:00,DERIVED,flash flood,True,0.0,0.2149999886751175,1.9349998980760574,1.9349998980760574,1.9349998980760574,1.9349998980760574,1.9349998980760574,1.9349998980760574,DATE_ONLY,SUITABLE_RAINFALL_FLASH_FLOOD,Moderate,840.0,23.5,215.0,-0.01,16800,8.95,13.1,140.0,1.7,10,Tree cover,0.58,0.28,0.08,0.06,,,,,,,,,,HISTORICAL_VINTAGE_UNAVAILABLE,,,,,,,UNAVAILABLE
FL-UK-2023-02,2023-08-14,2023-08-14T00:00:00,29.849998474121094,78.6500015258789,0.6100000143051147,1.2200000286102295,GPM_3IMERGHH_07,V07B,3B-HHR.MS.MRG.3IMERG.20230814-S000000-E002959.0000.V07B.HDF5,2023-08-14T00:00:00,DERIVED,flash flood,True,0.6100000143051147,0.6100000143051147,2.544999912381172,2.544999912381172,2.544999912381172,2.544999912381172,2.544999912381172,2.544999912381172,DATE_ONLY,SUITABLE_RAINFALL_FLASH_FLOOD,Moderate,840.0,23.5,215.0,-0.01,16800,8.95,13.1,140.0,1.7,10,Tree cover,0.58,0.28,0.08,0.06,,,,,,,,,,HISTORICAL_VINTAGE_UNAVAILABLE,,,,,,,UNAVAILABLE
FL-UK-2023-02,2023-08-14,2023-08-15T00:00:00,29.849998474121094,78.6500015258789,0.0,0.0,GPM_3IMERGHH_07,V07B,3B-HHR.MS.MRG.3IMERG.20230815-S000000-E002959.0000.V07B.HDF5,2023-08-15T00:00:00,DERIVED,flash flood,True,0.0,0.6100000143051147,2.544999912381172,2.544999912381172,2.544999912381172,2.544999912381172,2.544999912381172,2.544999912381172,DATE_ONLY,SUITABLE_RAINFALL_FLASH_FLOOD,Moderate,840.0,23.5,215.0,-0.01,16800,8.95,13.1,140.0,1.7,10,Tree cover,0.58,0.28,0.08,0.06,,,,,,,,,,HISTORICAL_VINTAGE_UNAVAILABLE,,,,,,,UNAVAILABLE
FL-UK-2023-02,2023-08-14,2023-08-16T00:00:00,29.849998474121094,78.6500015258789,0.0,0.0,GPM_3IMERGHH_07,V07B,3B-HHR.MS.MRG.3IMERG.20230816-S000000-E002959.0000.V07B.HDF5,2023-08-16T00:00:00,DERIVED,flash flood,True,0.0,0.0,2.544999912381172,2.544999912381172,2.544999912381172,2.544999912381172,2.544999912381172,2.544999912381172,DATE_ONLY,SUITABLE_RAINFALL_FLASH_FLOOD,Moderate,840.0,23.5,215.0,-0.01,16800,8.95,13.1,140.0,1.7,10,Tree cover,0.58,0.28,0.08,0.06,,,,,,,,,,HISTORICAL_VINTAGE_UNAVAILABLE,,,,,,,UNAVAILABLE
FL-UK-2024-01,2024-07-31,2024-07-28T00:00:00,30.549999237060547,78.94999694824219,0.125,0.25,GPM_3IMERGHH_07,V07B,3B-HHR.MS.MRG.3IMERG.20240728-S000000-E002959.0000.V07B.HDF5,2024-07-28T00:00:00,DERIVED,cloudburst-induced flood,True,0.125,0.125,0.125,0.125,0.125,0.125,0.125,0.125,DATE_ONLY,SUITABLE_RAINFALL_FLASH_FLOOD,Major,1920.0,31.8,170.0,-0.02,8100,6.95,17.1,70.0,2.2,10,Tree cover,0.66,0.14,0.03,0.17,,,,,,,,,,HISTORICAL_VINTAGE_UNAVAILABLE,,,,,,,UNAVAILABLE
FL-UK-2024-01,2024-07-31,2024-07-29T00:00:00,30.549999237060547,78.94999694824219,0.0,0.0,GPM_3IMERGHH_07,V07B,3B-HHR.MS.MRG.3IMERG.20240729-S000000-E002959.0000.V07B.HDF5,2024-07-29T00:00:00,DERIVED,cloudburst-induced flood,True,0.0,0.125,0.125,0.125,0.125,0.125,0.125,0.125,DATE_ONLY,SUITABLE_RAINFALL_FLASH_FLOOD,Major,1920.0,31.8,170.0,-0.02,8100,6.95,17.1,70.0,2.2,10,Tree cover,0.66,0.14,0.03,0.17,,,,,,,,,,HISTORICAL_VINTAGE_UNAVAILABLE,,,,,,,UNAVAILABLE
FL-UK-2024-01,2024-07-31,2024-07-30T00:00:00,30.549999237060547,78.94999694824219,0.0,0.0,GPM_3IMERGHH_07,V07B,3B-HHR.MS.MRG.3IMERG.20240730-S000000-E002959.0000.V07B.HDF5,2024-07-30T00:00:00,DERIVED,cloudburst-induced flood,True,0.0,0.0,0.125,0.125,0.125,0.125,0.125,0.125,DATE_ONLY,SUITABLE_RAINFALL_FLASH_FLOOD,Major,1920.0,31.8,170.0,-0.02,8100,6.95,17.1,70.0,2.2,10,Tree cover,0.66,0.14,0.03,0.17,,,,,,,,,,HISTORICAL_VINTAGE_UNAVAILABLE,,,,,,,UNAVAILABLE
FL-UK-2024-01,2024-07-31,2024-07-31T00:00:00,30.549999237060547,78.94999694824219,0.20499999821186066,0.4099999964237213,GPM_3IMERGHH_07,V07B,3B-HHR.MS.MRG.3IMERG.20240731-S000000-E002959.0000.V07B.HDF5,2024-07-31T00:00:00,DERIVED,cloudburst-induced flood,True,0.20499999821186066,0.20499999821186066,0.32999999821186066,0.32999999821186066,0.32999999821186066,0.32999999821186066,0.32999999821186066,0.32999999821186066,DATE_ONLY,SUITABLE_RAINFALL_FLASH_FLOOD,Major,1920.0,31.8,170.0,-0.02,8100,6.95,17.1,70.0,2.2,10,Tree cover,0.66,0.14,0.03,0.17,,,,,,,,,,HISTORICAL_VINTAGE_UNAVAILABLE,,,,,,,UNAVAILABLE
FL-UK-2024-01,2024-07-31,2024-08-01T00:00:00,30.549999237060547,78.94999694824219,0.6499999761581421,1.2999999523162842,GPM_3IMERGHH_07,V07B,3B-HHR.MS.MRG.3IMERG.20240801-S000000-E002959.0000.V07B.HDF5,2024-08-01T00:00:00,DERIVED,cloudburst-induced flood,True,0.6499999761581421,0.8549999743700027,0.9799999743700027,0.9799999743700027,0.9799999743700027,0.9799999743700027,0.9799999743700027,0.9799999743700027,DATE_ONLY,SUITABLE_RAINFALL_FLASH_FLOOD,Major,1920.0,31.8,170.0,-0.02,8100,6.95,17.1,70.0,2.2,10,Tree cover,0.66,0.14,0.03,0.17,,,,,,,,,,HISTORICAL_VINTAGE_UNAVAILABLE,,,,,,,UNAVAILABLE
FL-UK-2024-01,2024-07-31,2024-08-02T00:00:00,30.549999237060547,78.94999694824219,0.07499999552965164,0.14999999105930328,GPM_3IMERGHH_07,V07B,3B-HHR.MS.MRG.3IMERG.20240802-S000000-E002959.0000.V07B.HDF5,2024-08-02T00:00:00,DERIVED,cloudburst-induced flood,True,0.07499999552965164,0.7249999716877937,1.0549999698996544,1.0549999698996544,1.0549999698996544,1.0549999698996544,1.0549999698996544,1.0549999698996544,DATE_ONLY,SUITABLE_RAINFALL_FLASH_FLOOD,Major,1920.0,31.8,170.0,-0.02,8100,6.95,17.1,70.0,2.2,10,Tree cover,0.66,0.14,0.03,0.17,,,,,,,,,,HISTORICAL_VINTAGE_UNAVAILABLE,,,,,,,UNAVAILABLE
FL-UK-2024-01,2024-07-31,2024-07-28T00:00:00,30.549999237060547,79.04999542236328,0.0,0.0,GPM_3IMERGHH_07,V07B,3B-HHR.MS.MRG.3IMERG.20240728-S000000-E002959.0000.V07B.HDF5,2024-07-28T00:00:00,DERIVED,cloudburst-induced flood,True,0.0,0.0,0.0,0.0,0.0,0.0,0.0,0.0,DATE_ONLY,SUITABLE_RAINFALL_FLASH_FLOOD,Major,1920.0,31.8,170.0,-0.02,8100,6.95,17.1,70.0,2.2,10,Tree cover,0.66,0.14,0.03,0.17,,,,,,,,,,HISTORICAL_VINTAGE_UNAVAILABLE,,,,,,,UNAVAILABLE
FL-UK-2024-01,2024-07-31,2024-07-29T00:00:00,30.549999237060547,79.04999542236328,0.0,0.0,GPM_3IMERGHH_07,V07B,3B-HHR.MS.MRG.3IMERG.20240729-S000000-E002959.0000.V07B.HDF5,2024-07-29T00:00:00,DERIVED,cloudburst-induced flood,True,0.0,0.0,0.0,0.0,0.0,0.0,0.0,0.0,DATE_ONLY,SUITABLE_RAINFALL_FLASH_FLOOD,Major,1920.0,31.8,170.0,-0.02,8100,6.95,17.1,70.0,2.2,10,Tree cover,0.66,0.14,0.03,0.17,,,,,,,,,,HISTORICAL_VINTAGE_UNAVAILABLE,,,,,,,UNAVAILABLE
FL-UK-2024-01,2024-07-31,2024-07-30T00:00:00,30.549999237060547,79.04999542236328,0.0,0.0,GPM_3IMERGHH_07,V07B,3B-HHR.MS.MRG.3IMERG.20240730-S000000-E002959.0000.V07B.HDF5,2024-07-30T00:00:00,DERIVED,cloudburst-induced flood,True,0.0,0.0,0.0,0.0,0.0,0.0,0.0,0.0,DATE_ONLY,SUITABLE_RAINFALL_FLASH_FLOOD,Major,1920.0,31.8,170.0,-0.02,8100,6.95,17.1,70.0,2.2,10,Tree cover,0.66,0.14,0.03,0.17,,,,,,,,,,HISTORICAL_VINTAGE_UNAVAILABLE,,,,,,,UNAVAILABLE
FL-UK-2024-01,2024-07-31,2024-07-31T00:00:00,30.549999237060547,79.04999542236328,0.3050000071525574,0.6100000143051147,GPM_3IMERGHH_07,V07B,3B-HHR.MS.MRG.3IMERG.20240731-S000000-E002959.0000.V07B.HDF5,2024-07-31T00:00:00,DERIVED,cloudburst-induced flood,True,0.3050000071525574,0.3050000071525574,0.3050000071525574,0.3050000071525574,0.3050000071525574,0.3050000071525574,0.3050000071525574,0.3050000071525574,DATE_ONLY,SUITABLE_RAINFALL_FLASH_FLOOD,Major,1920.0,31.8,170.0,-0.02,8100,6.95,17.1,70.0,2.2,10,Tree cover,0.66,0.14,0.03,0.17,,,,,,,,,,HISTORICAL_VINTAGE_UNAVAILABLE,,,,,,,UNAVAILABLE
FL-UK-2024-01,2024-07-31,2024-08-01T00:00:00,30.549999237060547,79.04999542236328,0.9799999594688416,1.959999918937683,GPM_3IMERGHH_07,V07B,3B-HHR.MS.MRG.3IMERG.20240801-S000000-E002959.0000.V07B.HDF5,2024-08-01T00:00:00,DERIVED,cloudburst-induced flood,True,0.9799999594688416,1.284999966621399,1.284999966621399,1.284999966621399,1.284999966621399,1.284999966621399,1.284999966621399,1.284999966621399,DATE_ONLY,SUITABLE_RAINFALL_FLASH_FLOOD,Major,1920.0,31.8,170.0,-0.02,8100,6.95,17.1,70.0,2.2,10,Tree cover,0.66,0.14,0.03,0.17,,,,,,,,,,HISTORICAL_VINTAGE_UNAVAILABLE,,,,,,,UNAVAILABLE
FL-UK-2024-01,2024-07-31,2024-08-02T00:00:00,30.549999237060547,79.04999542236328,0.02499999850988388,0.04999999701976776,GPM_3IMERGHH_07,V07B,3B-HHR.MS.MRG.3IMERG.20240802-S000000-E002959.0000.V07B.HDF5,2024-08-02T00:00:00,DERIVED,cloudburst-induced flood,True,0.02499999850988388,1.0049999579787254,1.3099999651312828,1.3099999651312828,1.3099999651312828,1.3099999651312828,1.3099999651312828,1.3099999651312828,DATE_ONLY,SUITABLE_RAINFALL_FLASH_FLOOD,Major,1920.0,31.8,170.0,-0.02,8100,6.95,17.1,70.0,2.2,10,Tree cover,0.66,0.14,0.03,0.17,,,,,,,,,,HISTORICAL_VINTAGE_UNAVAILABLE,,,,,,,UNAVAILABLE
FL-UK-2024-01,2024-07-31,2024-07-28T00:00:00,30.549999237060547,79.1500015258789,0.1899999976158142,0.3799999952316284,GPM_3IMERGHH_07,V07B,3B-HHR.MS.MRG.3IMERG.20240728-S000000-E002959.0000.V07B.HDF5,2024-07-28T00:00:00,DERIVED,cloudburst-induced flood,True,0.1899999976158142,0.1899999976158142,0.1899999976158142,0.1899999976158142,0.1899999976158142,0.1899999976158142,0.1899999976158142,0.1899999976158142,DATE_ONLY,SUITABLE_RAINFALL_FLASH_FLOOD,Major,1920.0,31.8,170.0,-0.02,8100,6.95,17.1,70.0,2.2,10,Tree cover,0.66,0.14,0.03,0.17,,,,,,,,,,HISTORICAL_VINTAGE_UNAVAILABLE,,,,,,,UNAVAILABLE
FL-UK-2024-01,2024-07-31,2024-07-29T00:00:00,30.549999237060547,79.1500015258789,0.25,0.5,GPM_3IMERGHH_07,V07B,3B-HHR.MS.MRG.3IMERG.20240729-S000000-E002959.0000.V07B.HDF5,2024-07-29T00:00:00,DERIVED,cloudburst-induced flood,True,0.25,0.4399999976158142,0.4399999976158142,0.4399999976158142,0.4399999976158142,0.4399999976158142,0.4399999976158142,0.4399999976158142,DATE_ONLY,SUITABLE_RAINFALL_FLASH_FLOOD,Major,1920.0,31.8,170.0,-0.02,8100,6.95,17.1,70.0,2.2,10,Tree cover,0.66,0.14,0.03,0.17,,,,,,,,,,HISTORICAL_VINTAGE_UNAVAILABLE,,,,,,,UNAVAILABLE
FL-UK-2024-01,2024-07-31,2024-07-30T00:00:00,30.549999237060547,79.1500015258789,0.0,0.0,GPM_3IMERGHH_07,V07B,3B-HHR.MS.MRG.3IMERG.20240730-S000000-E002959.0000.V07B.HDF5,2024-07-30T00:00:00,DERIVED,cloudburst-induced flood,True,0.0,0.25,0.4399999976158142,0.4399999976158142,0.4399999976158142,0.4399999976158142,0.4399999976158142,0.4399999976158142,DATE_ONLY,SUITABLE_RAINFALL_FLASH_FLOOD,Major,1920.0,31.8,170.0,-0.02,8100,6.95,17.1,70.0,2.2,10,Tree cover,0.66,0.14,0.03,0.17,,,,,,,,,,HISTORICAL_VINTAGE_UNAVAILABLE,,,,,,,UNAVAILABLE
FL-UK-2024-01,2024-07-31,2024-07-31T00:00:00,30.549999237060547,79.1500015258789,0.3100000023841858,0.6200000047683716,GPM_3IMERGHH_07,V07B,3B-HHR.MS.MRG.3IMERG.20240731-S000000-E002959.0000.V07B.HDF5,2024-07-31T00:00:00,DERIVED,cloudburst-induced flood,True,0.3100000023841858,0.3100000023841858,0.75,0.75,0.75,0.75,0.75,0.75,DATE_ONLY,SUITABLE_RAINFALL_FLASH_FLOOD,Major,1920.0,31.8,170.0,-0.02,8100,6.95,17.1,70.0,2.2,10,Tree cover,0.66,0.14,0.03,0.17,,,,,,,,,,HISTORICAL_VINTAGE_UNAVAILABLE,,,,,,,UNAVAILABLE
FL-UK-2024-01,2024-07-31,2024-08-01T00:00:00,30.549999237060547,79.1500015258789,3.134999990463257,6.269999980926514,GPM_3IMERGHH_07,V07B,3B-HHR.MS.MRG.3IMERG.20240801-S000000-E002959.0000.V07B.HDF5,2024-08-01T00:00:00,DERIVED,cloudburst-induced flood,True,3.134999990463257,3.4449999928474426,3.884999990463257,3.884999990463257,3.884999990463257,3.884999990463257,3.884999990463257,3.884999990463257,DATE_ONLY,SUITABLE_RAINFALL_FLASH_FLOOD,Major,1920.0,31.8,170.0,-0.02,8100,6.95,17.1,70.0,2.2,10,Tree cover,0.66,0.14,0.03,0.17,,,,,,,,,,HISTORICAL_VINTAGE_UNAVAILABLE,,,,,,,UNAVAILABLE
FL-UK-2024-01,2024-07-31,2024-08-02T00:00:00,30.549999237060547,79.1500015258789,0.0,0.0,GPM_3IMERGHH_07,V07B,3B-HHR.MS.MRG.3IMERG.20240802-S000000-E002959.0000.V07B.HDF5,2024-08-02T00:00:00,DERIVED,cloudburst-induced flood,True,0.0,3.134999990463257,3.884999990463257,3.884999990463257,3.884999990463257,3.884999990463257,3.884999990463257,3.884999990463257,DATE_ONLY,SUITABLE_RAINFALL_FLASH_FLOOD,Major,1920.0,31.8,170.0,-0.02,8100,6.95,17.1,70.0,2.2,10,Tree cover,0.66,0.14,0.03,0.17,,,,,,,,,,HISTORICAL_VINTAGE_UNAVAILABLE,,,,,,,UNAVAILABLE
FL-UK-2024-01,2024-07-31,2024-07-28T00:00:00,30.649999618530273,78.94999694824219,0.11999999731779099,0.23999999463558197,GPM_3IMERGHH_07,V07B,3B-HHR.MS.MRG.3IMERG.20240728-S000000-E002959.0000.V07B.HDF5,2024-07-28T00:00:00,DERIVED,cloudburst-induced flood,True,0.11999999731779099,0.11999999731779099,0.11999999731779099,0.11999999731779099,0.11999999731779099,0.11999999731779099,0.11999999731779099,0.11999999731779099,DATE_ONLY,SUITABLE_RAINFALL_FLASH_FLOOD,Major,1920.0,31.8,170.0,-0.02,8100,6.95,17.1,70.0,2.2,10,Tree cover,0.66,0.14,0.03,0.17,,,,,,,,,,HISTORICAL_VINTAGE_UNAVAILABLE,,,,,,,UNAVAILABLE
FL-UK-2024-01,2024-07-31,2024-07-29T00:00:00,30.649999618530273,78.94999694824219,0.0,0.0,GPM_3IMERGHH_07,V07B,3B-HHR.MS.MRG.3IMERG.20240729-S000000-E002959.0000.V07B.HDF5,2024-07-29T00:00:00,DERIVED,cloudburst-induced flood,True,0.0,0.11999999731779099,0.11999999731779099,0.11999999731779099,0.11999999731779099,0.11999999731779099,0.11999999731779099,0.11999999731779099,DATE_ONLY,SUITABLE_RAINFALL_FLASH_FLOOD,Major,1920.0,31.8,170.0,-0.02,8100,6.95,17.1,70.0,2.2,10,Tree cover,0.66,0.14,0.03,0.17,,,,,,,,,,HISTORICAL_VINTAGE_UNAVAILABLE,,,,,,,UNAVAILABLE
FL-UK-2024-01,2024-07-31,2024-07-30T00:00:00,30.649999618530273,78.94999694824219,0.10499999672174454,0.20999999344348907,GPM_3IMERGHH_07,V07B,3B-HHR.MS.MRG.3IMERG.20240730-S000000-E002959.0000.V07B.HDF5,2024-07-30T00:00:00,DERIVED,cloudburst-induced flood,True,0.10499999672174454,0.10499999672174454,0.22499999403953552,0.22499999403953552,0.22499999403953552,0.22499999403953552,0.22499999403953552,0.22499999403953552,DATE_ONLY,SUITABLE_RAINFALL_FLASH_FLOOD,Major,1920.0,31.8,170.0,-0.02,8100,6.95,17.1,70.0,2.2,10,Tree cover,0.66,0.14,0.03,0.17,,,,,,,,,,HISTORICAL_VINTAGE_UNAVAILABLE,,,,,,,UNAVAILABLE
FL-UK-2024-01,2024-07-31,2024-07-31T00:00:00,30.649999618530273,78.94999694824219,0.1550000011920929,0.3100000023841858,GPM_3IMERGHH_07,V07B,3B-HHR.MS.MRG.3IMERG.20240731-S000000-E002959.0000.V07B.HDF5,2024-07-31T00:00:00,DERIVED,cloudburst-induced flood,True,0.1550000011920929,0.25999999791383743,0.3799999952316284,0.3799999952316284,0.3799999952316284,0.3799999952316284,0.3799999952316284,0.3799999952316284,DATE_ONLY,SUITABLE_RAINFALL_FLASH_FLOOD,Major,1920.0,31.8,170.0,-0.02,8100,6.95,17.1,70.0,2.2,10,Tree cover,0.66,0.14,0.03,0.17,,,,,,,,,,HISTORICAL_VINTAGE_UNAVAILABLE,,,,,,,UNAVAILABLE
FL-UK-2024-01,2024-07-31,2024-08-01T00:00:00,30.649999618530273,78.94999694824219,1.1100000143051147,2.2200000286102295,GPM_3IMERGHH_07,V07B,3B-HHR.MS.MRG.3IMERG.20240801-S000000-E002959.0000.V07B.HDF5,2024-08-01T00:00:00,DERIVED,cloudburst-induced flood,True,1.1100000143051147,1.2650000154972076,1.4900000095367432,1.4900000095367432,1.4900000095367432,1.4900000095367432,1.4900000095367432,1.4900000095367432,DATE_ONLY,SUITABLE_RAINFALL_FLASH_FLOOD,Major,1920.0,31.8,170.0,-0.02,8100,6.95,17.1,70.0,2.2,10,Tree cover,0.66,0.14,0.03,0.17,,,,,,,,,,HISTORICAL_VINTAGE_UNAVAILABLE,,,,,,,UNAVAILABLE
FL-UK-2024-01,2024-07-31,2024-08-02T00:00:00,30.649999618530273,78.94999694824219,0.23999999463558197,0.47999998927116394,GPM_3IMERGHH_07,V07B,3B-HHR.MS.MRG.3IMERG.20240802-S000000-E002959.0000.V07B.HDF5,2024-08-02T00:00:00,DERIVED,cloudburst-induced flood,True,0.23999999463558197,1.3500000089406967,1.7300000041723251,1.7300000041723251,1.7300000041723251,1.7300000041723251,1.7300000041723251,1.7300000041723251,DATE_ONLY,SUITABLE_RAINFALL_FLASH_FLOOD,Major,1920.0,31.8,170.0,-0.02,8100,6.95,17.1,70.0,2.2,10,Tree cover,0.66,0.14,0.03,0.17,,,,,,,,,,HISTORICAL_VINTAGE_UNAVAILABLE,,,,,,,UNAVAILABLE
FL-UK-2024-01,2024-07-31,2024-07-28T00:00:00,30.649999618530273,79.04999542236328,0.2849999964237213,0.5699999928474426,GPM_3IMERGHH_07,V07B,3B-HHR.MS.MRG.3IMERG.20240728-S000000-E002959.0000.V07B.HDF5,2024-07-28T00:00:00,DERIVED,cloudburst-induced flood,True,0.2849999964237213,0.2849999964237213,0.2849999964237213,0.2849999964237213,0.2849999964237213,0.2849999964237213,0.2849999964237213,0.2849999964237213,DATE_ONLY,SUITABLE_RAINFALL_FLASH_FLOOD,Major,1920.0,31.8,170.0,-0.02,8100,6.95,17.1,70.0,2.2,10,Tree cover,0.66,0.14,0.03,0.17,,,,,,,,,,HISTORICAL_VINTAGE_UNAVAILABLE,,,,,,,UNAVAILABLE
FL-UK-2024-01,2024-07-31,2024-07-29T00:00:00,30.649999618530273,79.04999542236328,0.2849999964237213,0.5699999928474426,GPM_3IMERGHH_07,V07B,3B-HHR.MS.MRG.3IMERG.20240729-S000000-E002959.0000.V07B.HDF5,2024-07-29T00:00:00,DERIVED,cloudburst-induced flood,True,0.2849999964237213,0.5699999928474426,0.5699999928474426,0.5699999928474426,0.5699999928474426,0.5699999928474426,0.5699999928474426,0.5699999928474426,DATE_ONLY,SUITABLE_RAINFALL_FLASH_FLOOD,Major,1920.0,31.8,170.0,-0.02,8100,6.95,17.1,70.0,2.2,10,Tree cover,0.66,0.14,0.03,0.17,,,,,,,,,,HISTORICAL_VINTAGE_UNAVAILABLE,,,,,,,UNAVAILABLE
FL-UK-2024-01,2024-07-31,2024-07-30T00:00:00,30.649999618530273,79.04999542236328,0.044999998062849045,0.08999999612569809,GPM_3IMERGHH_07,V07B,3B-HHR.MS.MRG.3IMERG.20240730-S000000-E002959.0000.V07B.HDF5,2024-07-30T00:00:00,DERIVED,cloudburst-induced flood,True,0.044999998062849045,0.32999999448657036,0.6149999909102917,0.6149999909102917,0.6149999909102917,0.6149999909102917,0.6149999909102917,0.6149999909102917,DATE_ONLY,SUITABLE_RAINFALL_FLASH_FLOOD,Major,1920.0,31.8,170.0,-0.02,8100,6.95,17.1,70.0,2.2,10,Tree cover,0.66,0.14,0.03,0.17,,,,,,,,,,HISTORICAL_VINTAGE_UNAVAILABLE,,,,,,,UNAVAILABLE
FL-UK-2024-01,2024-07-31,2024-07-31T00:00:00,30.649999618530273,79.04999542236328,0.0,0.0,GPM_3IMERGHH_07,V07B,3B-HHR.MS.MRG.3IMERG.20240731-S000000-E002959.0000.V07B.HDF5,2024-07-31T00:00:00,DERIVED,cloudburst-induced flood,True,0.0,0.044999998062849045,0.6149999909102917,0.6149999909102917,0.6149999909102917,0.6149999909102917,0.6149999909102917,0.6149999909102917,DATE_ONLY,SUITABLE_RAINFALL_FLASH_FLOOD,Major,1920.0,31.8,170.0,-0.02,8100,6.95,17.1,70.0,2.2,10,Tree cover,0.66,0.14,0.03,0.17,,,,,,,,,,HISTORICAL_VINTAGE_UNAVAILABLE,,,,,,,UNAVAILABLE
FL-UK-2024-01,2024-07-31,2024-08-01T00:00:00,30.649999618530273,79.04999542236328,2.4099998474121094,4.819999694824219,GPM_3IMERGHH_07,V07B,3B-HHR.MS.MRG.3IMERG.20240801-S000000-E002959.0000.V07B.HDF5,2024-08-01T00:00:00,DERIVED,cloudburst-induced flood,True,2.4099998474121094,2.4099998474121094,3.024999838322401,3.024999838322401,3.024999838322401,3.024999838322401,3.024999838322401,3.024999838322401,DATE_ONLY,SUITABLE_RAINFALL_FLASH_FLOOD,Major,1920.0,31.8,170.0,-0.02,8100,6.95,17.1,70.0,2.2,10,Tree cover,0.66,0.14,0.03,0.17,,,,,,,,,,HISTORICAL_VINTAGE_UNAVAILABLE,,,,,,,UNAVAILABLE
FL-UK-2024-01,2024-07-31,2024-08-02T00:00:00,30.649999618530273,79.04999542236328,0.0,0.0,GPM_3IMERGHH_07,V07B,3B-HHR.MS.MRG.3IMERG.20240802-S000000-E002959.0000.V07B.HDF5,2024-08-02T00:00:00,DERIVED,cloudburst-induced flood,True,0.0,2.4099998474121094,3.024999838322401,3.024999838322401,3.024999838322401,3.024999838322401,3.024999838322401,3.024999838322401,DATE_ONLY,SUITABLE_RAINFALL_FLASH_FLOOD,Major,1920.0,31.8,170.0,-0.02,8100,6.95,17.1,70.0,2.2,10,Tree cover,0.66,0.14,0.03,0.17,,,,,,,,,,HISTORICAL_VINTAGE_UNAVAILABLE,,,,,,,UNAVAILABLE
FL-UK-2024-01,2024-07-31,2024-07-28T00:00:00,30.649999618530273,79.1500015258789,0.26499998569488525,0.5299999713897705,GPM_3IMERGHH_07,V07B,3B-HHR.MS.MRG.3IMERG.20240728-S000000-E002959.0000.V07B.HDF5,2024-07-28T00:00:00,DERIVED,cloudburst-induced flood,True,0.26499998569488525,0.26499998569488525,0.26499998569488525,0.26499998569488525,0.26499998569488525,0.26499998569488525,0.26499998569488525,0.26499998569488525,DATE_ONLY,SUITABLE_RAINFALL_FLASH_FLOOD,Major,1920.0,31.8,170.0,-0.02,8100,6.95,17.1,70.0,2.2,10,Tree cover,0.66,0.14,0.03,0.17,,,,,,,,,,HISTORICAL_VINTAGE_UNAVAILABLE,,,,,,,UNAVAILABLE
FL-UK-2024-01,2024-07-31,2024-07-29T00:00:00,30.649999618530273,79.1500015258789,0.574999988079071,1.149999976158142,GPM_3IMERGHH_07,V07B,3B-HHR.MS.MRG.3IMERG.20240729-S000000-E002959.0000.V07B.HDF5,2024-07-29T00:00:00,DERIVED,cloudburst-induced flood,True,0.574999988079071,0.8399999737739563,0.8399999737739563,0.8399999737739563,0.8399999737739563,0.8399999737739563,0.8399999737739563,0.8399999737739563,DATE_ONLY,SUITABLE_RAINFALL_FLASH_FLOOD,Major,1920.0,31.8,170.0,-0.02,8100,6.95,17.1,70.0,2.2,10,Tree cover,0.66,0.14,0.03,0.17,,,,,,,,,,HISTORICAL_VINTAGE_UNAVAILABLE,,,,,,,UNAVAILABLE
FL-UK-2024-01,2024-07-31,2024-07-30T00:00:00,30.649999618530273,79.1500015258789,0.05999999865889549,0.11999999731779099,GPM_3IMERGHH_07,V07B,3B-HHR.MS.MRG.3IMERG.20240730-S000000-E002959.0000.V07B.HDF5,2024-07-30T00:00:00,DERIVED,cloudburst-induced flood,True,0.05999999865889549,0.6349999867379665,0.8999999724328518,0.8999999724328518,0.8999999724328518,0.8999999724328518,0.8999999724328518,0.8999999724328518,DATE_ONLY,SUITABLE_RAINFALL_FLASH_FLOOD,Major,1920.0,31.8,170.0,-0.02,8100,6.95,17.1,70.0,2.2,10,Tree cover,0.66,0.14,0.03,0.17,,,,,,,,,,HISTORICAL_VINTAGE_UNAVAILABLE,,,,,,,UNAVAILABLE
FL-UK-2024-01,2024-07-31,2024-07-31T00:00:00,30.649999618530273,79.1500015258789,0.5799999833106995,1.159999966621399,GPM_3IMERGHH_07,V07B,3B-HHR.MS.MRG.3IMERG.20240731-S000000-E002959.0000.V07B.HDF5,2024-07-31T00:00:00,DERIVED,cloudburst-induced flood,True,0.5799999833106995,0.639999981969595,1.4799999557435513,1.4799999557435513,1.4799999557435513,1.4799999557435513,1.4799999557435513,1.4799999557435513,DATE_ONLY,SUITABLE_RAINFALL_FLASH_FLOOD,Major,1920.0,31.8,170.0,-0.02,8100,6.95,17.1,70.0,2.2,10,Tree cover,0.66,0.14,0.03,0.17,,,,,,,,,,HISTORICAL_VINTAGE_UNAVAILABLE,,,,,,,UNAVAILABLE
FL-UK-2024-01,2024-07-31,2024-08-01T00:00:00,30.649999618530273,79.1500015258789,5.989999771118164,11.979999542236328,GPM_3IMERGHH_07,V07B,3B-HHR.MS.MRG.3IMERG.20240801-S000000-E002959.0000.V07B.HDF5,2024-08-01T00:00:00,DERIVED,cloudburst-induced flood,True,5.989999771118164,6.5699997544288635,7.469999726861715,7.469999726861715,7.469999726861715,7.469999726861715,7.469999726861715,7.469999726861715,DATE_ONLY,SUITABLE_RAINFALL_FLASH_FLOOD,Major,1920.0,31.8,170.0,-0.02,8100,6.95,17.1,70.0,2.2,10,Tree cover,0.66,0.14,0.03,0.17,,,,,,,,,,HISTORICAL_VINTAGE_UNAVAILABLE,,,,,,,UNAVAILABLE
FL-UK-2024-01,2024-07-31,2024-08-02T00:00:00,30.649999618530273,79.1500015258789,0.0,0.0,GPM_3IMERGHH_07,V07B,3B-HHR.MS.MRG.3IMERG.20240802-S000000-E002959.0000.V07B.HDF5,2024-08-02T00:00:00,DERIVED,cloudburst-induced flood,True,0.0,5.989999771118164,7.469999726861715,7.469999726861715,7.469999726861715,7.469999726861715,7.469999726861715,7.469999726861715,DATE_ONLY,SUITABLE_RAINFALL_FLASH_FLOOD,Major,1920.0,31.8,170.0,-0.02,8100,6.95,17.1,70.0,2.2,10,Tree cover,0.66,0.14,0.03,0.17,,,,,,,,,,HISTORICAL_VINTAGE_UNAVAILABLE,,,,,,,UNAVAILABLE
FL-UK-2024-01,2024-07-31,2024-07-28T00:00:00,30.75,78.94999694824219,0.0,0.0,GPM_3IMERGHH_07,V07B,3B-HHR.MS.MRG.3IMERG.20240728-S000000-E002959.0000.V07B.HDF5,2024-07-28T00:00:00,DERIVED,cloudburst-induced flood,True,0.0,0.0,0.0,0.0,0.0,0.0,0.0,0.0,DATE_ONLY,SUITABLE_RAINFALL_FLASH_FLOOD,Major,1920.0,31.8,170.0,-0.02,8100,6.95,17.1,70.0,2.2,10,Tree cover,0.66,0.14,0.03,0.17,,,,,,,,,,HISTORICAL_VINTAGE_UNAVAILABLE,,,,,,,UNAVAILABLE
FL-UK-2024-01,2024-07-31,2024-07-29T00:00:00,30.75,78.94999694824219,0.0,0.0,GPM_3IMERGHH_07,V07B,3B-HHR.MS.MRG.3IMERG.20240729-S000000-E002959.0000.V07B.HDF5,2024-07-29T00:00:00,DERIVED,cloudburst-induced flood,True,0.0,0.0,0.0,0.0,0.0,0.0,0.0,0.0,DATE_ONLY,SUITABLE_RAINFALL_FLASH_FLOOD,Major,1920.0,31.8,170.0,-0.02,8100,6.95,17.1,70.0,2.2,10,Tree cover,0.66,0.14,0.03,0.17,,,,,,,,,,HISTORICAL_VINTAGE_UNAVAILABLE,,,,,,,UNAVAILABLE
FL-UK-2024-01,2024-07-31,2024-07-30T00:00:00,30.75,78.94999694824219,0.0,0.0,GPM_3IMERGHH_07,V07B,3B-HHR.MS.MRG.3IMERG.20240730-S000000-E002959.0000.V07B.HDF5,2024-07-30T00:00:00,DERIVED,cloudburst-induced flood,True,0.0,0.0,0.0,0.0,0.0,0.0,0.0,0.0,DATE_ONLY,SUITABLE_RAINFALL_FLASH_FLOOD,Major,1920.0,31.8,170.0,-0.02,8100,6.95,17.1,70.0,2.2,10,Tree cover,0.66,0.14,0.03,0.17,,,,,,,,,,HISTORICAL_VINTAGE_UNAVAILABLE,,,,,,,UNAVAILABLE
FL-UK-2024-01,2024-07-31,2024-07-31T00:00:00,30.75,78.94999694824219,0.0,0.0,GPM_3IMERGHH_07,V07B,3B-HHR.MS.MRG.3IMERG.20240731-S000000-E002959.0000.V07B.HDF5,2024-07-31T00:00:00,DERIVED,cloudburst-induced flood,True,0.0,0.0,0.0,0.0,0.0,0.0,0.0,0.0,DATE_ONLY,SUITABLE_RAINFALL_FLASH_FLOOD,Major,1920.0,31.8,170.0,-0.02,8100,6.95,17.1,70.0,2.2,10,Tree cover,0.66,0.14,0.03,0.17,,,,,,,,,,HISTORICAL_VINTAGE_UNAVAILABLE,,,,,,,UNAVAILABLE
FL-UK-2024-01,2024-07-31,2024-08-01T00:00:00,30.75,78.94999694824219,0.8050000071525574,1.6100000143051147,GPM_3IMERGHH_07,V07B,3B-HHR.MS.MRG.3IMERG.20240801-S000000-E002959.0000.V07B.HDF5,2024-08-01T00:00:00,DERIVED,cloudburst-induced flood,True,0.8050000071525574,0.8050000071525574,0.8050000071525574,0.8050000071525574,0.8050000071525574,0.8050000071525574,0.8050000071525574,0.8050000071525574,DATE_ONLY,SUITABLE_RAINFALL_FLASH_FLOOD,Major,1920.0,31.8,170.0,-0.02,8100,6.95,17.1,70.0,2.2,10,Tree cover,0.66,0.14,0.03,0.17,,,,,,,,,,HISTORICAL_VINTAGE_UNAVAILABLE,,,,,,,UNAVAILABLE
FL-UK-2024-01,2024-07-31,2024-08-02T00:00:00,30.75,78.94999694824219,0.25,0.5,GPM_3IMERGHH_07,V07B,3B-HHR.MS.MRG.3IMERG.20240802-S000000-E002959.0000.V07B.HDF5,2024-08-02T00:00:00,DERIVED,cloudburst-induced flood,True,0.25,1.0550000071525574,1.0550000071525574,1.0550000071525574,1.0550000071525574,1.0550000071525574,1.0550000071525574,1.0550000071525574,DATE_ONLY,SUITABLE_RAINFALL_FLASH_FLOOD,Major,1920.0,31.8,170.0,-0.02,8100,6.95,17.1,70.0,2.2,10,Tree cover,0.66,0.14,0.03,0.17,,,,,,,,,,HISTORICAL_VINTAGE_UNAVAILABLE,,,,,,,UNAVAILABLE
FL-UK-2024-01,2024-07-31,2024-07-28T00:00:00,30.75,79.04999542236328,0.10999999940395355,0.2199999988079071,GPM_3IMERGHH_07,V07B,3B-HHR.MS.MRG.3IMERG.20240728-S000000-E002959.0000.V07B.HDF5,2024-07-28T00:00:00,DERIVED,cloudburst-induced flood,True,0.10999999940395355,0.10999999940395355,0.10999999940395355,0.10999999940395355,0.10999999940395355,0.10999999940395355,0.10999999940395355,0.10999999940395355,DATE_ONLY,SUITABLE_RAINFALL_FLASH_FLOOD,Major,1920.0,31.8,170.0,-0.02,8100,6.95,17.1,70.0,2.2,10,Tree cover,0.66,0.14,0.03,0.17,,,,,,,,,,HISTORICAL_VINTAGE_UNAVAILABLE,,,,,,,UNAVAILABLE
FL-UK-2024-01,2024-07-31,2024-07-29T00:00:00,30.75,79.04999542236328,0.0,0.0,GPM_3IMERGHH_07,V07B,3B-HHR.MS.MRG.3IMERG.20240729-S000000-E002959.0000.V07B.HDF5,2024-07-29T00:00:00,DERIVED,cloudburst-induced flood,True,0.0,0.10999999940395355,0.10999999940395355,0.10999999940395355,0.10999999940395355,0.10999999940395355,0.10999999940395355,0.10999999940395355,DATE_ONLY,SUITABLE_RAINFALL_FLASH_FLOOD,Major,1920.0,31.8,170.0,-0.02,8100,6.95,17.1,70.0,2.2,10,Tree cover,0.66,0.14,0.03,0.17,,,,,,,,,,HISTORICAL_VINTAGE_UNAVAILABLE,,,,,,,UNAVAILABLE
FL-UK-2024-01,2024-07-31,2024-07-30T00:00:00,30.75,79.04999542236328,0.2149999886751175,0.429999977350235,GPM_3IMERGHH_07,V07B,3B-HHR.MS.MRG.3IMERG.20240730-S000000-E002959.0000.V07B.HDF5,2024-07-30T00:00:00,DERIVED,cloudburst-induced flood,True,0.2149999886751175,0.2149999886751175,0.32499998807907104,0.32499998807907104,0.32499998807907104,0.32499998807907104,0.32499998807907104,0.32499998807907104,DATE_ONLY,SUITABLE_RAINFALL_FLASH_FLOOD,Major,1920.0,31.8,170.0,-0.02,8100,6.95,17.1,70.0,2.2,10,Tree cover,0.66,0.14,0.03,0.17,,,,,,,,,,HISTORICAL_VINTAGE_UNAVAILABLE,,,,,,,UNAVAILABLE
FL-UK-2024-01,2024-07-31,2024-07-31T00:00:00,30.75,79.04999542236328,0.8899999856948853,1.7799999713897705,GPM_3IMERGHH_07,V07B,3B-HHR.MS.MRG.3IMERG.20240731-S000000-E002959.0000.V07B.HDF5,2024-07-31T00:00:00,DERIVED,cloudburst-induced flood,True,0.8899999856948853,1.1049999743700027,1.2149999737739563,1.2149999737739563,1.2149999737739563,1.2149999737739563,1.2149999737739563,1.2149999737739563,DATE_ONLY,SUITABLE_RAINFALL_FLASH_FLOOD,Major,1920.0,31.8,170.0,-0.02,8100,6.95,17.1,70.0,2.2,10,Tree cover,0.66,0.14,0.03,0.17,,,,,,,,,,HISTORICAL_VINTAGE_UNAVAILABLE,,,,,,,UNAVAILABLE
FL-UK-2024-01,2024-07-31,2024-08-01T00:00:00,30.75,79.04999542236328,1.834999918937683,3.669999837875366,GPM_3IMERGHH_07,V07B,3B-HHR.MS.MRG.3IMERG.20240801-S000000-E002959.0000.V07B.HDF5,2024-08-01T00:00:00,DERIVED,cloudburst-induced flood,True,1.834999918937683,2.7249999046325684,3.0499998927116394,3.0499998927116394,3.0499998927116394,3.0499998927116394,3.0499998927116394,3.0499998927116394,DATE_ONLY,SUITABLE_RAINFALL_FLASH_FLOOD,Major,1920.0,31.8,170.0,-0.02,8100,6.95,17.1,70.0,2.2,10,Tree cover,0.66,0.14,0.03,0.17,,,,,,,,,,HISTORICAL_VINTAGE_UNAVAILABLE,,,,,,,UNAVAILABLE
FL-UK-2024-01,2024-07-31,2024-08-02T00:00:00,30.75,79.04999542236328,0.0,0.0,GPM_3IMERGHH_07,V07B,3B-HHR.MS.MRG.3IMERG.20240802-S000000-E002959.0000.V07B.HDF5,2024-08-02T00:00:00,DERIVED,cloudburst-induced flood,True,0.0,1.834999918937683,3.0499998927116394,3.0499998927116394,3.0499998927116394,3.0499998927116394,3.0499998927116394,3.0499998927116394,DATE_ONLY,SUITABLE_RAINFALL_FLASH_FLOOD,Major,1920.0,31.8,170.0,-0.02,8100,6.95,17.1,70.0,2.2,10,Tree cover,0.66,0.14,0.03,0.17,,,,,,,,,,HISTORICAL_VINTAGE_UNAVAILABLE,,,,,,,UNAVAILABLE
FL-UK-2024-01,2024-07-31,2024-07-28T00:00:00,30.75,79.1500015258789,0.32499998807907104,0.6499999761581421,GPM_3IMERGHH_07,V07B,3B-HHR.MS.MRG.3IMERG.20240728-S000000-E002959.0000.V07B.HDF5,2024-07-28T00:00:00,DERIVED,cloudburst-induced flood,True,0.32499998807907104,0.32499998807907104,0.32499998807907104,0.32499998807907104,0.32499998807907104,0.32499998807907104,0.32499998807907104,0.32499998807907104,DATE_ONLY,SUITABLE_RAINFALL_FLASH_FLOOD,Major,1920.0,31.8,170.0,-0.02,8100,6.95,17.1,70.0,2.2,10,Tree cover,0.66,0.14,0.03,0.17,,,,,,,,,,HISTORICAL_VINTAGE_UNAVAILABLE,,,,,,,UNAVAILABLE
FL-UK-2024-01,2024-07-31,2024-07-29T00:00:00,30.75,79.1500015258789,1.1899999380111694,2.379999876022339,GPM_3IMERGHH_07,V07B,3B-HHR.MS.MRG.3IMERG.20240729-S000000-E002959.0000.V07B.HDF5,2024-07-29T00:00:00,DERIVED,cloudburst-induced flood,True,1.1899999380111694,1.5149999260902405,1.5149999260902405,1.5149999260902405,1.5149999260902405,1.5149999260902405,1.5149999260902405,1.5149999260902405,DATE_ONLY,SUITABLE_RAINFALL_FLASH_FLOOD,Major,1920.0,31.8,170.0,-0.02,8100,6.95,17.1,70.0,2.2,10,Tree cover,0.66,0.14,0.03,0.17,,,,,,,,,,HISTORICAL_VINTAGE_UNAVAILABLE,,,,,,,UNAVAILABLE
FL-UK-2024-01,2024-07-31,2024-07-30T00:00:00,30.75,79.1500015258789,0.07999999821186066,0.1599999964237213,GPM_3IMERGHH_07,V07B,3B-HHR.MS.MRG.3IMERG.20240730-S000000-E002959.0000.V07B.HDF5,2024-07-30T00:00:00,DERIVED,cloudburst-induced flood,True,0.07999999821186066,1.26999993622303,1.5949999243021011,1.5949999243021011,1.5949999243021011,1.5949999243021011,1.5949999243021011,1.5949999243021011,DATE_ONLY,SUITABLE_RAINFALL_FLASH_FLOOD,Major,1920.0,31.8,170.0,-0.02,8100,6.95,17.1,70.0,2.2,10,Tree cover,0.66,0.14,0.03,0.17,,,,,,,,,,HISTORICAL_VINTAGE_UNAVAILABLE,,,,,,,UNAVAILABLE
FL-UK-2024-01,2024-07-31,2024-07-31T00:00:00,30.75,79.1500015258789,0.8899999856948853,1.7799999713897705,GPM_3IMERGHH_07,V07B,3B-HHR.MS.MRG.3IMERG.20240731-S000000-E002959.0000.V07B.HDF5,2024-07-31T00:00:00,DERIVED,cloudburst-induced flood,True,0.8899999856948853,0.9699999839067459,2.4849999099969864,2.4849999099969864,2.4849999099969864,2.4849999099969864,2.4849999099969864,2.4849999099969864,DATE_ONLY,SUITABLE_RAINFALL_FLASH_FLOOD,Major,1920.0,31.8,170.0,-0.02,8100,6.95,17.1,70.0,2.2,10,Tree cover,0.66,0.14,0.03,0.17,,,,,,,,,,HISTORICAL_VINTAGE_UNAVAILABLE,,,,,,,UNAVAILABLE
FL-UK-2024-01,2024-07-31,2024-08-01T00:00:00,30.75,79.1500015258789,2.109999895095825,4.21999979019165,GPM_3IMERGHH_07,V07B,3B-HHR.MS.MRG.3IMERG.20240801-S000000-E002959.0000.V07B.HDF5,2024-08-01T00:00:00,DERIVED,cloudburst-induced flood,True,2.109999895095825,2.9999998807907104,4.594999805092812,4.594999805092812,4.594999805092812,4.594999805092812,4.594999805092812,4.594999805092812,DATE_ONLY,SUITABLE_RAINFALL_FLASH_FLOOD,Major,1920.0,31.8,170.0,-0.02,8100,6.95,17.1,70.0,2.2,10,Tree cover,0.66,0.14,0.03,0.17,,,,,,,,,,HISTORICAL_VINTAGE_UNAVAILABLE,,,,,,,UNAVAILABLE
FL-UK-2024-01,2024-07-31,2024-08-02T00:00:00,30.75,79.1500015258789,0.07499999552965164,0.14999999105930328,GPM_3IMERGHH_07,V07B,3B-HHR.MS.MRG.3IMERG.20240802-S000000-E002959.0000.V07B.HDF5,2024-08-02T00:00:00,DERIVED,cloudburst-induced flood,True,0.07499999552965164,2.184999890625477,4.669999800622463,4.669999800622463,4.669999800622463,4.669999800622463,4.669999800622463,4.669999800622463,DATE_ONLY,SUITABLE_RAINFALL_FLASH_FLOOD,Major,1920.0,31.8,170.0,-0.02,8100,6.95,17.1,70.0,2.2,10,Tree cover,0.66,0.14,0.03,0.17,,,,,,,,,,HISTORICAL_VINTAGE_UNAVAILABLE,,,,,,,UNAVAILABLE
